product_a_key,product_b_key,co_purchase_count,product_a_id,product_b_id,product_a_category,product_b_category
6870,21396,34,36f60d45225e60c7da4558b070ce4b60,e53e557d5a159f5aa2c5e995dfdf244b,computers_accessories,computers_accessories
9662,32026,29,99a4788cb24856965c36a24e339b6058,35afc973633aaeb6b877ff57b2793310,bed_bath_table,home_confort
4583,11919,17,4fcb3d9a5f4871e8362dfedbdb02b064,f4f67ccaece962d013a4e1d7dc3a61f7,auto,auto
6870,26253,12,36f60d45225e60c7da4558b070ce4b60,3f14d740544f37ece8a9e7bc8349797e,computers_accessories,computers_accessories
14052,30294,11,422879e10f46682990de24d770e7f83d,389d119b48cf3043d311335e499d9c6b,garden_tools,garden_tools
30294,32099,9,389d119b48cf3043d311335e499d9c6b,53759a2ecddad2bb87a079a1f1519f73,garden_tools,garden_tools
4599,32099,8,368c6c730842d78016ad823897a372db,53759a2ecddad2bb87a079a1f1519f73,garden_tools,garden_tools
14052,32099,7,422879e10f46682990de24d770e7f83d,53759a2ecddad2bb87a079a1f1519f73,garden_tools,garden_tools
20491,29011,7,dbb67791e405873b259e4656bf971246,18486698933fbb64af6c0a255f7dd64c,computers_accessories,computers_accessories
7346,14052,6,0bcc3eeca39e1064258aa1e932269894,422879e10f46682990de24d770e7f83d,garden_tools,garden_tools
6039,9662,6,f2e53dd1670f3c376518263b3f71424d,99a4788cb24856965c36a24e339b6058,bed_bath_table,bed_bath_table
9424,27953,6,ee57070aa3b24a06fdd0e02efd2d757d,0d85c435fd60b277ffb9e9b0f88f927a,computers_accessories,computers_accessories
7359,26458,6,4d0ec1e9b95fb62f9a1fbe21808bf3b1,9ad75bd7267e5c724cb42c71ac56ca72,bed_bath_table,bed_bath_table
13241,26390,6,e6b314a2236c162ede1a879f1075430f,ad4b5def91ac7c575dbdf65b5be311f4,computers_accessories,computers_accessories
15013,26140,6,e5ae72c62ebfa708624f5029d609b160,5b8a5a9417210b1b84b67b9a7aefb935,computers_accessories,computers_accessories
18706,19862,6,060cb19345d90064d1015407193c233d,98d61056e0568ba048e5d78038790e77,auto,auto
21479,30896,6,ad0a798e7941f3a5a2fb8139cb62ad78,946344697156947d846d27fe0d503033,bed_bath_table,bed_bath_table
22584,29772,6,5fc3e6a4b52b0c414458104ed4037f1c,5d790355cbeded0cd60e25cbc4c527a2,computers_accessories,computers_accessories
11054,29654,5,dfb97c88e066dc22165f31648efe1312,a50acd33ba7a8da8e9db65094fa990a4,auto,auto
8097,31222,5,b7d94dc0640c7025dc8e3b46b52d8239,3ce943997ff85cad84ec6770b35d6bcd,computers_accessories,computers_accessories
4599,30294,5,368c6c730842d78016ad823897a372db,389d119b48cf3043d311335e499d9c6b,garden_tools,garden_tools
13177,19814,5,0aabfb375647d9738ad0f7b4ea3653b1,6c3effec7c8ddba466d4f03f982c7aa3,consoles_games,consoles_games
3903,8586,4,0fa81e7123fd0ebe03adbbe99d912827,fb783e3e545937820b57fe539b2c5a6c,bed_bath_table,bed_bath_table
9216,10888,4,e0cf79767c5b016251fe139915c59a26,0a4093a4af429dc0a9334300e5c13ae5,health_beauty,health_beauty
3255,16212,4,57f2bc497c1a3ebe41ba7a06d78ed159,060f0122cdc8f25db4a0d7359fdae7b0,watches_gifts,watches_gifts
9044,9586,4,1dc7685f4fdb9622d84ae2ec658d5bbf,e256d05115f9eb3766f3ab752132a4e2,computers_accessories,computers_accessories
7259,28628,4,1427b126f61597524866770b05d4eed2,5526b1ae9ab2688cf600783cece249df,computers_accessories,computers_accessories
212,27851,4,f4d705aa95ccca448e5b0deb6e5290ba,c211ff3068fcd2f8898192976d8b3a32,bed_bath_table,bed_bath_table
4599,7346,4,368c6c730842d78016ad823897a372db,0bcc3eeca39e1064258aa1e932269894,garden_tools,garden_tools
19388,21689,4,64fb265487de2238627ce43fe8a67efc,84f456958365164420cfc80fbe4c7fab,bed_bath_table,bed_bath_table
7973,21479,3,b0c89945c034268074f5f80b362bda34,ad0a798e7941f3a5a2fb8139cb62ad78,bed_bath_table,bed_bath_table
6804,13454,3,4d272fe20c57c64dc74b3db191fc31ef,0be487faac01dd57fd7ed17cfbdf2dee,bed_bath_table,bed_bath_table
7460,15919,3,b8a0d73b2a06e7910d9864dccdb0cda2,9bb8ca338e5588c361e34eae02e8fad6,health_beauty,health_beauty
3625,8120,3,42a2bd596fda1baef5719cb74f73030c,98b22c1129886cbd7fcae69d1c93e442,bed_bath_table,bed_bath_table
1750,3048,3,154e7e31ebfa092203795c972e5804a6,7c1bd920dbdf22470b68bde975dd3ccf,health_beauty,health_beauty
2358,3625,3,3cc4b421c1f28dd22e86fc4aaafb600e,42a2bd596fda1baef5719cb74f73030c,bed_bath_table,bed_bath_table
8724,15919,3,f40876e0ef3cd5f9132b1f16b04b1346,9bb8ca338e5588c361e34eae02e8fad6,health_beauty,health_beauty
6039,32026,3,f2e53dd1670f3c376518263b3f71424d,35afc973633aaeb6b877ff57b2793310,bed_bath_table,home_confort
7973,30896,3,b0c89945c034268074f5f80b362bda34,946344697156947d846d27fe0d503033,bed_bath_table,bed_bath_table
12783,18318,3,b9900407a55cb2b306ae612415c3340e,e2cac69b319c0f8a21dbf04b925121bf,books_general_interest,books_general_interest
12783,30578,3,b9900407a55cb2b306ae612415c3340e,55bfa0307d7a46bed72c492259921231,books_general_interest,books_general_interest
12993,30891,3,4f88323d03ffaf090b8fb0116b33c95e,3e5201fe0d1ba474d9b90152c83c706c,bed_bath_table,bed_bath_table
2149,24051,3,6e423c2d28bfb207e1fd1d6e1df84721,fbc1488c1a1e72ba175f53ab29a248e8,perfumery,perfumery
9131,21436,3,0cfc9fea40ee0f7006d150fbdf3fa808,480be8d20c4b6a7df1eae0f2c17f2db2,books_general_interest,books_general_interest
14052,21778,3,422879e10f46682990de24d770e7f83d,b0961721fd839e9982420e807758a2a6,garden_tools,garden_tools
2973,11986,3,8b51c6ccc9c0548c951214e1cd1547ff,5bd7e57735a44e529bf066fee83a9c60,bed_bath_table,bed_bath_table
1247,20686,3,2d27434c710806b971a721da337a112a,86c43103446290e7efacad3701cd654d,watches_gifts,watches_gifts
7973,20840,3,b0c89945c034268074f5f80b362bda34,ff2c1ec09b1bb340e84f0d6b21cc7dbb,bed_bath_table,bed_bath_table
15529,17427,3,5c692818d313aa12864b48ac0c2472c2,2136c70bbe723d338fab53da3c03e6dc,watches_gifts,watches_gifts
7346,21778,3,0bcc3eeca39e1064258aa1e932269894,b0961721fd839e9982420e807758a2a6,garden_tools,garden_tools
16114,28233,3,07ffc018eaf23e086370dea42c74077b,fc5dd987f12a7b823a76a44aa1ba88f6,costruction_tools_garden,Unknown
17249,21396,3,56cdfe67fbda57c1dcc752f5f361f981,e53e557d5a159f5aa2c5e995dfdf244b,computers_accessories,computers_accessories
17427,28313,3,2136c70bbe723d338fab53da3c03e6dc,a84d0660dbffebf352aefbf1a6b18d00,watches_gifts,watches_gifts
18318,30578,3,e2cac69b319c0f8a21dbf04b925121bf,55bfa0307d7a46bed72c492259921231,books_general_interest,books_general_interest
8291,31468,3,d1c427060a0f73f6b889a5c7c61f2ac4,c4baedd846ed09b85f78a781b522f126,computers_accessories,garden_tools
18975,19284,3,100260bf9206d859dc8db128c8c5afc9,a2a91fe6d8762e0371abd964cef88ec6,housewares,housewares
19188,28233,3,7eaf66aca1ed54df09b3c864b7416110,fc5dd987f12a7b823a76a44aa1ba88f6,costruction_tools_garden,Unknown
15702,27701,3,810e2944bca9850b934e1570ba372e7d,5d6bea33648f018dbb563f3a2fab09f3,furniture_decor,furniture_decor
9662,26383,3,99a4788cb24856965c36a24e339b6058,eebbed5ed3b134eceb717496c47652ba,bed_bath_table,bed_bath_table
7346,30294,3,0bcc3eeca39e1064258aa1e932269894,389d119b48cf3043d311335e499d9c6b,garden_tools,garden_tools
21760,25513,3,c403e106353e1aa40efe783ecb39ed7a,9fc98e39f04be8e382d8aa5e259f5489,bed_bath_table,bed_bath_table
21959,24562,3,f2ecbb02b6da187a9f14b8ac5781faec,017692475c1c954ff597feda05131d73,perfumery,perfumery
7346,32099,3,0bcc3eeca39e1064258aa1e932269894,53759a2ecddad2bb87a079a1f1519f73,garden_tools,garden_tools
23417,31388,3,87d780fa7d2cf3710aa02dc4ca8db985,8a443635fdf9759915c9be5be2e3b862,bed_bath_table,bed_bath_table
23893,32147,3,058b372f969b59e8c4a27e224243909c,fb55982be901439613a95940feefd9ee,stationery,stationery
24981,27080,3,6d2fde7d12bb6ff367dbda120ba8828e,fb29f48bfea41db52e349454f433340e,computers_accessories,computers_accessories
4394,7308,2,4f0abfbee7569e43b80f9aaa256a9bf8,3a362c0e7f9a69276e2d95869a3e143b,health_beauty,health_beauty
1848,4849,2,c8b96022819f31119f1404ad2c3c1059,a996a150a7fd0eba6a177ec84b939b51,pet_shop,pet_shop
7669,23955,2,4910917f05092f331bf3a477f791cc01,e8c6039a25765995ac7c1ec2cbef5765,watches_gifts,watches_gifts
8291,24791,2,d1c427060a0f73f6b889a5c7c61f2ac4,52c80cedd4e90108bf4fa6a206ef6b03,computers_accessories,garden_tools
269,21479,2,23ab7bb9eac81e85ec43ed71064cf7ce,ad0a798e7941f3a5a2fb8139cb62ad78,bed_bath_table,bed_bath_table
269,21912,2,23ab7bb9eac81e85ec43ed71064cf7ce,74939659dbb10592e383bebf2f78272c,bed_bath_table,bed_bath_table
269,30896,2,23ab7bb9eac81e85ec43ed71064cf7ce,946344697156947d846d27fe0d503033,bed_bath_table,bed_bath_table
4394,10824,2,4f0abfbee7569e43b80f9aaa256a9bf8,5f42d57952b7815098979a5c4fa6f82a,health_beauty,health_beauty
2948,25951,2,5f0bdec2fb222061ed8fe52586a5957d,88bd8458fdc2ceec3e71ef1d867a7b45,telephony,telephony
8955,16608,2,c5b72065154ec27c2d1ed8a654c3348f,ba74c6b75d2ad7503175809688d5a03c,watches_gifts,watches_gifts
1895,2054,2,c784a651cf319526cc7cf854f83cb941,2ccd049c8e7ea210e079a1aa8ad92477,stationery,stationery
4689,9602,2,aa70ae9ee9a798d44ae6e00ce6d82cb1,d13a4acdb64c202e774e815db547e108,health_beauty,health_beauty
290,6389,2,c6336fa91fbd87c359e44f5dca5a90ed,b584de1994f604fa7dfd0b6b9c6c1b99,sports_leisure,sports_leisure
5823,13089,2,2b4609f8948be18874494203496bc318,b1acb7e8152c90c9619897753a75c973,health_beauty,health_beauty
3349,8031,2,31352e05b5f8620929e1b8bbbeda5578,9b89ab91efbb4750c39864ed0262711f,housewares,housewares
3681,20501,2,3743820de2227103b72b029a352fb98b,345ebf31824c3871cbb94c377190d6f9,computers_accessories,computers_accessories
2220,8507,2,155815f7173905f1e5cde0b82adfc113,67fc455b96e0908bc5e0d917237b2977,bed_bath_table,bed_bath_table
7264,18920,2,a6b56b20f93907299eef6ea711338269,3bbacbe586e957acbf26c63b3ed532a3,pet_shop,pet_shop
8635,19475,2,57fcacc3434a1f2f2b039c1b4e61f5e1,cf0d29a0ea1464f4c3e5594d0746c51b,telephony,telephony
4723,5313,2,2d15b61e2962412ec20c326895c4603a,37318ccebb2ced72bd1b548b55ab4e31,costruction_tools_garden,costruction_tools_garden
9662,30891,2,99a4788cb24856965c36a24e339b6058,3e5201fe0d1ba474d9b90152c83c706c,bed_bath_table,bed_bath_table
8462,22854,2,fa243e761ae871597627e917611eeb23,be59d6c35e43e4bae41772d4b87136a4,bed_bath_table,bed_bath_table
1038,1167,2,a669398f595527fc03acc1ebda6b3cce,189e539d996a9b8ba4bba1a140a024a7,health_beauty,health_beauty
2644,17427,2,87cb507e0daa37bbf34956fd59eba832,2136c70bbe723d338fab53da3c03e6dc,watches_gifts,watches_gifts
501,3032,2,2ae501b303a5a8e6f75c8c36f366b2d5,d8c0c707d3724304033f593878cbf1e6,perfumery,perfumery
2644,18490,2,87cb507e0daa37bbf34956fd59eba832,186fe07c8b8005ec6a498587ffbc1352,watches_gifts,watches_gifts
9236,31878,2,e61c78a7343d82c0539d27df0f7dfc31,ddb9028236525b8ab493fc24f99e8d1a,bed_bath_table,bed_bath_table
7139,12761,2,51250f90d798d377a1928e8a4e2e9ae1,005030ef108f58b46b78116f754d8d38,perfumery,perfumery
6336,10888,2,aadff88486740e0b0ebe2be6c09476ae,0a4093a4af429dc0a9334300e5c13ae5,health_beauty,health_beauty
7018,20572,2,dc52f0f5d3ec37a93eaf956cde4e5d2c,a92930c327948861c015c919a0bcb4a8,watches_gifts,watches_gifts
2319,30900,2,158102fe543dbaeb84d87811bfe06d0d,414c53fa9c5cc4a0390682aeb2e25ec1,furniture_decor,furniture_decor
9586,15631,2,e256d05115f9eb3766f3ab752132a4e2,b7d2c90f9161dc69fa75d22572003bc4,computers_accessories,computers_accessories
5407,13558,2,d65b6607952f9e0d705b1cbdc92ac027,c43ab4269cbf91b373263db4c2973cad,cool_stuff,cool_stuff
4526,12372,2,b3cf0a98f31b76ed0cec13d9c77102c4,9d0bb30eed80184666c8acad23921283,market_place,books_general_interest
3049,5390,2,7cefa61c9500d9b227894dc48d8b5a0b,0e14941c183946f60e3b86585d05f984,housewares,housewares
2014,6023,2,5dae498eff2d80057f56122235a36aff,678c229b41c0e497d35a25a8be1cc631,construction_tools_construction,construction_tools_construction
1075,19862,2,29e4631be78811ab993ae12613053b53,98d61056e0568ba048e5d78038790e77,auto,auto
2984,5378,2,8d7d29e5fb9ff5333009326c87fc04e9,516ccdc0667fe7e260156d1998ef9546,office_furniture,office_furniture
4599,21778,2,368c6c730842d78016ad823897a372db,b0961721fd839e9982420e807758a2a6,garden_tools,garden_tools
8819,26980,2,a87567bdce60de6f901e3d7c6d8df820,56b83ac081e4e6ea5f87323b4e46e85c,bed_bath_table,bed_bath_table
1576,25564,2,cf1d8e226162a1d0ad61f29b7ed72d82,e9b3cf27d68caa64832c4a7c460abcb9,market_place,market_place
2358,8347,2,3cc4b421c1f28dd22e86fc4aaafb600e,283dc451ad3918badb976d56ff887289,bed_bath_table,bed_bath_table
1103,24484,2,28447390cfd2a411fcb8c008b6163da2,b65214d387c754bb0f858a4a5a0f41ad,toys,toys
4200,16405,2,748b719f4cbfdcb99cae90bf4bb16217,40639ced9d62eca7f4637b1be4ccdf44,toys,toys
3457,26004,2,ec2d43cc59763ec91694573b31f1c29a,7185389e32acf9c5c5f61e6a23c0ab3a,bed_bath_table,bed_bath_table
5120,21050,2,6522b16614da30655a6a5ce4c8f2fb8b,0981ba54d8ddc68299f7c7a7d23bb2c9,bed_bath_table,bed_bath_table
2360,11242,2,78efe838c04bbc568be034082200ac20,4fe644d766c7566dbc46fb851363cb3b,furniture_decor,art
2780,4643,2,07c055536ebf10dfbb6c6db6dbfc36e5,8338cef8355d238f43711dcb9c0657b2,furniture_decor,furniture_decor
9586,29343,2,e256d05115f9eb3766f3ab752132a4e2,a46875fb5b8d19ac3cff18deb9bae57e,computers_accessories,computers_accessories
6701,12545,2,eb048e296b8db6cd64b1bafd9500786c,113f80f12c8892f0c59206f70b862b40,bed_bath_table,bed_bath_table
8726,31877,2,db123b35396aafabb2d5b476557abed5,7c65bcd66be0ad761948bfeda4e7bd2f,home_confort,home_confort
4599,14052,2,368c6c730842d78016ad823897a372db,422879e10f46682990de24d770e7f83d,garden_tools,garden_tools
3131,20686,2,8264f2dcca3aa83cb217d7f09e9c8cf8,86c43103446290e7efacad3701cd654d,watches_gifts,watches_gifts
6697,13302,2,e2f1ccf86759df28dd1e9f2e0e3242d4,eb9b44e05684527fbfdfd0ff5cb86250,health_beauty,health_beauty
1195,19183,2,7736ea239e147291f6adb766c992beb1,642a40d4d73b4b2604968937de13634a,bed_bath_table,bed_bath_table
10145,12125,2,3c839ed874f2e0444a38bfc8daf5ad5e,1cac29154057b66c1cfcb6ff58e2fdbf,housewares,housewares
10187,10794,2,65e3848513c9ab70bf542e5d694cf072,44f90f085c7a825863cbf867990e1513,health_beauty,health_beauty
10404,11284,2,d5b703c271f43f9c588a6f512a00f77e,8d98dedc3c19de17f1a090195e85d6b6,toys,toys
10743,31280,2,521527593ca1726b992318e034dd5690,a25583531530c0913ea4dee2c5c73685,perfumery,perfumery
10751,24051,2,0f91b6a95a57a43203a9b17de98960d9,fbc1488c1a1e72ba175f53ab29a248e8,health_beauty,perfumery
10824,26347,2,5f42d57952b7815098979a5c4fa6f82a,6463e442310f2f4f321c83a32d8c662b,health_beauty,health_beauty
10941,17427,2,555cdc8ae3abc9870afa02367539b799,2136c70bbe723d338fab53da3c03e6dc,watches_gifts,watches_gifts
4583,26506,2,4fcb3d9a5f4871e8362dfedbdb02b064,0c9ff9d8ed9b9bdd825487b3a66e05f5,auto,auto
11366,27851,2,4025ee582ef6b8c478af3b44cf89054b,c211ff3068fcd2f8898192976d8b3a32,bed_bath_table,bed_bath_table
11970,26376,2,b2e7c39bb137bb4b3651862c6b611468,7bf115809ab249f1bf0fa92d72e0baf8,computers_accessories,computers_accessories
12154,29682,2,6610dc3cac3b77009d969495cc2d7037,d93e0523fc2cc1c5a81d432364ed2d06,bed_bath_table,bed_bath_table
12330,16552,2,f3ae4ce1b63810f2921ff353ddbec67d,e9dd44f105ffdcb98405c94f1d0bbdd9,furniture_decor,furniture_decor
12345,20275,2,14dffa241a078aeaebaef48a49e807ca,014a8a503291921f7b004a5215bb3c36,baby,baby
12664,18420,2,7dac8901a50cf3317d5372cbd3186ecd,6c55ba2343f9df32c7f88a468352ff22,watches_gifts,watches_gifts
12761,26008,2,005030ef108f58b46b78116f754d8d38,75c06ee06b201f9b6301d2b5e72993f8,perfumery,perfumery
712,8097,2,6c90c0f6c2d89eb816b9e205b9d6a36a,b7d94dc0640c7025dc8e3b46b52d8239,computers_accessories,computers_accessories
1678,16114,2,53c61580d8e5c4941a358ee0335c1d5c,07ffc018eaf23e086370dea42c74077b,costruction_tools_garden,costruction_tools_garden
1678,32532,2,53c61580d8e5c4941a358ee0335c1d5c,36ba5561e351eef68d3554697132a9a8,costruction_tools_garden,costruction_tools_garden
12993,31441,2,4f88323d03ffaf090b8fb0116b33c95e,592962829d5a715304344e656e39108a,bed_bath_table,bed_bath_table
9044,15631,2,1dc7685f4fdb9622d84ae2ec658d5bbf,b7d2c90f9161dc69fa75d22572003bc4,computers_accessories,computers_accessories
3176,4689,2,c589625c8ccc7bfd2e8f1fb041e24c4a,aa70ae9ee9a798d44ae6e00ce6d82cb1,health_beauty,health_beauty
13558,30544,2,c43ab4269cbf91b373263db4c2973cad,c03d44fcdfabbabd5185c8eb60f77aea,cool_stuff,cool_stuff
13894,21090,2,c7b3cf9de7be95b3e09e7a63315685eb,f71973c922ccaab05514a36a8bc741b8,luggage_accessories,luggage_accessories
13966,19603,2,cd2ea14a901da3b47b33516f3ca6929e,1a4247b6eddc27c68f7995dcc68b01e2,health_beauty,health_beauty
3176,9933,2,c589625c8ccc7bfd2e8f1fb041e24c4a,4167a7ae0930579d1f27d465a1a042f0,health_beauty,health_beauty
6856,29141,2,ac5e164e2eda939ffa46593f90077f9a,f39288f58793ce5e6985b3f7832af88c,fashion_shoes,fashion_shoes
2371,31827,2,3685c687db4b3d2da5085d23b408e93a,e8ca14b6c60a3194f2353bbfe0287bbe,cool_stuff,cool_stuff
14102,28345,2,e1901d5d99ca951543717ea5d1940a36,81e7937893af4703d4d14ca3e3765b59,cool_stuff,baby
14319,15257,2,b2b938c46aafdbf702d73e7edb9cb263,def59eb2e17b32b980b5341984f6b500,pet_shop,pet_shop
6447,24694,2,6ed93af03d1f53308d3a9c6555a94d08,aecdd1c18af2379312e946f33280fe25,computers_accessories,computers_accessories
15439,19506,2,3e7d7087ff8bbc0e9568b56ba3504a34,8ee57a1f636eb2e009706bbdb0818ecc,health_beauty,health_beauty
8593,23417,2,9d32095f76b97762307e86cfc18dd7a0,87d780fa7d2cf3710aa02dc4ca8db985,bed_bath_table,bed_bath_table
2094,14452,2,69523f67543ff9ea6b1a15858fb59b3b,d2c7a1e57b8f3e74095798f867334b36,watches_gifts,watches_gifts
15940,21107,2,bf477d995ee4444807afc574cfbcc1c1,96ea4f32befa14bd8ab36fd6827a5e3f,toys,toys
16114,19188,2,07ffc018eaf23e086370dea42c74077b,7eaf66aca1ed54df09b3c864b7416110,costruction_tools_garden,costruction_tools_garden
7062,28596,2,688ad0169550f8e2eb0307b61df3ba12,703d742887bb9267f89b675608ba7aa0,bed_bath_table,bed_bath_table
16749,29130,2,909b87db6cb3a7ab26bd03cc59860136,3dd2a17168ec895c781a9191c1e95ad7,computers_accessories,computers_accessories
17177,19547,2,e906fa76a27488f805ba8584a4c10cba,85b6cd7f57f7a06d180c93e8c74f6381,bed_bath_table,bed_bath_table
17217,26359,2,145140d23f166a1166dc4437107df8cc,c2ad928095a0d199c4d44b2194119ce2,stationery,stationery
3903,19276,2,0fa81e7123fd0ebe03adbbe99d912827,1eaf224c19e07b6e50bf0119eea1dd26,bed_bath_table,bed_bath_table
17423,21605,2,3f4269f81421aadbfc643a23d5dbf3ff,c8a4cbaafa1f0579063ec64cf40ae153,auto,auto
807,15181,2,1ac09f60f3c3bc2021c637ef23fa3248,ead6d52e3dc075669af5d7a1958b0f07,toys,toys
17912,19612,2,494e28e86f2b12df2d95e9d55266ef4a,fcf311603fa276d415c006188e7bd070,telephony,telephony
18054,31696,2,f6e3aeb40c00aec24ade8333c2ac1b20,db7f3f42ccab32fa6328b3063b278bcc,consoles_games,consoles_games
18057,24279,2,3ceb44c75e6981ff0987bb90c95694c0,57c580a8fbf3d8374b06bee7b6f4ce31,furniture_decor,furniture_decor
3903,23417,2,0fa81e7123fd0ebe03adbbe99d912827,87d780fa7d2cf3710aa02dc4ca8db985,bed_bath_table,bed_bath_table
18490,26267,2,186fe07c8b8005ec6a498587ffbc1352,0bdd9a52d192d64770e33ae559512478,watches_gifts,watches_gifts
18538,31235,2,a2a1a65832c02f8a82d82c12aa0dbea9,fd91e23b4465803725f329b39afe018a,furniture_decor,furniture_decor
807,30726,2,1ac09f60f3c3bc2021c637ef23fa3248,45a9a8115c62ad1ce34845e5ec4cfd48,toys,toys
7759,29068,2,43b54d1fc56ff394092a3dff6be2d39f,0a4f9f421af66d2ea061fbb8883419f7,health_beauty,health_beauty
3625,8347,2,42a2bd596fda1baef5719cb74f73030c,283dc451ad3918badb976d56ff887289,bed_bath_table,bed_bath_table
19303,23887,2,1600dcf1cea8c0c83702e07b577ab231,e57eb018e37376580079825eb29a3419,watches_gifts,watches_gifts
3625,30858,2,42a2bd596fda1baef5719cb74f73030c,430f4c8e02bd4e1fe6330c38689b54f3,bed_bath_table,bed_bath_table
19650,26552,2,26facbccf840188b92bcc8cb89fe1f64,5b1f3328a2c6f837ecce21bca1489939,construction_tools_construction,construction_tools_construction
19862,29654,2,98d61056e0568ba048e5d78038790e77,a50acd33ba7a8da8e9db65094fa990a4,auto,auto
20187,29657,2,c0737ec7b87906c79f130f39cec3d3ee,a3309868978f986b3865b8a3729192e2,bed_bath_table,bed_bath_table
20275,32301,2,014a8a503291921f7b004a5215bb3c36,dd6a505f83dd3c6326aa9856519e0978,baby,toys
20388,21423,2,976ab50ce2361a9f99aaf9fd4037a00a,9cc50a8fd6a69a4d287d62d52ee5d009,books_general_interest,books_general_interest
4637,10899,2,9f14f401fce2d9ddd450e7ce60cb7f5f,0129d1e9b29d3fe6833cc922374cd252,consoles_games,consoles_games
20506,31548,2,1fe7076c53248559454a7e1d6c1037f9,ce003d873dc7d3c9482b894f2f2cc3e3,bed_bath_table,bed_bath_table
20535,30640,2,89039f76a4c1ed8e4c13f4b531f158ca,0b5c0ecd14105464e2b879a307092e3f,luggage_accessories,luggage_accessories
21041,23398,2,47ea90e9a2976bc290c3cdf3b5e0573d,d1b1a0e78589ee89279d0be1e4a8b905,bed_bath_table,bed_bath_table
21107,23633,2,96ea4f32befa14bd8ab36fd6827a5e3f,731599825523e54feea5f4678ca8f54f,toys,toys
21141,21479,2,ae7fbf136a49b58f2d38fafb2f3205b8,ad0a798e7941f3a5a2fb8139cb62ad78,bed_bath_table,bed_bath_table
21159,29609,2,d199462b8361a3e047e64595bce5b6ea,fc2d17e60bdd3349a25f3ca6a802a91e,stationery,stationery
21362,25066,2,c9c6fde711572c1ad99ca12728c6af00,31c79131e883e5fd8c4c85fe9f7d2bb2,telephony,telephony
21474,21599,2,197f7d1d3a8b0bf0c8f0394ff71b574b,67fcc72a4cfd0ac826c0158ce5c98ae6,construction_tools_lights,sports_leisure
212,11366,2,f4d705aa95ccca448e5b0deb6e5290ba,4025ee582ef6b8c478af3b44cf89054b,bed_bath_table,bed_bath_table
4643,5277,2,8338cef8355d238f43711dcb9c0657b2,741a31499a578979be85db7f80139e62,furniture_decor,furniture_decor
21778,30294,2,b0961721fd839e9982420e807758a2a6,389d119b48cf3043d311335e499d9c6b,garden_tools,garden_tools
21778,32099,2,b0961721fd839e9982420e807758a2a6,53759a2ecddad2bb87a079a1f1519f73,garden_tools,garden_tools
1801,3355,2,a79c0d179a6de79b23a81b64b3980c04,5bf57bdef224b9486b45ebba37ec6191,bed_bath_table,bed_bath_table
22019,31738,2,e3323b0d3f79bdf85b58561d2218bc12,ae52eeb8383b94455f0a08b1f88ad002,computers_accessories,computers_accessories
7213,29153,2,6b00cb3fe05c73d0acef3fd949a34c0f,e3af4b7c220aca1535b34416de24dfb7,toys,toys
23080,26483,2,32459442f3b850918e20febc47c9edfb,1a1607ff3b9bced214efc0a8cdfb2510,sports_leisure,sports_leisure
5313,24722,2,37318ccebb2ced72bd1b548b55ab4e31,f9bdcb274f479aa71dd34e8bccdd9a82,costruction_tools_garden,costruction_tools_garden
9044,29343,2,1dc7685f4fdb9622d84ae2ec658d5bbf,a46875fb5b8d19ac3cff18deb9bae57e,computers_accessories,computers_accessories
23895,27001,2,cf6514025ef5d3a93d69d2a7bfa4036b,cce679660c66e6fbd5c8091dfd29e9cd,bed_bath_table,bed_bath_table
24601,32301,2,880be32f4db1d9f6e2bec38fb6ac23ab,dd6a505f83dd3c6326aa9856519e0978,toys,toys
24627,30891,2,056d012d264624accb7f73d31caee034,3e5201fe0d1ba474d9b90152c83c706c,bed_bath_table,bed_bath_table
24627,31441,2,056d012d264624accb7f73d31caee034,592962829d5a715304344e656e39108a,bed_bath_table,bed_bath_table
2822,12545,2,a1dd59756b92c62cd39375d0b0222698,113f80f12c8892f0c59206f70b862b40,bed_bath_table,bed_bath_table
25066,30680,2,31c79131e883e5fd8c4c85fe9f7d2bb2,ef1c671d636510846d72e7aa3af1e0a5,telephony,telephony
25894,27870,2,1fd3bb291e0dba9d6081eb914303993b,ac7e981115ad47f0e051f1b8b97e73b1,housewares,housewares
26103,26458,2,cad2db5e318d7283a234c517b2f28a42,9ad75bd7267e5c724cb42c71ac56ca72,bed_bath_table,bed_bath_table
26458,31767,2,9ad75bd7267e5c724cb42c71ac56ca72,665aa1d687284a4d2d2b74c0c6724625,bed_bath_table,bed_bath_table
534,7213,1,44d958961868395bfe852e70d48081f4,6b00cb3fe05c73d0acef3fd949a34c0f,toys,toys
534,29153,1,44d958961868395bfe852e70d48081f4,e3af4b7c220aca1535b34416de24dfb7,toys,toys
536,9584,1,4a37bc772078a013df64fd661ae5ee6c,caf1466f581875d1c2d9d94be70b4dbc,health_beauty,health_beauty
559,27264,1,7c1043bb5837db0c6bc1953419a18628,241e398aacc909372622952b2ec6f954,stationery,stationery
561,29887,1,593236d0ff46b4299b4787fb8d43f7f0,d04bbac48960ecb7ea311b00ca6e1cb7,industry_commerce_and_business,industry_commerce_and_business
564,3746,1,060ea530ba6184d49f7b1cc031c4c97e,c86dde6d75b1c5f5c6ac95000a63b7a7,bed_bath_table,bed_bath_table
564,15952,1,060ea530ba6184d49f7b1cc031c4c97e,5715a3dc7df27aa1c131f51e17e614df,bed_bath_table,bed_bath_table
564,18721,1,060ea530ba6184d49f7b1cc031c4c97e,eaf84e31d1e891449aa5cf7130e75fc6,bed_bath_table,bed_bath_table
564,19204,1,060ea530ba6184d49f7b1cc031c4c97e,bdeca320bdf54d3cdbb982d737526dc5,bed_bath_table,bed_bath_table
564,20498,1,060ea530ba6184d49f7b1cc031c4c97e,8279f484b70cb6fb2a87f36e766bd559,bed_bath_table,bed_bath_table
579,7680,1,386486367c1f9d4f587a8864ccb6902b,bd5b04e67f3659248acfb0c61c08a9c1,bed_bath_table,bed_bath_table
579,17848,1,386486367c1f9d4f587a8864ccb6902b,5f2d2e225329430182f0d167faa3779b,bed_bath_table,furniture_decor
584,21184,1,d4de08feff9533e02efa79613935336e,65b8088cea1e67b54a517052979d07a0,bed_bath_table,bed_bath_table
613,4278,1,f303e2cdf0967ef1a153d12f2685d280,8f41c6ba389c91b377bba94e332bf925,bed_bath_table,bed_bath_table
613,12711,1,f303e2cdf0967ef1a153d12f2685d280,8d37ee446981d3790967d0268d6cfc81,bed_bath_table,bed_bath_table
613,24221,1,f303e2cdf0967ef1a153d12f2685d280,ecfb5255f55715e1faec3e6a316da6c3,bed_bath_table,bed_bath_table
620,4141,1,1fa4ef78e1b8f0afea31e4ae9578affd,d4fa4ad0e82fea0c12d7cf3f773a03b1,bed_bath_table,bed_bath_table
622,4337,1,4079a95ae53890e5c268117864020aa8,441f80632def2e872e95a3e474226119,bed_bath_table,furniture_decor
626,3015,1,a878ce3514b37e8bfeac8f881438b775,5e2ac503775a811be6aeeb9f87830e92,bed_bath_table,bed_bath_table
632,4219,1,0011c512eb256aa0dbbb544d8dffcf6e,401717fdb76bea40aad511f64ab03c92,auto,auto
632,14816,1,0011c512eb256aa0dbbb544d8dffcf6e,cae8c962ad47ff05a508e6fec4146e1a,auto,auto
632,21187,1,0011c512eb256aa0dbbb544d8dffcf6e,5a6849f9db912b68be72145d959d61d2,auto,auto
633,4343,1,61a53738adc5c0e8d243553320f9ba1c,3eef0cb94ba82de806bb30ab743c7655,sports_leisure,office_furniture
678,9441,1,b6665355b9d865e088250a5c8d7b36c1,70431405f38dc4a0ee25fbfba20dbd16,toys,toys
678,32391,1,b6665355b9d865e088250a5c8d7b36c1,41483859d76267ad9a2c8d0af4a76266,toys,toys
685,5129,1,21e72a490cbe93ed7aa675d2b1ae105a,54c9eeb3eec23150e817e2048c9c4c31,computers_accessories,computers_accessories
685,29148,1,21e72a490cbe93ed7aa675d2b1ae105a,b811b7a802d2bc88a918a9b785a6c18a,computers_accessories,computers_accessories
685,32416,1,21e72a490cbe93ed7aa675d2b1ae105a,49d05515656ae5bacab920395f834244,computers_accessories,computers_accessories
687,30188,1,17d4764518c5a017b128060439d1559f,4ebab6a2135a2477b657bda38646b64b,cool_stuff,toys
688,12751,1,31eb78f384a585823382f8963cdf5849,9a2e821cfc513051382e27606ab3325c,stationery,stationery
703,10953,1,2039ecc2a76b653fb536a86a570e66d8,83f2c628d86dde5369cde6ffb51d919a,sports_leisure,sports_leisure
707,9899,1,dcfe76be1e1036cb99e5d8bdc2a1b1c9,8a2fde854a6f41aae89ce99303a847e8,sports_leisure,sports_leisure
712,11266,1,6c90c0f6c2d89eb816b9e205b9d6a36a,d143bf43abb18593fa8ed20cc990ae84,computers_accessories,computers_accessories
712,16282,1,6c90c0f6c2d89eb816b9e205b9d6a36a,55939df5d8d2b853fbc532bf8a00dc32,computers_accessories,computers_accessories
719,18024,1,0fa0bd7ef862a1a28d6cd9701fc97f6c,873c256958122a0b04f65c23f8bc2329,musical_instruments,musical_instruments
720,1105,1,72bb19eb8886399d5a46785146792ba7,2ac7c9339ff85fff3e1aee3eaf7bb315,housewares,housewares
720,26743,1,72bb19eb8886399d5a46785146792ba7,a5db7a80a8d9c9d49050360fceb6ffd4,housewares,stationery
722,21167,1,44e8945e17aef03daaecbc4bbab7f730,4dfb5b21cf54e026b36472ea52d67e6d,Unknown,Unknown
735,23791,1,1eb44be9d824d20602d68a0f3346d8d7,ec03b7c4f40b96139d2ce2ef0b798284,bed_bath_table,bed_bath_table
768,24508,1,f99af3a3d10f7a52df7eb10abd1b72be,7a9cf133da2a6494259ffeeab11b6276,telephony,telephony
783,24644,1,9291234bfd76d396f56b5175d435dd84,e74935f7a47674c519b43da6244d30fe,furniture_decor,furniture_decor
792,12337,1,9b393d3360316521a943267765a47fbf,cd4e24746b06eb6c6f01501e8c92b623,health_beauty,health_beauty
793,6611,1,d3f4f3de0f4576184674937d1e9cecca,ee2568e85817bc2c070154cec07135ac,toys,toys
793,27193,1,d3f4f3de0f4576184674937d1e9cecca,75b244904ed62f3af89d3fa542c41026,toys,toys
794,1663,1,53b36df67ebb7c41585e8d54d6772e08,01cf7c4cffff8db0a1cbe612bd2d50a4,watches_gifts,furniture_decor
794,7018,1,53b36df67ebb7c41585e8d54d6772e08,dc52f0f5d3ec37a93eaf956cde4e5d2c,watches_gifts,watches_gifts
794,11493,1,53b36df67ebb7c41585e8d54d6772e08,e0d64dcfaa3b6db5c54ca298ae101d05,watches_gifts,watches_gifts
794,14458,1,53b36df67ebb7c41585e8d54d6772e08,7a10781637204d8d10485c71a6108a2e,watches_gifts,watches_gifts
794,16753,1,53b36df67ebb7c41585e8d54d6772e08,7703b8cb5b77fbb36518ea91e2ca734f,watches_gifts,watches_gifts
794,21990,1,53b36df67ebb7c41585e8d54d6772e08,12667a519a4a3094eab02f5841b07409,watches_gifts,watches_gifts
794,27043,1,53b36df67ebb7c41585e8d54d6772e08,0a57f7d2c983bcf8188589a5fea4a8da,watches_gifts,watches_gifts
794,30050,1,53b36df67ebb7c41585e8d54d6772e08,bc74f63361c15c1a5baa5b97ac432e62,watches_gifts,health_beauty
797,9441,1,9ce90721c582bede1c152150a883b801,70431405f38dc4a0ee25fbfba20dbd16,toys,toys
806,25665,1,1e56c680b07833e85fec6904b2c7e4b8,77ccbcf251886c8b83676fc918e7336c,pet_shop,pet_shop
807,26696,1,1ac09f60f3c3bc2021c637ef23fa3248,2187a2f05e362364c24d44feaeb40243,toys,toys
821,4301,1,bc7496ccc90a64c022a56021c65c9cda,6aaa03bfd8582d76c23b11ef0e80f85d,housewares,housewares
823,11242,1,a22f707cfd269773138c3bf3a43f6180,4fe644d766c7566dbc46fb851363cb3b,furniture_decor,art
823,17272,1,a22f707cfd269773138c3bf3a43f6180,5730d73af7faffe9b95d69fd03ea51df,furniture_decor,furniture_decor
832,17841,1,a1fcd4b731530eed7fa5531f3f0c2fe0,99b7af24fd7be364e3621b9e751b048e,bed_bath_table,bed_bath_table
843,30759,1,95b6e8160fbea38f306a26e66a6465a3,f81a1edab43cbf08299503316612bacf,auto,auto
847,28310,1,3ac52f93c2299daa201fbb7ff36546f7,4ce9ab528124f89e091b17d11aa2e97c,computers_accessories,computers_accessories
852,5043,1,fe705ffbaa3804c5562b8b1046157a6c,ef9f0516d07f695fa0eae9a8169c8fdc,health_beauty,health_beauty
860,15212,1,49feeab25d6531f4bbd4e9e7c926cf36,5a2a2db3896d33beec6828b898812ad5,fashion_bags_accessories,Unknown
861,27110,1,aeb4a18fc6dad1f6cb6474d69f634ad2,03f02ee5e8fd233d41dcfe8ad911cf7e,bed_bath_table,bed_bath_table
872,23298,1,3512f777c335f8297b5ad43416b69cf8,7f9f228320c43765cfe30cdc090e0be4,bed_bath_table,bed_bath_table
877,10684,1,c7b17e51e4a7c527e89a7d5cf6f2415a,612333e41128203342c1dc089808f3ad,construction_tools_construction,construction_tools_construction
888,13047,1,ca4a58d8a97a4e1c5822292d4cfcb4b6,4ee0872b98a6a08ce8c8b65e2502842d,fashion_bags_accessories,fashion_bags_accessories
891,2780,1,ace5d86cf1ac63cdb76f49e5cd23d2f8,07c055536ebf10dfbb6c6db6dbfc36e5,furniture_decor,furniture_decor
891,4643,1,ace5d86cf1ac63cdb76f49e5cd23d2f8,8338cef8355d238f43711dcb9c0657b2,furniture_decor,furniture_decor
895,25195,1,385a33a408e9c35c9fbc2025c12f3784,b0c8da302d49498d2ce6be8c631e4e20,computers_accessories,computers_accessories
897,26291,1,337be49673e511e2bd38d390cf57d7c4,ac9fba4745c7352cc4038631be412f70,watches_gifts,watches_gifts
898,32060,1,124a15d998dfe011681819d7c792f7bb,2cb04e10eeaa0cc28bb0b7db018c9056,health_beauty,health_beauty
903,26730,1,23b3e6e0aafa806f323de78534212b67,b24af8bca8813bcde4140ff8562f5e47,costruction_tools_garden,telephony
903,27777,1,23b3e6e0aafa806f323de78534212b67,328818bbb9f31efcf6a2b39ce8724ab6,costruction_tools_garden,home_construction
906,30172,1,ddddff18d8f990347156c317421df46d,d9d5e3c7a8d24dfb8968ba75e4313ac3,luggage_accessories,luggage_accessories
907,2751,1,5c17022eddee34a164a87606a586dd8b,c99666957e5d14717bd1d5ba0fd33f53,furniture_decor,furniture_decor
918,32491,1,4a9947ec1fcec2b3321193ed5590e8cb,6f0f907c9cf458139bac7f01777b9bbf,watches_gifts,watches_gifts
919,31918,1,d0c59b22539b0b391e5834a1dae7caa8,c8c6606a94a40c89625b72cf7079aa1d,toys,toys
936,16385,1,c2c951d6f458fe552a49dcd590bdb4a6,94bb0da423501924c41368236d88e808,bed_bath_table,bed_bath_table
936,30838,1,c2c951d6f458fe552a49dcd590bdb4a6,26a5af09b51d4e5f17609f6c9ae7f50f,bed_bath_table,bed_bath_table
944,10792,1,1d3d7e2bc2cb75e4e2c798ec9aae0279,1cf4209f5358de32c5cae2c2dbb84aed,telephony,telephony
961,7672,1,06ce9c3e61c7a07f872f8317a7dc534d,11875b30b49585209e608f40e8082e65,health_beauty,sports_leisure
965,27701,1,b9055c6417cea84a8198fec56ff6148f,5d6bea33648f018dbb563f3a2fab09f3,construction_tools_lights,furniture_decor
980,15094,1,3651da23518f818b7da19d3ec6c69f5e,0bd7e7a520ec0ac94f95b47cecc844d6,furniture_decor,furniture_decor
983,26954,1,da37b504ecf6099b4f8af452ebdab0cc,6413f7a28e149a324c4a914000399fb2,baby,cool_stuff
989,26432,1,9d358fd2a77935cffa32834b50cfb21e,7c21d2794fad14d186b2bcd9b07a8298,cool_stuff,cool_stuff
995,24919,1,a93ad122024312ca432da7f7b32474b4,306b0c58328826c0564cbc520787d508,bed_bath_table,bed_bath_table
1005,4622,1,a7bbff32c7321478b29f924301a1867d,58f579bb52bea63fe1c6c39c2d4272d8,housewares,housewares
1005,5028,1,a7bbff32c7321478b29f924301a1867d,24543438ec09114a42a153f76ae693f2,housewares,housewares
1005,15288,1,a7bbff32c7321478b29f924301a1867d,7b44e5ea770ef06810f5df89006cc8b2,housewares,electronics
1005,19255,1,a7bbff32c7321478b29f924301a1867d,64ec83de8f0026319c8829351e3d6e23,housewares,housewares
1005,21331,1,a7bbff32c7321478b29f924301a1867d,064c975d37d3c646bd94d94c6e16f37e,housewares,housewares
1006,12614,1,b88d27345de2feed45475bb48cca74b1,ff6caf9340512b8bf6d2a2a6df032cfa,stationery,Unknown
1006,16779,1,b88d27345de2feed45475bb48cca74b1,90a57d62c9b9f884fae33a10dff953b4,stationery,Unknown
1010,25513,1,c857b96593773e940454e76efa8eabb3,9fc98e39f04be8e382d8aa5e259f5489,furniture_decor,bed_bath_table
1010,30366,1,c857b96593773e940454e76efa8eabb3,d9ee0c2943c9663aef6a2bc0411cbc14,furniture_decor,furniture_decor
1020,21958,1,d19284bf0893e07e80c26fe4ad33458e,cda8b52b3a3d0574a74b18bc73da024f,furniture_decor,furniture_decor
1026,18310,1,8b41e0e27cc6de15e59de3853fcf51ce,12ae2f8641058da5952d2eedfde9d018,furniture_decor,housewares
1034,23304,1,0aa186c65b07e61f5ac114182ab92a2b,42697582a754e573f9e3e9e78752252c,computers_accessories,computers_accessories
1035,1220,1,64b7b1d7151216b171067bafdb70d0bb,115fdef806a3b8e9fc52a1dee818f2de,baby,baby
1040,30480,1,70b1659e9e180610c8a5fd5753c85b80,173c4cd072bd13160331cc0f5b3ce0c2,perfumery,perfumery
1045,7041,1,cabf8b8ae04dbb649a84f493660febbe,abe171a94bee936786955f928bd764ab,furniture_decor,bed_bath_table
1045,21382,1,cabf8b8ae04dbb649a84f493660febbe,1890c01a38d17958d79fe473d451dc9c,furniture_decor,furniture_decor
1047,1741,1,9474f3c0da0c4fd0bdf88cf6ac1b5d04,5d1d8ec5b31c5c359f10c4b23b819170,furniture_decor,furniture_decor
1047,2055,1,9474f3c0da0c4fd0bdf88cf6ac1b5d04,0e35a413d832e63c5d46101b7c88de0f,furniture_decor,furniture_decor
1047,13098,1,9474f3c0da0c4fd0bdf88cf6ac1b5d04,154696c4f8e96ed48f0c191eb09c0683,furniture_decor,furniture_decor
1047,16079,1,9474f3c0da0c4fd0bdf88cf6ac1b5d04,8ccaa3f8b171b199e37294ece30815a3,furniture_decor,furniture_decor
1047,27500,1,9474f3c0da0c4fd0bdf88cf6ac1b5d04,49650e49c3af7ccc896f634d039cd921,furniture_decor,furniture_decor
1047,27904,1,9474f3c0da0c4fd0bdf88cf6ac1b5d04,817e1c2d22418c36386406ccacfa53e8,furniture_decor,furniture_decor
1047,31606,1,9474f3c0da0c4fd0bdf88cf6ac1b5d04,daef10c972d7295283e377d5fd9985f1,furniture_decor,furniture_decor
1049,17210,1,44feb28a74abb0f2f303412d60160750,d8f1b415091ab79b62ac80443d865ca6,books_technical,books_technical
1050,4684,1,c47d256557f7fa30144ecea5722eebc2,8c81ff84f8301d0db2fbfde90da0f5a5,stationery,stationery
1065,8152,1,1c4b558889819d00efc1ec52e76bc450,96cfc72c759891226dacf3dfb303d6c1,baby,fashion_bags_accessories
1066,13994,1,701657bde0d39ea77205d996a89d9009,f22c326211220c21017efac98a117b2c,fashion_underwear_beach,fashion_underwear_beach
1070,14534,1,bd481cb85531aa8ef9c09eb9e6a9e0a9,9926323a78ee2ba9e3b282efce191cff,fashion_bags_accessories,fashion_bags_accessories
1088,25039,1,f71c0f4ee48321ba6b82205b2fc9e08f,b490f634b94203ba433c7f74c897bdaa,furniture_decor,furniture_decor
1092,20138,1,9239c49d7d0e542d0e12a9023771ef51,356bc9278252d4fb0c566e64612fc83e,costruction_tools_garden,costruction_tools_garden
1094,4165,1,812f428f6757ab16c46cffc68f2e90c5,cc3e0004237b0c02f8fd95f943e1cebf,furniture_decor,furniture_decor
1095,30994,1,d951b7ee80638f0b34111a091327be42,5368f8caaa939da050e8dfd7d08fde62,perfumery,Unknown
1103,14155,1,28447390cfd2a411fcb8c008b6163da2,8fa5bb1e4de7a63ee554487c2f2ee076,toys,toys
1103,19332,1,28447390cfd2a411fcb8c008b6163da2,2e0b9273624db778d82fd3b18becec24,toys,toys
1103,23283,1,28447390cfd2a411fcb8c008b6163da2,9036be77e0a74cca6eeef0740649b97b,toys,toys
1103,31684,1,28447390cfd2a411fcb8c008b6163da2,238314b88e4b8ffa496db6b1a201d897,toys,toys
1104,15762,1,9e572ff4654f7064419d97a891a8b0fc,af0a917aec9cea3b353ece61a8825326,bed_bath_table,bed_bath_table
1116,20892,1,f03e2584cfc057f8bf76bf5683955585,b71c0cacf053d9d8f92eb5965d8bd00c,toys,baby
1128,7261,1,9256d5ffeddcdb1ee516de53414ff1a2,854f1672c41eaa84b3e3a79e06146f63,telephony,telephony
1132,24561,1,8cab8abac59158715e0d70a36c807415,25437c6ccd9cdc28db375f821881224f,sports_leisure,sports_leisure
1147,12585,1,a8d952e8e5436a6fe36d24c402d100de,457cd0a99cfa977993e4eb6d98d95abb,telephony,telephony
1156,12660,1,2cbd0f06c3123f0bd14c4bffc0498996,7344630ca6c1a4917e55f35c729baa7d,telephony,telephony
1156,19980,1,2cbd0f06c3123f0bd14c4bffc0498996,eebe3620616be538e26842c73df11e65,telephony,telephony
1159,17127,1,b520bae2a8c9790cac40196cb2025283,0dc2c7b7e9708ca6f165c3de6c98a7d5,furniture_decor,furniture_decor
1161,32216,1,40f9995eecfc68f54991ca49582e9885,9e10eb05d9f369d5c38c475425cc2ee9,telephony,telephony
1194,14927,1,40c19ad8081c5efe90d93d945287adb8,3c44881c6f1115b3a16f8281bb2a83ff,perfumery,perfumery
1203,16385,1,2012a57204f00f8fd57f8196130bee26,94bb0da423501924c41368236d88e808,bed_bath_table,bed_bath_table
1208,11137,1,36696562bef043d7e07305d62baf5ca7,2b50a33b93e3b489f648b9166a62e13d,furniture_decor,furniture_decor
1214,1394,1,5907ee011dfad4ad998e382fe4df3d14,06b55f15e3505bd276acabbb4d3633f5,bed_bath_table,bed_bath_table
1221,30913,1,bb1ee1154c7f9b5329328e3fab9e6bb2,980a05f1865790c75cf9a22ae4771c1c,stationery,Unknown
1238,24764,1,d51e0a7f437c0d14f560082ed007fd85,a6b32d26b9f925954b1cd8339f664a6a,perfumery,perfumery
1239,18800,1,70906e04da1eebf3d1b8791bd09ffe85,3516632e8f52b679ff83d1665ecc990e,computers_accessories,computers_accessories
1241,6716,1,643a66b1dc5dad3de6cb5a41549e72f1,c5cb254d666e4420d56b5dc67ff59d29,home_construction,computers_accessories
1241,22281,1,643a66b1dc5dad3de6cb5a41549e72f1,c6e513054b982283c1cbbb2a45d02d83,home_construction,cool_stuff
1247,26009,1,2d27434c710806b971a721da337a112a,0900e9b18da6627157a7e47a8ac8fc08,watches_gifts,watches_gifts
1263,13369,1,8bd9ea581812a401d20fdccc7b8abb1a,496fb4187952616c8f21a127c1dd1c4e,fashion_bags_accessories,fashion_bags_accessories
1277,3108,1,962a6951154f98f2c8e9a5b8b2bcf4a9,cfe9e8e1f0400c8cc665d41722f34086,furniture_decor,furniture_decor
1277,15114,1,962a6951154f98f2c8e9a5b8b2bcf4a9,b532349fe46b38fbc7bb3914c1bdae07,furniture_decor,furniture_decor
1282,10568,1,e4d1cdc6559e08672c98c73a21305521,17ebb5f3d26d2db3afcd24d2d68072a0,sports_leisure,sports_leisure
1295,21523,1,6fd08d44046ab994b96ff38ad6fcfba1,e205eb6683dbf1812c2338baf0575ed0,baby,toys
1307,2220,1,3d870b8af7dbdc91b10cfb0139f3d44d,155815f7173905f1e5cde0b82adfc113,bed_bath_table,bed_bath_table
1307,8507,1,3d870b8af7dbdc91b10cfb0139f3d44d,67fc455b96e0908bc5e0d917237b2977,bed_bath_table,bed_bath_table
1307,26213,1,3d870b8af7dbdc91b10cfb0139f3d44d,08ef02b6aae73ad3a385cf1342f609c7,bed_bath_table,bed_bath_table
1309,2844,1,cfe99a31516679fb9515881d25891570,34239894e175b17d8c84edc6c73b4dad,fashion_shoes,baby
1310,27253,1,a6a5c394a9908ba4b34f50ce6bbb3465,c6f46351ae5ae5a6d75ab14996584ce1,furniture_decor,furniture_decor
1315,11893,1,a9c07eb189dfb45ac5652b6a82f7b008,9b37a918bcf2c8e1064e867cf1df4637,computers_accessories,electronics
1317,28382,1,a5ff20b029ac4a8efcb652a53f640ce1,7755106d0e62f58f17df7f06db8751da,sports_leisure,sports_leisure
1318,20368,1,f9677c35e1360591bd6b86e3c5c20181,b5694f734bee2683d25bb188a7f45b40,stationery,stationery
1331,10482,1,c59f580bd1844c1f634ce410bda0a6ea,809ab2033b8267fc321860bf0d4dbb11,furniture_decor,furniture_decor
1338,7973,1,ac8cd7b94039a681dafe6f7d664864e7,b0c89945c034268074f5f80b362bda34,furniture_decor,bed_bath_table
1341,8569,1,3321ad579f19476d0d668f726f8dffec,03bb06cda40712fb8473f7962fb7d198,bed_bath_table,bed_bath_table
1341,8685,1,3321ad579f19476d0d668f726f8dffec,fec565c4e3ad965c73fb1a21bb809257,bed_bath_table,bed_bath_table
1343,22290,1,4be566f7ce6887d7ba428bccab9db80d,bb46f6475fe5c9e1d9a869d904b8b4e1,health_beauty,health_beauty
1345,27888,1,d2f2c2b94c6ac44ece0bd0dd202c7939,6d1338fc8d6ac273115ea526c7a6146a,furniture_decor,bed_bath_table
1348,15838,1,d7afbba2a75a596c3a917abe0efd5f5a,6002665d65ee348dcd357c7bb2f080bd,cool_stuff,baby
1357,9130,1,1589d392201547c9b78a117c0e2191dd,d655dc03de9b831ed22639631ab2958f,books_technical,music
1364,14098,1,69eeb1281add8e5d8b916637f9f11a1b,ee8b16196604ed47b34b094351ce68e2,bed_bath_table,baby
1370,8418,1,e83e5f5ff7ef69f7a09c848795df56a7,1558f7b0a51472d4c2af9153a2255beb,bed_bath_table,bed_bath_table
1371,6038,1,b31f6d8ca8da2fd8d4ee74cb899d2092,df2a36e39b65ff56203117e93bcbe20a,sports_leisure,sports_leisure
1377,2096,1,18fa9cc25ea8b54f32d029f261673c0f,a88124e0b1d42ca7b0813a78ff630437,construction_tools_construction,construction_tools_construction
1377,18300,1,18fa9cc25ea8b54f32d029f261673c0f,4a5c3967bfd3629fe07ef4d0cc8c3818,construction_tools_construction,construction_tools_construction
1377,30100,1,18fa9cc25ea8b54f32d029f261673c0f,4255ef536732efe235477ace2dccd393,construction_tools_construction,construction_tools_construction
1383,20019,1,4f7cbaf3cb54ae93234db08dc8f072ef,24d8da2d499efba175b1092826b7e390,sports_leisure,sports_leisure
1387,22673,1,77922dd87928c2cf9225946dac2a27a7,3dac223b855944e271f439d6bc318bce,furniture_decor,furniture_decor
1387,32099,1,77922dd87928c2cf9225946dac2a27a7,53759a2ecddad2bb87a079a1f1519f73,furniture_decor,garden_tools
1393,25555,1,b3c13ca98fb6f9dd5c6aec8b1d353506,6f3b5b605d91b7439c5e3f5a8dffeea7,baby,watches_gifts
1396,6382,1,ec72556b5da399d24fe06338e816a9ac,9fdc434e0c81bc6d990065c2a7efb4de,stationery,stationery
1396,24468,1,ec72556b5da399d24fe06338e816a9ac,41ce18e06273b50422ebf6149066fa23,stationery,stationery
1415,4247,1,b53f20c2b12a4b9821ce57f46a7d1cae,b8ded693eefc7fd6fae337f6c202093e,sports_leisure,auto
1418,18328,1,446a112adf10992c2e26eb566a68bd46,0d86ab499a2af7f2352d18e2a6be12f4,bed_bath_table,bed_bath_table
1418,28604,1,446a112adf10992c2e26eb566a68bd46,eac61d05154fde75066aa2e1758ecdb1,bed_bath_table,bed_bath_table
1421,19765,1,8e42c31b4ca1afbb6bbe17efdd666cf5,720ebc8cf4ff92f142d18b2cc3615ec3,computers_accessories,computers_accessories
1421,26253,1,8e42c31b4ca1afbb6bbe17efdd666cf5,3f14d740544f37ece8a9e7bc8349797e,computers_accessories,computers_accessories
1422,22162,1,cfabf9d1f7c14b709f2982f83c8f9538,58efb9b638561ce132216a9a612513e2,furniture_living_room,furniture_living_room
1432,10996,1,2a97ccde48b4f516a7a76352d03eff88,3cfabfc4cf61ee4c29199d346f5653c1,bed_bath_table,bed_bath_table
1433,6879,1,10c2160beca6757676b447aab88e5129,3528876f41132ca5604b505343619412,computers_accessories,computers_accessories
1438,26249,1,c7079d23bead81759eb7c670b96728bc,04a4e9d8c0dc6b2b4b8e24ea78a8f318,sports_leisure,sports_leisure
1439,25195,1,83b92639fffd1d55c9e04c77c86d8d2c,b0c8da302d49498d2ce6be8c631e4e20,computers_accessories,computers_accessories
1456,4139,1,d696750e550fd0f733979dd7e5dff921,7a82832901d5f4cd314a4e102c47bd2b,housewares,garden_tools
1456,25944,1,d696750e550fd0f733979dd7e5dff921,0ad9bbfebaadb488b2fe87504b871c88,housewares,housewares
1460,10114,1,ead3077a141a9c800d6a4bb9d0d415b6,300a260403e9dddec957d7f272faf20e,bed_bath_table,bed_bath_table
1460,10462,1,ead3077a141a9c800d6a4bb9d0d415b6,4eb6c37059502e3b0b8fdfc77c69289f,bed_bath_table,bed_bath_table
1460,13998,1,ead3077a141a9c800d6a4bb9d0d415b6,c8c969c3a6423f48df9fde8a13e6770b,bed_bath_table,bed_bath_table
1460,22971,1,ead3077a141a9c800d6a4bb9d0d415b6,85156b6f3e9ba85d83b17b0c3c8cc627,bed_bath_table,bed_bath_table
1460,31819,1,ead3077a141a9c800d6a4bb9d0d415b6,b072511d69a5b161d8e80815898ed960,bed_bath_table,bed_bath_table
1460,31855,1,ead3077a141a9c800d6a4bb9d0d415b6,4f2c53c9a1a7a00a247b351c1fdbed13,bed_bath_table,bed_bath_table
1486,13335,1,86332b1229c41aeb4ab9d85472de3ed9,049ac5dce8536884a652ce73c58022ab,bed_bath_table,bed_bath_table
1486,20219,1,86332b1229c41aeb4ab9d85472de3ed9,a58d73d571793d350bfd31a624416f2d,bed_bath_table,bed_bath_table
1493,20891,1,173e9fe34bfe97f3a5e6dc57fe897b74,2fea0f2cec6b6324a277d4a61c2ed2c6,books_technical,health_beauty
1499,22840,1,e4e9fa024c5f014419b395452a41987c,537308c83230d0d9e9d2bd41978291e1,sports_leisure,sports_leisure
1502,31137,1,94f2d239e688aa415a2dd620435e8344,e74d829aead9632c343d367969aec904,fashion_bags_accessories,fashion_bags_accessories
1503,8194,1,7aa666012fbfab4464142b1055b9e1d5,5a4ff3aa2e6d215d457a8d706fbf2272,bed_bath_table,bed_bath_table
1503,9593,1,7aa666012fbfab4464142b1055b9e1d5,609b1b50202d276e56b2468006fa82aa,bed_bath_table,bed_bath_table
1503,24063,1,7aa666012fbfab4464142b1055b9e1d5,f3fad6d734fb27bf8a548562e04f9a5e,bed_bath_table,bed_bath_table
1512,3044,1,9d395a6bc9dbad2dfe60c8c92d8df397,bb812a3e630d1d023c592cbc7b3bd7fa,furniture_decor,furniture_decor
1520,28613,1,980f472a1354c8366960f7c4528c470e,a7b883ad302f6f168540e7d46a245450,health_beauty,health_beauty
1526,7586,1,6e7df7f4622d4360261995dbd5e787d0,8374b39a15882a19ce4558f13064b55c,garden_tools,garden_tools
1528,8036,1,20ed63974a9207895b4e56993e5a9a3c,188d0b148e6d1c86faffe0d73c3f2dad,furniture_decor,furniture_decor
1534,10115,1,a511bdae1b7671858cdc3398cd601ab1,e3f7b3cbb0ccf1f1e361e6974b22e346,bed_bath_table,bed_bath_table
1536,28494,1,be59f0b9bd1d08d096188f98168fc987,44ae8d3edf5612ff7a39d629d5bbb8ae,Unknown,Unknown
1538,28954,1,63094ac128b54dd72d511043411df079,362052fcdf7c9e3596a0a6c97536cdc3,fashion_bags_accessories,fashion_bags_accessories
1538,32866,1,63094ac128b54dd72d511043411df079,00faa46f36261af8bbf3a4d37fa4841b,fashion_bags_accessories,fashion_bags_accessories
1539,25477,1,5135301d684848b74276f22afcc6781c,1a44ee797acd13dc4585b03de4f8e112,housewares,housewares
1543,15958,1,b5db6f00bc0bd85e37440f992dc8df81,d8669d2dcff6b0dc4b1d693bb28890d9,toys,toys
1546,24346,1,cc5447118c174dcc6456c84ccb29e6f7,b840f8eeee0b143a479738d150115753,perfumery,perfumery
1548,7018,1,65b96f012e6206481aeb67d31dd9b146,dc52f0f5d3ec37a93eaf956cde4e5d2c,watches_gifts,watches_gifts
1548,19108,1,65b96f012e6206481aeb67d31dd9b146,b84520a57891e7a8ae2c68741dcc7146,watches_gifts,watches_gifts
1550,4225,1,ecb4c7c604905689ed8075d75c012acc,927c2a01437aaec44d9b67f277b55eab,office_furniture,office_furniture
1556,10559,1,601a360bd2a916ecef0e88de72a6531a,b75ad41bddb7dc94c7e555d9f78f5e8a,cool_stuff,bed_bath_table
1556,18788,1,601a360bd2a916ecef0e88de72a6531a,90c6d279023ee6c3b1f494883e90b6a8,cool_stuff,baby
1556,22146,1,601a360bd2a916ecef0e88de72a6531a,e7db7c40ea6647c808d48581f1308d88,cool_stuff,baby
1556,22594,1,601a360bd2a916ecef0e88de72a6531a,6f59fe49d85eb1353b826d6b5a55e753,cool_stuff,baby
1556,28734,1,601a360bd2a916ecef0e88de72a6531a,5c818ca21204caf8ce1599617751ff49,cool_stuff,bed_bath_table
1565,2342,1,cc59cf334461196527f790e5c9191ece,4e5dc46fe4e31dd605f374ee43f0268e,pet_shop,pet_shop
1567,22522,1,30ad9d2c8a8e788a606a6c23e07260a9,c06f7984550cc89a7d76e51e936e714f,computers_accessories,furniture_decor
1575,3225,1,3eb3d01a76a4cbaff641de8a47e4ebec,51f3e4065d72846204cb4f46d8d241cf,sports_leisure,small_appliances
1575,8012,1,3eb3d01a76a4cbaff641de8a47e4ebec,aa39d59b0fe9c8b0162f5d855833c97d,sports_leisure,sports_leisure
1576,7099,1,cf1d8e226162a1d0ad61f29b7ed72d82,3b4db17ce4f2c8731f83b093db7aa0b1,market_place,market_place
1576,29240,1,cf1d8e226162a1d0ad61f29b7ed72d82,1d1183a8de24782a216dc5066d7421bf,market_place,furniture_decor
1590,22329,1,1af8902c3a99c03308ce1a8d05dc7d52,df7dd741f55a686edccf22700954e1d5,musical_instruments,market_place
1600,18141,1,6fb9118651534879ecb3654b56a48a4c,44b6fc0101a9341e43ad3342a51ef75b,baby,toys
1606,10744,1,ae9b8e8d0dcd7ca369276380ee8ce659,a00a22560435cc439faf6163eabc1ef8,telephony,telephony
1624,21474,1,a7906a8a69acf5b0cb256882e741896a,197f7d1d3a8b0bf0c8f0394ff71b574b,sports_leisure,construction_tools_lights
1625,16235,1,8da77162e41d47464f9806727417cf6e,baf4f12ea16c1bb2c457a90df13e4a3c,bed_bath_table,home_confort
1629,2781,1,0105b5323d24fc655f73052694dbbb3a,5ed9eaf534f6936b51d0b6c5e4d5c2e9,Unknown,cool_stuff
1638,32946,1,6859a88437bf429e4e50768ca79a2e9c,c4e71b64511b959455e2107fe7859020,drinks,housewares
1639,8513,1,e5433d154f98bcb2c139b9679fce0814,ab1ecbce7afd9f6e661baa24a5706c9c,perfumery,perfumery
1648,23001,1,8f7ae8d7845cdabafb4b6f20d8bc5a43,44e6ec37a142be331fe0241006d0b389,sports_leisure,sports_leisure
1655,9486,1,653db51f38df09a30a8f25e7933050fc,6f58f28210b611d0907de2b23c2e78a9,furniture_living_room,bed_bath_table
1667,7309,1,f9be8e0e5acd947d8f49dbc390b9ab20,b935c4a30d29406e3633e74b9b887307,bed_bath_table,bed_bath_table
1671,23460,1,72de34cc9f1e580f4c11d830be654271,a54f350cdb1f303fe39221171d003852,sports_leisure,furniture_decor
1671,30420,1,72de34cc9f1e580f4c11d830be654271,4231002e80d2a25aed31d65b4b91f479,sports_leisure,pet_shop
1672,15938,1,5140431c54f26f3706d901fef4b1a528,1c6c35cdf70ee1c3515cd1527f4aa6d8,stationery,stationery
1677,9364,1,79706e79825f7409ef032653a271fba2,8f73613d06e3a557da0249015cbae6b6,office_furniture,office_furniture
1678,9120,1,53c61580d8e5c4941a358ee0335c1d5c,d03e74df1b077535fb82990351bd3cac,costruction_tools_garden,costruction_tools_garden
1681,2831,1,75bc68276acddf2f0940f421a54338ee,274d4e727ddbeb7c392ea2e551e3a77d,perfumery,perfumery
1681,10743,1,75bc68276acddf2f0940f421a54338ee,521527593ca1726b992318e034dd5690,perfumery,perfumery
1681,15074,1,75bc68276acddf2f0940f421a54338ee,4650fae75d852ddfada4751f6f02481a,perfumery,perfumery
1681,18790,1,75bc68276acddf2f0940f421a54338ee,0f6e214a2c5baab8c1ccb053a0829f13,perfumery,perfumery
1681,31280,1,75bc68276acddf2f0940f421a54338ee,a25583531530c0913ea4dee2c5c73685,perfumery,perfumery
1682,4599,1,96f8ecb5e5705b3b726d7e3022622575,368c6c730842d78016ad823897a372db,furniture_decor,garden_tools
1692,8291,1,db56f6d2b04c89eae4daba188842fd7b,d1c427060a0f73f6b889a5c7c61f2ac4,luggage_accessories,computers_accessories
1705,10991,1,4faca3ec2b35828a327cecd7fd0bc9b6,77c85114b82935ec7619f75cdf072a48,furniture_decor,furniture_living_room
1706,20172,1,d325b4b600e06bd11a1f8afdfdf3679c,1df5ecdbd7a222e8e37cc6aec3fccbb7,health_beauty,health_beauty
1712,10469,1,ab464d315185546c908a888506fc22c1,cbecf0dca7a42c56c9ad9e20c74af1fd,housewares,housewares
1714,29799,1,bce3aa01b13b6e00307669191f690955,f8077831f3c3f393fb67b93c5acd8daf,home_construction,home_construction
1721,6873,1,d22a5221a26ff421ad353360421f799a,553c5116d8f8866d39a1281071b3776f,furniture_decor,furniture_decor
1721,29023,1,d22a5221a26ff421ad353360421f799a,489f5d51b1c23a85ccfa4062d0cb021b,furniture_decor,furniture_decor
1722,22186,1,79b34bfd104ba0110090a32b86572944,fc8595227785863846b7daa2ae3f2c9b,stationery,health_beauty
1726,16476,1,0a8bc1a07183eceacf95ae5cb4cbd076,723e69796165c9cde80c4f791593df74,pet_shop,pet_shop
1730,21987,1,188c9cb0aff9e485e3f84752731c633a,5edf955f0c8417e3fea7288360c2e22d,bed_bath_table,bed_bath_table
1741,2055,1,5d1d8ec5b31c5c359f10c4b23b819170,0e35a413d832e63c5d46101b7c88de0f,furniture_decor,furniture_decor
1741,13098,1,5d1d8ec5b31c5c359f10c4b23b819170,154696c4f8e96ed48f0c191eb09c0683,furniture_decor,furniture_decor
1741,16079,1,5d1d8ec5b31c5c359f10c4b23b819170,8ccaa3f8b171b199e37294ece30815a3,furniture_decor,furniture_decor
1741,27500,1,5d1d8ec5b31c5c359f10c4b23b819170,49650e49c3af7ccc896f634d039cd921,furniture_decor,furniture_decor
1741,31606,1,5d1d8ec5b31c5c359f10c4b23b819170,daef10c972d7295283e377d5fd9985f1,furniture_decor,furniture_decor
1747,2957,1,2e8eb076261eb842a7e1bdf64e1facda,a07713fa6def350398642fcb700db2f9,fashion_shoes,fashion_shoes
1750,5823,1,154e7e31ebfa092203795c972e5804a6,2b4609f8948be18874494203496bc318,health_beauty,health_beauty
1750,7333,1,154e7e31ebfa092203795c972e5804a6,bc9b777dcebf814cf56193dcef254448,health_beauty,health_beauty
1765,25866,1,436c8d57ff8d4aa254318e9bd9b48c83,4244733e06e7ecb4970a6e2683c13e61,cool_stuff,cool_stuff
1765,26982,1,436c8d57ff8d4aa254318e9bd9b48c83,7f1a77bec0639e473392e91a504272a5,cool_stuff,cool_stuff
1788,27990,1,89e8ae28657101d78ae7be99d7230390,78d6410e644f39c0dd2909eb6cf550f5,bed_bath_table,bed_bath_table
1789,23454,1,ec72148301904394ad2c3f6204781102,2a478a360a293f087e352e88f10af8af,bed_bath_table,bed_bath_table
1789,30896,1,ec72148301904394ad2c3f6204781102,946344697156947d846d27fe0d503033,bed_bath_table,bed_bath_table
1790,13206,1,719d571299707561c34ba04ab867b32a,e9b2560544c293e02f2b966041e10f24,health_beauty,sports_leisure
1806,3041,1,9f683084a0b0211109fef6e538cb4767,b8c89bc5fa5dc01a5d0e9d7ff0c6ecdb,bed_bath_table,bed_bath_table
1816,30594,1,c5f80e9b4f6f51bc7cdb5d004643262a,6c134d5cb3a3dd71dd85c1b5cb4fc7b0,health_beauty,health_beauty
1818,11783,1,ffb2e8c1ddc7c3e590d2bc4c91de53e1,479d5974c7824b584a62c88885c957b4,furniture_decor,furniture_decor
1833,15322,1,3af4f5bb8b0616387fe23646fa94e256,a02d0123079f4ae96001ba2010d1a2df,furniture_decor,construction_tools_lights
1833,25377,1,3af4f5bb8b0616387fe23646fa94e256,fe9c4b2cf9c3adbaf3644880fb72254d,furniture_decor,furniture_decor
1841,5200,1,a12c02e04fe31b34937656a5c5114a7f,32d2e623efaedc3666528d8c0f629b31,auto,auto
1842,12048,1,fd5c5a67cd369732c2ac20dbd574d1d4,f7c3fc384cd3ac71650982c2c6fcbe77,bed_bath_table,bed_bath_table
1848,20723,1,c8b96022819f31119f1404ad2c3c1059,bfeb1a1c9d786c80550462f2895a13a4,pet_shop,pet_shop
1853,11993,1,9041a4cde4a900bc259d3b1b6847f6b1,b1d1dedf9404cb40c2cb575270828994,furniture_decor,furniture_decor
1861,23830,1,0d944ade388f4db684ab7578aadcc0ad,6a1495163425aad8ea11fcc9882193e0,fashion_bags_accessories,fashion_bags_accessories
1868,3736,1,b3129f40b427408e82987db1b30eefd9,b8411dee248601bc460bac8e1fb8a102,bed_bath_table,bed_bath_table
1872,19216,1,ffe8083298f95571b4a66bfbc1c05524,0d86ff0b639e969a11a7b3dce67e181c,bed_bath_table,bed_bath_table
1872,22106,1,ffe8083298f95571b4a66bfbc1c05524,72b781d37ad5c06da9a06f01248d3f48,bed_bath_table,bed_bath_table
1912,12055,1,7a1e511458adb4ffcbb43acffd72517c,33b9801fec06f14bb7d33af01769bb3f,housewares,housewares
1919,25143,1,19c91ef95d509ea33eda93495c4d3481,6c4f9f5db7665ec7f628f17d459b4aac,health_beauty,health_beauty
1921,20535,1,bfa4ca2c253f707895fce02b4756f4c4,89039f76a4c1ed8e4c13f4b531f158ca,stationery,luggage_accessories
1921,30640,1,bfa4ca2c253f707895fce02b4756f4c4,0b5c0ecd14105464e2b879a307092e3f,stationery,luggage_accessories
1928,17487,1,0d69c82f1bc2991a5ec6fff3d803876b,3a95236711511b32855804d3a6287595,fashion_bags_accessories,fashion_bags_accessories
1935,24283,1,e6a8a1b25dccfe76d339f9cd19be7779,98ae511715bfce7d97ef0ff1859ad05f,sports_leisure,sports_leisure
1935,31512,1,e6a8a1b25dccfe76d339f9cd19be7779,f48eb5c2fde13ca63664f0bb05f55346,sports_leisure,sports_leisure
1941,19197,1,90ef6790cfc145cf45f9c476d1f47af0,28a652ff04e43c1bc57937a9f8770f9b,stationery,stationery
1946,7629,1,3dc7db1edfac20883ed35ecfec05a3cc,24baefeed71136f90df0149ca1e85c49,auto,auto
1947,18218,1,03d4233b9e3382adaed9e5c58626f1dc,351eb84de99fb5e43d8706bc3f41fbff,furniture_decor,furniture_decor
1947,23999,1,03d4233b9e3382adaed9e5c58626f1dc,e0d3e5cf1969f20bd69e052ec6cf8f8f,furniture_decor,furniture_decor
1954,17537,1,168b1b45c68037b0490157ee10540349,39a1a3b9314738724fce4b2907ae6686,bed_bath_table,bed_bath_table
1957,20552,1,c2a241928535e097a96aa157dfaa86b5,0615dcf981da53a5ca8777cd6a80361b,home_construction,home_construction
1963,2743,1,79ce45dbc2ea29b22b5a261bbb7b7ee7,270516a3f41dc035aa87d220228f844c,health_beauty,health_beauty
1963,16219,1,79ce45dbc2ea29b22b5a261bbb7b7ee7,05b515fdc76e888aada3c6d66c201dff,health_beauty,health_beauty
1967,24573,1,b58894ae62ca975959eb3a8d4c8f4f92,bed9b7934576c9ba61b6ba6f3babc698,toys,toys
1969,26441,1,086351823300e0339f6955b27998c186,ed5122a6a757a4fea8f32a6fb95a5135,bed_bath_table,bed_bath_table
1969,29196,1,086351823300e0339f6955b27998c186,95ec3f7e237a87df9935a570ab6ef266,bed_bath_table,bed_bath_table
1972,28390,1,37933ba010cb5d5f231585d26287bed3,20531b0644a0719b8d506c4db3c56609,housewares,housewares
1985,13738,1,b7db1a22a9e89c9749d7386c4f0ff639,138dac44dc568cd36c6f1d1e5e181d5d,auto,auto
1996,18821,1,29fd9022374ff3fef2e8f82c39b4133e,39397cf4e7567e4360d1cdef4e29744c,bed_bath_table,furniture_decor
1996,20495,1,29fd9022374ff3fef2e8f82c39b4133e,48ee9be392f28ae3a64518a070f4d06a,bed_bath_table,bed_bath_table
1996,26054,1,29fd9022374ff3fef2e8f82c39b4133e,073afdaeb2d71d4da3ce0c6935614289,bed_bath_table,bed_bath_table
1997,16776,1,d64738c7b2e2d1778a51e835d8f02568,61b6e5d2e3ee58d2b341b8ef1a652b26,bed_bath_table,bed_bath_table
1997,19735,1,d64738c7b2e2d1778a51e835d8f02568,d3a386ad58b99f0ddcc216ed9efb03c3,bed_bath_table,bed_bath_table
1997,26761,1,d64738c7b2e2d1778a51e835d8f02568,d80fce9f775927c7d602c2de926759f1,bed_bath_table,bed_bath_table
1997,30382,1,d64738c7b2e2d1778a51e835d8f02568,ddbf57e4559f03c003fc3708d4860c5e,bed_bath_table,bed_bath_table
1997,31971,1,d64738c7b2e2d1778a51e835d8f02568,a3a10562c9d134b92f04b8cce298d037,bed_bath_table,bed_bath_table
1998,14330,1,bd2c3709849255acdbf5855094cdaa01,11e5f8670ab66f75fd2b979a6d2a14b2,bed_bath_table,bed_bath_table
1998,17355,1,bd2c3709849255acdbf5855094cdaa01,bb9b0c89e9d58f5cd33126ab223de642,bed_bath_table,bed_bath_table
2011,7163,1,f4387cd405b21509803344d044ac2c3c,43423cdffde7fda63d0414ed38c11a73,watches_gifts,watches_gifts
2014,5894,1,5dae498eff2d80057f56122235a36aff,309dd69eb83cea38c51709d62befe1a4,construction_tools_construction,construction_tools_construction
2014,8866,1,5dae498eff2d80057f56122235a36aff,0cf2faf9749f53924cea652a09d8e327,construction_tools_construction,construction_tools_construction
2014,10450,1,5dae498eff2d80057f56122235a36aff,d6fa8b99ed80bff9dcddd3fdefa6e68d,construction_tools_construction,construction_tools_construction
2014,10914,1,5dae498eff2d80057f56122235a36aff,21b524c4c060169fa75ccf08c7da4627,construction_tools_construction,construction_tools_construction
2014,17728,1,5dae498eff2d80057f56122235a36aff,507914b4af243e0589c389ac50545ef6,construction_tools_construction,construction_tools_construction
2014,18300,1,5dae498eff2d80057f56122235a36aff,4a5c3967bfd3629fe07ef4d0cc8c3818,construction_tools_construction,construction_tools_construction
2014,19650,1,5dae498eff2d80057f56122235a36aff,26facbccf840188b92bcc8cb89fe1f64,construction_tools_construction,construction_tools_construction
2014,22634,1,5dae498eff2d80057f56122235a36aff,bf1a9a02e2160143755052e6bf59740f,construction_tools_construction,construction_tools_construction
2014,23653,1,5dae498eff2d80057f56122235a36aff,0de59eddc63167215c972b0d785ffa7b,construction_tools_construction,construction_tools_construction
2014,25936,1,5dae498eff2d80057f56122235a36aff,90887320b08d184abea26df9426a01e9,construction_tools_construction,construction_tools_construction
2014,26552,1,5dae498eff2d80057f56122235a36aff,5b1f3328a2c6f837ecce21bca1489939,construction_tools_construction,construction_tools_construction
2014,31435,1,5dae498eff2d80057f56122235a36aff,1065e0ebef073787a7bf691924c60eeb,construction_tools_construction,construction_tools_construction
2016,13129,1,a67265ec07daf7b3d86238c34721f702,7e33f4a1c59f89da30a335b2dc2de187,bed_bath_table,electronics
2017,4003,1,c2fb73db15e28aa021dcf7b2856fef27,741e14d6cfe9c7dfcace49c4a0989bf3,baby,baby
2023,31725,1,83d199d296c44101c8c3b5c9c0cce9ea,a140e83c184347be1aa71694fe525537,toys,watches_gifts
2036,20305,1,e8726dba146280f6ac62eddbf22d71b0,ff7263dfb3cfff5421ada48c3899c313,garden_tools,construction_tools_construction
2039,19263,1,a4e61cf10d2c48246eb1f9cb56af1e79,62874f62bbdeec35f7cd827b1716c47e,furniture_decor,furniture_decor
2039,21704,1,a4e61cf10d2c48246eb1f9cb56af1e79,fbf19c12a50f1467bcae50364475ca26,furniture_decor,furniture_decor
2047,5445,1,dcf9390408cfcc20fbe35ae75f74d0c4,6269367991dd832f09999605131f2c54,auto,auto
2048,14984,1,af8033e2e2919480bf64674af8dc453a,f392159099324f7f068dbc69e456562b,furniture_decor,furniture_decor
2049,4793,1,03ba2b6c24374d16022585b6b1b385e1,db4e53a9c9aa94503fbeb12a2fdbf7ba,sports_leisure,sports_leisure
2055,13098,1,0e35a413d832e63c5d46101b7c88de0f,154696c4f8e96ed48f0c191eb09c0683,furniture_decor,furniture_decor
2055,16079,1,0e35a413d832e63c5d46101b7c88de0f,8ccaa3f8b171b199e37294ece30815a3,furniture_decor,furniture_decor
2055,27500,1,0e35a413d832e63c5d46101b7c88de0f,49650e49c3af7ccc896f634d039cd921,furniture_decor,furniture_decor
2055,31606,1,0e35a413d832e63c5d46101b7c88de0f,daef10c972d7295283e377d5fd9985f1,furniture_decor,furniture_decor
2063,5347,1,b570f2a8228eeaa87e224f25264576b5,9cb3c4a5a0a1c8536b2651af5f73e403,bed_bath_table,bed_bath_table
2073,32643,1,6eba58100f906fe0965290b28ca3c45f,b90973ce80ba5d1fbc046fd8471acaef,bed_bath_table,furniture_decor
2078,14430,1,c0603988d17e4588dfce0f7f01978557,de6613726492b95ae1c23f0c2a0121e1,bed_bath_table,bed_bath_table
2078,26997,1,c0603988d17e4588dfce0f7f01978557,e5bd04e8e3cb77f1a49404d588d3e528,bed_bath_table,bed_bath_table
2080,9563,1,3dcb77af8b9587985d046b195e105475,70cd303f8e2dc6c00f5908aa72acdea6,bed_bath_table,bed_bath_table
2081,12948,1,cec51758e9839eb5414b214934430da6,7d00a7c029fe3cf2bddc1e8e0484c2c1,signaling_and_security,signaling_and_security
2084,5854,1,08c816d9a716567bf436173ef6f5f12e,2a3539131370b3ac020dd5f7a656a53d,electronics,electronics
2084,22615,1,08c816d9a716567bf436173ef6f5f12e,f89cd865cac300a9bf1320dd8f0fa223,electronics,electronics
2094,4248,1,69523f67543ff9ea6b1a15858fb59b3b,c756c946d61f5ffc068418badfb6302c,watches_gifts,watches_gifts
2094,15372,1,69523f67543ff9ea6b1a15858fb59b3b,6fd82d8f842424334fedf31190e54d24,watches_gifts,watches_gifts
2094,16212,1,69523f67543ff9ea6b1a15858fb59b3b,060f0122cdc8f25db4a0d7359fdae7b0,watches_gifts,watches_gifts
2094,24487,1,69523f67543ff9ea6b1a15858fb59b3b,cdc4af478fef19f03f1d0353c00271cd,watches_gifts,watches_gifts
2094,26267,1,69523f67543ff9ea6b1a15858fb59b3b,0bdd9a52d192d64770e33ae559512478,watches_gifts,watches_gifts
2096,18300,1,a88124e0b1d42ca7b0813a78ff630437,4a5c3967bfd3629fe07ef4d0cc8c3818,construction_tools_construction,construction_tools_construction
2096,30100,1,a88124e0b1d42ca7b0813a78ff630437,4255ef536732efe235477ace2dccd393,construction_tools_construction,construction_tools_construction
2105,28694,1,34b2f2ad489d0598df09cab99e17c928,19f1647ffc7e4a8ea74bf2dc45ac8e44,garden_tools,furniture_decor
2110,9039,1,26782e17e3df2c4b6142ac9ddc0af5d4,6309ecb18b264afd138380fe238589f7,furniture_living_room,office_furniture
2124,10010,1,f9fde29df32a1dba73a3b1075c9a6f3c,4bc35700c98f8213fe67fa61ebf4c811,fashion_bags_accessories,fashion_bags_accessories
2131,22527,1,3c95f0e78d88cdfb8af7f72dd586a4a0,e89672a9d3b43c622e5301b36eb87cda,bed_bath_table,bed_bath_table
2144,13443,1,40c9f84a8919516ca9b0d6a9f5ad27f4,a82a1fcaf427ceabe9df656409d7acdb,fashion_bags_accessories,fashion_bags_accessories
2154,11075,1,9f51209599d82cd4c08f2d1c9442f507,04566e1a1afa83470b25c2642706fc32,sports_leisure,housewares
2159,6336,1,8ccda06566781fb3616d798bfe2fa783,aadff88486740e0b0ebe2be6c09476ae,health_beauty,health_beauty
2161,8852,1,0797e47ffb3917b66fa62245a283bd9e,6848854ba286220d5450296fa28f9099,furniture_decor,furniture_decor
2161,21947,1,0797e47ffb3917b66fa62245a283bd9e,f51b0c76595738ba1b655691590a9062,furniture_decor,furniture_decor
2166,2363,1,ede062bcd13ef64b5cc87369e4edaf62,31c1d1dfbb4b2730140b8bd9248bcd58,health_beauty,bed_bath_table
2166,9216,1,ede062bcd13ef64b5cc87369e4edaf62,e0cf79767c5b016251fe139915c59a26,health_beauty,health_beauty
2166,10888,1,ede062bcd13ef64b5cc87369e4edaf62,0a4093a4af429dc0a9334300e5c13ae5,health_beauty,health_beauty
2166,18441,1,ede062bcd13ef64b5cc87369e4edaf62,0a9a9c25c5a06532d1766e00db833a7f,health_beauty,health_beauty
2166,22331,1,ede062bcd13ef64b5cc87369e4edaf62,b141c668aca84c5877a5c66bd94fedc8,health_beauty,health_beauty
2167,8537,1,dd4c3b4ab7e001aaf385ea2e68952030,fc5a20562c99bbc5229b175d0a88ea7a,baby,baby
2167,14459,1,dd4c3b4ab7e001aaf385ea2e68952030,9451e630d725c4bb7a5a206b48b99486,baby,baby
2167,18622,1,dd4c3b4ab7e001aaf385ea2e68952030,7b717060aa783eb7f23a747a3a733dd7,baby,cool_stuff
2167,24028,1,dd4c3b4ab7e001aaf385ea2e68952030,a54ab3c55cdb34ad7006d087ff4b6a9c,baby,baby
2167,25801,1,dd4c3b4ab7e001aaf385ea2e68952030,52d7a7207b9646509bdc754fed3a0cef,baby,bed_bath_table
2191,31787,1,dd12801e4d1919e84bf6f90167f22fb5,bc0d2d816d425e6ce3e80d8b9887d324,fashio_female_clothing,fashio_female_clothing
2202,18505,1,473ecd4c15ecda05e4044ef14f1f4c2e,1fc6e1729d564ec77eeeb9df95fca74f,fashion_bags_accessories,fashion_bags_accessories
2203,10280,1,783caabd539c4079ec08423e30719fba,4428c8810d85a949afe441cc0d33f756,construction_tools_lights,furniture_decor
2204,26327,1,257726ef77c81150339893567c4de6cd,5209af441a6c230d27624237dad53da9,furniture_decor,baby
2209,9184,1,e30aaafe45e34ce07003ef0cfcb6e49d,1e595b3b56d00f9d6ad0c3215ae2f56d,bed_bath_table,bed_bath_table
2209,23417,1,e30aaafe45e34ce07003ef0cfcb6e49d,87d780fa7d2cf3710aa02dc4ca8db985,bed_bath_table,bed_bath_table
2209,28051,1,e30aaafe45e34ce07003ef0cfcb6e49d,60a8d8f0434c4531bf310eebf9f19cfe,bed_bath_table,bed_bath_table
2214,8978,1,014d94f219fbff1166b9cf700eee36b2,3ac5a9834cdb5e3a4e47c3535adbff74,watches_gifts,watches_gifts
2217,6882,1,c6548fa817cc7271747e6c6bd2461171,1431b5a121c1134957c9aff8c8db2bf9,toys,stationery
2220,19364,1,155815f7173905f1e5cde0b82adfc113,cebad0ed16ecd450b97d2be843d3da86,bed_bath_table,Unknown
2220,26213,1,155815f7173905f1e5cde0b82adfc113,08ef02b6aae73ad3a385cf1342f609c7,bed_bath_table,bed_bath_table
2228,16965,1,4563095e06df1fa67de2eade86f4f01b,2ff995aead9c63a1f37a07b3664ead37,furniture_decor,furniture_living_room
2232,15423,1,3bb3e5caf47c7e92ed97227247e942a8,3ebbc0870d51b62783c45e0e61ccb78d,bed_bath_table,bed_bath_table
2232,25564,1,3bb3e5caf47c7e92ed97227247e942a8,e9b3cf27d68caa64832c4a7c460abcb9,bed_bath_table,market_place
2251,21938,1,2e2b9bfa91068239d5fb2b39764b92a5,ea546947e2412f88a20ac74103592b42,health_beauty,health_beauty
2255,28708,1,b744e6c9118fe1df001c94ef9a4d7ab5,99c22bb8e56dda8aa0e021be31e8663d,housewares,sports_leisure
2259,7027,1,0a56efd5f050d3f861a04c6f005d1128,7e9b52ab8c9b4c0fa93e431e8c3975e4,home_construction,home_construction
2259,19246,1,0a56efd5f050d3f861a04c6f005d1128,347492a8e06a539c0861eea7e527fdaf,home_construction,home_construction
2259,28766,1,0a56efd5f050d3f861a04c6f005d1128,2480fca3af4f5221cf3596c257be308b,home_construction,construction_tools_safety
2262,9261,1,d2f1cd931c7b76fefa93547cc1b4881b,76426979761800347e9ea486ece96976,furniture_decor,furniture_decor
2262,29176,1,d2f1cd931c7b76fefa93547cc1b4881b,81624136984f77ab82f6cfd66fa9f203,furniture_decor,furniture_decor
2267,17236,1,7f4e034245e45549110139d1de248f83,a2d0bc51c6731d860c169cc9f18b2b7a,baby,cool_stuff
2281,11428,1,1e618d311a1b7f88a9d96ec50aa85582,4dda033e39cdc37ce2932b7ba6e8a0f7,housewares,bed_bath_table
2281,17740,1,1e618d311a1b7f88a9d96ec50aa85582,4b96786612ebe7463132fce2c4dca136,housewares,housewares
2293,32947,1,d801653b991d31a3df73fc859f1ce0ec,a0b7d5a992ccda646f2d34e418fff5a0,health_beauty,furniture_decor
2297,20057,1,55cb480b28bdd6d8e71d83b3c8d67c75,25d33550509ed49bbaa58492c99b1bcc,furniture_decor,furniture_decor
2302,8735,1,1ef5ef43b311a978115840517ac78943,42c28e0e09e582dfd979242c53111e6e,auto,auto
2314,29198,1,dbe0e186f7c51ded6ee647d3a069bb2c,8cbedba2d7cc24610c6db688d74b23ae,stationery,stationery
2315,26934,1,e84997d75938765ef99930f908ceedf4,e06f99e79036d681effa3de75989bf22,stationery,watches_gifts
2331,13677,1,62ad9a8972411e333e16347051a98e2a,566a4f2c4385f36d15c00dfcaae132d1,electronics,electronics
2347,19879,1,07d56eb519d315a2d8fb2f98f095e6bf,fbb63264ad9777810766ae4bed802224,fashion_bags_accessories,fashion_bags_accessories
2348,9182,1,15529bfa2d73947d1e03020f58f5a016,9f05bf9bbb9b5629e674ce58804cd164,office_furniture,office_furniture
2352,2379,1,9163c7e81fd68452472912c4cde810aa,7bdb28a55646012fb3348058d629d9bc,musical_instruments,musical_instruments
2352,27904,1,9163c7e81fd68452472912c4cde810aa,817e1c2d22418c36386406ccacfa53e8,musical_instruments,furniture_decor
2352,32222,1,9163c7e81fd68452472912c4cde810aa,441293f432282ea2ab9c82fe5f0fb875,musical_instruments,furniture_decor
2354,6858,1,461ad76d92ef0858a087d05f96b7d6e5,8c35dc99b37ba51780800ba049ed3616,stationery,stationery
2357,3064,1,72f50924c42f32d9a236b7602686a49f,a1efe4a86746c22541813e22e1d23e33,bed_bath_table,bed_bath_table
2357,5078,1,72f50924c42f32d9a236b7602686a49f,2511e504fd7794c668a8521aabe3713d,bed_bath_table,bed_bath_table
2358,8120,1,3cc4b421c1f28dd22e86fc4aaafb600e,98b22c1129886cbd7fcae69d1c93e442,bed_bath_table,bed_bath_table
2358,9216,1,3cc4b421c1f28dd22e86fc4aaafb600e,e0cf79767c5b016251fe139915c59a26,bed_bath_table,health_beauty
2358,22209,1,3cc4b421c1f28dd22e86fc4aaafb600e,16dd49ee10e688f75c41e83b4863f85b,bed_bath_table,bed_bath_table
2358,30858,1,3cc4b421c1f28dd22e86fc4aaafb600e,430f4c8e02bd4e1fe6330c38689b54f3,bed_bath_table,bed_bath_table
2360,11464,1,78efe838c04bbc568be034082200ac20,81b6c7c058add831803fcbba6dcc1df2,furniture_decor,bed_bath_table
2360,16717,1,78efe838c04bbc568be034082200ac20,f08b29913c73e394bc8477b1e69f7762,furniture_decor,furniture_decor
2360,18375,1,78efe838c04bbc568be034082200ac20,f2e9bb932d99a4a695ebde162fcefc35,furniture_decor,furniture_decor
2360,30272,1,78efe838c04bbc568be034082200ac20,a00d11a2119bd70d658fc7cdcf1f59d3,furniture_decor,furniture_decor
2361,19561,1,93e6c730cc84ef7cfdd20cdfb2269144,a0f3c43b288de04ccb40d26cf26c639d,furniture_decor,furniture_decor
2362,26840,1,30fdc68482fb0487e68aaf09260b22cf,8df56ba30e76d09f57ca93ee364616a0,bed_bath_table,bed_bath_table
2363,11366,1,31c1d1dfbb4b2730140b8bd9248bcd58,4025ee582ef6b8c478af3b44cf89054b,bed_bath_table,bed_bath_table
2363,18441,1,31c1d1dfbb4b2730140b8bd9248bcd58,0a9a9c25c5a06532d1766e00db833a7f,bed_bath_table,health_beauty
2363,22331,1,31c1d1dfbb4b2730140b8bd9248bcd58,b141c668aca84c5877a5c66bd94fedc8,bed_bath_table,health_beauty
2363,27851,1,31c1d1dfbb4b2730140b8bd9248bcd58,c211ff3068fcd2f8898192976d8b3a32,bed_bath_table,bed_bath_table
2363,31388,1,31c1d1dfbb4b2730140b8bd9248bcd58,8a443635fdf9759915c9be5be2e3b862,bed_bath_table,bed_bath_table
2365,8463,1,6d7a4492be45dfb8e38e762efe6614a4,c1f5307decb89342351bec53668cffd9,telephony,telephony
2367,8047,1,25e76274904336669da4cebe1233cde1,d04260412d1933cf60238985c57b1749,toys,toys
2367,9588,1,25e76274904336669da4cebe1233cde1,0111ab6fb41da433e0f17d3f4ec2c8f5,toys,toys
2367,21671,1,25e76274904336669da4cebe1233cde1,640799dabd2dfd5da2769270ca71ad65,toys,toys
2369,18148,1,a8828da272eadaa78eed16beefd526fa,0ca16017057f20d572b8c01fcd7c5c28,furniture_decor,furniture_decor
2370,23729,1,837ef63763b3259b5a50d8984f3a7b42,06dce482ace017e78349b6f1fa83a022,bed_bath_table,bed_bath_table
2371,23797,1,3685c687db4b3d2da5085d23b408e93a,b9e247fc923da7d723c2545b76efe01e,cool_stuff,cool_stuff
2379,32858,1,7bdb28a55646012fb3348058d629d9bc,0ac0d30f666402b0d004e26c5e57eb0f,musical_instruments,musical_instruments
2386,10935,1,2ce17ef87d6bb64be1a0b36a4a614ced,a2ba5bcfe3ee03832bf8f324caa32dad,bed_bath_table,bed_bath_table
2390,9236,1,b91a91c07533369ef426985f93170068,e61c78a7343d82c0539d27df0f7dfc31,bed_bath_table,bed_bath_table
2395,14803,1,39fda099b9edc21f85a80d14021579b5,696d4f2eb9788764b5872ee5a07a249d,Unknown,fashion_bags_accessories
2410,26206,1,bc4b1c6c831c93b87cd134c9089c657d,50ff36bb35c58748cec5ead466a68aa4,fashion_bags_accessories,fashion_bags_accessories
2417,26411,1,82cef15a4bafa854c7a2a2c9854b7e44,09cb4aa62c518d0842e1c5f28ac940ff,perfumery,perfumery
2450,7948,1,f434709eecc62585cc43f03ef042ae97,7620a27f1d6747511f1c6f0ddb63c0ef,costruction_tools_garden,flowers
2457,31209,1,e27477bc051dcfafd523c6064551bd25,20f0c3fea244885a018ecb6e263aa9d9,furniture_decor,home_construction
2459,22785,1,fef0dd8c53552d0f784b7cc5375a3ffe,76f520fa5e8912001989fa3fd6530d94,auto,auto
2459,24652,1,fef0dd8c53552d0f784b7cc5375a3ffe,2e0a1c70d32cd53538dba96b8cae229b,auto,auto
2459,25058,1,fef0dd8c53552d0f784b7cc5375a3ffe,77d86f9e64c28aa93e3d46f4047646d7,auto,auto
2459,30446,1,fef0dd8c53552d0f784b7cc5375a3ffe,40678c9096047877fa74a25cc6f0a726,auto,auto
2463,17096,1,b74e40daa954e92be8e5d3b342fa8863,454ae5002aaf2821ecb6ad6035b78498,sports_leisure,sports_leisure
2483,7232,1,54971206521793b44053a9c348d148c2,54d9260785f11c05ad373ce8465212da,bed_bath_table,bed_bath_table
2483,12963,1,54971206521793b44053a9c348d148c2,315c6373ff469f7b7f60bbb36c319f7b,bed_bath_table,bed_bath_table
2483,32320,1,54971206521793b44053a9c348d148c2,b2fb8ccacff645e701cd692064ad09c9,bed_bath_table,bed_bath_table
2484,29891,1,eb7172d8a3c64298d2d767f6603c231e,6f33a4a09ae1180a0ee1ff4682b2d21f,toys,toys
2488,6053,1,a695ab8413ea83619cde9b18292d6aa1,9e2d3a8d8ffad53e2e35282a2020221c,furniture_decor,furniture_decor
2488,21818,1,a695ab8413ea83619cde9b18292d6aa1,dd8c2302e75b8c69bfde7a67d2500a3a,furniture_decor,furniture_decor
2488,22680,1,a695ab8413ea83619cde9b18292d6aa1,e239c84103769e871ad1c08f6d05c808,furniture_decor,cool_stuff
2489,28608,1,96d1c06692244e2fed6e1f9aa9552770,078e8db43688ea060cf754e7bd2b92e7,bed_bath_table,bed_bath_table
2493,19923,1,2a149f2dc4ecc44e7e34f558886d59e4,72ba1b1e37ca92467fe787728625c76a,housewares,housewares
2496,14434,1,bd66403f5f11696c897a825d5235697f,d04e48982547095af81c231c3d581cb6,sports_leisure,watches_gifts
2496,18649,1,bd66403f5f11696c897a825d5235697f,0ac092fcd35bffaeb624017d498172d1,sports_leisure,watches_gifts
2503,7669,1,8d441ed10f519b5a689d263b009ebf85,4910917f05092f331bf3a477f791cc01,watches_gifts,watches_gifts
2503,23955,1,8d441ed10f519b5a689d263b009ebf85,e8c6039a25765995ac7c1ec2cbef5765,watches_gifts,watches_gifts
2506,16518,1,0fd55f5dee013f990c929cd3ad6bfee0,304104a478e3a605db6072a22e4ee228,housewares,small_appliances
2506,21321,1,0fd55f5dee013f990c929cd3ad6bfee0,b0edba4fd6456eab5a6b6201caf7b323,housewares,housewares
2512,8635,1,9cb42a0117f7a4098d69936a6e772481,57fcacc3434a1f2f2b039c1b4e61f5e1,telephony,telephony
2512,22294,1,9cb42a0117f7a4098d69936a6e772481,23178b11e22e9265d208346b0607974b,telephony,telephony
2520,15045,1,97017430754804328eb9597b7f85da03,fcf28afb1353f2f12ea041dd74954226,telephony,telephony
2524,19954,1,7b5d8be0e04080e4c8ee6a7ec2f1f597,d678178aa4291cd25a755a90188375c8,furniture_decor,furniture_decor
2524,27701,1,7b5d8be0e04080e4c8ee6a7ec2f1f597,5d6bea33648f018dbb563f3a2fab09f3,furniture_decor,furniture_decor
2542,25902,1,9d8a0e115e802d845b4ce1eb794d1260,7666acd3cb60e97bf02449e36be0c02a,sports_leisure,sports_leisure
2542,28440,1,9d8a0e115e802d845b4ce1eb794d1260,dea837d4f3f30b541725d258c15e4ff1,sports_leisure,sports_leisure
2553,15372,1,7e48d9554094858ee2269c4ef809f50e,6fd82d8f842424334fedf31190e54d24,watches_gifts,watches_gifts
2554,20160,1,f28498bb062a90c71f4579ce18b5f6f8,8e3ef5c51c19686700a34ece0cc33c87,perfumery,perfumery
2559,18078,1,89411fc3098e56bb679697117c2055af,6c1d133db7e26f35b03876c7f4c0177b,furniture_decor,construction_tools_construction
2567,11352,1,0dadef6ed70b861b14eddb3a3ca6b73e,b5e25515cf9731c33a3d7287fe66f98f,construction_tools_construction,auto
2573,4792,1,a7f67835c76b6bdd6950e1322c4b3900,742c48e1bbcfabe4528d5f68cd4dc432,sports_leisure,sports_leisure
2592,4931,1,50f5f13adab483598dfb6a40afaf70b6,648058594991ac2fa9af20f5f9e6677c,computers_accessories,computers_accessories
2611,17621,1,12a3f3a8ef6c5e3c29c88e670fd61ee9,0d146484c69d613fe015c0229056b065,bed_bath_table,furniture_decor
2628,9570,1,9b65ba680d68ae7e44234b79cb7ca584,f861a4d17125be291c6996bb79ff59b2,watches_gifts,furniture_decor
2632,5097,1,0a70bfd7366ebae1c146277751691546,df581a0b9a4bf71da645a0a3d5d2b4fe,consoles_games,pet_shop
2637,3497,1,a08a20499b36a88c1ded2d041a863a9a,d4ef01e7655c13ceef1d7d248e0fdd99,bed_bath_table,bed_bath_table
2637,9292,1,a08a20499b36a88c1ded2d041a863a9a,9dbe11c361aecc0afe873e04c3dd13f5,bed_bath_table,bed_bath_table
2644,7163,1,87cb507e0daa37bbf34956fd59eba832,43423cdffde7fda63d0414ed38c11a73,watches_gifts,watches_gifts
2644,10941,1,87cb507e0daa37bbf34956fd59eba832,555cdc8ae3abc9870afa02367539b799,watches_gifts,watches_gifts
2644,12124,1,87cb507e0daa37bbf34956fd59eba832,02475368dfb38934fe55f574024fe1d7,watches_gifts,watches_gifts
2644,14251,1,87cb507e0daa37bbf34956fd59eba832,2c71438371b35f7ce3c2511d6b0927e7,watches_gifts,watches_gifts
2644,15529,1,87cb507e0daa37bbf34956fd59eba832,5c692818d313aa12864b48ac0c2472c2,watches_gifts,watches_gifts
2644,22166,1,87cb507e0daa37bbf34956fd59eba832,3a07f82957867a5eb477dc7f2f60c2aa,watches_gifts,watches_gifts
2644,25465,1,87cb507e0daa37bbf34956fd59eba832,2f70195374f6c3d3c6542edf5bd17c8c,watches_gifts,watches_gifts
2645,16749,1,a1a97164f38cfb98511eb68e6b40ad94,909b87db6cb3a7ab26bd03cc59860136,computers_accessories,computers_accessories
2656,9662,1,ebf7d9b8166c02eb72e573eebd630458,99a4788cb24856965c36a24e339b6058,bed_bath_table,bed_bath_table
2656,13655,1,ebf7d9b8166c02eb72e573eebd630458,18796df281656da4036dd926561a6030,bed_bath_table,bed_bath_table
2664,17415,1,236fdb1c273caaa9a7dbff8111e6a4e1,ee0324bc19887939d7d0fcfca68ee955,furniture_decor,furniture_decor
2665,21919,1,5c2fc243b33c2c7c211fd9e09beb7cab,d8a95ecf1c05b391d216669a9652bcfb,sports_leisure,sports_leisure
2681,17884,1,cdbcde669141ea6af7193857333db4ff,2c4930c4b284c7b99db2a4c52071a45e,furniture_decor,furniture_decor
2681,18533,1,cdbcde669141ea6af7193857333db4ff,919b08607e72077425654ac5fc0b5528,furniture_decor,furniture_decor
2681,28209,1,cdbcde669141ea6af7193857333db4ff,b0ff78dc1b5fdca6b5d9ec76cfe4cc3b,furniture_decor,furniture_decor
2686,8765,1,4bbaec4be577b56985a8fef3237b7551,56a332a91c4fb30091bc24e82ecbea29,auto,auto
2701,28565,1,cbe91f0c23e32e2de40f57e30580dc24,7af739a42fe4a870e840f2831daf1ba6,fashion_bags_accessories,fashion_bags_accessories
2705,25541,1,b607bf5bab84cb38111d2b6a10164385,6e8c9fd72a0e5527d9e79282dca8415f,Unknown,fashion_bags_accessories
2711,20340,1,72f47ace173a4fa96b05a1462e025aee,aa36c2127048efdcd47f4ad5b6b68810,bed_bath_table,bed_bath_table
2711,27631,1,72f47ace173a4fa96b05a1462e025aee,9cc1e6413c1f91931ffbf5ddd308ee13,bed_bath_table,bed_bath_table
2713,16038,1,715ff1d94c99db18163cae1eb40f9bb0,528dac9e82a36e6b5150d263d1bdaaa9,bed_bath_table,bed_bath_table
2713,23892,1,715ff1d94c99db18163cae1eb40f9bb0,b217a380fe548cd65a8d6f18a9c0eb28,bed_bath_table,bed_bath_table
2713,30083,1,715ff1d94c99db18163cae1eb40f9bb0,6e6760cb4ddc324d319cf599ce8a8b89,bed_bath_table,bed_bath_table
2721,31319,1,e7d26dd6742baca292020c158e6720c3,242edc6b84c00f0d48c664a020a92c52,luggage_accessories,luggage_accessories
2743,16219,1,270516a3f41dc035aa87d220228f844c,05b515fdc76e888aada3c6d66c201dff,health_beauty,health_beauty
2747,18486,1,517dd1c1cda3892f83d386dcf9a4e9b7,b6e47cacea0b2e89b721529d6d8683e7,furniture_decor,auto
2753,6126,1,e860f15d3088aa6d981bf37b7d3e6020,623ca22610ff4563843c9568e1f9c870,housewares,housewares
2755,7942,1,79fca321dbd3453bd8211690e39f1659,9614dd0585b52cd086cbdcc2dd5fcda4,baby,baby
2762,18871,1,4fbee589d3377144a90a338e4ae76dce,d69f56b9e4b6d98bc1521db5ba96846a,sports_leisure,sports_leisure
2762,18874,1,4fbee589d3377144a90a338e4ae76dce,0b33e28a934b68a0475650499b9ae509,sports_leisure,sports_leisure
2762,24958,1,4fbee589d3377144a90a338e4ae76dce,2dfbe6c95d43a6a29a0d56e5b9f528f2,sports_leisure,sports_leisure
2779,26712,1,f216457c32ee07732482741ca33128c6,ed00c79b26683d1f8d4a6df605efe886,books_general_interest,books_general_interest
2780,5277,1,07c055536ebf10dfbb6c6db6dbfc36e5,741a31499a578979be85db7f80139e62,furniture_decor,furniture_decor
2780,21831,1,07c055536ebf10dfbb6c6db6dbfc36e5,f08c59bc335a381d2b015c4efdc6dae3,furniture_decor,furniture_decor
2780,24978,1,07c055536ebf10dfbb6c6db6dbfc36e5,75d67b030a777f5f1081b8830606abb5,furniture_decor,furniture_decor
2781,21342,1,5ed9eaf534f6936b51d0b6c5e4d5c2e9,0cf41187284d7f099adc8415a743ebbd,cool_stuff,baby
2783,23761,1,9afc7bd1c6286201ccf4bf74ffc9ce6b,b0517edd4454b9c2537f65826f500a2f,housewares,housewares
2783,32538,1,9afc7bd1c6286201ccf4bf74ffc9ce6b,891fb188da14116c09b14fcff8fb1a03,housewares,housewares
2788,30294,1,87838c210d9c925acac2619548950502,389d119b48cf3043d311335e499d9c6b,furniture_decor,garden_tools
2791,25642,1,5c2bb11cf2149bd4d9fffcc1246458c3,68bf40b3abd5ffc25981c25df9ed9087,stationery,stationery
2791,28640,1,5c2bb11cf2149bd4d9fffcc1246458c3,89e4362d74afa10ac57f8d67210132a6,stationery,fashion_bags_accessories
2796,25195,1,656e0eca68dcecf6a31b8ececfabe3e8,b0c8da302d49498d2ce6be8c631e4e20,computers_accessories,computers_accessories
2796,29344,1,656e0eca68dcecf6a31b8ececfabe3e8,e59dd207c69d86e890febadc796d1078,computers_accessories,cool_stuff
2804,31319,1,82183967d9fde935fc0b0189bb68ccec,242edc6b84c00f0d48c664a020a92c52,luggage_accessories,luggage_accessories
2819,32079,1,41225bba70a14ede03816d7baf0a88f8,96af56bb52888927abc509b1d84bde36,bed_bath_table,bed_bath_table
2822,6701,1,a1dd59756b92c62cd39375d0b0222698,eb048e296b8db6cd64b1bafd9500786c,bed_bath_table,bed_bath_table
2822,12209,1,a1dd59756b92c62cd39375d0b0222698,06edb72f1e0c64b14c5b79353f7abea3,bed_bath_table,bed_bath_table
2822,29787,1,a1dd59756b92c62cd39375d0b0222698,c804537dd3a8ff5f94d3ee384eccfb98,bed_bath_table,bed_bath_table
2831,10743,1,274d4e727ddbeb7c392ea2e551e3a77d,521527593ca1726b992318e034dd5690,perfumery,perfumery
2831,15074,1,274d4e727ddbeb7c392ea2e551e3a77d,4650fae75d852ddfada4751f6f02481a,perfumery,perfumery
2831,18790,1,274d4e727ddbeb7c392ea2e551e3a77d,0f6e214a2c5baab8c1ccb053a0829f13,perfumery,perfumery
2831,31280,1,274d4e727ddbeb7c392ea2e551e3a77d,a25583531530c0913ea4dee2c5c73685,perfumery,perfumery
2849,24708,1,53d71d8d9d6878f6f0b9fe0ed79445d5,31b8e7c2a22f3dba5183cc110bdd72f7,food,electronics
2861,29090,1,6d7bc0518cc2406af3d486526806d50e,4f1a7a45b6d43fa7e4958e013923d9e5,musical_instruments,musical_instruments
2866,11630,1,2a5806f10d0f00e5ad032dd2e3c8806e,41b43381a92451746dc1374dbbd4c43e,office_furniture,office_furniture
2866,30475,1,2a5806f10d0f00e5ad032dd2e3c8806e,a237de12bdf0bfe4fe220bae65a89731,office_furniture,furniture_decor
2883,32743,1,966a067b38634929844120e39b1576bc,17c7ec33a1657924ad493e6978b4bf91,baby,baby
2892,30891,1,4d38e93bf8056fbb01a32e72f0257df8,3e5201fe0d1ba474d9b90152c83c706c,bed_bath_table,bed_bath_table
2895,19806,1,c1aae55ae7c285aa64e3f0ba1966dd44,0a311a14cbefde1a7b83f0b7ed99c422,housewares,housewares
2899,28264,1,c909912a223f3d98dd5c1eac6e93fecd,4d07b8f45de0eab0f3a44af37386764c,health_beauty,health_beauty
2903,22343,1,c477957dd9b5f51032f3631c50630585,093f7389fa2eccda5e86add8da4aa19e,bed_bath_table,bed_bath_table
2908,19421,1,c7858457bc43561ccb96aaa2932cb085,c36bf06e0eb9da82511d954d8f25114c,Unknown,housewares
2918,3924,1,460a66fcc404a3d7306d5f50fcb2d18a,cbe73e033835920bea2c769177237510,housewares,housewares
2928,4686,1,61509eaebb2d4bd1a7511b1a75703f8c,21ee06f7fd37a6fe4841865339411674,housewares,computers_accessories
2933,3074,1,e0cd006cb0ccbbf5e501be0df7c1e5f4,53a0380bace091a275d6f6a7e46c07b6,baby,baby
2933,6915,1,e0cd006cb0ccbbf5e501be0df7c1e5f4,fd220f6fd5a3f13ef9db07428f9c935d,baby,baby
2942,18236,1,d3060c543b1b88a647cc284ed7a9dd4a,2eb6e8f39feaf75fc5163f774d38f0f1,pet_shop,pet_shop
2943,24753,1,0060b415594c5e1200324ef1a18493c4,1b9257f42072f68e325a4dc79dd99ae4,sports_leisure,sports_leisure
2944,5252,1,2028bf1b01cafb2d2b1901fca4083222,9e0e152552a1323f7e5dcf63d50cdae3,perfumery,perfumery
2944,19773,1,2028bf1b01cafb2d2b1901fca4083222,ee0c1cf2fbeae95205b4aa506f1469f0,perfumery,perfumery
2953,3548,1,da7813106f94601e6022f50017299e2f,03d817e5e392e78674ed0bd8195f9159,computers_accessories,computers_accessories
2953,5575,1,da7813106f94601e6022f50017299e2f,33e503f68fb60fe165ed992965f2c737,computers_accessories,computers_accessories
2953,6230,1,da7813106f94601e6022f50017299e2f,993ac19aa975075775c16ba15426f8be,computers_accessories,computers_accessories
2953,26050,1,da7813106f94601e6022f50017299e2f,1179867d805886591809f49767db9ecd,computers_accessories,computers_accessories
2968,21206,1,5554c5718f820a868853dbc5ca859b3b,181b31b11ea16a87d5acab5a78320b93,sports_leisure,sports_leisure
2968,27376,1,5554c5718f820a868853dbc5ca859b3b,871cfa7d587b8305a5a0e376866323ef,sports_leisure,sports_leisure
2973,7007,1,8b51c6ccc9c0548c951214e1cd1547ff,f35013cb05a9538a4428fa6161b2c96b,bed_bath_table,bed_bath_table
2973,11702,1,8b51c6ccc9c0548c951214e1cd1547ff,46e477d89da734ac9f6b12073503711a,bed_bath_table,bed_bath_table
2973,14197,1,8b51c6ccc9c0548c951214e1cd1547ff,af680b3406a3179e4a4c2051c5384cfd,bed_bath_table,bed_bath_table
2973,17408,1,8b51c6ccc9c0548c951214e1cd1547ff,e9e1e0a297e5a8f045e8c0395c4c745b,bed_bath_table,bed_bath_table
2973,23980,1,8b51c6ccc9c0548c951214e1cd1547ff,fa304c5424fd292aed9c35eb36d9f495,bed_bath_table,bed_bath_table
2973,24760,1,8b51c6ccc9c0548c951214e1cd1547ff,5fe7fd1b8ea02958b45106dcd79874e8,bed_bath_table,bed_bath_table
2976,14139,1,3225c54bb2785c33f49f50398fcdb88c,db5efde3ad0cc579b130d71c4b2db522,watches_gifts,audio
2992,4678,1,3713f19c71c4be21ced80738e2fa49bc,508d5e8ce8e79bb506f9f0c096b295c4,office_furniture,office_furniture
2994,8397,1,67f9d01bcd84e2229ba6f8a75b635b40,1f1354b0aa934e7ad75546467a6d028b,furniture_decor,furniture_decor
2994,11034,1,67f9d01bcd84e2229ba6f8a75b635b40,b6f9abef16fdfec89e4f3675f6627dca,furniture_decor,furniture_decor
2994,12422,1,67f9d01bcd84e2229ba6f8a75b635b40,0e92dcf7b03df1de4e9349af065f8e63,furniture_decor,furniture_decor
2994,17468,1,67f9d01bcd84e2229ba6f8a75b635b40,d54a7e69c3102b38b13952aeae0bc8f3,furniture_decor,furniture_decor
2994,28073,1,67f9d01bcd84e2229ba6f8a75b635b40,7e441b33f896ba519d58063f4c714bef,furniture_decor,furniture_decor
2999,12345,1,3ffa02e2ee2ce17abb51b4545f367e7f,14dffa241a078aeaebaef48a49e807ca,toys,baby
3009,24184,1,d8de812ed5d981fc6a3984f4caa2aa05,fff28f91211774864a1000f918ed00cc,sports_leisure,Unknown
3025,3457,1,40a4dfa74a737d541b3c2413edf9cdf6,ec2d43cc59763ec91694573b31f1c29a,housewares,bed_bath_table
3025,9676,1,40a4dfa74a737d541b3c2413edf9cdf6,02623b0e4e6b951aefb23575de1f3886,housewares,housewares
3029,11979,1,91aafdd30514579d1568b6f5ae9f4d46,1d1415f17f1a93060326d6c3e223aa3c,toys,toys
3038,3228,1,1f792af77962621fcc80d95c2897bb19,8c6d562d9dde3d9658cf7496f61c1bc0,bed_bath_table,bed_bath_table
3048,27847,1,7c1bd920dbdf22470b68bde975dd3ccf,03566b85189259c49476f004ad2afd08,health_beauty,health_beauty
3049,31633,1,7cefa61c9500d9b227894dc48d8b5a0b,873eb5f3b8cc503730e472a14cd26616,housewares,bed_bath_table
3053,13354,1,9373355c0da0bbda1d469b3504731ccb,dfdb2655c564597331d2197ac771b2c0,health_beauty,perfumery
3064,3761,1,a1efe4a86746c22541813e22e1d23e33,c9af29e8a0c52866bb2c9f5f6344d9b2,bed_bath_table,furniture_decor
3064,5078,1,a1efe4a86746c22541813e22e1d23e33,2511e504fd7794c668a8521aabe3713d,bed_bath_table,bed_bath_table
3073,29430,1,8f182b62914de7e1eac12f09b125e9a6,089fba163d4210200710ea1103a736d4,home_construction,home_construction
3074,6915,1,53a0380bace091a275d6f6a7e46c07b6,fd220f6fd5a3f13ef9db07428f9c935d,baby,baby
3084,10638,1,e12b3c9c9c2dd369393d99e021901220,3b0f7951038b105522c2d566b54421f7,electronics,telephony
3086,25751,1,cdc9d87e17ccf98f35634e6c3b77073e,adb1f1939b613f3078806b6afcca0e51,sports_leisure,sports_leisure
3087,12886,1,c4c508eec81b6f7eb8153419004c6450,3de0f67a3747dbf94f485e9f5843b02d,luggage_accessories,health_beauty
3091,11469,1,ebe731afbcf530cfaa1e5260be512e9b,30469bb5ea377eae7121981e2f0778e4,sports_leisure,sports_leisure
3103,16055,1,a85e15cc715d8d8ce1d520208aa1304c,12b5c284044adc0687a6ffbe84d317e2,sports_leisure,sports_leisure
3130,15506,1,a06766fec51c96d4d0bce282906735eb,c18dfe3165eaa55de9ec8f462cd7556f,bed_bath_table,bed_bath_table
3130,27328,1,a06766fec51c96d4d0bce282906735eb,8b45810da2ef9860496d56f62435fc40,bed_bath_table,bed_bath_table
3159,25496,1,6c81db10f914c4d032b14fa93aa0a818,57bdf3098169cccdb62221bd3e089cbd,fashion_bags_accessories,fashion_childrens_clothes
3159,29592,1,6c81db10f914c4d032b14fa93aa0a818,0b0c04563408d8d1187cdbd6292a89fa,fashion_bags_accessories,fashion_bags_accessories
3159,30333,1,6c81db10f914c4d032b14fa93aa0a818,80ac250f5bffe3fff8097929c3c4a938,fashion_bags_accessories,fashion_bags_accessories
3163,7041,1,c64fe38b4cd06cf7160d9505aa87b8c4,abe171a94bee936786955f928bd764ab,furniture_decor,bed_bath_table
3163,10208,1,c64fe38b4cd06cf7160d9505aa87b8c4,40b6762970c412b5b5392cd0d4c006b1,furniture_decor,furniture_decor
3163,14890,1,c64fe38b4cd06cf7160d9505aa87b8c4,05805f52cdeb93d7684f871e599f0078,furniture_decor,furniture_decor
3176,7759,1,c589625c8ccc7bfd2e8f1fb041e24c4a,43b54d1fc56ff394092a3dff6be2d39f,health_beauty,health_beauty
3189,7116,1,9aa9caee155847cddb376a05b9a39791,57d79905de06d8897872c551bfd09358,telephony,telephony
3191,18232,1,1c9b5793de6c3d9117b6218552c87a8f,b29c9ac1d3d4e8866f6c4ad814ae9591,perfumery,health_beauty
3191,21959,1,1c9b5793de6c3d9117b6218552c87a8f,f2ecbb02b6da187a9f14b8ac5781faec,perfumery,perfumery
3199,11711,1,d4a816cb2593a92590cabdaef6549b90,c59a1dc190f9bfe826a1b40edb7593e8,health_beauty,health_beauty
3225,8012,1,51f3e4065d72846204cb4f46d8d241cf,aa39d59b0fe9c8b0162f5d855833c97d,small_appliances,sports_leisure
3227,5322,1,87590844d536e6b92ecf707a50b1c2c5,092eff69a9499b052a2258f502ea0775,housewares,furniture_decor
3229,18198,1,eef398550dd9575d23eb2d8be74bd45a,88ca370ef97df0526aeaea6932a38bdd,Unknown,Unknown
3233,13198,1,422b4786464320e3645a7e018ba60d8e,b09790edda54333116f9cf1decc580a1,bed_bath_table,bed_bath_table
3233,22082,1,422b4786464320e3645a7e018ba60d8e,2647221a6a477afe2d0268b378f1fdcd,bed_bath_table,bed_bath_table
3240,9752,1,b3e40ff639c185b9d726b4b19c17e6cd,3f37f32e535d54ae9b3c1cf62aa76c43,cool_stuff,bed_bath_table
3240,14812,1,b3e40ff639c185b9d726b4b19c17e6cd,3149cc41e8223dce87f99a27e7934730,cool_stuff,furniture_decor
3241,19755,1,d4bf1e29f41deda5c71da49e4d39fb1d,e5196a46c6c0e0874d6e41ed149dcf20,bed_bath_table,bed_bath_table
3242,21997,1,2604055d4992311bc72b115b6d5adda9,c1cf8f51eac90b1ff478250b3d35c37b,sports_leisure,sports_leisure
3250,12640,1,820e8f306dc9ffcf6d0957516084cca1,2916f36c18811cafe280f15b803be0eb,toys,cool_stuff
3250,18624,1,820e8f306dc9ffcf6d0957516084cca1,a57878a3c4874b342d09d163ae63e596,toys,cool_stuff
3255,8389,1,57f2bc497c1a3ebe41ba7a06d78ed159,9759a740aa84f55b71c0c8c306a80737,watches_gifts,health_beauty
3255,16744,1,57f2bc497c1a3ebe41ba7a06d78ed159,5215505db2113a032810c3644c346a38,watches_gifts,watches_gifts
3255,19361,1,57f2bc497c1a3ebe41ba7a06d78ed159,aa8d88eb4b9cb38894e33fa624c4287f,watches_gifts,watches_gifts
3255,19509,1,57f2bc497c1a3ebe41ba7a06d78ed159,27d089865ecb267c190122ec1feddb8a,watches_gifts,watches_gifts
3255,20572,1,57f2bc497c1a3ebe41ba7a06d78ed159,a92930c327948861c015c919a0bcb4a8,watches_gifts,watches_gifts
3255,27476,1,57f2bc497c1a3ebe41ba7a06d78ed159,17ad136b7421ea8690fded631b651158,watches_gifts,watches_gifts
3261,24311,1,747152211829957938862c1c57a30f16,7dfced4c66ef7bd85f2e30eec92e1b34,furniture_decor,furniture_decor
3263,5124,1,f0f8e8693b43bde9ee1a7eedfe3d067b,732a5a52382de386f82728b54616c44c,construction_tools_lights,construction_tools_lights
3263,17106,1,f0f8e8693b43bde9ee1a7eedfe3d067b,01d40fca05c4227b987ee069be837b49,construction_tools_lights,construction_tools_lights
3268,21629,1,1a758361b1c10b3ffe3d3373332de319,779559842fc122d55edbd03153f35e81,sports_leisure,sports_leisure
3277,9848,1,6f2d7833b8f0a094571ebddebdc6623a,c1eee16d856657ad280936810ef3d080,telephony,cool_stuff
3280,11987,1,8c8cb3d0f2853c44cbf9561c7d93beaa,999f8a403c25d68c828a6915e13e89d9,telephony,telephony
3289,10175,1,fc04e723b53a7b372e081da67cf6aca2,9a98180ffbd0765e89f11cc8dd2385f4,bed_bath_table,furniture_decor
3289,22181,1,fc04e723b53a7b372e081da67cf6aca2,65b89f415ce968a584fde133ae3ce3bf,bed_bath_table,furniture_decor
3291,6640,1,52a5346c9dae9cd560b103875b94d123,14086fd4907ab4135efce70c2cd3c013,Unknown,Unknown
3297,11250,1,683487a7a9ad71b5776c9b9bcad37eed,30b159b653b87754d7a38446c7ef4669,fashion_bags_accessories,fashion_bags_accessories
3323,7226,1,322083bacc83416f56c4110e0216c2e1,b4693721011686a49e4b8fac4e527dde,furniture_decor,furniture_decor
3323,12810,1,322083bacc83416f56c4110e0216c2e1,ef66e63137bdd1b2e44aa968646fc1e3,furniture_decor,furniture_decor
3323,19954,1,322083bacc83416f56c4110e0216c2e1,d678178aa4291cd25a755a90188375c8,furniture_decor,furniture_decor
3331,4097,1,4821fcfd5ac4f89ee295f3ac1f20c7a3,88703479ede641552b11881f0d2a6f6b,housewares,housewares
3355,3641,1,5bf57bdef224b9486b45ebba37ec6191,1aa2ed670a95e9f475723707a7c3f386,bed_bath_table,bed_bath_table
3356,6863,1,3a8b4f569449a1671e0d172023030113,09d16c9d49e1616a733d22e77507d91d,furniture_decor,furniture_decor
3357,9417,1,19884358087155dcb193ae99f344fa30,c2a9f8aeb7a51580fccc2d1c4f8bceaf,bed_bath_table,baby
3357,21342,1,19884358087155dcb193ae99f344fa30,0cf41187284d7f099adc8415a743ebbd,bed_bath_table,baby
3375,6579,1,e71979722971f0e661a45658746f8af7,c0d133f59b1b9482e5b66b398ea60a69,bed_bath_table,bed_bath_table
3382,17804,1,01b660ebc1a0c293ccf9b117fa6dd8bb,cad04bbd56e9e1392a586f51477a7e3b,housewares,housewares
3382,28719,1,01b660ebc1a0c293ccf9b117fa6dd8bb,b0da53e60d332dda5010da35eb6dc537,housewares,home_construction
3383,11387,1,5f96ea82b7c80d875fd5337033db3b6e,a12d9f996527844ba7beaa1abe2bcfcb,fashion_bags_accessories,fashion_bags_accessories
3388,20053,1,d41a23bd2bc3ec10cfffc66c0611a290,5f6906793eb1d554d76c39398ce08693,furniture_decor,furniture_decor
3399,5505,1,96b200840d3b01d948ee9d507f6bcb3e,3a12fe499b9342f78cb827ee18393e7f,bed_bath_table,bed_bath_table
3402,11464,1,9565229244e9341fb8c8069879cf73cd,81b6c7c058add831803fcbba6dcc1df2,bed_bath_table,bed_bath_table
3403,21087,1,1f9799a175f50c9fa725984775cac5c5,13944d17b257432717fd260e69853140,bed_bath_table,bed_bath_table
3403,21871,1,1f9799a175f50c9fa725984775cac5c5,0da83a01a5c35fa359ae0553c618d5bd,bed_bath_table,bed_bath_table
3435,6014,1,e70d8bce868310111ec36d96f6d80a9c,91894be08b341b3d6228779d2a80ab94,stationery,stationery
3437,7641,1,723f08b94cabe91ad292a3084725903b,214e5e86400971b7f46f64ce6c737d33,fashion_bags_accessories,fashion_bags_accessories
3438,6090,1,f97194491a605b1d0e50d631e443cb5a,b00e24be53a1785f1f613e747809a5ff,sports_leisure,sports_leisure
3438,20021,1,f97194491a605b1d0e50d631e443cb5a,0e2c6b2fc22b192f824a68a0fa537aa0,sports_leisure,sports_leisure
3438,26861,1,f97194491a605b1d0e50d631e443cb5a,73852ee3739732147010f2be732d597c,sports_leisure,sports_leisure
3448,4712,1,5a59edc52ccb88898efddbfc52f3cbaf,d67bed02998be8e156400c61f0897a96,furniture_decor,furniture_decor
3453,15322,1,71f0bc096460c175e49cb3826bc8761a,a02d0123079f4ae96001ba2010d1a2df,furniture_decor,construction_tools_lights
3454,30894,1,c4e4a69d5b6ca483ab74aa846587d11f,01cfc3d9c29504c2d370933e53f002b4,perfumery,perfumery
3457,4345,1,ec2d43cc59763ec91694573b31f1c29a,55b04296824029ae20bbeb3b200e69d0,bed_bath_table,furniture_decor
3457,9676,1,ec2d43cc59763ec91694573b31f1c29a,02623b0e4e6b951aefb23575de1f3886,bed_bath_table,housewares
3457,19905,1,ec2d43cc59763ec91694573b31f1c29a,dc404a1496a08f9f5540c8b5d4b92925,bed_bath_table,toys
3457,21265,1,ec2d43cc59763ec91694573b31f1c29a,64dd98c857401579d7f88ddb97821b4c,bed_bath_table,bed_bath_table
3457,21533,1,ec2d43cc59763ec91694573b31f1c29a,51edddbbc47a477259e672bd291feed6,bed_bath_table,housewares
3457,24602,1,ec2d43cc59763ec91694573b31f1c29a,553e0e7590d3116a072507a3635d2877,bed_bath_table,bed_bath_table
3457,26602,1,ec2d43cc59763ec91694573b31f1c29a,09dafaa79c17733a900ce34c9a1f5be8,bed_bath_table,bed_bath_table
3457,31767,1,ec2d43cc59763ec91694573b31f1c29a,665aa1d687284a4d2d2b74c0c6724625,bed_bath_table,bed_bath_table
3476,18561,1,b112694f32005c5254383ccf38bfd11f,65618ab7607d1878a338904c41cff515,computers_accessories,computers_accessories
3493,19945,1,322c315bc0661c64fdcab7a70dbc0354,e9def91e99c8ecb7c5cef5e31506a056,consoles_games,toys
3497,9292,1,d4ef01e7655c13ceef1d7d248e0fdd99,9dbe11c361aecc0afe873e04c3dd13f5,bed_bath_table,bed_bath_table
3511,16990,1,679a3e5e1d2bb68982be5734c6e55e63,656bf6da1eeb7dd128b9b567eea3ca3e,home_construction,home_construction
3515,17182,1,4afba85a48ad3d91d79215ba93ddb023,b7c82520f8817fc72f7f5ac962035260,housewares,housewares
3517,11456,1,f2b67cf6ef88cbc9c2f3e482f558b318,f46098048d1a0c30ce1495246b8fd752,perfumery,sports_leisure
3531,22383,1,46ae1c0789fb281be43fdb50797c9f2e,ddc46156c31a0339508eecfab975f4f6,consoles_games,consoles_games
3548,5575,1,03d817e5e392e78674ed0bd8195f9159,33e503f68fb60fe165ed992965f2c737,computers_accessories,computers_accessories
3548,6230,1,03d817e5e392e78674ed0bd8195f9159,993ac19aa975075775c16ba15426f8be,computers_accessories,computers_accessories
3548,26050,1,03d817e5e392e78674ed0bd8195f9159,1179867d805886591809f49767db9ecd,computers_accessories,computers_accessories
3556,4599,1,09b0d15a8cc9a84e7af7e0225f67dc45,368c6c730842d78016ad823897a372db,furniture_decor,garden_tools
3556,5298,1,09b0d15a8cc9a84e7af7e0225f67dc45,066cc58255ee9ccb3e6da9d3edd02a7e,furniture_decor,furniture_decor
3556,15702,1,09b0d15a8cc9a84e7af7e0225f67dc45,810e2944bca9850b934e1570ba372e7d,furniture_decor,furniture_decor
3556,24379,1,09b0d15a8cc9a84e7af7e0225f67dc45,555cf217f3f7376ea7ba4af273c56739,furniture_decor,furniture_decor
3556,26928,1,09b0d15a8cc9a84e7af7e0225f67dc45,4cceacaeb21aa22aa51b4c724de3758d,furniture_decor,furniture_decor
3556,28970,1,09b0d15a8cc9a84e7af7e0225f67dc45,a39cc58c1b5926b6f9f378daa89f1315,furniture_decor,home_construction
3569,8966,1,ac1789e492dcd698c5c10b97a671243a,ca1bcde1715f1d903681187ef59e459c,furniture_decor,furniture_decor
3569,19936,1,ac1789e492dcd698c5c10b97a671243a,575a31c3324630960ae12bf5bb9618e4,furniture_decor,furniture_decor
3576,7345,1,0f0143975760d1205a4285a4e2a1bdea,0b3f89ace3b97bec2e2d981cfd2537b3,bed_bath_table,bed_bath_table
3576,23386,1,0f0143975760d1205a4285a4e2a1bdea,5cf337446524f9125e42b40abd6ccb73,bed_bath_table,bed_bath_table
3582,8120,1,f2f411f86bd5bd427e28e2a30771761f,98b22c1129886cbd7fcae69d1c93e442,bed_bath_table,bed_bath_table
3582,12209,1,f2f411f86bd5bd427e28e2a30771761f,06edb72f1e0c64b14c5b79353f7abea3,bed_bath_table,bed_bath_table
3582,15762,1,f2f411f86bd5bd427e28e2a30771761f,af0a917aec9cea3b353ece61a8825326,bed_bath_table,bed_bath_table
3620,10399,1,8c59dc491e73996f708d433188285ed1,27855ab0b06ec76e035b2df0aefb5f39,bed_bath_table,bed_bath_table
3625,3903,1,42a2bd596fda1baef5719cb74f73030c,0fa81e7123fd0ebe03adbbe99d912827,bed_bath_table,bed_bath_table
3625,9662,1,42a2bd596fda1baef5719cb74f73030c,99a4788cb24856965c36a24e339b6058,bed_bath_table,bed_bath_table
3625,31299,1,42a2bd596fda1baef5719cb74f73030c,1a2d00b771a438bee7055bbd0086e003,bed_bath_table,bed_bath_table
3636,19184,1,95d4404184aa5ce72e590362cc471d62,fb98e86cfbfbff699907f0a84784d474,bed_bath_table,bed_bath_table
3636,24221,1,95d4404184aa5ce72e590362cc471d62,ecfb5255f55715e1faec3e6a316da6c3,bed_bath_table,bed_bath_table
3641,14839,1,1aa2ed670a95e9f475723707a7c3f386,ebf969336461d98e41d31673d8af75ba,bed_bath_table,bed_bath_table
3641,16065,1,1aa2ed670a95e9f475723707a7c3f386,7a2428849e8c9e1cfac00494791ca876,bed_bath_table,bed_bath_table
3641,17018,1,1aa2ed670a95e9f475723707a7c3f386,d0efdc4a1cc12f88f6a290fda8861fa7,bed_bath_table,bed_bath_table
3641,20901,1,1aa2ed670a95e9f475723707a7c3f386,93dd9d8291fad4757cf910f1a80eb0ac,bed_bath_table,bed_bath_table
3641,22167,1,1aa2ed670a95e9f475723707a7c3f386,744846f62c7ba12b43c59c5ff57782a7,bed_bath_table,bed_bath_table
3644,12524,1,3625fbaf8284047185fb0351f2f84ae3,332842d24e84234cd91299a225de76ab,sports_leisure,watches_gifts
3644,16071,1,3625fbaf8284047185fb0351f2f84ae3,88c20c5a22f2ca169af8cfc2df00a7a2,sports_leisure,sports_leisure
3644,25304,1,3625fbaf8284047185fb0351f2f84ae3,2174a02a3c42e648e408c9b3505c54d3,sports_leisure,sports_leisure
3658,19188,1,9f9a7e97e09d403a01120dc5f4ebf36b,7eaf66aca1ed54df09b3c864b7416110,costruction_tools_garden,costruction_tools_garden
3658,28233,1,9f9a7e97e09d403a01120dc5f4ebf36b,fc5dd987f12a7b823a76a44aa1ba88f6,costruction_tools_garden,Unknown
3661,32207,1,f8cd8a989b03ce1808d9d8d76668ea51,ebe9e593dfd269670a40a0ee90a8764e,furniture_decor,furniture_decor
3662,5958,1,a038fb43df28bc37115e29e63d9809b7,bd1aace4fad5609f005fd721b45dcec4,bed_bath_table,bed_bath_table
3662,13632,1,a038fb43df28bc37115e29e63d9809b7,51c6445e30f155ba9dcbca79b13edf36,bed_bath_table,bed_bath_table
3675,29095,1,b114bf337c0626166abe574eee9e3f32,b9311d581f5f341576a5a2892168355c,office_furniture,furniture_decor
3692,4310,1,79e42c4fa2bde6e0c828d23c4fb7df35,738da8ddda2e593acfdc53c2d1520dfa,musical_instruments,musical_instruments
3698,19603,1,9b056287fe05c2dfb1394ff376621eca,1a4247b6eddc27c68f7995dcc68b01e2,health_beauty,health_beauty
3698,28790,1,9b056287fe05c2dfb1394ff376621eca,18661ef1d69f1bd07e334d1fc498d40d,health_beauty,health_beauty
3730,18507,1,16fdfb4f828bedbe3ad9a00162bd5339,3a98bcea866c31f53b35a41d3822f908,telephony,telephony
3732,13986,1,6f46359e56f51d5deded13adcd1c255c,7698c2e9ec5dc2b70af8c1c8ac245cae,health_beauty,health_beauty
3732,14945,1,6f46359e56f51d5deded13adcd1c255c,7486542600afc050d20740e976ff87f8,health_beauty,health_beauty
3732,24718,1,6f46359e56f51d5deded13adcd1c255c,8d28eb3a7309368ca0de19e016266251,health_beauty,health_beauty
3732,31314,1,6f46359e56f51d5deded13adcd1c255c,7f9e40aa498f8f6edf4cc51215ecce9e,health_beauty,health_beauty
3736,20840,1,b8411dee248601bc460bac8e1fb8a102,ff2c1ec09b1bb340e84f0d6b21cc7dbb,bed_bath_table,bed_bath_table
3736,22777,1,b8411dee248601bc460bac8e1fb8a102,b57469faf40b556e16b9a49308953700,bed_bath_table,bed_bath_table
3736,31974,1,b8411dee248601bc460bac8e1fb8a102,6a73bd4563b3f205e24c101f9a3c0d14,bed_bath_table,bed_bath_table
3737,10786,1,f52b6b9e0bc35ec9d682eea89b27ef38,3ffc8b6c3ae2afbf307cbd802bfb5e4c,housewares,baby
3737,24712,1,f52b6b9e0bc35ec9d682eea89b27ef38,c8078bb7927143cdb008e3563230ca61,housewares,baby
3741,29593,1,79938780eb7ffb7289f59a9a283bc06b,8f1e43e0e3374ed8c84df748034d6179,health_beauty,health_beauty
3746,15952,1,c86dde6d75b1c5f5c6ac95000a63b7a7,5715a3dc7df27aa1c131f51e17e614df,bed_bath_table,bed_bath_table
3746,18721,1,c86dde6d75b1c5f5c6ac95000a63b7a7,eaf84e31d1e891449aa5cf7130e75fc6,bed_bath_table,bed_bath_table
3746,19204,1,c86dde6d75b1c5f5c6ac95000a63b7a7,bdeca320bdf54d3cdbb982d737526dc5,bed_bath_table,bed_bath_table
3746,20498,1,c86dde6d75b1c5f5c6ac95000a63b7a7,8279f484b70cb6fb2a87f36e766bd559,bed_bath_table,bed_bath_table
3764,4878,1,09c3a2ea33f044aebffecd6681e00133,9c0f79b9daf5436386477b4e17b94389,furniture_decor,furniture_decor
3764,5543,1,09c3a2ea33f044aebffecd6681e00133,d011223de539cd224b5c5c8082313d46,furniture_decor,furniture_decor
3769,13382,1,85df978207ed4024ea16570dbb64fd6e,f3ef6902655917c2db06698cc2d765a0,cool_stuff,cool_stuff
3769,19498,1,85df978207ed4024ea16570dbb64fd6e,aef5dacb8cffba210a6e307dd01e4923,cool_stuff,cool_stuff
3776,5463,1,2de5c479fb0c490a0f2a2f3ab36e71b6,9bf49e13f79afe62919c79d125d81cf8,garden_tools,garden_tools
3776,12105,1,2de5c479fb0c490a0f2a2f3ab36e71b6,f9b178c9fdc90bbcfbd6c6b49ed47d4c,garden_tools,furniture_decor
3778,29496,1,f25bb6afe10215e774d598f4f79d74e8,6050226662d4986e159f6649567b357d,toys,sports_leisure
3796,4599,1,27c0cea4dc76549f5bd124d9cad0ae3b,368c6c730842d78016ad823897a372db,baby,garden_tools
3796,12460,1,27c0cea4dc76549f5bd124d9cad0ae3b,9dc742d39f778e41ce3a88753f280d40,baby,baby
3796,21795,1,27c0cea4dc76549f5bd124d9cad0ae3b,8e0be6304c4a94268be42e2d8dfaded9,baby,construction_tools_lights
3800,30641,1,30699bee01692428398004b3308133e4,d2a05d5e096038f24a2944fe6ddebd29,signaling_and_security,signaling_and_security
3806,4157,1,4407440c06d8c11ce1b2e61c4382a8f3,a1e33e0a3ead282527fab4ff0f72706b,perfumery,music
3808,24806,1,0654d3c1e3efc7e7cd9dbde9cb743df2,4bdcd91fcab0b7401865fa7d7f916253,garden_tools,garden_tools
3811,12454,1,7aa53bb43cb5b12d70be2a69d1e3c364,42af75da4dff5f8f6be029c5bdd5f08f,luggage_accessories,luggage_accessories
3824,6915,1,1550a0fe151b511cb7cb327c55c865d3,fd220f6fd5a3f13ef9db07428f9c935d,baby,baby
3850,31636,1,b833b995caddd97b8786370988e32ee4,0ba14c257ad706bacadec65dfdb3b740,housewares,Unknown
3853,16163,1,eccec1984cb1d214cc91f3168b113958,423b46d7ff817b1cd19ab195c7b76546,watches_gifts,watches_gifts
3857,5899,1,7c6ae4d12d2754ca0826ad17792c554e,9feeadd6b97835152e83e1b25b46f5c4,sports_leisure,sports_leisure
3862,13274,1,a0ef8572cd061badd81ffc48dc04d1fa,2d78dc9b1f4a5d1ceb28287b82d85b86,furniture_decor,furniture_decor
3862,15599,1,a0ef8572cd061badd81ffc48dc04d1fa,d4fa7c305b2ffd07d12ae5a886b6cb0f,furniture_decor,furniture_decor
3862,15669,1,a0ef8572cd061badd81ffc48dc04d1fa,777d2e438a1b645f3aec9bd57e92672c,furniture_decor,bed_bath_table
3862,16319,1,a0ef8572cd061badd81ffc48dc04d1fa,9bdc5ff7cc2ec4a654f101b764b293c1,furniture_decor,bed_bath_table
3865,25379,1,65223c26538a2226610efc437e488b77,0424d4d1508370eb771126734ec9740e,bed_bath_table,bed_bath_table
3870,13295,1,de7e97827841985dae27ef4c4769da95,746191562977a60292922c316e21720b,auto,auto
3872,11626,1,1cc6c532b1ed8a5250688f8136e01cf7,b47246a2d424fae0bb3e352ef204496a,auto,auto
3885,8286,1,ee72ae8f6d0b11d7f04230fc894d7e39,5ef336462ba740ddd4727319e26207e6,costruction_tools_garden,costruction_tools_garden
3886,8866,1,badbf5d003888b6338ea8774b4ac9717,0cf2faf9749f53924cea652a09d8e327,construction_tools_construction,construction_tools_construction
3886,20029,1,badbf5d003888b6338ea8774b4ac9717,5096e827f6152df3974343e735a52dc9,construction_tools_construction,construction_tools_construction
3895,24307,1,81a266bbf4c7aa3113db84e81ca899b8,750a49a83f6ad13ccdf4a761309483f2,furniture_decor,bed_bath_table
3903,7077,1,0fa81e7123fd0ebe03adbbe99d912827,a4fa3b8fa5953b0bd18bf4e0b4de499d,bed_bath_table,bed_bath_table
3903,13218,1,0fa81e7123fd0ebe03adbbe99d912827,9f4a55260fae788c26fcbb2b934ffa52,bed_bath_table,bed_bath_table
3903,24447,1,0fa81e7123fd0ebe03adbbe99d912827,4293865e4ead3d446609086b4cfedb4f,bed_bath_table,bed_bath_table
3903,27226,1,0fa81e7123fd0ebe03adbbe99d912827,cfb763496d9fc48751a27db4fd02aa2d,bed_bath_table,bed_bath_table
3903,31388,1,0fa81e7123fd0ebe03adbbe99d912827,8a443635fdf9759915c9be5be2e3b862,bed_bath_table,bed_bath_table
3911,16443,1,2ac41de9b0580f84618e017249626a72,156dc15f380f2c6fa999b386a90a8524,furniture_decor,furniture_decor
3915,22324,1,710b7c26b7a742f497bba45fab91a25f,a9d9db064d4afd4458eb3e139fe29167,housewares,housewares
3928,28853,1,efcef300fe9b2c558a8ea258127f6e6f,5384f1f55242e82373db2fb7db6047d8,pet_shop,pet_shop
3937,8117,1,4298b7e67dc399c200662b569563a2b2,eaa26a34984cbfedc19b1e45f09f3c9a,computers_accessories,cool_stuff
3938,29730,1,1b7b45fba5ad23e8117914f8b36e6772,d2b0f9cd5e31ed47dbf92b157c0cda96,sports_leisure,sports_leisure
3939,5528,1,f06301dd6d54c3e4300920991f2af380,621dce691c2ff3f99e21c21057ddc0ba,bed_bath_table,bed_bath_table
3949,5766,1,8bb27b1d96be90b36b8d0c7f30931d52,a03e401d58a45187271718c5d7610422,housewares,housewares
3954,19247,1,d1c11e104455ab36d3e5b7458a9189d2,6d2cb25a03acb6dd4e83969a770e772d,pet_shop,pet_shop
3966,23412,1,d1ea79912538f8c08574d206777837bf,743c14ed5f01c78944d28320cb2cb8e2,books_general_interest,books_general_interest
3973,15301,1,8f8cb7e4a7f16d339f87f8aa2711a003,498171cf871cdd1f5e7f8508884601b0,toys,toys
3989,14434,1,b84a91f1e58b1f44daf3a9b74a83f1d8,d04e48982547095af81c231c3d581cb6,watches_gifts,watches_gifts
4025,27851,1,e034c021254ff4d8da4e936e047967af,c211ff3068fcd2f8898192976d8b3a32,health_beauty,bed_bath_table
4028,14783,1,34c8873cadb5465f46b7a20b6eb0215b,96bdf83ce8bcf48510e8a8ab8b5fb660,fashion_bags_accessories,fashion_bags_accessories
4029,18547,1,cdd68c0ef3e507db79631336cf9ec285,dfdbfd7997881adc15da4916717e46aa,furniture_decor,furniture_decor
4042,13696,1,c3df8a716bc06d8fed63c0ed6e2c904d,250d000589d1bb22d6ec81449f05cf20,telephony,telephony
4042,17729,1,c3df8a716bc06d8fed63c0ed6e2c904d,ed77034b92386a1a8cfd3c648d715dde,telephony,telephony
4054,5245,1,d1a790e97df2101ed61553a5fc1cfe02,869c418f22e0c0ed9207ff691f279e46,housewares,housewares
4059,6959,1,3c7c75671b25b927f05e68b233263e5f,83e2059df06602e05d9bc1abf28166ac,furniture_decor,furniture_decor
4059,22964,1,3c7c75671b25b927f05e68b233263e5f,281905b21f01db1009fd7c01b10dd1d4,furniture_decor,furniture_decor
4059,31905,1,3c7c75671b25b927f05e68b233263e5f,4006da5107400e5ac48dbcc829a36c42,furniture_decor,furniture_decor
4063,6954,1,e5d6523f4cd63e1347ca8407deda4ba3,e3ffa5b25f4a372e7ccf597b6ceb6c90,furniture_decor,baby
4079,8524,1,fb00f51d564e36645bf7eab56ce5fd43,810cb3c5af006624fa32d362077af85f,cool_stuff,sports_leisure
4080,22625,1,928c2c0fdf465581daac95380af04b3e,c777355d18b72b67abbeef9df44fd0fd,furniture_decor,furniture_decor
4089,25117,1,ca9b2caa4f7ec65aeda5825e09dcf99c,0c6f417a4037ab082ea5fe9a4e7da299,furniture_decor,housewares
4100,15730,1,07691def223b4568e8ecb5a5b30574b1,d24dd388a7b9f9c2efcbad7dc6cca05f,telephony,telephony
4110,7059,1,52d5dde0ddeb4e7544b584c92a38fef8,67cee25aae565b8f1182ea8c37440103,furniture_decor,furniture_decor
4119,12498,1,5f82c0dd37c20e3f5010be5f3c6a9ff1,8af4a717d0442a5fbe332dc587583296,housewares,kitchen_dining_laundry_garden_furniture
4123,7885,1,6abd84909e8ed79ef808c16f90b91093,b0528299d65ab35e3ed853f6a853b8b8,health_beauty,construction_tools_construction
4123,9216,1,6abd84909e8ed79ef808c16f90b91093,e0cf79767c5b016251fe139915c59a26,health_beauty,health_beauty
4123,10888,1,6abd84909e8ed79ef808c16f90b91093,0a4093a4af429dc0a9334300e5c13ae5,health_beauty,health_beauty
4142,29999,1,8db4ee0e7e76083bd7d2d8ba3085b3a2,eacd30c806e0bade06019cf94b657d0d,watches_gifts,watches_gifts
4173,15543,1,d8fc369e0b2d17b856119ff03276f198,8b27cbcf8e5472830ab6ec2bd7a6b867,consoles_games,housewares
4176,11366,1,bb42f37fc3d9130e4a4339d24a47dd7c,4025ee582ef6b8c478af3b44cf89054b,bed_bath_table,bed_bath_table
4176,18441,1,bb42f37fc3d9130e4a4339d24a47dd7c,0a9a9c25c5a06532d1766e00db833a7f,bed_bath_table,health_beauty
4192,9684,1,d3ceda8c68fb31960dab19adf28e5c6d,fd471a043ee8b8dd27f4086495e0724c,furniture_decor,furniture_decor
4192,12735,1,d3ceda8c68fb31960dab19adf28e5c6d,2196812e80b905c7071389c10ad035d3,furniture_decor,furniture_decor
4192,16267,1,d3ceda8c68fb31960dab19adf28e5c6d,dbe77c6f7f0935b442ef0c4df2ee3efe,furniture_decor,furniture_decor
4192,18951,1,d3ceda8c68fb31960dab19adf28e5c6d,6d0a373c460a041c86167a92a5d3383e,furniture_decor,furniture_decor
4192,22731,1,d3ceda8c68fb31960dab19adf28e5c6d,c858f88f3de50584c39e8b4fafdd7d61,furniture_decor,furniture_decor
4192,27371,1,d3ceda8c68fb31960dab19adf28e5c6d,b3a397db9c6b4ddfed9d46f6fa03c65e,furniture_decor,furniture_decor
4200,7434,1,748b719f4cbfdcb99cae90bf4bb16217,8b2eea9258754b47d5e4a9937f113a77,toys,toys
4204,11919,1,1d3f55c00acdb29bd959f2760abc8b7d,f4f67ccaece962d013a4e1d7dc3a61f7,auto,auto
4204,26506,1,1d3f55c00acdb29bd959f2760abc8b7d,0c9ff9d8ed9b9bdd825487b3a66e05f5,auto,auto
4210,9157,1,050d890ccc1c0874e166c9af9c6dd821,ba8ebd875851a6e44d2290d2cbea64cd,health_beauty,health_beauty
4210,21973,1,050d890ccc1c0874e166c9af9c6dd821,2db85e45ff15b96518baa00fdacdc6c6,health_beauty,health_beauty
4218,7186,1,1c1dda7d5b3d50618aadda35edc2acd6,d69b7880f262ed14de5f8149d2f0931d,fashion_bags_accessories,fashion_bags_accessories
4218,17722,1,1c1dda7d5b3d50618aadda35edc2acd6,3fa864b2eb9bb60d23bfe315213bb5d9,fashion_bags_accessories,Unknown
4218,31420,1,1c1dda7d5b3d50618aadda35edc2acd6,407a9382e8c7e321e8ecee388edf0f7b,fashion_bags_accessories,fashion_bags_accessories
4219,14816,1,401717fdb76bea40aad511f64ab03c92,cae8c962ad47ff05a508e6fec4146e1a,auto,auto
4219,21187,1,401717fdb76bea40aad511f64ab03c92,5a6849f9db912b68be72145d959d61d2,auto,auto
4236,25619,1,c2c00c360a8407127ec5393828933bc5,786248c98cab9ad5cccdb751909da1af,stationery,stationery
4245,7346,1,98e0de96ebb0711db1fc3d1bad1a902f,0bcc3eeca39e1064258aa1e932269894,electronics,garden_tools
4248,14452,1,c756c946d61f5ffc068418badfb6302c,d2c7a1e57b8f3e74095798f867334b36,watches_gifts,watches_gifts
4278,12711,1,8f41c6ba389c91b377bba94e332bf925,8d37ee446981d3790967d0268d6cfc81,bed_bath_table,bed_bath_table
4278,24221,1,8f41c6ba389c91b377bba94e332bf925,ecfb5255f55715e1faec3e6a316da6c3,bed_bath_table,bed_bath_table
4286,7310,1,41c24b8ce92d1a2cac62db5edfd088b2,2ffdf10e724b958c0f7ea69e97d32f64,watches_gifts,watches_gifts
4286,14458,1,41c24b8ce92d1a2cac62db5edfd088b2,7a10781637204d8d10485c71a6108a2e,watches_gifts,watches_gifts
4286,27043,1,41c24b8ce92d1a2cac62db5edfd088b2,0a57f7d2c983bcf8188589a5fea4a8da,watches_gifts,watches_gifts
4296,29014,1,7b66b19cf13720604859bcd8c48c0dab,e7890707ac0e4e190a74aa46c92e2c94,watches_gifts,watches_gifts
4297,29204,1,833b7baca432a26ccfc3e3eaa8271519,d6ed08469f23517f07ed6bb451361298,fashion_bags_accessories,fashion_bags_accessories
4300,5078,1,2a33c8929309d51853186bd18ff3e3f2,2511e504fd7794c668a8521aabe3713d,bed_bath_table,bed_bath_table
4317,23168,1,88ffcf27478318ba55b1f9d22d65ce97,4e41b17f39aabdb1eca7b0af6722ba62,construction_tools_safety,computers_accessories
4326,19492,1,be1d0cae4c4acf0350ad1295fe5a3299,2dc2efef0bbccb4ea53e2a21cdd52dc7,bed_bath_table,baby
4332,23987,1,9c7bdf67b06b419aefb93cfdfc96c55d,45e9db074ca64dc81ee6f06185544d6e,sports_leisure,health_beauty
4343,16070,1,3eef0cb94ba82de806bb30ab743c7655,daf84c8f6a77308759733b317cf20666,office_furniture,furniture_living_room
4343,16942,1,3eef0cb94ba82de806bb30ab743c7655,0a9bdadab17a9b0f258f64d11a0adf7b,office_furniture,furniture_decor
4343,27466,1,3eef0cb94ba82de806bb30ab743c7655,1bfb290d7273a442c874dbe74b4abae6,office_furniture,office_furniture
4350,17690,1,656d923048a96be8ec0da05d7b71aa28,284d7e2406319d5b3491ee65da648b6e,sports_leisure,sports_leisure
4358,9662,1,9bc39c44d241610638729a32026eb37a,99a4788cb24856965c36a24e339b6058,bed_bath_table,bed_bath_table
4364,17584,1,a7363ecea2a94dac7cd78479fb39b0cd,ba31c397eec007a164fa766c6b90fa97,bed_bath_table,bed_bath_table
4370,31392,1,6af944d65385c537dd7fb26787c7dae3,97b91c8032defad1460e5225a0049161,furniture_decor,furniture_decor
4375,15689,1,6d3d8ade6b793a08b041b6bc653c08ca,ff26009ac6b838dc6cffa2d589cdbefb,furniture_decor,furniture_decor
4383,15724,1,0dda66cf50e9782e3b4499568095bba2,3f55ca21769e7535d3ba989450207285,perfumery,perfumery
4387,11164,1,bf5c9388b3b4225c6578eadbde4781db,15fdd6032f35d4add5066fb90be28630,housewares,watches_gifts
4387,20974,1,bf5c9388b3b4225c6578eadbde4781db,562502b79845deae9bcd86384921a2c5,housewares,furniture_decor
4394,7759,1,4f0abfbee7569e43b80f9aaa256a9bf8,43b54d1fc56ff394092a3dff6be2d39f,health_beauty,health_beauty
4394,7999,1,4f0abfbee7569e43b80f9aaa256a9bf8,80c8ded77011b1d2c8e3bdbff65eab23,health_beauty,health_beauty
4394,11631,1,4f0abfbee7569e43b80f9aaa256a9bf8,8d4dac6177fb8134f26fb4c5cc6c0aff,health_beauty,health_beauty
4400,12133,1,3cb27db8c8015afcf219721d4fc10148,f75eb66dc82bccecabd706bd441cfd3a,telephony,luggage_accessories
4405,23612,1,951e2998189b05082eab2080036b135b,703655144396d09091d9280259c9e51b,telephony,telephony
4415,11416,1,46b609a28b05ef9d5179026a055c5121,bf6c420d93ff5c0a5d8fd3b6c975dbd5,furniture_decor,furniture_decor
4415,31859,1,46b609a28b05ef9d5179026a055c5121,9f684ef1e31358afd3d4ce991c576e2e,furniture_decor,furniture_decor
4420,8830,1,3736d232d7b439822cdb4cfee973fba0,b07499163c612b591ce1621452672e69,electronics,computers_accessories
4420,9077,1,3736d232d7b439822cdb4cfee973fba0,01c2e91674406ebaca6a1bbf7f61c3f0,electronics,computers_accessories
4420,30971,1,3736d232d7b439822cdb4cfee973fba0,44a064a339782c3cdd7e457b169ef0b0,electronics,computers_accessories
4427,20509,1,32bb152336c896d906a6344cdbe1993c,8973d773c115b9e347c34a248f17bc92,furniture_decor,furniture_decor
4440,15622,1,757172573ef8a2cc354243f3da4fa565,a44edbb4226328a7a816f3460556d638,garden_tools,garden_tools
4440,22494,1,757172573ef8a2cc354243f3da4fa565,65b183dcbb9689b176730d709a0003dd,garden_tools,garden_tools
4440,29646,1,757172573ef8a2cc354243f3da4fa565,5b7e1c33e4e9e477847a8a031353ff40,garden_tools,garden_tools
4445,14742,1,e5f8f7fec18736ea009f2f7334543497,eefb750a45a4ba505ffd4813ecaf2b18,furniture_living_room,furniture_living_room
4445,21701,1,e5f8f7fec18736ea009f2f7334543497,84f47b7ffbd21c845d197cc0a7bc479a,furniture_living_room,furniture_living_room
4449,9976,1,1d7db62a21ffb4f220d3e8a05fa77e02,bad4b094223996122f7ac8348faca465,fashion_bags_accessories,fashion_bags_accessories
4461,10744,1,951cb45d30e716a846d8cf5874034e56,a00a22560435cc439faf6163eabc1ef8,telephony,telephony
4470,19449,1,6eb70dfb283dc3f645ed7b03c990dc72,461f43be3bdf8844e65b62d9ac2c7a5a,audio,watches_gifts
4483,21892,1,7d5d1204ad4036e30b0d4afce077f396,ce9c3ceb822eff6638b2bf974da84b3b,pet_shop,pet_shop
4510,12884,1,6bd248f93425ceeb625a8a97e2404112,db135cb6b62b43f71eda83dc6daff2fc,stationery,stationery
4510,13060,1,6bd248f93425ceeb625a8a97e2404112,6a2961a3f5c85026ed1b3406a9ac27cd,stationery,stationery
4510,32147,1,6bd248f93425ceeb625a8a97e2404112,fb55982be901439613a95940feefd9ee,stationery,stationery
4512,31472,1,cd82271424be9568801391194697361c,28dc766929435d5a8555ce85e2f82667,bed_bath_table,home_appliances_2
4524,32742,1,509869967faff93ff8a7a229abed8641,4cee3d875eb2f9d331aae01b8c4781e8,bed_bath_table,bed_bath_table
4530,24487,1,855f69302e4d53ea69972cb1946a08a0,cdc4af478fef19f03f1d0353c00271cd,watches_gifts,watches_gifts
4552,7268,1,e706fb211285b40b3555b302920e61fd,aacee6f1f7be193e891a8cca7a3a849a,fashion_bags_accessories,fashion_bags_accessories
4584,15538,1,f32bca3145053bbfb83b7f3d464691ca,e25a1bed3de19f42a0719cff1c771436,bed_bath_table,bed_bath_table
4591,24654,1,802b8430511a39ecdad069cf6c7dd812,9befce53daaaaab36a5947f3cd80f42d,housewares,sports_leisure
4597,10612,1,7c888c2f683671fce1d3a9db421ab15e,852f63621d87c7e78bfc4246a251e11f,furniture_decor,furniture_decor
4599,5962,1,368c6c730842d78016ad823897a372db,cec09725da5ed01471d9a505e7389d37,garden_tools,sports_leisure
4599,6914,1,368c6c730842d78016ad823897a372db,a5341e3f8155dbb3e62323d3ea289729,garden_tools,furniture_decor
4599,16676,1,368c6c730842d78016ad823897a372db,8273821fd2a32fbbc77ad8b743b2a1b9,garden_tools,housewares
4599,18550,1,368c6c730842d78016ad823897a372db,0b13080e2bf193c4ff096b09e0758c7d,garden_tools,furniture_decor
4599,25376,1,368c6c730842d78016ad823897a372db,ea413ac4e120d19ac3473fb659db1c9a,garden_tools,furniture_decor
4599,28970,1,368c6c730842d78016ad823897a372db,a39cc58c1b5926b6f9f378daa89f1315,garden_tools,home_construction
4599,29349,1,368c6c730842d78016ad823897a372db,a62e25e09e05e6faf31d90c6ec1aa3d1,garden_tools,watches_gifts
4599,30496,1,368c6c730842d78016ad823897a372db,be0a8cb3c50011daec32f4d8ecdccb28,garden_tools,furniture_decor
4608,12455,1,ed61f9d2b8837c3aeebb563b7305ef78,a787d9cee40e9de33b13d740c32359e8,bed_bath_table,bed_bath_table
4610,9247,1,9d6c66334a27b9dcf34b71cd371638de,b32a26b904950912fc8f6c1f88019d1b,bed_bath_table,bed_bath_table
4618,11728,1,48a12f318432c4b6a1fdfd5d79372e66,d48e56be99464cbf285a9da17f618165,bed_bath_table,furniture_decor
4618,24673,1,48a12f318432c4b6a1fdfd5d79372e66,66e08854f9319c6aa4874ca435598331,bed_bath_table,bed_bath_table
4618,26665,1,48a12f318432c4b6a1fdfd5d79372e66,fd440fd792fd8a4b681f1eb258c25445,bed_bath_table,furniture_decor
4622,5028,1,58f579bb52bea63fe1c6c39c2d4272d8,24543438ec09114a42a153f76ae693f2,housewares,housewares
4622,15288,1,58f579bb52bea63fe1c6c39c2d4272d8,7b44e5ea770ef06810f5df89006cc8b2,housewares,electronics
4622,19255,1,58f579bb52bea63fe1c6c39c2d4272d8,64ec83de8f0026319c8829351e3d6e23,housewares,housewares
4622,21331,1,58f579bb52bea63fe1c6c39c2d4272d8,064c975d37d3c646bd94d94c6e16f37e,housewares,housewares
4623,19337,1,6e9e036c6017814b391e3059fdc9d315,a9b36aaa68ebd315701524c822800f29,health_beauty,furniture_decor
4641,12509,1,fedbf77eb491dfc9ac276b9ea9ee10c6,0437850bd55b9b2b9cf104b59a611666,stationery,stationery
4643,15986,1,8338cef8355d238f43711dcb9c0657b2,c501923885535aa99ac2dd7a4e0ed7fe,furniture_decor,furniture_decor
4654,19817,1,4a0103d2363d388d3b209cea1773c254,90ba60817ac3ba85da42f002b2eb1360,bed_bath_table,bed_bath_table
4658,26116,1,530d9436af6fa4960e9754ce4128b468,3da76d120922f2c5c94b3ec02db563c9,furniture_decor,housewares
4664,10140,1,bf66f5d110af02b50af37038afe90bd9,5ccdfc35d9cff8db4fa46b83d5712899,pet_shop,pet_shop
4664,25040,1,bf66f5d110af02b50af37038afe90bd9,a4aa7c1427c31344e5f7cc3d839fe562,pet_shop,pet_shop
4670,6943,1,9411bee3a54ddfd68c52f1fdf4cd446c,775917a2882dceb1d02aaa6b1abc1b24,furniture_decor,furniture_decor
4675,27104,1,1bef08f119466a85a83919d5b80facd3,31699327e8b1095210f7c48d91fc09f0,bed_bath_table,bed_bath_table
4678,15317,1,508d5e8ce8e79bb506f9f0c096b295c4,90b58782fdd04cb829667fcc41fb65f5,office_furniture,office_furniture
4678,22587,1,508d5e8ce8e79bb506f9f0c096b295c4,86f2416d4670e4ea3ca5494d043d9f24,office_furniture,office_furniture
4689,7688,1,aa70ae9ee9a798d44ae6e00ce6d82cb1,656e6ea7d86cf0008e67b693d33cc357,health_beauty,health_beauty
4689,12369,1,aa70ae9ee9a798d44ae6e00ce6d82cb1,3258acb04d37e2f91f76c9250f3b80a0,health_beauty,health_beauty
4689,18266,1,aa70ae9ee9a798d44ae6e00ce6d82cb1,832b74a0faa3b602a48e0f20990adaf7,health_beauty,health_beauty
4689,26499,1,aa70ae9ee9a798d44ae6e00ce6d82cb1,f889fb87b505b73de10c18b93352469f,health_beauty,health_beauty
4698,31423,1,8509049c56caff468e3f35c4eefb6035,ac11c132793524428ef353a3e4956ed9,housewares,housewares
4713,7213,1,8e698981cd367d35f5dcb21f4f563fd8,6b00cb3fe05c73d0acef3fd949a34c0f,toys,toys
4723,24722,1,2d15b61e2962412ec20c326895c4603a,f9bdcb274f479aa71dd34e8bccdd9a82,costruction_tools_garden,costruction_tools_garden
4724,18408,1,18bbc803715ffa8ec1b58bd3f737fdca,389c2351d11b4f543c93ceb7e966315d,computers_accessories,computers_accessories
4728,16107,1,69e3a7b303638194dc5edd5e6abff8ff,64814436ab31f1548144e0c5fbf4bf2e,fashion_shoes,fashion_shoes
4740,11464,1,7d9f42ecf65ca91f7e28483c5008dc4b,81b6c7c058add831803fcbba6dcc1df2,bed_bath_table,bed_bath_table
4740,31878,1,7d9f42ecf65ca91f7e28483c5008dc4b,ddb9028236525b8ab493fc24f99e8d1a,bed_bath_table,bed_bath_table
4741,19160,1,a3816405c56f1df398541ee9c498b056,6f86fa71a6aa21f45e317590aacd0c3f,housewares,housewares
4750,17842,1,200eed7d1d3482898094819dbec1cb52,6789e81c62b672bf413759d22ecacaf7,housewares,housewares
4750,23359,1,200eed7d1d3482898094819dbec1cb52,073a5dfc26cb33ef440b2e0aa29343a8,housewares,housewares
4770,16549,1,ae6a082af3a596a2fcbef378ebfae8c6,14d8c1bbd5f367608c37522e99c47258,books_general_interest,books_general_interest
4777,24462,1,dde1e366db6c0e996f4e1d92122b431c,d85ee6b5fa57f68444d86f77b51ae69d,bed_bath_table,bed_bath_table
4782,30500,1,0eb14dca77e29c41da121dfa88b4b0ea,d7ae861cd4272698b4ae0c9f9c44a095,watches_gifts,watches_gifts
4783,12291,1,5b3c2a0b39f0a99d946e2055617d11f2,a1b6b22c8c1e02e979fa25529704fec4,toys,toys
4789,27482,1,797b0bf4316b47e82d45e3a4b5d828da,6efb345b34722c35d2e8a723cea100bf,perfumery,perfumery
4812,22240,1,ab57d2064d8806f9cc9d5734e332a969,0b1187e2f914d9317a5632dbb7c66b82,fashion_bags_accessories,Unknown
4823,11493,1,81fa3a54b696e8510a2f5cd69b29337d,e0d64dcfaa3b6db5c54ca298ae101d05,watches_gifts,watches_gifts
4826,11541,1,314fa2ee03eff6af10bc8f7ff0c4dc9f,be4f6fe1a36e3a7abc3c966be0925070,bed_bath_table,furniture_decor
4826,13153,1,314fa2ee03eff6af10bc8f7ff0c4dc9f,5bfc7506459ae2a7b4b573fe557a58e1,bed_bath_table,bed_bath_table
4843,28460,1,6df3e292ba834323d4d8164d4c88e698,0b3f6a2323c814e1b19fd44838c160ef,baby,bed_bath_table
4849,20723,1,a996a150a7fd0eba6a177ec84b939b51,bfeb1a1c9d786c80550462f2895a13a4,pet_shop,pet_shop
4852,29077,1,200eaffedd57c444ee6cd8ee8644039d,9c6704903ee7bc2b10029e64f76d749b,watches_gifts,furniture_decor
4854,19053,1,6f57ca539fb6b20b79a272e17194d9c9,6cdd53843498f92890544667809f1595,health_beauty,health_beauty
4870,23071,1,50b9ed3a22932b28d452c73046083f5d,89de415e2cf869a6b1274f51913f1a49,sports_leisure,sports_leisure
4875,23241,1,db61ac5970110fba38fe6caf8844dbf5,976738868bdcc86e959ba2a7b726d4d5,bed_bath_table,bed_bath_table
4879,13366,1,cfb79bfbdaf59cfe2e9ae0a071451f32,29ed7e120478b8a6ab3aeb253c6c7220,bed_bath_table,housewares
4892,16125,1,1276de9d6e6200f71cfb172a76abf703,51967f750b0391d02137a8ecd5424452,fashion_bags_accessories,fashion_bags_accessories
4893,12365,1,a334304f952399f2161225628a9d2891,b38b25d838ae0b8385e8cc68b9017644,health_beauty,health_beauty
4893,24795,1,a334304f952399f2161225628a9d2891,7d681d24b9bad757fb34b0d464c350e4,health_beauty,health_beauty
4905,26266,1,e61812136e9f12e9f4359132b1b82870,afe60f026d04f54945ecf4c085eff7f5,computers_accessories,computers_accessories
4905,31807,1,e61812136e9f12e9f4359132b1b82870,6a09ecc3113cbbf409d21369dd82f854,computers_accessories,computers_accessories
4913,5935,1,ae23e5838bdd9b5fa518342c066b8290,51555187e14ed8bb8addc25344848ef7,bed_bath_table,bed_bath_table
4913,19268,1,ae23e5838bdd9b5fa518342c066b8290,e273c62ea30d5ca1753739e6d25d15a1,bed_bath_table,bed_bath_table
4913,24063,1,ae23e5838bdd9b5fa518342c066b8290,f3fad6d734fb27bf8a548562e04f9a5e,bed_bath_table,bed_bath_table
4927,4990,1,7a7be236d8368315680071df4209dd4e,26afe4ed5890d941fcba14205863eec7,furniture_decor,furniture_decor
4929,6739,1,38991d9514cf1298f8ac1d66d8aefeba,4310ea4cadd7d41398ba376aa7383f82,auto,auto
4933,9029,1,2f20a2013902657c0800ddf524514e4e,2f48e99df2052ce8a7d14855ea40e838,bed_bath_table,bed_bath_table
4933,15396,1,2f20a2013902657c0800ddf524514e4e,0609678aec06f28cd8e177550d26e73b,bed_bath_table,bed_bath_table
4933,18136,1,2f20a2013902657c0800ddf524514e4e,7efd7d1a1a985eae9fecdb134fd657d3,bed_bath_table,bed_bath_table
4933,21323,1,2f20a2013902657c0800ddf524514e4e,e00bca3fc8267dabace41fc4bc7366d7,bed_bath_table,bed_bath_table
4967,25182,1,4a266296cc64880551c3efad9739fb2e,3b17f6528c9e2a01b2f75f844a60ddae,musical_instruments,musical_instruments
4968,11395,1,4858799008e3cd4fcab9c61fbc63a2a0,f1136b963c743b647b6c0b3d86effe08,furniture_decor,furniture_living_room
4978,6587,1,5a2c5357841ae997771d179eee3f2027,279d5c3589fceee2a1c236fbe5287975,sports_leisure,sports_leisure
4996,9718,1,f399bbedb1d21192dffefc4a8b30a229,e0bb3159111d86828b5caef8725ff055,housewares,housewares
5016,12072,1,8e4650bd2f4ffa24c882da51ba7b1a47,daa528ea6aa4a90c32c4a2ce98ee3a9e,furniture_decor,home_construction
5023,24127,1,271a16e4751b04867238b601ad652692,5173e870df52b09d6b76f88504a1991d,housewares,housewares
5028,15288,1,24543438ec09114a42a153f76ae693f2,7b44e5ea770ef06810f5df89006cc8b2,housewares,electronics
5028,19255,1,24543438ec09114a42a153f76ae693f2,64ec83de8f0026319c8829351e3d6e23,housewares,housewares
5028,21331,1,24543438ec09114a42a153f76ae693f2,064c975d37d3c646bd94d94c6e16f37e,housewares,housewares
5031,23256,1,e251ebd2858be1aa7d9b2087a6992580,eac611ce220f095680e35c1c1124bcb3,garden_tools,housewares
5038,30365,1,170b033abb14ccc92a21b95dba58fa90,bf4aa8e63457632377b86424e38fb071,housewares,housewares
5040,5580,1,779e74ce337266c06bf392935ab34bc8,eeab31cd2a4bcd64e6b249e0a674b3a8,food_drink,food_drink
5040,22978,1,779e74ce337266c06bf392935ab34bc8,1b0e9a414e59a00b13262ffb248ed9b4,food_drink,food_drink
5040,28779,1,779e74ce337266c06bf392935ab34bc8,3ead2a8b3b92444cfac54979d56c7993,food_drink,food_drink
5040,30516,1,779e74ce337266c06bf392935ab34bc8,2b7bb91ceee2bfa598986638fb136ba4,food_drink,food_drink
5046,20491,1,d2085f7e0f9533605386960fc7e987ec,dbb67791e405873b259e4656bf971246,garden_tools,computers_accessories
5046,29011,1,d2085f7e0f9533605386960fc7e987ec,18486698933fbb64af6c0a255f7dd64c,garden_tools,computers_accessories
5054,28901,1,c1263771de6bc2dca4fdf0994079dd19,b1a2c5a9823f4c481150a7ab9e48be70,sports_leisure,sports_leisure
5054,30396,1,c1263771de6bc2dca4fdf0994079dd19,b796ff0faef3d062a8ea7c5ec1085469,sports_leisure,sports_leisure
5057,13868,1,52b668edc0d0c20cd9319bfda4019597,8814a3da37fb9673a5ac06f82a2a00a9,furniture_decor,furniture_decor
5058,30722,1,c55fe8cbb36a1353e443dc9e773b80da,10990aaa402c4692f9eb94cbc354e53c,bed_bath_table,bed_bath_table
5063,9804,1,f014ea8c6c04cc78a9e70319e351dc4b,cd3f4942e46362adc32589ff1a90e3dc,housewares,housewares
5065,9662,1,fdbd77fe1773263558126c16e0b4b67c,99a4788cb24856965c36a24e339b6058,bed_bath_table,bed_bath_table
5073,21971,1,019003324f0a201dd2c8962beaf94b6d,97de49733ccaac64d122444d8db709d1,books_imported,books_imported
5081,6872,1,2cbc1ae9dc8c4d81b096db0ee01ae0e6,01365901d8f2247976a7e5d4c98c52c0,watches_gifts,watches_gifts
5081,12664,1,2cbc1ae9dc8c4d81b096db0ee01ae0e6,7dac8901a50cf3317d5372cbd3186ecd,watches_gifts,watches_gifts
5081,15529,1,2cbc1ae9dc8c4d81b096db0ee01ae0e6,5c692818d313aa12864b48ac0c2472c2,watches_gifts,watches_gifts
5081,18490,1,2cbc1ae9dc8c4d81b096db0ee01ae0e6,186fe07c8b8005ec6a498587ffbc1352,watches_gifts,watches_gifts
5092,12260,1,608f44934fbb70de5e05998ae59f4e46,ae7d28dfad9876194f728695f1a51283,health_beauty,health_beauty
5117,7116,1,1018789226ee7a23b5fd719413e80cb0,57d79905de06d8897872c551bfd09358,telephony,telephony
5117,20988,1,1018789226ee7a23b5fd719413e80cb0,1629b469d01aadb4f92644039ad17d5c,telephony,telephony
5120,17527,1,6522b16614da30655a6a5ce4c8f2fb8b,d59349a33fcba18707a61aa852c02c5b,bed_bath_table,bed_bath_table
5124,17106,1,732a5a52382de386f82728b54616c44c,01d40fca05c4227b987ee069be837b49,construction_tools_lights,construction_tools_lights
5126,22037,1,f7ac498363699addc5ff78eadee46977,cd0c6e2f80f5a0ea7e366b01bcb66154,telephony,telephony
5129,29148,1,54c9eeb3eec23150e817e2048c9c4c31,b811b7a802d2bc88a918a9b785a6c18a,computers_accessories,computers_accessories
5129,32416,1,54c9eeb3eec23150e817e2048c9c4c31,49d05515656ae5bacab920395f834244,computers_accessories,computers_accessories
5142,10642,1,7cd29da0653abeb444703cc5a957f479,473795a355d29305c3ea6b156833adf5,health_beauty,perfumery
5142,27825,1,7cd29da0653abeb444703cc5a957f479,78f3f7fb2c7a8a53bccb6cfc49f34f66,health_beauty,health_beauty
5156,24480,1,1d4de03a6141ce2a2ae5a97f51cabb37,1f30aacc69904c0d0bf8d05cb2abef72,bed_bath_table,bed_bath_table
5161,17427,1,17fe399dea1627d099a67438b3d562a7,2136c70bbe723d338fab53da3c03e6dc,watches_gifts,watches_gifts
5175,11164,1,04af9f3af5c6afc4eece909c25330934,15fdd6032f35d4add5066fb90be28630,watches_gifts,watches_gifts
5176,17668,1,9df852a6c839bc3202227666d70c7cae,b94608e1d6f0360030e816bf676af2a1,Unknown,pet_shop
5220,5603,1,404a57563d487aecbc2b1a01d9b89aab,54f4b6d719759dc811ee18cc95104ed2,bed_bath_table,bed_bath_table
5235,9638,1,c9676685ee3aec26dd274549d54b85f6,a1b35ee994b8c571119976c30aa07efe,health_beauty,health_beauty
5236,27256,1,bdef40d64bf3de5f773c8f461b0bf167,44a6e4ecf7b48f87481c243383b1c4cf,health_beauty,health_beauty
5240,10770,1,14ff2fd93669cee55ac37385a7409d5d,4299211de0fa49785bb3115aa2b25c61,toys,toys
5241,27547,1,3c14f8a3874197fe07fe94b4d5d9af86,74006af1917b5e79f78f35767fa221ba,furniture_decor,home_construction
5252,23500,1,9e0e152552a1323f7e5dcf63d50cdae3,22c5ddc22ea8cae84fc9917def682dc6,perfumery,perfumery
5277,15986,1,741a31499a578979be85db7f80139e62,c501923885535aa99ac2dd7a4e0ed7fe,furniture_decor,furniture_decor
5277,16743,1,741a31499a578979be85db7f80139e62,9dce7ad606cfbd6ea6ef7f7e43c039c1,furniture_decor,furniture_decor
5298,26928,1,066cc58255ee9ccb3e6da9d3edd02a7e,4cceacaeb21aa22aa51b4c724de3758d,furniture_decor,furniture_decor
5312,9123,1,54151de8a5ccf2dc3058b447e1f582f3,7c9a2f11f8700d221c0482c045f7c98a,furniture_decor,furniture_decor
5313,21214,1,37318ccebb2ced72bd1b548b55ab4e31,80826ebdc7be9086c467cb10e61a24c6,costruction_tools_garden,costruction_tools_garden
5314,9216,1,1b73aaabcddf5be28fba09916e1ed907,e0cf79767c5b016251fe139915c59a26,bed_bath_table,health_beauty
5315,12214,1,629576b997e202bfb375fc3538a1c838,9351b1e4334769dc0abe871ee3c7abc3,health_beauty,health_beauty
5315,14048,1,629576b997e202bfb375fc3538a1c838,d76371ba8d578341888d9c3d61ee90f5,health_beauty,health_beauty
5334,12900,1,c41eca01a8bceb6c987b2a935a5ad1cb,88646c24f1972c70b1da7ab8ff378d8f,bed_bath_table,bed_bath_table
5335,17863,1,2b9b580cdc992e165ca0336a078d695f,8ed3ae310714d18ee990923aeb411508,garden_tools,garden_tools
5335,26671,1,2b9b580cdc992e165ca0336a078d695f,b86d1f2c052bc4749ee88bb74688d814,garden_tools,garden_tools
5335,29467,1,2b9b580cdc992e165ca0336a078d695f,892bc3e900a6ad3cba5112ccdb33466f,garden_tools,garden_tools
5347,8347,1,9cb3c4a5a0a1c8536b2651af5f73e403,283dc451ad3918badb976d56ff887289,bed_bath_table,bed_bath_table
5348,14913,1,d25bbb182b51d1594fe3b54a27ae143e,6a0713a63e990052795623e76cc2995e,bed_bath_table,bed_bath_table
5348,20181,1,d25bbb182b51d1594fe3b54a27ae143e,17d8b8e9c21ec0fc5b33724e32fe422e,bed_bath_table,bed_bath_table
5348,25906,1,d25bbb182b51d1594fe3b54a27ae143e,e95fb3a80ca294f39de925b6428f3a32,bed_bath_table,bed_bath_table
5348,29769,1,d25bbb182b51d1594fe3b54a27ae143e,99444c1e11fc38755dae86f5c67d3d1a,bed_bath_table,bed_bath_table
5348,30088,1,d25bbb182b51d1594fe3b54a27ae143e,399f54c06661d06ca45c6e24ed238e0e,bed_bath_table,bed_bath_table
5353,9324,1,af739e00ca90db9e164a8ee27237445a,6e74e16f5dc9add0502c7f68c1258f95,sports_leisure,sports_leisure
5363,23938,1,60b8232efc6b30822171dff08d6c439f,ac2c77058e1e5ec1eda726fe7358ef2f,auto,auto
5365,18284,1,f4c3e41f8c0ac64d1be09e1b92327ac0,33edceeb3ecaca6ed4cdaf8085a21b3d,construction_tools_construction,garden_tools
5366,19459,1,17b9f231d057710012fe28e5a1ac5186,27822f63a7f1bbbf439dfbdbec05b129,Unknown,Unknown
5368,30892,1,326a0f5cd9ba675a997b260b0a0c5b6a,268dea74d2aec39c04aecdf03081ac60,furniture_decor,furniture_decor
5370,13607,1,ab1f9387c0627dd24000bfbc54fdeee0,9c8d68903b5106018c797e0e862ae55d,electronics,electronics
5372,29891,1,a87972100f1fa4091a86d6801620656d,6f33a4a09ae1180a0ee1ff4682b2d21f,toys,toys
5376,13606,1,d315b738a6e96f4d9710af966cb7cd5b,f04c24eaa43e9192315d3aa0b3f00c1c,housewares,furniture_decor
5376,16196,1,d315b738a6e96f4d9710af966cb7cd5b,63f916d8413bc439687d549e937d5b67,housewares,construction_tools_construction
5376,29799,1,d315b738a6e96f4d9710af966cb7cd5b,f8077831f3c3f393fb67b93c5acd8daf,housewares,home_construction
5387,5624,1,6ee1607bacba780139e7f7fcd316c1d0,3a05a947f28cf46d789adedc107d7595,housewares,sports_leisure
5390,31633,1,0e14941c183946f60e3b86585d05f984,873eb5f3b8cc503730e472a14cd26616,housewares,bed_bath_table
5400,31682,1,65e1b99d6a0daa104350e07aa3693ef1,8f125d4dd972e1eab1ad8d6644f63330,bed_bath_table,bed_bath_table
5435,14991,1,4fa7e168d8cf9a9cb233e7a0d2821e94,1c5507038caa58651b5f07b729f97774,fashion_bags_accessories,fashion_bags_accessories
5435,20931,1,4fa7e168d8cf9a9cb233e7a0d2821e94,7f9979f68f998401e84c91d2ca6933fd,fashion_bags_accessories,fashion_bags_accessories
5435,28044,1,4fa7e168d8cf9a9cb233e7a0d2821e94,24ea331e89e0cc6fde885752b3eb2c23,fashion_bags_accessories,fashion_bags_accessories
5441,11758,1,0ddf5b8a3a2a417e9ec403ddd8a59446,7c09ac0ca5900bf6f957121ebfc338e3,pet_shop,pet_shop
5441,15905,1,0ddf5b8a3a2a417e9ec403ddd8a59446,f6c8384f424cad1a22fd89bbc62ff7ae,pet_shop,pet_shop
5444,23744,1,b85e7700530804e8e2043604b9b1a6bf,f35aa9afd2173519c54e97c6b28a52c7,perfumery,perfumery
5446,18518,1,b046862b2553fe4962392cdc93a2ae93,36e76b21975cb010ce431815283898dc,luggage_accessories,garden_tools
5446,23883,1,b046862b2553fe4962392cdc93a2ae93,58bde724a1c7fa581fc432dda14450dc,luggage_accessories,garden_tools
5446,32328,1,b046862b2553fe4962392cdc93a2ae93,4a1ccd2d546bbea7809a0cf98863eb50,luggage_accessories,luggage_accessories
5450,7518,1,3ec2984cb2de1675a0306bfc60dbe5a5,4f27f86d1573b8b74b0928ca649abeac,bed_bath_table,bed_bath_table
5451,10471,1,50b3e51a19f3784534cbaf9c275dfea5,6680a7d71fdc0fe6b6b9a4bef51ea187,telephony,health_beauty
5463,8367,1,9bf49e13f79afe62919c79d125d81cf8,d316be2b41acc6a122548a0d08570ca6,garden_tools,home_construction
5464,12345,1,aa280035c50ba62c746480a59045eec4,14dffa241a078aeaebaef48a49e807ca,toys,baby
5464,20760,1,aa280035c50ba62c746480a59045eec4,2c2b1db11f5ec66bbc6ca9d1ce3f81a4,toys,toys
5469,22126,1,20f160a9cf2e856ee5eba259e9ae33f9,6eb6c5cb7df0f863538b61a47fcce962,perfumery,perfumery
5471,7985,1,8c5bf458020588e0dfeda011254eadbe,ef2fb3a493929907466587fecb5611e2,books_general_interest,cool_stuff
5474,12134,1,9bb2d066e4b33b624cbdfec7d50b3dcb,4dcb49b9ca7e48d2f108d40caa77caa2,pet_shop,pet_shop
5480,6450,1,62fde58e97724f8b7519f3789eefa33f,b2b3fbcc207fc52d44daff257e7c491c,Unknown,fashion_male_clothing
5490,14857,1,846da0169591ba9433fe3a6ba6ba0373,7e28b562fde0b95bd515cde17eb9bbb6,housewares,Unknown
5496,17873,1,f3a1a865ba61412ac17ab53f1a9c0082,ad1128daf194f4b6ac4256e16233497c,telephony,telephony
5496,30877,1,f3a1a865ba61412ac17ab53f1a9c0082,33e79119cfaa0e1f7122bf00b10426bc,telephony,telephony
5496,32216,1,f3a1a865ba61412ac17ab53f1a9c0082,9e10eb05d9f369d5c38c475425cc2ee9,telephony,telephony
5501,31827,1,057df564fda79ad8fa5e1928dfbe3e8c,e8ca14b6c60a3194f2353bbfe0287bbe,cool_stuff,cool_stuff
5502,18302,1,6841fe26a65cdc7dad114a453ce638b3,e83ffc00431d0012a217cd47b42c78f1,pet_shop,pet_shop
5502,31040,1,6841fe26a65cdc7dad114a453ce638b3,c5d4809ae828efd361dea89a7def31db,pet_shop,pet_shop
5517,11793,1,43ee88561093499d9e571d4db5f20b79,8aa6223e400af9c97b07c75993142721,furniture_decor,baby
5517,16566,1,43ee88561093499d9e571d4db5f20b79,e7593e3c84b3302e1531a715f1ded8b2,furniture_decor,furniture_decor
5526,13117,1,db1d1a4569fdbae28a0d3340d907f7af,1c56f826f3a1fdf255e3fb5fa7637d3e,Unknown,perfumery
5527,8087,1,4630761de87581e8b659dc77bb7eb4ee,ca753b1e379d59868172ac9d8d62d14f,luggage_accessories,luggage_accessories
5528,7144,1,621dce691c2ff3f99e21c21057ddc0ba,d348ac5af6bfd272f42c47f26e56a425,bed_bath_table,bed_bath_table
5538,25642,1,d3b023772520cd1c6ea58f6701679d4b,68bf40b3abd5ffc25981c25df9ed9087,stationery,stationery
5538,25888,1,d3b023772520cd1c6ea58f6701679d4b,e4ad97ce352e46bebac92018f6ed976d,stationery,stationery
5543,9561,1,d011223de539cd224b5c5c8082313d46,7814c273ab16783d73a9863ebfa8b141,furniture_decor,furniture_decor
5551,23530,1,fb31d5d2acd4bf37057330c1a96af712,cd58b9f614170d691ae0b6049f842894,auto,auto
5558,27077,1,83b9177e8afdc2719c085b5a96aa441b,f1443bfa1e4eadc787b25d959f21163b,sports_leisure,sports_leisure
5560,6381,1,2584d5fa1ac792c8c26168eca51bb4d0,e5989cd466f0714e1439b95bf6a279da,home_construction,furniture_decor
5566,19145,1,50aa8f292a9510d5542f2a078903a2a7,3025303c80b01a0926fda2841cc31b4a,sports_leisure,sports_leisure
5566,19177,1,50aa8f292a9510d5542f2a078903a2a7,f28cbd414cd06f1ae84065c8dd8be834,sports_leisure,sports_leisure
5567,28858,1,0160785b697a5ea87d52949bd097ce05,4621f88827b983332c2a833d49c2ae35,luggage_accessories,luggage_accessories
5568,28271,1,e0352fc1b2c93712f1772fc4b0204db7,8c22b9ad6943f7dfc87fde6fb92ab133,office_furniture,office_furniture
5575,6230,1,33e503f68fb60fe165ed992965f2c737,993ac19aa975075775c16ba15426f8be,computers_accessories,computers_accessories
5575,26050,1,33e503f68fb60fe165ed992965f2c737,1179867d805886591809f49767db9ecd,computers_accessories,computers_accessories
5576,7169,1,73bcea4312cb31d72bffc6562f7f7c71,ae3e0cf8b9e4a3a027fc5d4b0a3eb2a0,cine_photo,telephony
5576,12223,1,73bcea4312cb31d72bffc6562f7f7c71,96627b65a0070635b620d07f97e63347,cine_photo,cine_photo
5576,21674,1,73bcea4312cb31d72bffc6562f7f7c71,b7351032045cba592a6d97b36f5fd8e3,cine_photo,cool_stuff
5579,25848,1,efaf96097dbe32a78254739ee35900cb,b6eb2752e40bb6f33a3b608e78f5ffec,fashion_male_clothing,fashion_male_clothing
5580,22978,1,eeab31cd2a4bcd64e6b249e0a674b3a8,1b0e9a414e59a00b13262ffb248ed9b4,food_drink,food_drink
5580,28779,1,eeab31cd2a4bcd64e6b249e0a674b3a8,3ead2a8b3b92444cfac54979d56c7993,food_drink,food_drink
5580,30516,1,eeab31cd2a4bcd64e6b249e0a674b3a8,2b7bb91ceee2bfa598986638fb136ba4,food_drink,food_drink
5584,17969,1,ba37ce1b5e0638cf45fd59f63ada0093,3487b8d662448326a09da14416640170,furniture_decor,furniture_decor
5584,32796,1,ba37ce1b5e0638cf45fd59f63ada0093,c22dc992a198753e51e4a25f83957b9b,furniture_decor,furniture_decor
5592,22572,1,abb9d7140478c19fd773dc14e8071abd,7340a3839a1de1e99d149b8cf052a2ec,cool_stuff,bed_bath_table
5595,22201,1,32a6743a58d26480b6aa3850856286ac,e54c8ba67da5205de229678ecea7ff66,toys,toys
5621,6604,1,9eb0c62c8c4159426b700eb10045dc44,b73465327bc1b605da184574c741e80f,telephony,telephony
5631,28724,1,4660b448a9e1499945013a9fb3f11ec4,cc63d91555437d9d8d9ae7bf007a1f2c,bed_bath_table,bed_bath_table
5648,11685,1,207bb2d8180c2c7654872f6fab96e40e,410d5b211dce5611e7a6412bf0cc30fa,telephony,telephony
5661,25040,1,955d13d7e0c184665441e35897a4f3c3,a4aa7c1427c31344e5f7cc3d839fe562,pet_shop,pet_shop
5681,15905,1,c03500a4a72be532834b3d947821d519,f6c8384f424cad1a22fd89bbc62ff7ae,pet_shop,pet_shop
5705,14273,1,8d777214c45c704660310bdc5a2741ea,b89603272c5e7806893eb03712a0b937,furniture_decor,furniture_decor
5705,20435,1,8d777214c45c704660310bdc5a2741ea,d92239d375e7626174b8545ea884b504,furniture_decor,auto
5705,21148,1,8d777214c45c704660310bdc5a2741ea,0522015abfd1094949180dee8dacbdf9,furniture_decor,furniture_decor
5705,22571,1,8d777214c45c704660310bdc5a2741ea,728cfef9eca3d89054807d5c7e894e04,furniture_decor,furniture_decor
5705,26221,1,8d777214c45c704660310bdc5a2741ea,2d40d83fc97b8d4d468b4ab5a6a0810d,furniture_decor,furniture_decor
5706,18191,1,cee96128d25ffe3429e69452233838dd,8e312c483d79e02dbc1d68cce77e26c8,bed_bath_table,bed_bath_table
5708,8291,1,7a8dfec813ae58cfaa3e1ef9f534adab,d1c427060a0f73f6b889a5c7c61f2ac4,housewares,computers_accessories
5711,17552,1,5babb170cd172ec25690087d7018f26c,5dcceb4689c06ac693117bc4296986ef,bed_bath_table,bed_bath_table
5726,14052,1,f45cf520fba787f057d57c5c8138668f,422879e10f46682990de24d770e7f83d,housewares,garden_tools
5727,22658,1,2c2491f31fe7320124ccf2f3404354a6,2b77f7be775706a00e4dc6e720c874a8,telephony,computers_accessories
5735,15551,1,f264c1d9b20b5e4a340254d0405e613b,fd28b464cf1660a67606f7b48c8c38c6,cool_stuff,bed_bath_table
5736,19303,1,a214ec4881cfa50f718046bdc15c6a22,1600dcf1cea8c0c83702e07b577ab231,watches_gifts,watches_gifts
5758,21064,1,4c41f7f8ca78f88fa539d43d08c504d3,4dddd45aa241530edb5412e8846361fa,health_beauty,health_beauty
5758,23702,1,4c41f7f8ca78f88fa539d43d08c504d3,ea2d6aa9595ad8927759e363f8210825,health_beauty,health_beauty
5763,20801,1,a5d89252158ff2fc7effe07dcffbbc14,aaac7cb8bbb8fe12c5758225cd464e5c,sports_leisure,sports_leisure
5764,29971,1,b7c472e4bf39b63628ecedc8c9af805d,b3b9bbe2bce84b01d3333df71d742590,garden_tools,garden_tools
5765,28180,1,6d0af4d8b482cc38d72acafc37bdd8f1,1078e04ece7f1498a5ea393bf9c4eb98,Unknown,housewares
5766,15476,1,a03e401d58a45187271718c5d7610422,c9b8a74a8865b966e660cc1f7b4e32a9,housewares,bed_bath_table
5781,17694,1,6e41ce53043104a92912099c90215f1e,ce497a3d92ec305f5d9ef0c4b6980a95,furniture_decor,furniture_decor
5781,25288,1,6e41ce53043104a92912099c90215f1e,1fa419f430caa58899132fe77917b7b6,furniture_decor,furniture_decor
5809,21799,1,ff7a70b3356d433014b7d6957ed196cb,0f343c0a45653e6efea356d147833357,furniture_decor,furniture_decor
5809,26387,1,ff7a70b3356d433014b7d6957ed196cb,6c706bd66d6df5b9eaa716699943efd0,furniture_decor,furniture_decor
5817,20756,1,211293b50935ced8d4370f552c482d74,abaefce0c17047c6829ff4078f2005d0,drinks,sports_leisure
5817,29163,1,211293b50935ced8d4370f552c482d74,7cb5b984262835ef46a1ed83d04d0d44,drinks,drinks
5823,27327,1,2b4609f8948be18874494203496bc318,46e24ce614899e36617e37ea1e4aa6ff,health_beauty,health_beauty
5829,22859,1,52913ee46d43e465b2d40c81e7ccac23,ee3d41c81fc9573f585d13bd61ce58f6,housewares,housewares
5841,11402,1,3215010238fcd9cab6ba7d2b81a6973d,60495adb1f1a49c8aea75e5e56a47a48,market_place,health_beauty
5846,8283,1,02a0c276d5a252215b48269dea73a6e7,2527d5ced6628c0e47d84293794bc208,sports_leisure,health_beauty
5854,22615,1,2a3539131370b3ac020dd5f7a656a53d,f89cd865cac300a9bf1320dd8f0fa223,electronics,electronics
5857,21418,1,38273c03eb0f88327f62c1d521260623,8a9efe06f7135fd2dfc7b84b30144bda,computers_accessories,cool_stuff
5857,23524,1,38273c03eb0f88327f62c1d521260623,2b8db93524783231aa75136bb201e659,computers_accessories,telephony
5862,8646,1,9666f6aaf24141e6d17f7d56921f364d,2ceff1056fe5bd4ee443433402962fa4,furniture_decor,furniture_decor
5874,16736,1,b01cedfa96d891427058852f0625e9ee,8b90be4893a4277a9f33c5b2348cf9c6,Unknown,bed_bath_table
5874,22127,1,b01cedfa96d891427058852f0625e9ee,fa94f25a73969e3a25d52706e246dfcc,Unknown,bed_bath_table
5886,28112,1,174f6dbd30e54c690ac97b27a3a793fa,7efc9c66bf68e3026c7846b0ec3e8682,health_beauty,health_beauty
5894,6023,1,309dd69eb83cea38c51709d62befe1a4,678c229b41c0e497d35a25a8be1cc631,construction_tools_construction,construction_tools_construction
5894,8866,1,309dd69eb83cea38c51709d62befe1a4,0cf2faf9749f53924cea652a09d8e327,construction_tools_construction,construction_tools_construction
5894,10914,1,309dd69eb83cea38c51709d62befe1a4,21b524c4c060169fa75ccf08c7da4627,construction_tools_construction,construction_tools_construction
5894,18300,1,309dd69eb83cea38c51709d62befe1a4,4a5c3967bfd3629fe07ef4d0cc8c3818,construction_tools_construction,construction_tools_construction
5894,23653,1,309dd69eb83cea38c51709d62befe1a4,0de59eddc63167215c972b0d785ffa7b,construction_tools_construction,construction_tools_construction
5894,31435,1,309dd69eb83cea38c51709d62befe1a4,1065e0ebef073787a7bf691924c60eeb,construction_tools_construction,construction_tools_construction
5899,22149,1,9feeadd6b97835152e83e1b25b46f5c4,3a22eb30c7bdd30bf0a4729ed8614d82,sports_leisure,sports_leisure
5915,20283,1,496f6bd86011e5a9ddea8dc96e802340,d4a8ab90e626911fa92af68c07228390,furniture_decor,furniture_decor
5915,21831,1,496f6bd86011e5a9ddea8dc96e802340,f08c59bc335a381d2b015c4efdc6dae3,furniture_decor,furniture_decor
5915,24978,1,496f6bd86011e5a9ddea8dc96e802340,75d67b030a777f5f1081b8830606abb5,furniture_decor,furniture_decor
5916,29543,1,65dfa5d20f4beb1a0f6aad75c004434f,ddceb6eef6af67e9fbbd4c148dbe5fd9,cool_stuff,cool_stuff
5925,31501,1,7c78931da71b756d23d98d0e53e01fb0,8751413c85ce4cea7d99f15ee76d76c7,bed_bath_table,bed_bath_table
5926,8680,1,83294cbb80def7b3b28087e0d2078d8a,9ddefe6012ab29194435ee63df2779a1,health_beauty,health_beauty
5926,17157,1,83294cbb80def7b3b28087e0d2078d8a,61937887eb6ee0b405a5759756426486,health_beauty,health_beauty
5926,31568,1,83294cbb80def7b3b28087e0d2078d8a,802e849764db04b055b0cb2c12022d32,health_beauty,cool_stuff
5929,20356,1,69455f41626a745aea9ee9164cb9eafd,1fa5685b6d15b1f431092eb5e391250c,watches_gifts,furniture_decor
5935,19268,1,51555187e14ed8bb8addc25344848ef7,e273c62ea30d5ca1753739e6d25d15a1,bed_bath_table,bed_bath_table
5935,24063,1,51555187e14ed8bb8addc25344848ef7,f3fad6d734fb27bf8a548562e04f9a5e,bed_bath_table,bed_bath_table
5947,17200,1,3033b785da7b2b5dea9e41fb29b72109,db6796aa712a2626572bb3d0b9a039cf,bed_bath_table,bed_bath_table
5949,13352,1,f3c5707e7c539ab6533e3611da02b648,ea5e798481ff9bb1edc6823d98d83634,bed_bath_table,bed_bath_table
5951,20398,1,f130542b9dab05d4540ba00f35f0880f,8e87b57f5bc7661130ee7803017f3f32,fashion_male_clothing,fashion_male_clothing
5954,20778,1,1f14955ab3f179a666e101d5984b1319,57518979d2090ce36061fdb544c8515a,fashion_bags_accessories,fashion_bags_accessories
5958,13632,1,bd1aace4fad5609f005fd721b45dcec4,51c6445e30f155ba9dcbca79b13edf36,bed_bath_table,bed_bath_table
5962,21443,1,cec09725da5ed01471d9a505e7389d37,438b5ad4eda7949fae4a4b834a69bcd6,sports_leisure,sports_leisure
5962,28022,1,cec09725da5ed01471d9a505e7389d37,a42d9c825894f96fc6ed02610891454d,sports_leisure,sports_leisure
5962,31122,1,cec09725da5ed01471d9a505e7389d37,55945cf4a4e6def88dcc8996a581608a,sports_leisure,health_beauty
5964,12564,1,98cd3776d33bddd0ebf8ad8b4732d1b4,4610f9bc86835033aab4160bcb1c3d27,furniture_decor,furniture_decor
5964,17818,1,98cd3776d33bddd0ebf8ad8b4732d1b4,57d9a5d185e8254383504f57c4b8ddcc,furniture_decor,furniture_decor
5964,22025,1,98cd3776d33bddd0ebf8ad8b4732d1b4,ace91f88d635b9e5563e36cc0a0a8f09,furniture_decor,furniture_decor
5964,23527,1,98cd3776d33bddd0ebf8ad8b4732d1b4,ad5396bf96af6ede77130e54ad266c61,furniture_decor,furniture_decor
5964,26360,1,98cd3776d33bddd0ebf8ad8b4732d1b4,c006d1427332464b79808bd9dfaec943,furniture_decor,furniture_decor
5979,25086,1,5abb262996451f878f52e83d721e74dc,098c663630a7a81f7d7f42a2ce0b02d7,toys,toys
5983,19449,1,1b474c650cb9407d32a1e066937b68fd,461f43be3bdf8844e65b62d9ac2c7a5a,watches_gifts,watches_gifts
5984,11638,1,83634a7abf56905fc9ab415328908de2,9df7c1b358350fe845b77ee08c49600e,computers_accessories,computers_accessories
5984,29951,1,83634a7abf56905fc9ab415328908de2,72f027cff2922e7c85a28976ca21a1bb,computers_accessories,computers_accessories
5990,9795,1,1164c17af70425821f88bfbdc9e907a3,83b00325c13c44245b2c3a2befa62a0e,baby,baby
5992,22109,1,3477030902c7c383db840003051d8115,f97a136cf6e5f5d9333b513afc8b153e,bed_bath_table,bed_bath_table
5992,31388,1,3477030902c7c383db840003051d8115,8a443635fdf9759915c9be5be2e3b862,bed_bath_table,bed_bath_table
6005,6729,1,368645a47a15770520ad12d9ea77c2f2,5caaa02918381c4ad59d38fdcd4a28b9,furniture_decor,furniture_decor
6005,9436,1,368645a47a15770520ad12d9ea77c2f2,f2bec64d5d795250be5e5ec2d38a19b6,furniture_decor,furniture_decor
6005,10709,1,368645a47a15770520ad12d9ea77c2f2,b6e406be1aa00db8be5dd3ec6b524d4d,furniture_decor,furniture_decor
6005,13325,1,368645a47a15770520ad12d9ea77c2f2,27761f21b03a32be1aad6ebaebddd747,furniture_decor,furniture_decor
6005,24887,1,368645a47a15770520ad12d9ea77c2f2,5dcd17b12ed2175d4fe6157e047d7be2,furniture_decor,furniture_decor
6012,7080,1,9ae64e1163bf254bad20d5155cffb99d,9bebdd5c142f3d0052c0377cc80b9385,stationery,stationery
6023,8866,1,678c229b41c0e497d35a25a8be1cc631,0cf2faf9749f53924cea652a09d8e327,construction_tools_construction,construction_tools_construction
6023,10450,1,678c229b41c0e497d35a25a8be1cc631,d6fa8b99ed80bff9dcddd3fdefa6e68d,construction_tools_construction,construction_tools_construction
6023,10914,1,678c229b41c0e497d35a25a8be1cc631,21b524c4c060169fa75ccf08c7da4627,construction_tools_construction,construction_tools_construction
6023,17728,1,678c229b41c0e497d35a25a8be1cc631,507914b4af243e0589c389ac50545ef6,construction_tools_construction,construction_tools_construction
6023,18300,1,678c229b41c0e497d35a25a8be1cc631,4a5c3967bfd3629fe07ef4d0cc8c3818,construction_tools_construction,construction_tools_construction
6023,19650,1,678c229b41c0e497d35a25a8be1cc631,26facbccf840188b92bcc8cb89fe1f64,construction_tools_construction,construction_tools_construction
6023,22634,1,678c229b41c0e497d35a25a8be1cc631,bf1a9a02e2160143755052e6bf59740f,construction_tools_construction,construction_tools_construction
6023,23653,1,678c229b41c0e497d35a25a8be1cc631,0de59eddc63167215c972b0d785ffa7b,construction_tools_construction,construction_tools_construction
6023,26552,1,678c229b41c0e497d35a25a8be1cc631,5b1f3328a2c6f837ecce21bca1489939,construction_tools_construction,construction_tools_construction
6023,31435,1,678c229b41c0e497d35a25a8be1cc631,1065e0ebef073787a7bf691924c60eeb,construction_tools_construction,construction_tools_construction
6029,8700,1,134957eeec87be2414ac629ee0b947a4,8a3254bee785a526d548a81a9bc3c9be,computers_accessories,construction_tools_construction
6039,12977,1,f2e53dd1670f3c376518263b3f71424d,e5ea77a1575b40961598bca64f081976,bed_bath_table,bed_bath_table
6039,15077,1,f2e53dd1670f3c376518263b3f71424d,b05fae603a3a28a977633c139cece058,bed_bath_table,bed_bath_table
6039,17185,1,f2e53dd1670f3c376518263b3f71424d,0efc91aa52d1f0669126d3000a94279b,bed_bath_table,bed_bath_table
6039,22087,1,f2e53dd1670f3c376518263b3f71424d,5f6ab61ba623091b2ced14e75d9e56a6,bed_bath_table,bed_bath_table
6041,6089,1,fde71f25e699ca0a2a83a6c3a249b816,f4c6e3643d47244bec4766d72c07ac4f,books_imported,books_imported
6056,26630,1,32442bee23baee10041f5a964cfcbd15,6c3f9c870ff6e96ad4f4511602078fb0,stationery,luggage_accessories
6073,17630,1,f124ba93c961061c1358bab8b90730ba,586328f570ac0b651d452f1227db4d1c,audio,watches_gifts
6077,18124,1,b20dff2518b593f3092fb7b3ba13588e,2fc854e3ed45da2c8e6031bf79521203,Unknown,bed_bath_table
6078,15894,1,96c1f14a0754e0f2c40523478a4075df,183c95ad186f48c320bbac4643829d3f,health_beauty,fashion_bags_accessories
6090,20021,1,b00e24be53a1785f1f613e747809a5ff,0e2c6b2fc22b192f824a68a0fa537aa0,sports_leisure,sports_leisure
6090,26861,1,b00e24be53a1785f1f613e747809a5ff,73852ee3739732147010f2be732d597c,sports_leisure,sports_leisure
6099,21427,1,27672da99215b426dc0ced05731bccc6,954ed36fcf28237749ef5616ab0eff87,fashion_bags_accessories,fashion_bags_accessories
6100,27173,1,660fc6f47144a19180d7309e37155f1e,9d47dddcc5eb825534e212b1b927385f,fashion_male_clothing,fashion_male_clothing
6112,29278,1,5115d8cd6438c0c4d8abdf38d5d41ebd,77fa3381855b6763c52ca3b72824f508,fashion_bags_accessories,fashion_bags_accessories
6134,15702,1,5c9d92777b62444d9fbffe92338d9e21,810e2944bca9850b934e1570ba372e7d,construction_tools_lights,furniture_decor
6135,9662,1,7aef20f12c90de905bf7782cb29dffb3,99a4788cb24856965c36a24e339b6058,furniture_decor,bed_bath_table
6139,7904,1,23fa975ce8503131504051933f2643af,c7f94c1833b036167fcebd72310a4e5d,bed_bath_table,bed_bath_table
6151,23179,1,e3a23a99f074226ad690393a840c3244,d1b8f5983d9573c8e523b8c56a59497d,fashion_bags_accessories,fashion_bags_accessories
6167,13860,1,497afaeae8d825d8938d01e92007f654,4737840499dd8ffb4c3e54caf8a3ab9a,furniture_decor,furniture_decor
6176,10233,1,a52c53c58fd2105adfe80a817dfa5a76,25e8c983d94d410066929065c0d9cf53,bed_bath_table,bed_bath_table
6183,14556,1,09f62215f404dbd29cb4378c9952e1b9,5525bcf86683c9d9777c2f28326d7db4,fashion_shoes,fashion_shoes
6203,12188,1,8dc2f396f9c1b21665f94a5caa0ee791,bd2128c3d2188ccb151b12d129ee264a,housewares,housewares
6230,26050,1,993ac19aa975075775c16ba15426f8be,1179867d805886591809f49767db9ecd,computers_accessories,computers_accessories
6233,12566,1,2eb384017334e47db9ccf364216799df,286095c794e49a9fe92fd5082c1360b1,housewares,housewares
6233,14836,1,2eb384017334e47db9ccf364216799df,63eb97106bfe47fe857edcf78f3e3e08,housewares,housewares
6238,12504,1,c6dd917a0be2a704582055949915ab32,4f4c375e79a2f5b62000807e99d85407,cool_stuff,baby
6244,16456,1,8e6dfa2ec54784c9cc3b54dbfc03cf28,b9ec59c34a1b048fa9c2bbe3296a7842,bed_bath_table,bed_bath_table
6257,10964,1,f3720bc68555b1bff49b9ffd41b017ac,d5991653e037ccb7af6ed7d94246b249,computers_accessories,computers_accessories
6259,16062,1,a247560ddd8592a3eed82b43f60d9f27,983b5668afc4aa8777599206fcc8964f,stationery,stationery
6264,7390,1,b917d488bd4ad4225f8d046a32e2d122,356260965b761056864ff939baeb4b22,pet_shop,pet_shop
6266,19167,1,7dfaf5d5673b7663f59e93262a2e393b,36940188c2ad1a212b94931a08cc3c29,telephony,telephony
6275,28359,1,f82a4b08cf7b2bf375fb77e519231f9a,5215eef690e61a0c178ed552e6e2d06a,furniture_decor,furniture_decor
6280,12026,1,40cb7bb3d30559b9b6c4fb62bc837962,b74d57e3377dd78aace6d070fc48cc88,bed_bath_table,bed_bath_table
6280,12219,1,40cb7bb3d30559b9b6c4fb62bc837962,86f024d3bdcdb9b54c9fffd92be39f54,bed_bath_table,furniture_decor
6280,27864,1,40cb7bb3d30559b9b6c4fb62bc837962,ce98361ef1341e15087ae4b1b2c53fdd,bed_bath_table,furniture_decor
6285,7373,1,e7ab5dc415d1ef9ab700f49ce67adbdb,2e104fe380a40d60654e7b36c7cf0fbf,signaling_and_security,signaling_and_security
6309,7825,1,b2fd74298e16eef2568d2f9dff6042c8,f77dd338d9f75229a09cbb9a18fd0c9a,housewares,bed_bath_table
6309,13071,1,b2fd74298e16eef2568d2f9dff6042c8,7eb96ea641252f20b26fd6878d009a1d,housewares,housewares
6313,10677,1,313f8ed3413f949a1c0eb1cd6495ae5d,0b4b59f6bcaf697444a8b7b14f630b15,bed_bath_table,bed_bath_table
6318,13888,1,fd925ce72399e23cbc5d75e224fc2b57,e8b81f90e760cf36a89ecf3b3bf6cf05,computers_accessories,computers_accessories
6332,28628,1,3d85e85bcd2c0315e0db407db8f7b532,5526b1ae9ab2688cf600783cece249df,computers_accessories,computers_accessories
6336,9216,1,aadff88486740e0b0ebe2be6c09476ae,e0cf79767c5b016251fe139915c59a26,health_beauty,health_beauty
6340,29036,1,7001d71d1ad858e07e5a341649412e76,59536eeb13a52ef81966f81b91fb481e,housewares,housewares
6354,12950,1,a0498bf8b8ff0c35a6b8c736a71526ab,1c27515baa5bece76d41e2353efcdd8e,housewares,housewares
6354,30274,1,a0498bf8b8ff0c35a6b8c736a71526ab,b5661cf46c147805adc83695fb04f487,housewares,housewares
6359,15489,1,1c5b28beb34835f960261f45ba22a136,4299cf45bc9aa8ef5bd9337035c286e5,perfumery,perfumery
6365,7397,1,47cad419b0ad5dc9d2305bf795c3c16f,ea1d9847778160f2d0c74950812fd8d0,auto,auto
6373,25220,1,b1a72e4db970375eb23425e55df451f3,04de91d60b1cc9be205fb4a63c87bece,toys,stationery
6380,13526,1,8cf306b87f5f0832d70505004465e39f,e8c68ed99b73a85e2c22388f4a702bc0,fashion_male_clothing,fashion_male_clothing
6380,32413,1,8cf306b87f5f0832d70505004465e39f,24dea9b9a1d450d96702d46a0a835ff3,fashion_male_clothing,fashion_male_clothing
6382,15118,1,9fdc434e0c81bc6d990065c2a7efb4de,056010e0e6196d99309275e1b2d12c80,stationery,stationery
6388,6531,1,0efaf4b155c6545bdc426ec0722cceaa,1d0e69d769465dd7bacc44f752215f10,toys,toys
6403,6856,1,40376ad8bd1bd1066449dbb09440dc43,ac5e164e2eda939ffa46593f90077f9a,fashion_shoes,fashion_shoes
6403,7145,1,40376ad8bd1bd1066449dbb09440dc43,834df04774f3aa4b60bfd6f839f448bc,fashion_shoes,fashion_shoes
6403,10661,1,40376ad8bd1bd1066449dbb09440dc43,39a0578866cba21bcead91f5221af2a8,fashion_shoes,fashion_shoes
6426,28743,1,decdbf117444f265f4400886439f5fd7,b5d652cabeb01249ad1cf910eef3230b,furniture_decor,Unknown
6441,32927,1,bb9a7bcdb8c9facc7f1262db27fb1300,c1cf541d5b33a4b04ddc1c3be7aa1c86,health_beauty,health_beauty
6447,20413,1,6ed93af03d1f53308d3a9c6555a94d08,bf1b2e528a5bb0bbc9c121afd9b9c7ee,computers_accessories,computers_accessories
6459,20833,1,dd735a55e6c75fb8fbe93e14d1c3bf07,b22be29b1a6f923436642bb5fe433071,housewares,housewares
6460,9593,1,8812d73b9937b5bd3648ff9d11f9c3fb,609b1b50202d276e56b2468006fa82aa,bed_bath_table,bed_bath_table
6460,24063,1,8812d73b9937b5bd3648ff9d11f9c3fb,f3fad6d734fb27bf8a548562e04f9a5e,bed_bath_table,bed_bath_table
6463,26054,1,341c7cf0d9806592075c3090658f5c81,073afdaeb2d71d4da3ce0c6935614289,furniture_decor,bed_bath_table
6467,13595,1,900c2341f3b48dcc07b37f6e9e080b9d,f5878588566e438fc92fbe0cc38d4cac,bed_bath_table,bed_bath_table
6474,19388,1,c321936f167cdd14866ac591eea36f38,64fb265487de2238627ce43fe8a67efc,Unknown,bed_bath_table
6474,32590,1,c321936f167cdd14866ac591eea36f38,10dbe0fbaa2c505123c17fdc34a63c56,Unknown,Unknown
6481,10882,1,3dd519e4024a114cdf2825caa88c6091,12fd8665371236b5b586ea4e448902c8,bed_bath_table,home_confort
6497,14855,1,0f8fbb821185443113de3e04ef989be6,c66f4d77ea8fb8fb4cd25ecc70dbacf7,bed_bath_table,bed_bath_table
6501,28611,1,a5647c44af977b148e0a3a4751a09e2e,d6fe3b4ddecd4a8393c6a1385de3bfb6,office_furniture,office_furniture
6503,6958,1,83309bfd8eef19fbfaa8e790b824b572,f42892b40225227fe465626ff509a92e,home_confort,home_confort
6510,9587,1,59cca754c20b7b0322b24dab95a81be5,b8dabeb598db5ace52983a669b90238e,housewares,housewares
6510,20732,1,59cca754c20b7b0322b24dab95a81be5,a7c9b5877966d71112d9a1b392fef8d1,housewares,housewares
6523,29183,1,d5a94c75d108fd56ceca390b4ae60e55,d68eb7babf9085d77c5cc4306313a374,sports_leisure,sports_leisure
6525,25642,1,c38f6f64a4a1abb154fd4c09070d00a8,68bf40b3abd5ffc25981c25df9ed9087,stationery,stationery
6528,26813,1,5403528d987ad26e8d7cb25940411987,712c57780310856377c327e662653625,watches_gifts,sports_leisure
6528,26934,1,5403528d987ad26e8d7cb25940411987,e06f99e79036d681effa3de75989bf22,watches_gifts,watches_gifts
6540,16826,1,dbfc56759eb2cf348fed10084dd344f7,ba131cee7989ef04b93a79030969c92f,construction_tools_lights,furniture_decor
6540,21267,1,dbfc56759eb2cf348fed10084dd344f7,ea43692dc9b918c387ae280bc382b406,construction_tools_lights,furniture_decor
6558,8724,1,98ec655119c24de03b804696821f3955,f40876e0ef3cd5f9132b1f16b04b1346,health_beauty,health_beauty
6558,15919,1,98ec655119c24de03b804696821f3955,9bb8ca338e5588c361e34eae02e8fad6,health_beauty,health_beauty
6572,24613,1,6167837141fac33cf09874ab78dcca86,ea4d546188ec8252ef66cff2f9c9ed9f,fashion_shoes,fashion_shoes
6572,31357,1,6167837141fac33cf09874ab78dcca86,ac942b3f5756151f9dea022e7058d7c9,fashion_shoes,fashion_shoes
6581,9579,1,1f5a00433bd192f9ecdbb987e7866c3e,b95d6edcfc7b19639b18dc095f757d09,bed_bath_table,bed_bath_table
6606,13283,1,76b7fa5da50b22fe17d1e7bbde661106,a3daee3915d4fb98376e039ede6bdea6,furniture_decor,furniture_decor
6606,16865,1,76b7fa5da50b22fe17d1e7bbde661106,62298e8302e154172f8904c0c2fc620d,furniture_decor,furniture_decor
6611,27193,1,ee2568e85817bc2c070154cec07135ac,75b244904ed62f3af89d3fa542c41026,toys,toys
6631,19798,1,5567c10de36ebd118569fc875d064e1b,542b3d80712d51eefe3a3cd1c5f4e8fe,furniture_decor,cool_stuff
6633,19108,1,ff55834c0b3272853dfe62340f2bb91b,b84520a57891e7a8ae2c68741dcc7146,watches_gifts,watches_gifts
6633,19303,1,ff55834c0b3272853dfe62340f2bb91b,1600dcf1cea8c0c83702e07b577ab231,watches_gifts,watches_gifts
6644,19388,1,12cabe5229bf1f037e257f645f04caa4,64fb265487de2238627ce43fe8a67efc,bed_bath_table,bed_bath_table
6674,20907,1,578e6e457425cbed603f5787ecf54b2a,05c11568c221bcac5790a8720019d141,auto,auto
6681,21621,1,3bf87d2001b8176e6a3ad804b80774b4,30de9bc2bc110c6a584cacba9c17d88a,office_furniture,office_furniture
6683,18375,1,e1ff3a1468d0e11fe813756e733e0fa4,f2e9bb932d99a4a695ebde162fcefc35,furniture_decor,furniture_decor
6684,10665,1,6a83aaaaace0f050ef46ecf0fbb32854,47b627a984bc4bde1b90fcb73fe0fd3c,auto,sports_leisure
6687,22063,1,eb8dbe7d2dd22ab3547925e49a78feb3,0afbecb15d10af6e2c8e3a682becb22c,sports_leisure,sports_leisure
6692,11972,1,65bb1c5a918d2876d7a0262774887d86,1a69b9ec6d25d7656d024ad51f55c0ec,furniture_decor,bed_bath_table
6697,28538,1,e2f1ccf86759df28dd1e9f2e0e3242d4,432357855585cf634fc9923523ce5e4a,health_beauty,food
6701,29787,1,eb048e296b8db6cd64b1bafd9500786c,c804537dd3a8ff5f94d3ee384eccfb98,bed_bath_table,bed_bath_table
6706,24036,1,9794fba8c8aa64ab4fece2d3cbe731e9,a45af86c4a7948f5fabbb5b0132475cd,furniture_decor,housewares
6713,26982,1,34dabb8af33b3756cf72df05fb327011,7f1a77bec0639e473392e91a504272a5,tablets_printing_image,cool_stuff
6715,22824,1,aefb222adb91095556d8aee8ccd7f97f,306599a052830af3cfebe42ee7a79dde,housewares,housewares
6716,22281,1,c5cb254d666e4420d56b5dc67ff59d29,c6e513054b982283c1cbbb2a45d02d83,computers_accessories,cool_stuff
6729,9436,1,5caaa02918381c4ad59d38fdcd4a28b9,f2bec64d5d795250be5e5ec2d38a19b6,furniture_decor,furniture_decor
6729,10709,1,5caaa02918381c4ad59d38fdcd4a28b9,b6e406be1aa00db8be5dd3ec6b524d4d,furniture_decor,furniture_decor
6729,13325,1,5caaa02918381c4ad59d38fdcd4a28b9,27761f21b03a32be1aad6ebaebddd747,furniture_decor,furniture_decor
6729,24887,1,5caaa02918381c4ad59d38fdcd4a28b9,5dcd17b12ed2175d4fe6157e047d7be2,furniture_decor,furniture_decor
6743,8546,1,f858dbf7475a6089fc882318b8aeaded,7afa8c8eca2a26b599823eed4975a820,housewares,housewares
6753,18842,1,6bbe55cf8f85c87b6eebb775a53402f4,cce5fb9f7c1ec276edfcf70741b519bb,tablets_printing_image,cool_stuff
6753,30175,1,6bbe55cf8f85c87b6eebb775a53402f4,0aa889132d2e6b79778488c79d025d99,tablets_printing_image,computers_accessories
6754,21716,1,8ed094bfe076c568f6bb10feada3f75d,7e646f7e1e428a1ddde5a18dd9d42e95,office_furniture,office_furniture
6754,23112,1,8ed094bfe076c568f6bb10feada3f75d,fc831da5307b1a3e23ed0259a2b6b2a1,office_furniture,bed_bath_table
6754,31163,1,8ed094bfe076c568f6bb10feada3f75d,f95d9369ebf76f811194c72bd22ff244,office_furniture,furniture_decor
6760,19991,1,e87b2200e1df21f624eea3e9bd087dc0,99306a16cc05ea73566ac3a2d92122ce,toys,toys
6760,31087,1,e87b2200e1df21f624eea3e9bd087dc0,2d5bb6fc16b9fb75539ddcd93de86aa4,toys,toys
6771,17788,1,1c93b38903bf11d9a9bd28f3c65481d6,946b20e2799c73ad1f8f95440f723ce4,home_confort,bed_bath_table
6771,30713,1,1c93b38903bf11d9a9bd28f3c65481d6,4d687600c495f2049542171633cf1f77,home_confort,bed_bath_table
6791,10609,1,a8624848cc85066425b656121d3da966,561e48cdfacd14e7cfe67aa4ebd0caea,pet_shop,pet_shop
6791,30557,1,a8624848cc85066425b656121d3da966,6b0510f16f7767cece59352e08e5432b,pet_shop,pet_shop
6796,12345,1,0d704e7a1f7ac1c5c03247e845d18f93,14dffa241a078aeaebaef48a49e807ca,housewares,baby
6796,13441,1,0d704e7a1f7ac1c5c03247e845d18f93,9c7c72948a0e56fdaa07985b71dffe18,housewares,housewares
6796,20275,1,0d704e7a1f7ac1c5c03247e845d18f93,014a8a503291921f7b004a5215bb3c36,housewares,baby
6799,25965,1,d102ed54656bd3eaf5bd365494e08bf6,427a9f5e8a9d47c60adc5ae34e2657d2,sports_leisure,housewares
6800,16573,1,12ad279319eff927d9333b42f3382ff8,4beaa629c1622b0fc9471351db5ea62c,fashion_bags_accessories,fashion_bags_accessories
6800,24841,1,12ad279319eff927d9333b42f3382ff8,f83a07c7e2a2609ea4c66d3d880b2a66,fashion_bags_accessories,fashion_bags_accessories
6800,31050,1,12ad279319eff927d9333b42f3382ff8,d2cd82700fc883c398ede93125dc1793,fashion_bags_accessories,fashion_bags_accessories
6800,32195,1,12ad279319eff927d9333b42f3382ff8,9f46622a1318d3fd0de27629a63e165d,fashion_bags_accessories,fashion_bags_accessories
6804,18394,1,4d272fe20c57c64dc74b3db191fc31ef,1891f20b2a27a8b700d7a7ff5a7a0039,bed_bath_table,bed_bath_table
6804,19183,1,4d272fe20c57c64dc74b3db191fc31ef,642a40d4d73b4b2604968937de13634a,bed_bath_table,bed_bath_table
6804,25572,1,4d272fe20c57c64dc74b3db191fc31ef,24d7b551f0ea7c3cea080d402b211132,bed_bath_table,bed_bath_table
6808,10429,1,9c46567584228684abb9695a398d0f18,aef099a1948ab0d8a11c5a4b41ab3809,housewares,furniture_decor
6808,28100,1,9c46567584228684abb9695a398d0f18,480e6d74b9b908faec73816883591ee4,housewares,housewares
6811,15492,1,ff29d8cb1cd0cd5ea37b80dac9939e1c,5176d8670222d50ebbe4d4c5dfba2b49,electronics,electronics
6811,32370,1,ff29d8cb1cd0cd5ea37b80dac9939e1c,dd0dcee76f9c12fff4bc0eb641d57c7f,electronics,electronics
6812,9484,1,d29534bc8c74cd3d91e0f175a5c9b366,a8075470f960215ffb67624782f80fec,la_cuisine,garden_tools
6822,29416,1,252dc23ff7e1241d046a1c2c5041ffb5,1d9faf066ad6f04ab65cdca8a7cdccec,bed_bath_table,bed_bath_table
6825,32761,1,d496f7647d2eceba04455a3e682c59a6,b0c2a004d315a5ba0b19584393ac478c,bed_bath_table,bed_bath_table
6826,24911,1,4e4533c3f5832b58737e5a6229fe39f5,1bab2e484686f57566de99a627223576,bed_bath_table,bed_bath_table
6839,31333,1,32dfa38395ccd47d7b320470b0514fee,05df88a280f9c6edca3b2f5f9b3e75ad,bed_bath_table,bed_bath_table
6843,13137,1,95f76a3205f55d54b001e730486c6737,bd4b8ef786f95b66ded2f483293318ea,bed_bath_table,bed_bath_table
6856,7145,1,ac5e164e2eda939ffa46593f90077f9a,834df04774f3aa4b60bfd6f839f448bc,fashion_shoes,fashion_shoes
6856,10661,1,ac5e164e2eda939ffa46593f90077f9a,39a0578866cba21bcead91f5221af2a8,fashion_shoes,fashion_shoes
6870,10964,1,36f60d45225e60c7da4558b070ce4b60,d5991653e037ccb7af6ed7d94246b249,computers_accessories,computers_accessories
6870,21442,1,36f60d45225e60c7da4558b070ce4b60,99f5b2240b82bf9387e5cf2fc0335b08,computers_accessories,computers_accessories
6872,12664,1,01365901d8f2247976a7e5d4c98c52c0,7dac8901a50cf3317d5372cbd3186ecd,watches_gifts,watches_gifts
6873,29023,1,553c5116d8f8866d39a1281071b3776f,489f5d51b1c23a85ccfa4062d0cb021b,furniture_decor,furniture_decor
6875,24582,1,be03d93320192443b8fa24c0ca6ead98,d4a3b5aa064bf44e74f1e71862bea22a,housewares,housewares
6880,27456,1,c252ac6ba12ddd61a54b4fd73f223e7e,770a3a5aefbd3d48745565765cc1936b,sports_leisure,sports_leisure
6888,28403,1,98354ddeaeae40bd6b705381191a9ffc,35bc6c77029697004675d3a2ce505916,computers_accessories,computers_accessories
6889,14434,1,5e5d267a41f3d8bb608c2f0bd4b4972f,d04e48982547095af81c231c3d581cb6,watches_gifts,watches_gifts
6893,8291,1,0fbf220f61720a67fc0d6432cb32a5b4,d1c427060a0f73f6b889a5c7c61f2ac4,garden_tools,computers_accessories
6896,10373,1,23ee71d4afa97c8d30028d4956baaa62,aa067411083105e630fe32dc30692555,furniture_decor,furniture_decor
6906,23232,1,ecb16469f307330a111729808a16db55,281bbfe70848e0b304bef88fc2caf2c3,bed_bath_table,baby
6919,23392,1,82758517d6c9cc65c509781f1e14e9f2,54d7ad85b648d3cb2b7069ed446d7f35,Unknown,computers_accessories
6941,9944,1,828c579b949972bdea5cf2203faf4563,ed22e5834e262559c99d7b0975e1032e,home_confort,home_confort
6941,23491,1,828c579b949972bdea5cf2203faf4563,f4cd1164757f2f82e7f949e9ba129664,home_confort,home_confort
6948,12368,1,f26157889d4e8ee5b3cbcce8e51c7d2f,ff7824d83aca56224fa3e3b524748ec5,sports_leisure,sports_leisure
6959,22964,1,83e2059df06602e05d9bc1abf28166ac,281905b21f01db1009fd7c01b10dd1d4,furniture_decor,furniture_decor
6959,31905,1,83e2059df06602e05d9bc1abf28166ac,4006da5107400e5ac48dbcc829a36c42,furniture_decor,furniture_decor
6966,12810,1,a19b6951c75da43aad691622dd2f6abe,ef66e63137bdd1b2e44aa968646fc1e3,furniture_decor,furniture_decor
6973,26975,1,37c269354554b312f0c614582c19cf91,a475fdcc33516e3be47806479b670256,bed_bath_table,cool_stuff
7006,26835,1,dbdbf03d0f71aa48a4fbe6ac2a5dd2f3,96f96ac6ce04504599e212a3d826361e,housewares,housewares
7007,11986,1,f35013cb05a9538a4428fa6161b2c96b,5bd7e57735a44e529bf066fee83a9c60,bed_bath_table,bed_bath_table
7007,14197,1,f35013cb05a9538a4428fa6161b2c96b,af680b3406a3179e4a4c2051c5384cfd,bed_bath_table,bed_bath_table
7007,17552,1,f35013cb05a9538a4428fa6161b2c96b,5dcceb4689c06ac693117bc4296986ef,bed_bath_table,bed_bath_table
7007,24760,1,f35013cb05a9538a4428fa6161b2c96b,5fe7fd1b8ea02958b45106dcd79874e8,bed_bath_table,bed_bath_table
7007,26218,1,f35013cb05a9538a4428fa6161b2c96b,4c4ac406dc3f4a2e7805e4b578d0fa0a,bed_bath_table,bed_bath_table
7016,18515,1,a92044ede94468b593b5e4d92498f6c1,b4ce8d32dea944f1720681420c4cd5ef,furniture_decor,bed_bath_table
7018,19108,1,dc52f0f5d3ec37a93eaf956cde4e5d2c,b84520a57891e7a8ae2c68741dcc7146,watches_gifts,watches_gifts
7018,19509,1,dc52f0f5d3ec37a93eaf956cde4e5d2c,27d089865ecb267c190122ec1feddb8a,watches_gifts,watches_gifts
7018,26369,1,dc52f0f5d3ec37a93eaf956cde4e5d2c,d2d39433df84064b1556612cc52cefca,watches_gifts,watches_gifts
7023,22038,1,d2f5484cbffe4ca766301b21ab9246dd,a91c1a94d83d36316c44e00e738607b1,computers_accessories,auto
7023,22430,1,d2f5484cbffe4ca766301b21ab9246dd,3ab4b1931a4bb6cbef302ea76254e850,computers_accessories,auto
7027,19246,1,7e9b52ab8c9b4c0fa93e431e8c3975e4,347492a8e06a539c0861eea7e527fdaf,home_construction,home_construction
7027,28766,1,7e9b52ab8c9b4c0fa93e431e8c3975e4,2480fca3af4f5221cf3596c257be308b,home_construction,construction_tools_safety
7028,13125,1,3c5ba90e09547db90868e803d139de30,ea3da91e6ba865972f9344cb9265296b,furniture_decor,furniture_decor
7041,10208,1,abe171a94bee936786955f928bd764ab,40b6762970c412b5b5392cd0d4c006b1,bed_bath_table,furniture_decor
7041,14890,1,abe171a94bee936786955f928bd764ab,05805f52cdeb93d7684f871e599f0078,bed_bath_table,furniture_decor
7041,21382,1,abe171a94bee936786955f928bd764ab,1890c01a38d17958d79fe473d451dc9c,bed_bath_table,furniture_decor
7042,13009,1,94982c575245c1664b51851ec653a79e,c89e8c067337f726514a8ef42a523811,furniture_decor,furniture_decor
7042,17447,1,94982c575245c1664b51851ec653a79e,23ec19b685ee9d7d8eea8877cb27cdf9,furniture_decor,furniture_decor
7042,32605,1,94982c575245c1664b51851ec653a79e,981cff5accf28a980a7de3bca3ba9b95,furniture_decor,furniture_decor
7045,13814,1,04ca6bf4b3d9aa78046f0973efe2f4b1,16522de6b7f6222b7f9c3b00a0cf3218,signaling_and_security,baby
7050,18248,1,b6cefe1d620b9208fe6fae76b2c72887,aa0568a1b7093748a1922993f5817983,baby,baby
7066,12124,1,924b2122bcd5d6eb53d37a167d3b1d47,02475368dfb38934fe55f574024fe1d7,watches_gifts,watches_gifts
7066,15529,1,924b2122bcd5d6eb53d37a167d3b1d47,5c692818d313aa12864b48ac0c2472c2,watches_gifts,watches_gifts
7077,31388,1,a4fa3b8fa5953b0bd18bf4e0b4de499d,8a443635fdf9759915c9be5be2e3b862,bed_bath_table,bed_bath_table
7077,32947,1,a4fa3b8fa5953b0bd18bf4e0b4de499d,a0b7d5a992ccda646f2d34e418fff5a0,bed_bath_table,furniture_decor
7078,29063,1,0d2865788d929343bde828269ea3dd8e,d51f8412df6df2f152d54d7bfbd07ae8,health_beauty,furniture_decor
7090,27930,1,84c6e1fb0400fb720bfd40e3396e9044,be7815756efd025355c3e09139c3f2ac,furniture_decor,furniture_decor
7091,17824,1,38f894aa22356ddb9e98478fbc016083,bff2390f68a7b76b01ef61b684888261,bed_bath_table,bed_bath_table
7091,27568,1,38f894aa22356ddb9e98478fbc016083,b5a47689050b1900fd74aa6b431579a7,bed_bath_table,furniture_decor
7098,32046,1,4b6c44983d57ae2a934d661aca96d267,6cc44821f36f3156c782da72dd634e47,bed_bath_table,bed_bath_table
7099,25564,1,3b4db17ce4f2c8731f83b093db7aa0b1,e9b3cf27d68caa64832c4a7c460abcb9,market_place,market_place
7100,14096,1,01ef0716b68c8493434ad32430c24e18,fe6f03cedd96bcbc5c8726c5963fd35c,bed_bath_table,bed_bath_table
7100,31023,1,01ef0716b68c8493434ad32430c24e18,aed1b83c5061ac7f89d40daa1bd3be6c,bed_bath_table,bed_bath_table
7113,18245,1,5c973b4202aac5c372a483e712306f4f,b627df9914b9bf141437c51b8a749d35,bed_bath_table,bed_bath_table
7113,27226,1,5c973b4202aac5c372a483e712306f4f,cfb763496d9fc48751a27db4fd02aa2d,bed_bath_table,bed_bath_table
7116,20988,1,57d79905de06d8897872c551bfd09358,1629b469d01aadb4f92644039ad17d5c,telephony,telephony
7119,25154,1,21634fadc73ca34ac36813b02f1f10c8,fb4dc3571e0698692224020b5b1b672a,housewares,housewares
7125,21653,1,24016cd8f7a556eaaf043552e23df9f4,82498e96fa34d0975dc61a765a65d523,housewares,housewares
7125,24689,1,24016cd8f7a556eaaf043552e23df9f4,9541c4d8ef396401c096f381c3d6aa64,housewares,housewares
7125,27782,1,24016cd8f7a556eaaf043552e23df9f4,540de93b2ffb859f65596855505ad7a1,housewares,housewares
7126,8887,1,e78506414d2563b6414cfd84b7fa0802,027cdd14a677a5834bc67a9789db5021,perfumery,perfumery
7128,28309,1,ac2075f88185bb528b66bfb7a5646369,f9f260f8a0d16df18bcc7248495d779c,furniture_decor,furniture_decor
7130,14820,1,0da904b76a8131e90eb8af2e4826ea59,c384e8f1f1c380ef1dbafaf080ba25fc,sports_leisure,sports_leisure
7139,21959,1,51250f90d798d377a1928e8a4e2e9ae1,f2ecbb02b6da187a9f14b8ac5781faec,perfumery,perfumery
7139,26008,1,51250f90d798d377a1928e8a4e2e9ae1,75c06ee06b201f9b6301d2b5e72993f8,perfumery,perfumery
7145,10661,1,834df04774f3aa4b60bfd6f839f448bc,39a0578866cba21bcead91f5221af2a8,fashion_shoes,fashion_shoes
7153,30867,1,4991aed650384274b2e7bce99caff130,033ccb3016d3b24bc724629b8df41f94,sports_leisure,sports_leisure
7163,16753,1,43423cdffde7fda63d0414ed38c11a73,7703b8cb5b77fbb36518ea91e2ca734f,watches_gifts,watches_gifts
7163,17427,1,43423cdffde7fda63d0414ed38c11a73,2136c70bbe723d338fab53da3c03e6dc,watches_gifts,watches_gifts
7163,28313,1,43423cdffde7fda63d0414ed38c11a73,a84d0660dbffebf352aefbf1a6b18d00,watches_gifts,watches_gifts
7164,32201,1,d9cb2ed0c6d5ccdd1da7ae9e8cad120c,83bfae859f4a37b048a3abcecb17c506,housewares,housewares
7169,12223,1,ae3e0cf8b9e4a3a027fc5d4b0a3eb2a0,96627b65a0070635b620d07f97e63347,telephony,cine_photo
7169,21674,1,ae3e0cf8b9e4a3a027fc5d4b0a3eb2a0,b7351032045cba592a6d97b36f5fd8e3,telephony,cool_stuff
7178,27936,1,ab52c2c44ec8bebc9559a03ec12c8eec,168a1b76a7598bdaefdc552324c1bbfb,stationery,stationery
7183,13549,1,9456cf1bbafac590a3b7698a06cb190f,94b67faa1e06c405396b019aadf24618,perfumery,perfumery
7186,17722,1,d69b7880f262ed14de5f8149d2f0931d,3fa864b2eb9bb60d23bfe315213bb5d9,fashion_bags_accessories,Unknown
7186,31420,1,d69b7880f262ed14de5f8149d2f0931d,407a9382e8c7e321e8ecee388edf0f7b,fashion_bags_accessories,fashion_bags_accessories
7188,7947,1,a999d76a7f3637ea493214fba43b5470,ae1d83f17a79da9d43ac1284316cbf2b,housewares,housewares
7195,16217,1,dd60cac04e6bcbc919cb1c7dcc473211,41b4baff1ceec845ba126eaeb07efa4a,housewares,watches_gifts
7199,12346,1,38021cef829efa264df6f9d21c4df6e9,d7a3cfa08519494aa1ad181e803617ec,musical_instruments,toys
7225,15013,1,887c03038c774a15272a3e75ca7b4fa7,e5ae72c62ebfa708624f5029d609b160,computers_accessories,computers_accessories
7226,12810,1,b4693721011686a49e4b8fac4e527dde,ef66e63137bdd1b2e44aa968646fc1e3,furniture_decor,furniture_decor
7226,19954,1,b4693721011686a49e4b8fac4e527dde,d678178aa4291cd25a755a90188375c8,furniture_decor,furniture_decor
7232,12963,1,54d9260785f11c05ad373ce8465212da,315c6373ff469f7b7f60bbb36c319f7b,bed_bath_table,bed_bath_table
7232,32320,1,54d9260785f11c05ad373ce8465212da,b2fb8ccacff645e701cd692064ad09c9,bed_bath_table,bed_bath_table
7259,25799,1,1427b126f61597524866770b05d4eed2,689c51a11e9c5daefc1f9b0782e28fcf,computers_accessories,stationery
7259,31730,1,1427b126f61597524866770b05d4eed2,17878434ca0082537806de545c2f0351,computers_accessories,computers_accessories
7263,27612,1,1395c0f64373a0771d89b9f16f185dc6,8733e369905b1de9a955ced731e9717a,pet_shop,pet_shop
7266,9662,1,3ab181ea2f9cc4be74bad27ef8a03492,99a4788cb24856965c36a24e339b6058,bed_bath_table,bed_bath_table
7275,11869,1,3f9db4ff95890df33167856d315a05bc,31fa8a1e88207a7ca942495d88e590c2,health_beauty,health_beauty
7279,12584,1,6b6b162b177d0f36987993aecbe1c65f,4dba4de4cd67ba2191c34468ac2ca841,pet_shop,pet_shop
7279,13937,1,6b6b162b177d0f36987993aecbe1c65f,784c94d1803e49492d2758907914b26c,pet_shop,pet_shop
7308,7759,1,3a362c0e7f9a69276e2d95869a3e143b,43b54d1fc56ff394092a3dff6be2d39f,health_beauty,health_beauty
7308,7999,1,3a362c0e7f9a69276e2d95869a3e143b,80c8ded77011b1d2c8e3bdbff65eab23,health_beauty,health_beauty
7308,25234,1,3a362c0e7f9a69276e2d95869a3e143b,99563e23b641c8a43e04e528c10002e9,health_beauty,health_beauty
7310,11493,1,2ffdf10e724b958c0f7ea69e97d32f64,e0d64dcfaa3b6db5c54ca298ae101d05,watches_gifts,watches_gifts
7310,24424,1,2ffdf10e724b958c0f7ea69e97d32f64,bce474cc95b6e77657e10939b0b4248c,watches_gifts,watches_gifts
7312,13095,1,d9e77a9aeffd10aa1a6f2d0ad00608ac,b3af6df8f36460eadc69ee2310a440d0,construction_tools_construction,construction_tools_construction
7345,23386,1,0b3f89ace3b97bec2e2d981cfd2537b3,5cf337446524f9125e42b40abd6ccb73,bed_bath_table,bed_bath_table
7346,8291,1,0bcc3eeca39e1064258aa1e932269894,d1c427060a0f73f6b889a5c7c61f2ac4,garden_tools,computers_accessories
7346,10761,1,0bcc3eeca39e1064258aa1e932269894,4b5df063d69ffafb87c279672ecb4191,garden_tools,baby
7346,11221,1,0bcc3eeca39e1064258aa1e932269894,dfc9d9ea4c2fbabe7abb0066097d9905,garden_tools,bed_bath_table
7346,12265,1,0bcc3eeca39e1064258aa1e932269894,774e21c631ca26cba7b5606bdca7460f,garden_tools,sports_leisure
7346,17228,1,0bcc3eeca39e1064258aa1e932269894,3773a3773f5978591cff7b3e614989b3,garden_tools,home_construction
7346,19808,1,0bcc3eeca39e1064258aa1e932269894,4e1346d7b7e02c737a366b086462e33e,garden_tools,bed_bath_table
7346,29717,1,0bcc3eeca39e1064258aa1e932269894,9d1893083966b9c51109f0dc6ab0b0d9,garden_tools,construction_tools_lights
7354,8225,1,7ce57d3b4580add21034625c406cfd6e,9c31382f02ac001fe1a33a466471d98c,furniture_decor,electronics
7354,15619,1,7ce57d3b4580add21034625c406cfd6e,b1dc70b2d3b0d42b355529c4026a35a7,furniture_decor,electronics
7359,9590,1,4d0ec1e9b95fb62f9a1fbe21808bf3b1,7a0f37fda63d1cd7dac2451494eb6e69,bed_bath_table,bed_bath_table
7359,15828,1,4d0ec1e9b95fb62f9a1fbe21808bf3b1,2e281b1a8143fa9ed84694fe44d66b3d,bed_bath_table,bed_bath_table
7359,26103,1,4d0ec1e9b95fb62f9a1fbe21808bf3b1,cad2db5e318d7283a234c517b2f28a42,bed_bath_table,bed_bath_table
7359,31767,1,4d0ec1e9b95fb62f9a1fbe21808bf3b1,665aa1d687284a4d2d2b74c0c6724625,bed_bath_table,bed_bath_table
7360,21132,1,966746deb2173a72d95ca8b80223f014,e8750c9a319a8eddd30f0abc4646bd75,bed_bath_table,bed_bath_table
7360,24725,1,966746deb2173a72d95ca8b80223f014,fa559a64fdb8719b675a8baf140b3d9e,bed_bath_table,bed_bath_table
7392,17101,1,ecb054d15ac79df23f143de21d0dea23,809aeb9f696910839dd8fd2c533e65a4,sports_leisure,sports_leisure
7397,27074,1,ea1d9847778160f2d0c74950812fd8d0,2362d3d1782889c8759aa6ace2c73aad,auto,auto
7398,15239,1,868b3136c5b206f91b8208fbfdf2cb7c,4f130a13e2dd77a6f88f31e7addcec0c,bed_bath_table,bed_bath_table
7423,15983,1,bbc5419bc92d76e27795c9ec2c233c64,c100e5fef1abb5e1c5054d1dac2d83ac,health_beauty,health_beauty
7425,11650,1,ac1fcaf7402bfbf019afdcce1a784ad4,b09cd20111b8c27705b617c3b5af7608,bed_bath_table,bed_bath_table
7425,20199,1,ac1fcaf7402bfbf019afdcce1a784ad4,d5bf1e6386a450dd26acf14a6f41768f,bed_bath_table,bed_bath_table
7425,20372,1,ac1fcaf7402bfbf019afdcce1a784ad4,e76572c2ae4cede1e3b2ead512423efe,bed_bath_table,bed_bath_table
7425,20766,1,ac1fcaf7402bfbf019afdcce1a784ad4,50046ff3c7e886839388c4532a5ba24f,bed_bath_table,bed_bath_table
7425,31478,1,ac1fcaf7402bfbf019afdcce1a784ad4,9eacfe990da87a66d7fc95e4f97bad14,bed_bath_table,bed_bath_table
7433,31228,1,b7ef4098281dc17c89d97374e19ef04c,b556497a60ced8b40679401ea55d5076,baby,baby
7442,31855,1,0164201c7c8b81dc5779e015e2d7be59,4f2c53c9a1a7a00a247b351c1fdbed13,bed_bath_table,bed_bath_table
7460,8724,1,b8a0d73b2a06e7910d9864dccdb0cda2,f40876e0ef3cd5f9132b1f16b04b1346,health_beauty,health_beauty
7460,12214,1,b8a0d73b2a06e7910d9864dccdb0cda2,9351b1e4334769dc0abe871ee3c7abc3,health_beauty,health_beauty
7471,10072,1,5415fa4d6c000c97cddafcf0419b09f7,3c025396e63ff6925a3b68781e8b3456,fashion_bags_accessories,musical_instruments
7471,13066,1,5415fa4d6c000c97cddafcf0419b09f7,f59ff3f667dc8dc2b42117736585c1ba,fashion_bags_accessories,auto
7483,29652,1,27d0fc55e3d2fe698088f2603e0a2ab6,fc22eb7bba78fd67da33c9acf162d592,furniture_decor,home_construction
7488,12294,1,8ceb6a29cf065f382c7b8cbc9fea3a84,2dd91cf063cf57cb0eebef072746daab,health_beauty,health_beauty
7498,21241,1,05a6b99c0460f22f5f8101493c0e3c0e,2481a472d98c582b46bc2dfeae6f539f,furniture_decor,furniture_decor
7498,21464,1,05a6b99c0460f22f5f8101493c0e3c0e,dde35467201d3ff9e3f8e4297aa2768e,furniture_decor,home_confort
7503,16152,1,a0cd083b8a1be0f8c310806e72bf47f3,bb50f2e236e5eea0100680137654686c,health_beauty,health_beauty
7505,26667,1,43521df044c196283191f87529d1663f,f5790565f09ac993cd58c68bc58c2daa,furniture_decor,furniture_decor
7530,26090,1,dc23131445c27852a44f8ad0d94b3d0f,774ea72f37a7fbf1fb32b973a18f2348,bed_bath_table,costruction_tools_garden
7533,25940,1,d689618825d1a2151d263f5969380e0f,64464a1e471ff30f71b31bad5d656f83,bed_bath_table,bed_bath_table
7555,15930,1,4d2b9b97c4d3a297e9f32f0b9e44c181,67bf0dde94ca85e84e682a80c604807a,furniture_decor,furniture_decor
7555,17694,1,4d2b9b97c4d3a297e9f32f0b9e44c181,ce497a3d92ec305f5d9ef0c4b6980a95,furniture_decor,furniture_decor
7558,9537,1,24decea9d84c24b8c6c53a2df90066e9,a4f6f1f22e3d5cae41187879ded62616,bed_bath_table,bed_bath_table
7558,23344,1,24decea9d84c24b8c6c53a2df90066e9,5f8fd0bd52dabcd1e9e2427dccbcea18,bed_bath_table,bed_bath_table
7558,28419,1,24decea9d84c24b8c6c53a2df90066e9,21a2d8537730ec21c03750360cc15f68,bed_bath_table,bed_bath_table
7559,16605,1,c4f2546fff25a5789819a7b943505bcf,06e73ddcb54620a36bfdb2e073c4dc40,fashion_bags_accessories,fashion_bags_accessories
7581,25619,1,4697e1b622324d38a8989bff2bdc1c84,786248c98cab9ad5cccdb751909da1af,stationery,stationery
7581,29845,1,4697e1b622324d38a8989bff2bdc1c84,bbdf7b7e937d9526d3acd9854d7e939b,stationery,stationery
7581,31987,1,4697e1b622324d38a8989bff2bdc1c84,e82b2802625252b6d72b3e1d36f82670,stationery,stationery
7603,30294,1,97759b2e2035fcd87986a43119b56c7d,389d119b48cf3043d311335e499d9c6b,home_construction,garden_tools
7609,12856,1,f28b94930035f99d65318418b424750c,fad824f446c61e0e6e1e8644c17a9f59,bed_bath_table,housewares
7617,15477,1,607ef4aa416b93fdeb2a811c2c73ad81,a12fc4a1c79238df0015e1a0c48f0314,bed_bath_table,bed_bath_table
7617,19276,1,607ef4aa416b93fdeb2a811c2c73ad81,1eaf224c19e07b6e50bf0119eea1dd26,bed_bath_table,bed_bath_table
7617,20340,1,607ef4aa416b93fdeb2a811c2c73ad81,aa36c2127048efdcd47f4ad5b6b68810,bed_bath_table,bed_bath_table
7617,26587,1,607ef4aa416b93fdeb2a811c2c73ad81,724692d1ae89a580525678a07f6af0f3,bed_bath_table,bed_bath_table
7617,28957,1,607ef4aa416b93fdeb2a811c2c73ad81,cf8316c961640d38321241895b7811c2,bed_bath_table,bed_bath_table
7617,31388,1,607ef4aa416b93fdeb2a811c2c73ad81,8a443635fdf9759915c9be5be2e3b862,bed_bath_table,bed_bath_table
7627,9021,1,88f606f44d39cbba19b301f79a51d7fd,8894c64689c2a3a29e2fff744de30e46,furniture_decor,furniture_decor
7628,8139,1,e4c7ed7a832858c17d60ad5e38b00aba,cbdb9bf611328898bd4b32a384506b3a,bed_bath_table,office_furniture
7628,20269,1,e4c7ed7a832858c17d60ad5e38b00aba,6cbfc716ebf92d25d1047a5fe47af5de,bed_bath_table,bed_bath_table
7628,20495,1,e4c7ed7a832858c17d60ad5e38b00aba,48ee9be392f28ae3a64518a070f4d06a,bed_bath_table,bed_bath_table
7628,25906,1,e4c7ed7a832858c17d60ad5e38b00aba,e95fb3a80ca294f39de925b6428f3a32,bed_bath_table,bed_bath_table
7628,29438,1,e4c7ed7a832858c17d60ad5e38b00aba,8c7fe240bfde64b6a20eec6fdb986b1b,bed_bath_table,bed_bath_table
7642,8517,1,d730dcd6017ae7bc8a4b5561f18c6d59,e389381479408ccdcdd406d8d3049e45,stationery,stationery
7643,17971,1,8378dd5a08699f8c95ea6f6c147d4e83,609c35bf8122d5ab8186ed7a6bfcd843,health_beauty,health_beauty
7655,10702,1,c0a0b5aa4507363e601eb90082c9c008,7d873ae7ba4e637167c1a8d544bd6af8,drinks,drinks
7655,12487,1,c0a0b5aa4507363e601eb90082c9c008,262855d4dd5b0d39f786a3c86c285c6a,drinks,drinks
7655,27396,1,c0a0b5aa4507363e601eb90082c9c008,c0e452663c284f3f8e578f390dc3ab21,drinks,drinks
7669,10545,1,4910917f05092f331bf3a477f791cc01,907539b8216ca1250e5e974b4047699d,watches_gifts,watches_gifts
7670,13279,1,bee84ad17517656f609763f0b124c7e6,37ca4ae4320cdda8a0ef625049f4cb88,bed_bath_table,bed_bath_table
7671,15137,1,7230cb7a5b93cff3d0869183495f053f,c7aa6e6a39fc78bf4285e9ec06823bd4,housewares,housewares
7674,24051,1,90871024847effc9791a5051a4d4160d,fbc1488c1a1e72ba175f53ab29a248e8,pet_shop,perfumery
7688,7759,1,656e6ea7d86cf0008e67b693d33cc357,43b54d1fc56ff394092a3dff6be2d39f,health_beauty,health_beauty
7688,9933,1,656e6ea7d86cf0008e67b693d33cc357,4167a7ae0930579d1f27d465a1a042f0,health_beauty,health_beauty
7700,21124,1,234af61e508645c6c1a470b8be9e28f2,0d1d4c0ee61f3136062c253eb289a3e7,books_technical,books_technical
7707,20785,1,439d0c278b77ddc4b1488de210c8df35,0e71c6a889baea05c4c9ce1b0d58114d,bed_bath_table,furniture_decor
7707,24175,1,439d0c278b77ddc4b1488de210c8df35,4487261e208ce5d3a8d1a997ccd99dcf,bed_bath_table,bed_bath_table
7711,18623,1,007c63ae4b346920756b5adcad8095de,7efd6fed8c0563a28c70b4eef35ba25d,housewares,housewares
7711,19560,1,007c63ae4b346920756b5adcad8095de,38add59349dc5b9c3effc6b93925cb97,housewares,furniture_decor
7715,12585,1,de92134fd940e9302d27c31af4581fbd,457cd0a99cfa977993e4eb6d98d95abb,small_appliances,telephony
7719,15723,1,a2ee607f03a8f581d1625b68fbaa6166,abe2c60707c1e11cfa710dc7328b4bf6,bed_bath_table,bed_bath_table
7719,23384,1,a2ee607f03a8f581d1625b68fbaa6166,608396ec032711eb443596cb8cdce050,bed_bath_table,bed_bath_table
7726,14400,1,e3425df9bd51be69917273c9dd92ed5e,8aebd177020fc8a6fa6a321ac4c44de7,watches_gifts,home_confort
7726,23624,1,e3425df9bd51be69917273c9dd92ed5e,c18ac1d6cc053c0ec7296b994ae6ffeb,watches_gifts,watches_gifts
7731,9162,1,0a27be3536127164b11173c57f14a2da,e4c9d4670d5132aeded7f187fe4de0cc,perfumery,perfumery
7752,8936,1,c12c1482a995be91e395cb9276661e32,734b90405c30810d3c6d8029d503f4eb,furniture_decor,furniture_decor
7752,18377,1,c12c1482a995be91e395cb9276661e32,2a0c7978182ff664a3bc452b7e5f0b6f,furniture_decor,furniture_decor
7756,21245,1,59dbefe045e850ce6df6b1fd5dce14ba,3a156bd35ef75525c9b43dbed71a9734,pet_shop,pet_shop
7759,26499,1,43b54d1fc56ff394092a3dff6be2d39f,f889fb87b505b73de10c18b93352469f,health_beauty,health_beauty
7771,19061,1,ca8900ebdc7a2b907753dd3bf2672e19,9cd2db58a42140c6e5dbb6ddd5c367d7,fashion_bags_accessories,fashion_bags_accessories
7771,19075,1,ca8900ebdc7a2b907753dd3bf2672e19,6ccbeb9656e37cb5fd5086f838762471,fashion_bags_accessories,fashion_bags_accessories
7780,11913,1,6e4ad99aef917394f064496022476d0c,7b8d9c8c0d923944798fd521f6d0a1af,construction_tools_construction,construction_tools_construction
7851,11827,1,055019def765ce08da9fac0585e927c3,9cb854ba582f5a6b7832b86553c0b8ab,baby,baby
7852,10642,1,6ae7f4ef0ca670ca2609d039af87d057,473795a355d29305c3ea6b156833adf5,perfumery,perfumery
7857,15232,1,d3350fee567b6f7149265243bc8cf282,cc2de3090e4e70b255499285f2d72735,stationery,stationery
7857,16251,1,d3350fee567b6f7149265243bc8cf282,96ee9343533c399d245845830908f073,stationery,stationery
7858,8463,1,f286c2fe211df4102919d0bed084dddf,c1f5307decb89342351bec53668cffd9,telephony,telephony
7878,18057,1,71bd788b998b8394fa883c302c04b08c,3ceb44c75e6981ff0987bb90c95694c0,furniture_decor,furniture_decor
7878,20838,1,71bd788b998b8394fa883c302c04b08c,59a0529af96d3d459965f044c5cd1296,furniture_decor,furniture_decor
7883,28894,1,bebcffeb66bcb8af8112dba655b1c1c3,8c2f7d1e586af9f4ecd42ffa5ffc4216,housewares,housewares
7884,8763,1,801abf9ab81269e94b64dd62fbd50fc2,489b5af4a311587c81ed419dced92dba,baby,furniture_decor
7884,26283,1,801abf9ab81269e94b64dd62fbd50fc2,8999ae93f98ab5d5b5f5efbd4c2b8f88,baby,furniture_decor
7893,19365,1,052413504e5295cd66ec4ced0b310062,b2e22c958b453a43a650a579dcac2e43,watches_gifts,watches_gifts
7907,24504,1,ea20f928ceaa7f146fe62a0cc8413ee5,eb8c629f70275fd1c4f809116cce1efc,furniture_decor,furniture_decor
7908,13177,1,a72df9d6b4412dbd03d886846a438a3c,0aabfb375647d9738ad0f7b4ea3653b1,consoles_games,consoles_games
7913,21122,1,fcf19b6b1ff4a17bcd6ca9675b58aa6f,7b83c11ac78f11bde67542beb12e8163,health_beauty,health_beauty
7915,10133,1,8141daa1ca889b50094987ed7858337e,0e7467f597732a74c1f98f7703117626,health_beauty,health_beauty
7928,15684,1,96537ba8cc2b7b2d74ef574b5e78d458,2c855454330b900b5238383ea6e815ca,furniture_decor,furniture_decor
7928,32660,1,96537ba8cc2b7b2d74ef574b5e78d458,b6f134ff2933bb0ee1f36e2865f21a91,furniture_decor,furniture_decor
7937,18487,1,92a0ba05cdafc24128ead0890a8a2c79,5c9ef6c35fdbad9275157b1929c37fb0,books_imported,Unknown
7943,10075,1,3e6849c6e53482c55a97363674027b4a,c43b672f48eaccbecc94cdf6b4f53485,health_beauty,health_beauty
7952,29121,1,eadb1b7e01cc1cffae6481602d1ce7dc,79a564cca1924553af76d396bf7c0662,luggage_accessories,luggage_accessories
7966,15960,1,01b0238705b6ae8e35c6fea837e6ae4a,27cdfae8c8c8a703a13663e4c629ef39,health_beauty,health_beauty
7973,11817,1,b0c89945c034268074f5f80b362bda34,477aa9a85d7002688bae2cbbd93198f8,bed_bath_table,bed_bath_table
7973,20453,1,b0c89945c034268074f5f80b362bda34,fbce4c4cb307679d89a3bf3d3bb353b9,bed_bath_table,bed_bath_table
7973,21085,1,b0c89945c034268074f5f80b362bda34,3234b4f9542a9f6a450e988820390fab,bed_bath_table,bed_bath_table
7973,21141,1,b0c89945c034268074f5f80b362bda34,ae7fbf136a49b58f2d38fafb2f3205b8,bed_bath_table,bed_bath_table
7973,21912,1,b0c89945c034268074f5f80b362bda34,74939659dbb10592e383bebf2f78272c,bed_bath_table,bed_bath_table
7973,24805,1,b0c89945c034268074f5f80b362bda34,e840aad8112818661548fda5d12653f2,bed_bath_table,bed_bath_table
7973,31726,1,b0c89945c034268074f5f80b362bda34,fc6b299cf83fa76632dd1b0a2c611f33,bed_bath_table,bed_bath_table
7980,14057,1,c686d4fd1e845efd1b98db8220f0af3b,5b2b72f58d212a6e4733884ef0ece564,bed_bath_table,bed_bath_table
8000,25450,1,ad52cb93ae060c9bdd776831a915e94d,c6aeb159daefcd63e4caed10bf47ef0b,sports_leisure,toys
8003,16464,1,f16d9c6688f187efa6ce353d689d85fd,145028037adecb27b1a58cf9597676cc,office_furniture,office_furniture
8004,22779,1,fde90f06296b26995fd0de6f16610d70,6d68112743e7ed2de3932554b033f544,costruction_tools_garden,books_technical
8010,21298,1,663672ba9d02ab854b20231eb7e0b827,5f3f5c80596311932d5e05800909f37c,furniture_decor,furniture_decor
8011,19383,1,81a3d1dc085d3226530f23cd4af5030b,668e8ee8f69c3545109fc40f72336e8f,toys,sports_leisure
8025,11054,1,7439223069be0c67de28ae02a2a13810,dfb97c88e066dc22165f31648efe1312,auto,auto
8036,12076,1,188d0b148e6d1c86faffe0d73c3f2dad,8acbb05460d726307368e3fd43470285,furniture_decor,home_construction
8036,32947,1,188d0b148e6d1c86faffe0d73c3f2dad,a0b7d5a992ccda646f2d34e418fff5a0,furniture_decor,furniture_decor
8042,22572,1,f4d18451e6c35980e6898e36dfd6fb55,7340a3839a1de1e99d149b8cf052a2ec,bed_bath_table,bed_bath_table
8047,9588,1,d04260412d1933cf60238985c57b1749,0111ab6fb41da433e0f17d3f4ec2c8f5,toys,toys
8047,21671,1,d04260412d1933cf60238985c57b1749,640799dabd2dfd5da2769270ca71ad65,toys,toys
8055,15128,1,d41abc00681320620cf860628356401f,0ec96e6d31a1493b0475805c9ae1a0a2,furniture_decor,furniture_decor
8060,12065,1,4dfffeaa9522a9ba71cdc9e7d43212d0,775cbb352638cb5e59cea1637da006cc,fashion_bags_accessories,fashion_bags_accessories
8060,16430,1,4dfffeaa9522a9ba71cdc9e7d43212d0,48282b524c93e69ec5653481e2b8a237,fashion_bags_accessories,fashion_bags_accessories
8060,21322,1,4dfffeaa9522a9ba71cdc9e7d43212d0,bb17b2343c9b332cce4ffbb8f51a67ca,fashion_bags_accessories,fashion_bags_accessories
8060,30292,1,4dfffeaa9522a9ba71cdc9e7d43212d0,756feaccd3c677658c9e70bf09ef43b9,fashion_bags_accessories,fashion_bags_accessories
8072,16079,1,afdb083178822a8d5ead45e3e69c9ebf,8ccaa3f8b171b199e37294ece30815a3,bed_bath_table,furniture_decor
8075,10325,1,a52ed2fb26d435066d6613134afcb439,a3349ee806d1e1e98d582a2aba5cedcd,bed_bath_table,bed_bath_table
8076,11085,1,4de1da8993b44fb4a460de990da86db8,28857b241545853875bda6661ccdf0f7,toys,toys
8094,25612,1,bd0c8fe7ca76c396baeb6968121eb825,5373e18844eec682770d139ba29cd32c,fashion_bags_accessories,fashion_bags_accessories
8097,11266,1,b7d94dc0640c7025dc8e3b46b52d8239,d143bf43abb18593fa8ed20cc990ae84,computers_accessories,computers_accessories
8097,16282,1,b7d94dc0640c7025dc8e3b46b52d8239,55939df5d8d2b853fbc532bf8a00dc32,computers_accessories,computers_accessories
8097,18135,1,b7d94dc0640c7025dc8e3b46b52d8239,9616caad30917a469d87d2f95cd603cb,computers_accessories,computers_accessories
8097,19185,1,b7d94dc0640c7025dc8e3b46b52d8239,27e83703cdd809616f51c1d456314ed7,computers_accessories,computers_accessories
8097,31003,1,b7d94dc0640c7025dc8e3b46b52d8239,b40ec43bdfc6d6fdd65e882066a5c895,computers_accessories,computers_accessories
8110,30723,1,b842a6c9c2c51a699729d378d8d674fc,4432acdc80e1b1f73f9f355f12ecd60f,fashion_bags_accessories,Unknown
8118,21733,1,059ca09d32720d9adce3ae12e181339d,d8cabd83757ecf48a7d2628dee9135c1,perfumery,perfumery
8120,9662,1,98b22c1129886cbd7fcae69d1c93e442,99a4788cb24856965c36a24e339b6058,bed_bath_table,bed_bath_table
8134,25650,1,778602b15c75fe9eab7692fc81fb3ca1,e6dfd63d9ecc2a60f8a848b4fa051a84,health_beauty,health_beauty
8139,18581,1,cbdb9bf611328898bd4b32a384506b3a,feb4ade62e32b8d74c6f69f635057964,office_furniture,furniture_living_room
8139,20269,1,cbdb9bf611328898bd4b32a384506b3a,6cbfc716ebf92d25d1047a5fe47af5de,office_furniture,bed_bath_table
8139,20495,1,cbdb9bf611328898bd4b32a384506b3a,48ee9be392f28ae3a64518a070f4d06a,office_furniture,bed_bath_table
8172,11895,1,09c083c98ccb0062e23ddfa6f70adf13,3b068029db5363533440150014d95d9b,bed_bath_table,baby
8176,8848,1,33c4b54c2a3e60ac5beb217d833d9f52,143c616ec3fe0cb065c3805cf9bd812e,garden_tools,garden_tools
8177,16167,1,1269d60fc5efbcf03e7eea49213091c6,55363f487ca324087a49ddfcfb91b971,bed_bath_table,bed_bath_table
8177,29265,1,1269d60fc5efbcf03e7eea49213091c6,7b49e585ac8c80b14c9b2815d4db465f,bed_bath_table,bed_bath_table
8188,18954,1,6ddc8b938d09dc6cdc48aff7252e5f0e,43b069f855679eb3d3589e55dcfe968e,furniture_decor,furniture_decor
8194,9593,1,5a4ff3aa2e6d215d457a8d706fbf2272,609b1b50202d276e56b2468006fa82aa,bed_bath_table,bed_bath_table
8194,24063,1,5a4ff3aa2e6d215d457a8d706fbf2272,f3fad6d734fb27bf8a548562e04f9a5e,bed_bath_table,bed_bath_table
8206,10492,1,b5e13c9a353102f79c6206ff5cb61a50,25d4f8db663ac141a7449e399287b4c8,toys,toys
8206,14172,1,b5e13c9a353102f79c6206ff5cb61a50,96d6c71675adc35bcf32f970cdffe2d6,toys,telephony
8206,23504,1,b5e13c9a353102f79c6206ff5cb61a50,88e55a509dd9848fe90373958567203a,toys,toys
8212,10552,1,b625929cf412ff2c73f64485b23a5202,2ffb8b836bb62d53a77a69a67814fffa,furniture_decor,furniture_decor
8212,25005,1,b625929cf412ff2c73f64485b23a5202,73efecdfe04fa13599a99282cebf99ff,furniture_decor,furniture_decor
8217,15762,1,e79cd83f9050b980118e3e3a5930b577,af0a917aec9cea3b353ece61a8825326,bed_bath_table,bed_bath_table
8220,19520,1,19fdf478915162331ece9adfd669b88e,ca92f5c2276bfd491db575cd9de5a70d,fashion_shoes,fashion_shoes
8225,15619,1,9c31382f02ac001fe1a33a466471d98c,b1dc70b2d3b0d42b355529c4026a35a7,electronics,electronics
8241,12063,1,e2e426d1332240070b0a836a854d057b,47a3fbd41bb53db64dacc4562ba3aa52,bed_bath_table,bed_bath_table
8242,31527,1,9beabf555d105ca84a74570e39e64852,2c0c951471371afa81e47d7bf8d20522,auto,telephony
8261,15430,1,d55d2479e56093f23ebcf313ceb3bcfe,43f1e9b31236ad9ef63197b36bf00dbc,dvds_blu_ray,housewares
8264,20445,1,29ffae92a47bf21dd4c109d40b4de7f6,056193fc88b3f131fae751356896b168,food_drink,housewares
8265,12813,1,176120d3ee50ae4945932ce1c6a70f34,fe0be6df56c891975ff729be49fd2e17,perfumery,perfumery
8267,19297,1,202d6bc7af7609f371b94e032925d314,de7be0e706ff92660bc06681f07ca950,bed_bath_table,bed_bath_table
8269,21455,1,98615693c104cb69e8746bdbad198317,ca1551e5e36f2e68261f4d14132dba96,sports_leisure,sports_leisure
8271,24416,1,41da75141264c3bde21ecea85a4cb8b7,429e7401fafb76436f15e86498bd7364,bed_bath_table,bed_bath_table
8271,29214,1,41da75141264c3bde21ecea85a4cb8b7,9ddd762ee8a13576a809dc66f22aa2b5,bed_bath_table,bed_bath_table
8287,28913,1,e869c12a2f4763dbfc1a8398d20a1213,a7d2c99f1d0e7ddfbce06d48f12b61a2,bed_bath_table,housewares
8287,30747,1,e869c12a2f4763dbfc1a8398d20a1213,7052c556fc966a2321d570f3c5a8790f,bed_bath_table,housewares
8291,14058,1,d1c427060a0f73f6b889a5c7c61f2ac4,2b939dc9b176d7fa21594d588815d4a4,computers_accessories,luggage_accessories
8291,23476,1,d1c427060a0f73f6b889a5c7c61f2ac4,87064fd995f81ddb8e735902047fe007,computers_accessories,air_conditioning
8291,27766,1,d1c427060a0f73f6b889a5c7c61f2ac4,1b7ce992a80ac036dd9ab73d08289712,computers_accessories,electronics
8291,30294,1,d1c427060a0f73f6b889a5c7c61f2ac4,389d119b48cf3043d311335e499d9c6b,computers_accessories,garden_tools
8291,30708,1,d1c427060a0f73f6b889a5c7c61f2ac4,8c591ab0ca519558779df02023177f44,computers_accessories,garden_tools
8297,11289,1,ea73128566d1b082e5101ce46f8107c7,05c723fd782f0208b09b7c86f5220a5b,furniture_decor,furniture_decor
8312,27896,1,c1b63d4c57e9d56a827fdb72afeaa246,683647534fe73616ae97d91a6ef253f4,housewares,bed_bath_table
8316,22292,1,5e26cbd45b83e411e82e3a8cafa8d951,1c63d0a4d75df524d4605a43285925d7,baby,baby
8316,25725,1,5e26cbd45b83e411e82e3a8cafa8d951,ee406bf28024d97771c4b1e8b7e8e219,baby,cool_stuff
8323,29279,1,96b0a882d11b17ce51238420ec63e3a1,dce24381876a1d59ccc9d00d3dbade56,bed_bath_table,garden_tools
8331,11200,1,9e164b4afdecc7c67fb9b6f12c104e21,1b7384e0f9f5e4cb914cd3f5535a4cab,sports_leisure,Unknown
8331,26213,1,9e164b4afdecc7c67fb9b6f12c104e21,08ef02b6aae73ad3a385cf1342f609c7,sports_leisure,bed_bath_table
8331,29265,1,9e164b4afdecc7c67fb9b6f12c104e21,7b49e585ac8c80b14c9b2815d4db465f,sports_leisure,bed_bath_table
8335,25897,1,b8983274d38e4c05381bc3c80af2ad2e,616042729c11849827291496b18e9ec5,sports_leisure,sports_leisure
8341,15506,1,5264cb4a58b418d789758d2f82913ca2,c18dfe3165eaa55de9ec8f462cd7556f,bed_bath_table,bed_bath_table
8342,13589,1,ec7dad92a5f70cbc21297b16d7a2be96,ea0342e49437a3633a3a35c326aa1e46,bed_bath_table,bed_bath_table
8347,20340,1,283dc451ad3918badb976d56ff887289,aa36c2127048efdcd47f4ad5b6b68810,bed_bath_table,bed_bath_table
8352,26466,1,b1155d555059310e04305e94fcd42746,62177bb58dda374cc02e6cd2616996a1,industry_commerce_and_business,industry_commerce_and_business
8364,15669,1,320e20e13905991b0d83e8f181fcc196,777d2e438a1b645f3aec9bd57e92672c,furniture_decor,bed_bath_table
8397,11034,1,1f1354b0aa934e7ad75546467a6d028b,b6f9abef16fdfec89e4f3675f6627dca,furniture_decor,furniture_decor
8397,12422,1,1f1354b0aa934e7ad75546467a6d028b,0e92dcf7b03df1de4e9349af065f8e63,furniture_decor,furniture_decor
8397,17468,1,1f1354b0aa934e7ad75546467a6d028b,d54a7e69c3102b38b13952aeae0bc8f3,furniture_decor,furniture_decor
8397,28073,1,1f1354b0aa934e7ad75546467a6d028b,7e441b33f896ba519d58063f4c714bef,furniture_decor,furniture_decor
8407,15270,1,c972f4335f5cbefd22a5826ee661ac93,011c2759ca1a29c74ecd8bfa48d0ac14,housewares,housewares
8418,16766,1,1558f7b0a51472d4c2af9153a2255beb,9d274c8de79fabb3f4c65b64b9feb02c,bed_bath_table,bed_bath_table
8462,21405,1,fa243e761ae871597627e917611eeb23,f3a0e8de0d8bada90f638dd837416ad7,bed_bath_table,bed_bath_table
8463,30153,1,c1f5307decb89342351bec53668cffd9,84d2057bc1f88332d0892eea0e997d28,telephony,telephony
8470,22946,1,328de56b9fe359835173118dee79a12a,7c1af6529d6dc15a19b722e39f20db2a,bed_bath_table,bed_bath_table
8472,29007,1,882ebbd926d1093b09ff76e976866954,3c9f96101518a345e28a86181196b45a,furniture_decor,housewares
8478,12165,1,cd3ec6ebbc74e6070297d45ca9dd62e9,671ac7a60d975bd4ca2d7f7c77070210,fashion_shoes,fashion_shoes
8481,28532,1,2c3f424b5643b03663e0f5861dde2bfe,39b146e69c32ffe0a469e95a71585843,construction_tools_construction,construction_tools_construction
8507,19364,1,67fc455b96e0908bc5e0d917237b2977,cebad0ed16ecd450b97d2be843d3da86,bed_bath_table,Unknown
8507,25940,1,67fc455b96e0908bc5e0d917237b2977,64464a1e471ff30f71b31bad5d656f83,bed_bath_table,bed_bath_table
8507,26213,1,67fc455b96e0908bc5e0d917237b2977,08ef02b6aae73ad3a385cf1342f609c7,bed_bath_table,bed_bath_table
8508,20481,1,9c313adb4b38a55b092f53f83f78be9e,eacb104882d39ffb53140b1d1860a7c3,arts_and_craftmanship,arts_and_craftmanship
8512,22237,1,08ba023e3ad57b10b6d5378ce3f22f9a,116fde656744c95dfaf5198cf9f729f9,furniture_decor,furniture_decor
8512,28814,1,08ba023e3ad57b10b6d5378ce3f22f9a,2b49a97daf2f2d902b42abc142f4da2a,furniture_decor,furniture_decor
8517,17217,1,e389381479408ccdcdd406d8d3049e45,145140d23f166a1166dc4437107df8cc,stationery,stationery
8517,32052,1,e389381479408ccdcdd406d8d3049e45,0d4e8d3f34ece63cc5132237ccfc0241,stationery,stationery
8531,18713,1,2b0ee2d07306f7c9ac55a43166e9bb4b,4cc8bfa581f41841ce5e24aba773a44a,bed_bath_table,bed_bath_table
8531,27289,1,2b0ee2d07306f7c9ac55a43166e9bb4b,a41d69926dcf58caff228aa637ffea2f,bed_bath_table,auto
8531,32571,1,2b0ee2d07306f7c9ac55a43166e9bb4b,905b384ac5667170689505bbf30f1d07,bed_bath_table,bed_bath_table
8543,20231,1,a2fddd6229ab528218029f919af4c1ed,eebcc3eb19bc7e1f39fbc982e864f919,sports_leisure,sports_leisure
8569,8685,1,03bb06cda40712fb8473f7962fb7d198,fec565c4e3ad965c73fb1a21bb809257,bed_bath_table,bed_bath_table
8575,14190,1,8e3e3059aabb0c13679db43619590ad5,07a6e4e1f838d9d39277d13c9b411dc4,fashion_bags_accessories,fashion_bags_accessories
8582,17427,1,ed836edc15625c202f6ba85dbbe95c3a,2136c70bbe723d338fab53da3c03e6dc,watches_gifts,watches_gifts
8582,28313,1,ed836edc15625c202f6ba85dbbe95c3a,a84d0660dbffebf352aefbf1a6b18d00,watches_gifts,watches_gifts
8586,13218,1,fb783e3e545937820b57fe539b2c5a6c,9f4a55260fae788c26fcbb2b934ffa52,bed_bath_table,bed_bath_table
8586,19276,1,fb783e3e545937820b57fe539b2c5a6c,1eaf224c19e07b6e50bf0119eea1dd26,bed_bath_table,bed_bath_table
8586,23417,1,fb783e3e545937820b57fe539b2c5a6c,87d780fa7d2cf3710aa02dc4ca8db985,bed_bath_table,bed_bath_table
8586,31388,1,fb783e3e545937820b57fe539b2c5a6c,8a443635fdf9759915c9be5be2e3b862,bed_bath_table,bed_bath_table
8591,13876,1,1e96e085361f3bf21a06c876982b64f2,165f86fe8b799a708a20ee4ba125c289,consoles_games,cool_stuff
8593,13569,1,9d32095f76b97762307e86cfc18dd7a0,39aa98469aa7460a9764311b3f8efb12,bed_bath_table,bed_bath_table
8593,29383,1,9d32095f76b97762307e86cfc18dd7a0,8ced2631a18d2e0814557875b3bb907b,bed_bath_table,bed_bath_table
8600,24463,1,146fed9eb1d0f9db43dad0c7c96fc6e8,2827ebfb043a328a13a06ca9165cad0a,bed_bath_table,bed_bath_table
8608,8955,1,fdc1340be043a0e6807741d687fc1cd4,c5b72065154ec27c2d1ed8a654c3348f,watches_gifts,watches_gifts
8613,25867,1,2c19582c3eea7a6f53a30dbe0a8ffa7e,4e9c78909e68601b5bf58e5797a789c7,air_conditioning,air_conditioning
8651,32403,1,9e10ae46a3021a02f1692448ef9fa1db,386eebb43722ab502f04f7900bd2451b,health_beauty,health_beauty
8652,29060,1,6fc29f9edcdf5b8a70c15131501620e7,4952dd34839fd7134ceada5de831810d,housewares,sports_leisure
8656,23532,1,a52eee5077b52ed1702997bbb36ca4de,80fcb8062aff23a658c4b047a08bec66,food,health_beauty
8660,14459,1,d70f38e7f79c630f8ea00c993897042c,9451e630d725c4bb7a5a206b48b99486,baby,baby
8667,22330,1,3904e66405ea8ec8d104534682a38c6d,ed5f0d58e27cf65a07283c251747936f,consoles_games,consoles_games
8676,26072,1,4ba237d0c64f22e4d22ec19af9cfd1f4,ca165220cdeb3367ea870193baf4a7cd,Unknown,pet_shop
8680,17157,1,9ddefe6012ab29194435ee63df2779a1,61937887eb6ee0b405a5759756426486,health_beauty,health_beauty
8680,31568,1,9ddefe6012ab29194435ee63df2779a1,802e849764db04b055b0cb2c12022d32,health_beauty,cool_stuff
8726,25815,1,db123b35396aafabb2d5b476557abed5,e101ca6287658a6104e804774d56b871,home_confort,home_confort
8727,30052,1,a60613d36f37a7b27d3344f40f6a7945,61447f1b201702e05090de1afd35c560,health_beauty,health_beauty
8727,32035,1,a60613d36f37a7b27d3344f40f6a7945,9091499533100191c6b89d09e43445e8,health_beauty,health_beauty
8754,25209,1,b0c91d66c28e96ee21e0616a5ad1ac35,73c92dd0decac87c55334f6ae653ad36,auto,auto
8763,26283,1,489b5af4a311587c81ed419dced92dba,8999ae93f98ab5d5b5f5efbd4c2b8f88,furniture_decor,furniture_decor
8782,25790,1,cc01f8e6114f2ff5a829ccc55d62f132,274c0bd39936b237bdb8cee38abf94f5,watches_gifts,watches_gifts
8789,28262,1,01bc2a3c12d6e588aecb54ffad194c13,ce066f4a83649651549d717c9b566816,sports_leisure,sports_leisure
8800,30406,1,b6bdb28b376292b83135644ff8d4d6a2,51ce083cd2b9078656a94655ab45b8a4,bed_bath_table,bed_bath_table
8804,20346,1,fb64cad4aa627ef255b3461e5428c2a6,8cc012c0a83e6021df4f2b2d01d8debc,perfumery,perfumery
8811,15924,1,1fdac0720456c9b74b0a93aeb821d5a2,769106ca9d176076a3f0debb980e64ba,furniture_decor,furniture_decor
8811,22778,1,1fdac0720456c9b74b0a93aeb821d5a2,338a394da06eb5deff048f151d13151e,furniture_decor,furniture_decor
8811,25731,1,1fdac0720456c9b74b0a93aeb821d5a2,2f08de199f389c9b400128b0c7b750e4,furniture_decor,furniture_decor
8811,30889,1,1fdac0720456c9b74b0a93aeb821d5a2,60cfed7bb114878f269131d2857b226d,furniture_decor,furniture_decor
8830,9077,1,b07499163c612b591ce1621452672e69,01c2e91674406ebaca6a1bbf7f61c3f0,computers_accessories,computers_accessories
8830,30971,1,b07499163c612b591ce1621452672e69,44a064a339782c3cdd7e457b169ef0b0,computers_accessories,computers_accessories
8831,13933,1,ab9cf155f8280c3739b09fe341a185e8,4ae634441e444ca4bc85903cafe98d73,telephony,telephony
8839,32630,1,2abf28861922ed5da75726c7f3eb58f4,d1af7952c3c2ac8dfdc63210af2299e6,housewares,bed_bath_table
8844,19117,1,63b0acbe2513293d425f64289b622766,f52bf37e391284aa9620c377d4dfe4e2,dvds_blu_ray,dvds_blu_ray
8849,23955,1,4e064cdbe4079c84a33181a96cf5609b,e8c6039a25765995ac7c1ec2cbef5765,watches_gifts,watches_gifts
8852,21947,1,6848854ba286220d5450296fa28f9099,f51b0c76595738ba1b655691590a9062,furniture_decor,furniture_decor
8866,10914,1,0cf2faf9749f53924cea652a09d8e327,21b524c4c060169fa75ccf08c7da4627,construction_tools_construction,construction_tools_construction
8866,18300,1,0cf2faf9749f53924cea652a09d8e327,4a5c3967bfd3629fe07ef4d0cc8c3818,construction_tools_construction,construction_tools_construction
8866,20029,1,0cf2faf9749f53924cea652a09d8e327,5096e827f6152df3974343e735a52dc9,construction_tools_construction,construction_tools_construction
8866,23653,1,0cf2faf9749f53924cea652a09d8e327,0de59eddc63167215c972b0d785ffa7b,construction_tools_construction,construction_tools_construction
8866,31435,1,0cf2faf9749f53924cea652a09d8e327,1065e0ebef073787a7bf691924c60eeb,construction_tools_construction,construction_tools_construction
8867,9114,1,812caec8528c1f3b1bed583530023cb5,b370dd237db6a8a0bd74a6da9e367a80,bed_bath_table,bed_bath_table
8880,11735,1,35997e7b3823b0bb5947dce1986cfb61,68ad45d48d69404aeb71ce87e1b2c948,books_imported,books_imported
8893,24361,1,872c150bc3167f3a4fd9214f82931358,c29267da9f1200284d707aa632ce1138,bed_bath_table,bed_bath_table
8896,17258,1,f16e5b7883c1349e57bc5e92ba9e0d96,b62a475bcfd309c66d84a1a93aa75fd8,furniture_decor,furniture_decor
8896,24251,1,f16e5b7883c1349e57bc5e92ba9e0d96,491c6b0ec61399a890b22a6ed2d9a4b0,furniture_decor,furniture_decor
8896,29977,1,f16e5b7883c1349e57bc5e92ba9e0d96,d2347fba1e60ea51f533960fc555baff,furniture_decor,furniture_decor
8904,16960,1,90916a1ae9ea5e3c8c15c37b51834f37,1a06a6a66ab23d70e02b8f92650e268f,furniture_decor,home_confort
8904,28015,1,90916a1ae9ea5e3c8c15c37b51834f37,944a8fa6055b8213f9e715720d4e2d5c,furniture_decor,bed_bath_table
8919,17739,1,93d9ed4fb2b32cec509eae4f1860687d,43c9506443a52a22cace92d7eef9cfcb,christmas_supplies,christmas_supplies
8924,16910,1,db49506c4a19ed884c7df231e08c564f,3c260c3a756ae318837fad7286073c77,furniture_decor,furniture_decor
8927,10241,1,2c41d13dc2cf0e9c2e8db8952f0f3ff3,b4763c2caeeac2424b64aa199789b81b,computers_accessories,computers_accessories
8927,15005,1,2c41d13dc2cf0e9c2e8db8952f0f3ff3,0ee7a6e1cd4ecf72e711a2f68b4d8d2e,computers_accessories,computers_accessories
8927,19617,1,2c41d13dc2cf0e9c2e8db8952f0f3ff3,0bfd2b8146cd034448f6e4c8ac8e47f0,computers_accessories,computers_accessories
8936,18377,1,734b90405c30810d3c6d8029d503f4eb,2a0c7978182ff664a3bc452b7e5f0b6f,furniture_decor,furniture_decor
8942,24407,1,7d018f8e4f93213ba7ad276e25fe20b1,5a883fb296ab66ac6a1e68e6ba2175c3,watches_gifts,watches_gifts
8947,16347,1,8eda2f0e6d437afc08f71ac4b3b380a4,d552454cae098a0bce10f658411fead1,fashion_bags_accessories,fashion_bags_accessories
8947,23718,1,8eda2f0e6d437afc08f71ac4b3b380a4,6d8d9c9af735eae354cb0b43a9cbebfa,fashion_bags_accessories,fashion_bags_accessories
8951,14566,1,40562621def0bbc3080d94f54b9d1f61,655110abedc57d73d3b2150d8ba2092a,bed_bath_table,bed_bath_table
8951,17429,1,40562621def0bbc3080d94f54b9d1f61,8cc117b0bec16e2f0b683e40846ad09c,bed_bath_table,bed_bath_table
8961,13655,1,cc4b51ca9b5ca05b7fd5337bddb7341c,18796df281656da4036dd926561a6030,bed_bath_table,bed_bath_table
8961,19388,1,cc4b51ca9b5ca05b7fd5337bddb7341c,64fb265487de2238627ce43fe8a67efc,bed_bath_table,bed_bath_table
8961,21689,1,cc4b51ca9b5ca05b7fd5337bddb7341c,84f456958365164420cfc80fbe4c7fab,bed_bath_table,bed_bath_table
8964,26863,1,30ac6df06dc59ad72cf2f158fc2d904c,173255396ec907ab516d3848dbcc98da,housewares,industry_commerce_and_business
8966,19936,1,ca1bcde1715f1d903681187ef59e459c,575a31c3324630960ae12bf5bb9618e4,furniture_decor,furniture_decor
8967,30615,1,4bc15899b2cd7ade6db2fb0a5188cd24,c0400a62c5019cdc69bfc76d39b1cfb4,bed_bath_table,bed_bath_table
8974,31299,1,0e9923b15d37f33cac70de6648429148,1a2d00b771a438bee7055bbd0086e003,bed_bath_table,bed_bath_table
8983,14734,1,f2d649f157cebee085ed738f23d5d6b7,c5e31bcea566d7f28ebc011e9fee182f,baby,bed_bath_table
8983,22109,1,f2d649f157cebee085ed738f23d5d6b7,f97a136cf6e5f5d9333b513afc8b153e,baby,bed_bath_table
8983,28484,1,f2d649f157cebee085ed738f23d5d6b7,cac9e5692471a0700418aa3400b9b2b1,baby,baby
8991,29272,1,ee3cfb33869693f2a7e8417c795d8cfc,bbd704063c23164b2674e893ac58d63b,perfumery,perfumery
8997,16622,1,4b2422ebbc6723e80f355b11b4d8fba0,5d686bbd116b2de2ea1a4e1056501240,housewares,housewares
9002,30027,1,3d50229001636cd5e9851e53383c6b8a,f2ed77847f3b2e104b246bef65f15d0c,bed_bath_table,bed_bath_table
9005,9036,1,9348cf658c9f20576186a9f3b82c58c3,f72c05c5dadc3a4e05bdc5a92520f66e,health_beauty,watches_gifts
9007,13207,1,a72209f6ea270769cecf0ed4168d3893,2b86ffeae831b59e4fb849565cdc28ca,toys,toys
9019,28980,1,525069ef824b496ed4d5a9fc67938b46,853cabeecd89a8fa18c5ead33e4b7cdb,baby,baby
9029,15396,1,2f48e99df2052ce8a7d14855ea40e838,0609678aec06f28cd8e177550d26e73b,bed_bath_table,bed_bath_table
9030,10638,1,5dbf50af9485478b933f1028e108640d,3b0f7951038b105522c2d566b54421f7,electronics,telephony
9044,13072,1,1dc7685f4fdb9622d84ae2ec658d5bbf,8d2acb5eb701be18bccec69a070fd23d,computers_accessories,computers_accessories
9044,15920,1,1dc7685f4fdb9622d84ae2ec658d5bbf,f37d4bcbd21078ef36fd59518e99f045,computers_accessories,computers_accessories
9050,26085,1,63cbf4066cf395d6634831160ddacbbd,0561435e3af107a3bd2104466ad5985a,furniture_decor,bed_bath_table
9055,29300,1,52817a1b17d101c0656923254b92aed8,10adb53d8faa890ca7c2f0cbcb68d777,bed_bath_table,bed_bath_table
9061,12063,1,a5502e9954017124d95f7bce4c89d339,47a3fbd41bb53db64dacc4562ba3aa52,bed_bath_table,bed_bath_table
9077,30971,1,01c2e91674406ebaca6a1bbf7f61c3f0,44a064a339782c3cdd7e457b169ef0b0,computers_accessories,computers_accessories
9088,15669,1,0efe972876d70927f5099b77f387c6c7,777d2e438a1b645f3aec9bd57e92672c,furniture_decor,bed_bath_table
9088,32260,1,0efe972876d70927f5099b77f387c6c7,f1e297029531521190bb2312a90df567,furniture_decor,furniture_decor
9091,27227,1,83b4e88ac4a5689bfe0f7afe4a2b07cc,78018501054dd80dc909eee2f22ddbd4,bed_bath_table,cool_stuff
9119,18703,1,4754d89182db4010eabbf20da5fb7191,24aba57735be13fd785bc04d1a8812e4,housewares,Unknown
9145,9720,1,deaa363c2aa7c56c84e888bb74cc7176,7494075d75b7855aae586070f6a12113,bed_bath_table,bed_bath_table
9145,24797,1,deaa363c2aa7c56c84e888bb74cc7176,f4ff31c676834c31a24648df290aa349,bed_bath_table,bed_bath_table
9152,14676,1,01d4157fd9738ea81038316ae4cfc192,2ba4f78910f6fe61e7ae7bfa4efe2726,bed_bath_table,bed_bath_table
9152,19404,1,01d4157fd9738ea81038316ae4cfc192,8155728af949f234b666bf60ed257e6a,bed_bath_table,bed_bath_table
9152,30955,1,01d4157fd9738ea81038316ae4cfc192,1ee194d6fcec9e4cbaeef1a99a6911a2,bed_bath_table,bed_bath_table
9157,21973,1,ba8ebd875851a6e44d2290d2cbea64cd,2db85e45ff15b96518baa00fdacdc6c6,health_beauty,health_beauty
9163,27205,1,e65ab426efaf65e083b917d2e9eac80d,4d5bb93bfa70f67cda10b1428f2a252c,books_technical,books_technical
9168,10920,1,b07c988c725ddd67d0c7572a8099712d,ee7de8d5e813bc4c5f9f1c38ba41e7e5,furniture_decor,furniture_decor
9207,9456,1,378f61e89b6c50bd26a0a74c6ca046f0,a9490f0e069790ddb7d8e7935ea3584a,furniture_decor,furniture_decor
9214,23348,1,d1a7aa885550f1d6803bd8edff173851,bb32b03270ad3f5a8aa9474d354119ab,computers_accessories,housewares
9216,18441,1,e0cf79767c5b016251fe139915c59a26,0a9a9c25c5a06532d1766e00db833a7f,health_beauty,health_beauty
9216,27851,1,e0cf79767c5b016251fe139915c59a26,c211ff3068fcd2f8898192976d8b3a32,health_beauty,bed_bath_table
9223,16185,1,f59871b3d9da4c64cbe41ad3dd04dc14,ab44178963b4bf809adc477810f9175d,christmas_supplies,christmas_supplies
9223,17163,1,f59871b3d9da4c64cbe41ad3dd04dc14,5599be6fe59cd2257edfdec9d45442e0,christmas_supplies,auto
9231,28484,1,bddc970a859e17f3f60f337ff8d72dfa,cac9e5692471a0700418aa3400b9b2b1,cool_stuff,baby
9231,29699,1,bddc970a859e17f3f60f337ff8d72dfa,717e96fd0fc2d06fe158982bce5e6a8f,cool_stuff,cool_stuff
9236,28363,1,e61c78a7343d82c0539d27df0f7dfc31,9a0620ddaf3055b7e588e936e036a529,bed_bath_table,bed_bath_table
9236,31296,1,e61c78a7343d82c0539d27df0f7dfc31,ba92b5a0701d2f820ba6ca8f8c86294f,bed_bath_table,bed_bath_table
9237,29517,1,4aabcc5cb08a8a919cc46a2a7a7d1bd9,54b391a91c3b1a1e22af86434155834d,garden_tools,arts_and_craftmanship
9243,14684,1,9abef3ac1829af69f004c3dcbba958d9,6e835aea84ae8eb68b8c14878dd43b30,sports_leisure,sports_leisure
9258,13111,1,e0ce26ae52c9ab0b8c8e42129d6c1996,321cea6c65a44a9abde31f677f976c63,furniture_decor,bed_bath_table
9259,30014,1,122f396fa6d0f9070c6e721f8d833d2b,cbefecd2f12e002078d38c62d665278f,sports_leisure,sports_leisure
9273,13703,1,fb949f35bd1873f846cb7246d9db81b0,78120320a8a3d2656f159d513fcb83b6,furniture_decor,furniture_decor
9273,23401,1,fb949f35bd1873f846cb7246d9db81b0,08d76e49b8206d0cfb7456fe3aa7d3b4,furniture_decor,furniture_decor
9293,28222,1,d5cf579c6679ff170fe911659e186285,9a36ef546bfd8ad2c01c308dcfe4084f,health_beauty,health_beauty
9313,30941,1,0786b87f44a44896ee0a59373edfcc50,3ff490445b099b53cba94a2dab6f814d,housewares,housewares
9318,13250,1,bb3a346d0fc86850244000d0fe5bf5dd,d4dccae17c83ffbaafc50d763503e9eb,stationery,housewares
9325,14172,1,813329d52f377306fa1614ca9a962cd5,96d6c71675adc35bcf32f970cdffe2d6,telephony,telephony
9325,31113,1,813329d52f377306fa1614ca9a962cd5,e5da60b217874889dd4becf29412d793,telephony,telephony
9336,13385,1,63de579e88d8a9982d2e279eba56e753,1d994f3116c393f22021e72f17ab5af5,food_drink,food_drink
9362,31632,1,887b93e713558fd03647419a99268159,cf9eef3269d316b89f8539aafc0db5b4,stationery,stationery
9368,32707,1,57e089e3103f5cda6a4ce23b77399bdb,0a108ad81c4e2a790649c3f8070f1213,baby,bed_bath_table
9379,11441,1,6f2c108731ef77738da45855e737c1bd,1c99a6128a79a5fb5a34c1c6b3be9067,fashion_shoes,fashion_shoes
9380,18537,1,93e0df39afbe96d9194642c0b9330c60,d27144c40fa89d288b74adfd0e20db91,furniture_decor,furniture_decor
9380,25247,1,93e0df39afbe96d9194642c0b9330c60,68486b30d9aa029461c1906bdcbf09df,furniture_decor,furniture_decor
9380,30404,1,93e0df39afbe96d9194642c0b9330c60,0cf13ac73dbcf6586ba63b89dd1f780a,furniture_decor,furniture_decor
9387,27202,1,d537e54e990d95194a5733e79f1af1aa,ead72457c58dcea14f94c2223c684716,sports_leisure,sports_leisure
9392,24101,1,2fa39fd27e11b59399565257abf255e7,071b5dd29feece041c356d172474b113,sports_leisure,cine_photo
9393,15700,1,084b2ab1a0a79a9757008062ddf8b042,309418595516e14bc2e98487ee4267d1,sports_leisure,sports_leisure
9393,18696,1,084b2ab1a0a79a9757008062ddf8b042,137d0bf5250717a478bd7f9c74410bda,sports_leisure,sports_leisure
9417,21342,1,c2a9f8aeb7a51580fccc2d1c4f8bceaf,0cf41187284d7f099adc8415a743ebbd,baby,baby
9424,21396,1,ee57070aa3b24a06fdd0e02efd2d757d,e53e557d5a159f5aa2c5e995dfdf244b,computers_accessories,computers_accessories
9432,16622,1,b2fbf8beb178c391c49d80fa8c4435b6,5d686bbd116b2de2ea1a4e1056501240,books_general_interest,housewares
9435,26299,1,57a2ee969286488b5437acce27b74259,3ea7e516d573a0445abc7cab48949be0,fashion_bags_accessories,fashion_bags_accessories
9436,10709,1,f2bec64d5d795250be5e5ec2d38a19b6,b6e406be1aa00db8be5dd3ec6b524d4d,furniture_decor,furniture_decor
9436,13325,1,f2bec64d5d795250be5e5ec2d38a19b6,27761f21b03a32be1aad6ebaebddd747,furniture_decor,furniture_decor
9436,24887,1,f2bec64d5d795250be5e5ec2d38a19b6,5dcd17b12ed2175d4fe6157e047d7be2,furniture_decor,furniture_decor
9438,20983,1,7dfd17c668802c43e7298a1ae6f03fa4,8f840e793958e7522d3421524b07ee4b,stationery,stationery
9441,32391,1,70431405f38dc4a0ee25fbfba20dbd16,41483859d76267ad9a2c8d0af4a76266,toys,toys
9449,26475,1,ca2a203c624d1447938a09d4bc270e52,ff85ff517698c3fe8b200afddda7fb3a,drinks,housewares
9460,24699,1,0950783476d3f6529a03b28fcac219d1,6bd4c564d1f96b0db5d02d376b4daed6,housewares,housewares
9471,14458,1,f6a00327e33d86dea4cd7175577dd8b9,7a10781637204d8d10485c71a6108a2e,auto,watches_gifts
9482,22481,1,fff1059cd247279f3726b7696c66e44e,2beea058d80efa4403a56673a219352d,sports_leisure,Unknown
9484,10222,1,a8075470f960215ffb67624782f80fec,2fa0dd76935b81bb4fe9cc959138758d,garden_tools,housewares
9529,23040,1,08c5c3d471845327e913b52aded0caf3,0f6e2c3bbb97980782ed6cb1506f5d95,arts_and_craftmanship,toys
9550,15020,1,d548fb64c4bf0a142c3f314398be477a,98aaaedf37ab737ac27a285b011f42cb,garden_tools,construction_tools_construction
9568,29887,1,5ac4f7986643a944501c66a2257bdd73,d04bbac48960ecb7ea311b00ca6e1cb7,furniture_decor,industry_commerce_and_business
9587,20732,1,b8dabeb598db5ace52983a669b90238e,a7c9b5877966d71112d9a1b392fef8d1,housewares,housewares
9588,12623,1,0111ab6fb41da433e0f17d3f4ec2c8f5,755bf675d1b9d60401eed72669e2513e,toys,toys
9588,19347,1,0111ab6fb41da433e0f17d3f4ec2c8f5,88007f00299939d563c9565c054d2cd7,toys,toys
9588,21671,1,0111ab6fb41da433e0f17d3f4ec2c8f5,640799dabd2dfd5da2769270ca71ad65,toys,toys
9590,21241,1,7a0f37fda63d1cd7dac2451494eb6e69,2481a472d98c582b46bc2dfeae6f539f,bed_bath_table,furniture_decor
9590,26458,1,7a0f37fda63d1cd7dac2451494eb6e69,9ad75bd7267e5c724cb42c71ac56ca72,bed_bath_table,bed_bath_table
9590,30164,1,7a0f37fda63d1cd7dac2451494eb6e69,cd3de1984e1a77b441e1b39b8e334330,bed_bath_table,furniture_decor
9590,30891,1,7a0f37fda63d1cd7dac2451494eb6e69,3e5201fe0d1ba474d9b90152c83c706c,bed_bath_table,bed_bath_table
9590,31441,1,7a0f37fda63d1cd7dac2451494eb6e69,592962829d5a715304344e656e39108a,bed_bath_table,bed_bath_table
9590,31767,1,7a0f37fda63d1cd7dac2451494eb6e69,665aa1d687284a4d2d2b74c0c6724625,bed_bath_table,bed_bath_table
9593,24009,1,609b1b50202d276e56b2468006fa82aa,e716e067c266c9785c18204cb3592422,bed_bath_table,bed_bath_table
9593,24063,1,609b1b50202d276e56b2468006fa82aa,f3fad6d734fb27bf8a548562e04f9a5e,bed_bath_table,bed_bath_table
9595,9982,1,e934947ca6b64f5a6d864e21dca13b73,f6fa93875f4a7dac03e0a22143f4d815,bed_bath_table,bed_bath_table
9595,10287,1,e934947ca6b64f5a6d864e21dca13b73,013ee64977aaa6b2b25475095162e0e9,bed_bath_table,bed_bath_table
9602,9933,1,d13a4acdb64c202e774e815db547e108,4167a7ae0930579d1f27d465a1a042f0,health_beauty,health_beauty
9602,12369,1,d13a4acdb64c202e774e815db547e108,3258acb04d37e2f91f76c9250f3b80a0,health_beauty,health_beauty
9605,9850,1,0288f8dd74b931b4ec7a468fdd6ed040,80ba61cb89c5cc6f704b91b30fae834c,toys,toys
9641,22330,1,f5068d43799fc3243cf62b290d885d3e,ed5f0d58e27cf65a07283c251747936f,consoles_games,consoles_games
9646,14052,1,e11092e9722d1b6f8c18cd8947a1daff,422879e10f46682990de24d770e7f83d,baby,garden_tools
9646,17974,1,e11092e9722d1b6f8c18cd8947a1daff,b6ada73818651fe7e64be10653062ea2,baby,baby
9646,19137,1,e11092e9722d1b6f8c18cd8947a1daff,1ba4e3fe92f16fd5a8942f7b7d804b52,baby,baby
9646,26784,1,e11092e9722d1b6f8c18cd8947a1daff,bf44071ef18f5c9ded039681c68b1996,baby,baby
9662,10230,1,99a4788cb24856965c36a24e339b6058,f05901e010ebaa3924276751a35e6004,bed_bath_table,furniture_decor
9662,12993,1,99a4788cb24856965c36a24e339b6058,4f88323d03ffaf090b8fb0116b33c95e,bed_bath_table,bed_bath_table
9662,13669,1,99a4788cb24856965c36a24e339b6058,3458b4c1fcbe46e2eedb48e00960a60e,bed_bath_table,bed_bath_table
9662,15077,1,99a4788cb24856965c36a24e339b6058,b05fae603a3a28a977633c139cece058,bed_bath_table,bed_bath_table
9662,17098,1,99a4788cb24856965c36a24e339b6058,0a23fd10720c5ffc6c7f5e66b0b26ae2,bed_bath_table,furniture_decor
9662,17207,1,99a4788cb24856965c36a24e339b6058,7358faf3ccce6ed3a2913667ffc1a395,bed_bath_table,bed_bath_table
9662,21300,1,99a4788cb24856965c36a24e339b6058,29428180f6710d477f3c85fb06adb593,bed_bath_table,bed_bath_table
9662,24627,1,99a4788cb24856965c36a24e339b6058,056d012d264624accb7f73d31caee034,bed_bath_table,bed_bath_table
9662,26458,1,99a4788cb24856965c36a24e339b6058,9ad75bd7267e5c724cb42c71ac56ca72,bed_bath_table,bed_bath_table
9662,26647,1,99a4788cb24856965c36a24e339b6058,3a3502ecc84a931af1064f5a82ed267a,bed_bath_table,furniture_decor
9662,30733,1,99a4788cb24856965c36a24e339b6058,378bb6601c068c842ca65be6c5e45ccd,bed_bath_table,food
9668,18540,1,fdba6f37e0258dbca54eb0ed8b293ae0,84a87daa85c8b432d90bc1baa0cb4388,baby,baby
9668,27092,1,fdba6f37e0258dbca54eb0ed8b293ae0,7d854ab97c64ef9df2bbfaf332765786,baby,cool_stuff
9669,15707,1,9686ff1a707a2d304c547f82535c5ee5,a09fb9f597a4b8a13ab0c72d70c77081,watches_gifts,watches_gifts
9683,15577,1,28d7da9ebe96bfda54aed060b68b23a1,9a442e31dcb07042eca00d73c1933880,fashion_bags_accessories,fashion_bags_accessories
9683,31998,1,28d7da9ebe96bfda54aed060b68b23a1,0bb7d5c406dd6affef3cd4f5d6744844,fashion_bags_accessories,Unknown
9684,12735,1,fd471a043ee8b8dd27f4086495e0724c,2196812e80b905c7071389c10ad035d3,furniture_decor,furniture_decor
9684,16267,1,fd471a043ee8b8dd27f4086495e0724c,dbe77c6f7f0935b442ef0c4df2ee3efe,furniture_decor,furniture_decor
9684,18951,1,fd471a043ee8b8dd27f4086495e0724c,6d0a373c460a041c86167a92a5d3383e,furniture_decor,furniture_decor
9684,22731,1,fd471a043ee8b8dd27f4086495e0724c,c858f88f3de50584c39e8b4fafdd7d61,furniture_decor,furniture_decor
9684,27371,1,fd471a043ee8b8dd27f4086495e0724c,b3a397db9c6b4ddfed9d46f6fa03c65e,furniture_decor,furniture_decor
9691,23730,1,757e8df3e7c5c52482db573f5f368e1d,b7c26f18ec50a3fbdb10c7189b8f459d,consoles_games,computers_accessories
9720,24797,1,7494075d75b7855aae586070f6a12113,f4ff31c676834c31a24648df290aa349,bed_bath_table,bed_bath_table
9725,15383,1,f3ead0dbcae5b065731b183396c1da2f,b7bea0eb38a6cd6e90c00c9bc6422193,stationery,watches_gifts
9730,17645,1,54f52360a2b571e7d7b54225b74bbccd,58f88ebb71c90b2d46a5b297ae6c3455,health_beauty,health_beauty
9733,14151,1,5a0c21ad6b82a1b61856e48ec959764d,6ba4d9e6b21481dcc4646250fa189ac1,perfumery,electronics
9733,16441,1,5a0c21ad6b82a1b61856e48ec959764d,fe9dfbe7f974621789683b7b78be2a16,perfumery,health_beauty
9759,10593,1,d3beab88b06d8b7f89e83f6744861ee5,c342f482010f1ec6d94f55102e4994b9,sports_leisure,auto
9765,17388,1,664e36c9f1780f33973e063ae2cdcc66,7c77aa8ae608782aac8e7728acff92fb,pet_shop,pet_shop
9778,20359,1,d6c2073fdc29a2931d1900fe474134ec,fb310009e56c0ab32657c9c674bd402c,perfumery,perfumery
9795,17794,1,83b00325c13c44245b2c3a2befa62a0e,2bf5f3d61f1d45798de07f4edf31dbb5,baby,cool_stuff
9795,22361,1,83b00325c13c44245b2c3a2befa62a0e,3354a4e684f5e7199f9407db70ccd92b,baby,cool_stuff
9795,26634,1,83b00325c13c44245b2c3a2befa62a0e,cc971e0365873137b8bef2ebad633e6f,baby,cool_stuff
9795,29975,1,83b00325c13c44245b2c3a2befa62a0e,9b9d1c4bd979b93c138044e032f99780,baby,cool_stuff
9798,28880,1,e1a5774894b0dcbed9a61bb82b96b3fd,37cdd2e6cf19b94999e23e10cc95cdde,stationery,health_beauty
9816,27673,1,d498e8a880bdf3d26e2b9b3e92c4f424,887dba291adc295b57b5778ebc8b4060,housewares,housewares
9828,19420,1,5b4c8ab4477bb00b57cd5edb1af9aff8,6845447c5d4495dcddca6e6b494df3e7,bed_bath_table,bed_bath_table
9837,22971,1,5b7692c4f3cff85f88ad6255269c696c,85156b6f3e9ba85d83b17b0c3c8cc627,bed_bath_table,bed_bath_table
9848,15045,1,c1eee16d856657ad280936810ef3d080,fcf28afb1353f2f12ea041dd74954226,cool_stuff,telephony
9848,19960,1,c1eee16d856657ad280936810ef3d080,59ebd2c07d59483d0855b5b3d5e18728,cool_stuff,telephony
9848,20070,1,c1eee16d856657ad280936810ef3d080,9ed00cd89e3b3a0107996fe62feab381,cool_stuff,telephony
9848,22404,1,c1eee16d856657ad280936810ef3d080,7ea0b63dc9b8264702f2d2c1533fb4ae,cool_stuff,telephony
9855,30809,1,e0eb83f5cf9560ca3b976eea5dcfdfde,628d0ba951ebb8fd1edc5ab3934468e0,garden_tools,garden_tools
9868,17310,1,2f0f230a6d1c2189c346d0992df870fa,3db10af4436918fa150bb41ae578d812,bed_bath_table,bed_bath_table
9878,14888,1,ba1446377b3e8fb2c3ec8c7b59a0d9ba,c856eb93568d1abd93fbc39fc0a9704e,furniture_decor,furniture_decor
9884,19394,1,5b6263339240fc2b980849790e450c70,e7d7558873ff13253317bd0aac27f072,telephony,telephony
9915,32911,1,7721582bb750762d81850267d19881c1,65bb78cf0bbc3ca6406f30e6793736f9,bed_bath_table,furniture_decor
9919,23085,1,e87093a08e761c9fbf7dd461227f66c1,ba2fafdf0c3e7418202575a48d00bd15,bed_bath_table,bed_bath_table
9930,19954,1,2ae5ed1d99afbb14a8b24041a81df16b,d678178aa4291cd25a755a90188375c8,bed_bath_table,furniture_decor
9933,21705,1,4167a7ae0930579d1f27d465a1a042f0,4713819035a9ef628d084f8ff4fa71f2,health_beauty,health_beauty
9948,25631,1,39cdb64dad488a6037d828d1cd514255,3a1d2391ad7b58b404bce1939446332b,home_construction,home_construction
9970,15320,1,39c077875cf3aa49a65aabe97ea0c0d8,25055c4ea763803958c5c79b99a00439,computers_accessories,computers_accessories
9980,28527,1,bdc1cae635cc5a6a09d9481495b890c6,5292d2a10d727811b78d5b7dfb6c96b3,construction_tools_construction,construction_tools_construction
9982,10287,1,f6fa93875f4a7dac03e0a22143f4d815,013ee64977aaa6b2b25475095162e0e9,bed_bath_table,bed_bath_table
10006,31047,1,59c2f10b8a2fb03ed30afa9bb77c9b9f,7515ab3fc02c8f43b07e9451497fb13e,books_imported,books_imported
10007,29390,1,f4f8823fb84272f90fd1311532effb71,db25a58a5da5dfe2fd19f2604491bd27,small_appliances,small_appliances
10008,16799,1,ede30543a08093f6211aae6c721fddc3,bdcb0ed4ceda228206ed4bf60ec5f65d,housewares,sports_leisure
10016,16922,1,a2151451d8c68ef83187a295422a8334,205cf43d203186d5eb440a791a5b7404,furniture_decor,baby
10018,19297,1,d67c3a409aba425d0b60555276bbefd5,de7be0e706ff92660bc06681f07ca950,bed_bath_table,bed_bath_table
10025,17527,1,ce5a5a85a0704113bd7fd75b3fbaed71,d59349a33fcba18707a61aa852c02c5b,bed_bath_table,bed_bath_table
10052,30783,1,8a26f391ab8b209f67d87dd358f6f004,a1e247b4cedaed462f50049a633345da,Unknown,housewares
10056,14057,1,e9ceb9123d3103b7ad293c168dd3a547,5b2b72f58d212a6e4733884ef0ece564,bed_bath_table,bed_bath_table
10072,13066,1,3c025396e63ff6925a3b68781e8b3456,f59ff3f667dc8dc2b42117736585c1ba,musical_instruments,auto
10075,19624,1,c43b672f48eaccbecc94cdf6b4f53485,e4985e03cd939f1a9f81c65e949f1688,health_beauty,health_beauty
10095,26683,1,e2f714fbe2ae1f8ef2d9827295ddc972,ab56392f9c4033a5857a8e2b0ff3be70,bed_bath_table,bed_bath_table
10108,16753,1,0f370babdc8148e1dd9d4bfc3235982a,7703b8cb5b77fbb36518ea91e2ca734f,watches_gifts,watches_gifts
10115,13219,1,e3f7b3cbb0ccf1f1e361e6974b22e346,f86ab7cb275f6f3343848966310160e3,bed_bath_table,bed_bath_table
10115,20921,1,e3f7b3cbb0ccf1f1e361e6974b22e346,681ac28f018f90684e23492046fcdb76,bed_bath_table,bed_bath_table
10115,21644,1,e3f7b3cbb0ccf1f1e361e6974b22e346,c311d5be814260032f54c7ea77fc1dbe,bed_bath_table,bed_bath_table
10115,24514,1,e3f7b3cbb0ccf1f1e361e6974b22e346,80ec2c3e9b6567d1b32714e79282d57f,bed_bath_table,bed_bath_table
10126,32853,1,1b930f20f389f3e3d057b9e3e85ca83d,c4ceee876c82b8328e9c293fa0e1989b,Unknown,Unknown
29863,30854,1,de3e45cf635ff24cd354d19687becb43,82c56b8583385afa6570d84dfe063a0a,bed_bath_table,bed_bath_table
10145,14304,1,3c839ed874f2e0444a38bfc8daf5ad5e,625218e2e2b4668a47d08911e0def1a4,housewares,housewares
10150,30438,1,5eae236b07a8c5db6299c7f9c3ba2e6e,924260f2993f33c639e6226173f07e8f,food_drink,food_drink
10158,29684,1,c697e67e0129d1836951f781a913cb4a,d9e7d13814ea50f9ae1f612ef6b3a1f1,bed_bath_table,bed_bath_table
10172,28246,1,c7bcab3a7039340cf46705f43bab3ee2,e4bc98f06b9893b763bb17a152219b87,bed_bath_table,bed_bath_table
10173,10967,1,205448428c05215b1d0bd5c9d2a1ee3c,16d13ab2d640065882cddcafa3359116,bed_bath_table,bed_bath_table
10173,21965,1,205448428c05215b1d0bd5c9d2a1ee3c,fafe25fbb0bcbd7b5112ab0070940790,bed_bath_table,bed_bath_table
10175,22074,1,9a98180ffbd0765e89f11cc8dd2385f4,6f7400c1577bd99fb7c9cd196edb6ae2,furniture_decor,furniture_decor
10175,22181,1,9a98180ffbd0765e89f11cc8dd2385f4,65b89f415ce968a584fde133ae3ce3bf,furniture_decor,furniture_decor
152,7786,1,dd768d259ee6054e0dadd66c8e2be0b6,525cb8d7fb28b9615a1cf6dd55074865,bed_bath_table,bed_bath_table
10187,15188,1,65e3848513c9ab70bf542e5d694cf072,f3b5bbdfd20be94cc96583501d2819ce,health_beauty,health_beauty
10187,28137,1,65e3848513c9ab70bf542e5d694cf072,1fe8e6e01596885617fa1c90d29c2f81,health_beauty,health_beauty
10208,14890,1,40b6762970c412b5b5392cd0d4c006b1,05805f52cdeb93d7684f871e599f0078,furniture_decor,furniture_decor
10230,26383,1,f05901e010ebaa3924276751a35e6004,eebbed5ed3b134eceb717496c47652ba,furniture_decor,bed_bath_table
10230,29076,1,f05901e010ebaa3924276751a35e6004,4845d1421cd53de09a405f5f869add3c,furniture_decor,bed_bath_table
10241,15005,1,b4763c2caeeac2424b64aa199789b81b,0ee7a6e1cd4ecf72e711a2f68b4d8d2e,computers_accessories,computers_accessories
10241,19617,1,b4763c2caeeac2424b64aa199789b81b,0bfd2b8146cd034448f6e4c8ac8e47f0,computers_accessories,computers_accessories
10244,13177,1,be93f4f9930c70a83456e2c9cb408a85,0aabfb375647d9738ad0f7b4ea3653b1,consoles_games,consoles_games
10247,26244,1,b121f98815a33782f552005a2f39c6a1,c7396c42f79c6c1d83da76a1465dde73,fashion_bags_accessories,fashion_bags_accessories
10254,23072,1,837b5c6df9ceb8a9c604e78fde0e60a2,6c56299e19ae706d1907a4b19162435e,computers_accessories,computers_accessories
10256,14405,1,2fab6789523833dd6179314d5c7da56f,5ca6a40fbc611451486b6525c655c64b,furniture_decor,furniture_decor
10259,11734,1,331e79a28ee5afbb321a3146653085f2,b781cf30a200b5eff2787c2074d67045,office_furniture,office_furniture
10263,12083,1,67cf741b2e7fa5801046eeb8b95b8aa8,044f05bc9de36e8a693a83e4bc79dd0d,telephony,telephony
10266,16680,1,c5b6cb0ce3279d64025831b972bf5dee,c448475cc4766baebabe30ee6d5f3fb7,stationery,stationery
10269,30368,1,a8aae2d57f0b7d4b495da36a2ea21385,2a256d1fd193c91de19036b7b9bde617,costruction_tools_garden,costruction_tools_garden
10279,16053,1,bf730d49d016a80c9c66b4c1768a7933,7f97636768f5bb7b8f2843974b48a1e8,pet_shop,pet_shop
10290,18921,1,d00f6c52d2730de05fb409f09ab6e732,8ddbf2c953e42ed2a627c4ac08706bc2,housewares,housewares
10300,23528,1,e15cee02291017f6f12b4115ffb417e6,1d6d7be70107889e3193819aca4dc1dc,furniture_decor,bed_bath_table
10315,30149,1,58eaed8e153f27f810f487f2c7ecc57f,cc88837a83ef7b7ea2bf724434a53ef3,construction_tools_safety,construction_tools_safety
10318,13839,1,effa78286556d5e79cda2b4aba96a534,cfb133b7458336455fa60b97ac3aaba9,toys,toys
10342,10654,1,ddebc97ddf43a9787d1ee7012e394ccc,8634ba98d69440265e955814c3e4cde1,cool_stuff,cool_stuff
10342,23957,1,ddebc97ddf43a9787d1ee7012e394ccc,ca87480e3217597bea91c94423cb30b7,cool_stuff,cool_stuff
10345,27340,1,f3f6c295f8683fd04c2a01c363db3ec5,c96053e7cbc380ec931f23d085702ff8,books_general_interest,books_general_interest
10355,13374,1,108fc05afc7b739e4a355e2bfa12bdc2,56c221c4c1a4a98293895c4563cdc6bf,baby,construction_tools_safety
10366,23500,1,b1631003bdbc3b1e876f83a7d851d74a,22c5ddc22ea8cae84fc9917def682dc6,perfumery,perfumery
10366,24330,1,b1631003bdbc3b1e876f83a7d851d74a,75d6b6963340c6063f7f4cfcccfe6a30,perfumery,perfumery
10384,12209,1,937c825572d26b9e5a723527c6d625c6,06edb72f1e0c64b14c5b79353f7abea3,bed_bath_table,bed_bath_table
10390,11950,1,81d34fb425382e189529a619f8f2c077,381fea04c0d7c8bdbcb05f03727a1c07,auto,auto
30891,31441,1,3e5201fe0d1ba474d9b90152c83c706c,592962829d5a715304344e656e39108a,bed_bath_table,bed_bath_table
10404,12345,1,d5b703c271f43f9c588a6f512a00f77e,14dffa241a078aeaebaef48a49e807ca,toys,baby
10410,24392,1,2b4042dfabc3fe9d3f16951a8e1a3b70,11dcc970f7a5581e1bf777b6da3f7096,housewares,housewares
10412,16313,1,7b2fc344801b7bd210743493b0cf9385,36eabbbffe429d2997d5bf9b40695335,telephony,telephony
10413,21009,1,5467d6901b698f1fe968337ee39c5dfd,361ecd8e68cab4a2fc502803a9dd790f,fashion_bags_accessories,fashion_bags_accessories
10450,17728,1,d6fa8b99ed80bff9dcddd3fdefa6e68d,507914b4af243e0589c389ac50545ef6,construction_tools_construction,construction_tools_construction
10450,19650,1,d6fa8b99ed80bff9dcddd3fdefa6e68d,26facbccf840188b92bcc8cb89fe1f64,construction_tools_construction,construction_tools_construction
10450,22634,1,d6fa8b99ed80bff9dcddd3fdefa6e68d,bf1a9a02e2160143755052e6bf59740f,construction_tools_construction,construction_tools_construction
10450,26552,1,d6fa8b99ed80bff9dcddd3fdefa6e68d,5b1f3328a2c6f837ecce21bca1489939,construction_tools_construction,construction_tools_construction
10452,22402,1,78ab491fca1a263dc3d1a16833c57016,eda9ace7ea76f19d80475c07f44acfbe,perfumery,perfumery
10460,15019,1,4a534b5650f13219a0de4ce5af039d2c,bc055ae94989497c0d66bfa4263ccf61,computers_accessories,computers_accessories
10466,13153,1,15b142fc0f773fb67de91301d1701894,5bfc7506459ae2a7b4b573fe557a58e1,furniture_decor,bed_bath_table
10470,25084,1,f879fadd73c7b81f0b278dacc880cf08,de37ff8068c8e7b1164a19f0f4d05619,furniture_decor,home_construction
10477,16691,1,ea0e3d94bcd573d99c06fc115d82500f,5d92abea542c2022dfee91dd630f2697,bed_bath_table,bed_bath_table
10477,29300,1,ea0e3d94bcd573d99c06fc115d82500f,10adb53d8faa890ca7c2f0cbcb68d777,bed_bath_table,bed_bath_table
10487,29813,1,f10163ef5dd01ee5f3622b750b64091c,3279fec9ed308116c0546336bf7741f6,fashion_male_clothing,fashion_male_clothing
10491,31959,1,a224196b0b605fdffac1d9224f052ceb,4f687412e6805c3cfc9e0c5ec2f841e0,housewares,housewares
10510,20217,1,d392a00a8d96150a649853d20d63e8ba,6edf191bc69fa313660424f725f82041,sports_leisure,sports_leisure
10513,14228,1,381169576b9f3c083a1c3261da161a3b,0fc6914383c2bea767a9562c9d8b43a1,computers_accessories,computers_accessories
10514,15853,1,dfa6b0099b9a29d216bd1bfb624eb936,1aa14227ddc4559e09c497298bf618dc,sports_leisure,sports_leisure
10515,21689,1,393564b0bcdda0d8c4ada9d780ebcebe,84f456958365164420cfc80fbe4c7fab,bed_bath_table,bed_bath_table
10529,12124,1,8bef2f3e34f2cc22c908921e6e9eebee,02475368dfb38934fe55f574024fe1d7,watches_gifts,watches_gifts
10529,12713,1,8bef2f3e34f2cc22c908921e6e9eebee,b01d34f6d2545269d348181768eca049,watches_gifts,watches_gifts
10535,14483,1,570bc3b3d1e5e422e2f48dda6adf72d7,b697c503df6dc2612e7f601a189718d0,telephony,telephony
10541,12359,1,50b2ddbf47bd0b8eecabb404613e2a45,ff7c7524d5f9a8386ab27088ec03c1fb,bed_bath_table,bed_bath_table
10541,18709,1,50b2ddbf47bd0b8eecabb404613e2a45,b395922ca8e9ba82b2a81822968d0cf5,bed_bath_table,furniture_decor
10545,26511,1,907539b8216ca1250e5e974b4047699d,e2bb00220a167d9e60b6776ac33717bc,watches_gifts,watches_gifts
10552,25005,1,2ffb8b836bb62d53a77a69a67814fffa,73efecdfe04fa13599a99282cebf99ff,furniture_decor,furniture_decor
10559,22594,1,b75ad41bddb7dc94c7e555d9f78f5e8a,6f59fe49d85eb1353b826d6b5a55e753,bed_bath_table,baby
10559,28734,1,b75ad41bddb7dc94c7e555d9f78f5e8a,5c818ca21204caf8ce1599617751ff49,bed_bath_table,bed_bath_table
10563,17503,1,34dfc6386b7550503bd2e582ef45d041,0521fe3eb04940304b489d0fb49a37dd,housewares,garden_tools
10575,31808,1,eb4ce1251cfec891df49b09dda5095b0,73326828aa5efe1ba096223de496f596,food,food
10607,20125,1,dae7d137a7eb1a685e48c83f7952b388,77b61edc47d5dda4e6fb3568962d3e63,furniture_decor,market_place
10607,24279,1,dae7d137a7eb1a685e48c83f7952b388,57c580a8fbf3d8374b06bee7b6f4ce31,furniture_decor,furniture_decor
10609,30557,1,561e48cdfacd14e7cfe67aa4ebd0caea,6b0510f16f7767cece59352e08e5432b,pet_shop,pet_shop
10638,11524,1,3b0f7951038b105522c2d566b54421f7,2691bad4b1d8eb94ea5f2ccbbd582fca,telephony,cool_stuff
10638,25271,1,3b0f7951038b105522c2d566b54421f7,f0b543161e745b6c80a79c368db167a5,telephony,telephony
10643,11230,1,41376d63d4c45fe6c7407e838a2befa3,9648b0bf87f29f78dd9fcbfe58d0e6a6,toys,toys
10643,16509,1,41376d63d4c45fe6c7407e838a2befa3,3e44b19563ef5a25f4b7e0fdfc3657c3,toys,toys
10643,23674,1,41376d63d4c45fe6c7407e838a2befa3,ad00a218e16f65efb3dfebe514994ca1,toys,toys
10643,28029,1,41376d63d4c45fe6c7407e838a2befa3,26479f7e6b832d2e19a14dd8393bb30f,toys,toys
10656,14569,1,2669a9fe1aaf6cb29071f8f866014afc,73bcea88583002fe12b7399af4ae60da,audio,watches_gifts
10674,27986,1,2873da054c3a30189c5aac7b87d3b6e9,00ae7076313576f94d9107599d79a978,Unknown,sports_leisure
10679,31222,1,330a8a8d810e84c45bf6fece44e082c8,3ce943997ff85cad84ec6770b35d6bcd,computers_accessories,computers_accessories
10693,22545,1,a35a9f46dcee0a67c8c7ad8493eb4135,2770305847be150f16eb0b25fa7c171b,computers_accessories,computers_accessories
10693,28179,1,a35a9f46dcee0a67c8c7ad8493eb4135,41db6d8062fcd38410c699743ccc0265,computers_accessories,telephony
10697,22504,1,c667317c8619402c91347027f2dadbce,48972c4d034d78bb520475d037515238,furniture_decor,bed_bath_table
10702,12487,1,7d873ae7ba4e637167c1a8d544bd6af8,262855d4dd5b0d39f786a3c86c285c6a,drinks,drinks
10702,27396,1,7d873ae7ba4e637167c1a8d544bd6af8,c0e452663c284f3f8e578f390dc3ab21,drinks,drinks
10709,13325,1,b6e406be1aa00db8be5dd3ec6b524d4d,27761f21b03a32be1aad6ebaebddd747,furniture_decor,furniture_decor
10709,24887,1,b6e406be1aa00db8be5dd3ec6b524d4d,5dcd17b12ed2175d4fe6157e047d7be2,furniture_decor,furniture_decor
10711,11722,1,ee188b2353254fc5117468bfab1e789f,11b906b2a09fb80668f4478dd3f9c324,housewares,housewares
10711,27009,1,ee188b2353254fc5117468bfab1e789f,bdfa3ba07ef80b018f8102da22d908d1,housewares,housewares
10712,30757,1,bb185a3def84599e9c16a8f88bb9379a,77dfeb0e34976854ba703a339ff8fb2a,furniture_decor,furniture_decor
10722,30699,1,9f890da4bf8473aca1996ca037005902,d829c266108bd4ef390199df1560fc2b,bed_bath_table,bed_bath_table
10724,15561,1,f516645f81debe9cff9416a20662dc43,9ddc4249779322828f89d2a9c04f7ee1,cool_stuff,auto
10724,28484,1,f516645f81debe9cff9416a20662dc43,cac9e5692471a0700418aa3400b9b2b1,cool_stuff,baby
10743,15074,1,521527593ca1726b992318e034dd5690,4650fae75d852ddfada4751f6f02481a,perfumery,perfumery
10743,18790,1,521527593ca1726b992318e034dd5690,0f6e214a2c5baab8c1ccb053a0829f13,perfumery,perfumery
30877,32216,1,33e79119cfaa0e1f7122bf00b10426bc,9e10eb05d9f369d5c38c475425cc2ee9,telephony,telephony
48,8983,1,bbf920aa6ac72007a726e6f419156f8f,f2d649f157cebee085ed738f23d5d6b7,furniture_decor,baby
10755,25975,1,d70c831282615555625658baeb52eaa6,0c46413e9062e5e91fdf39a9142427b5,fashion_bags_accessories,fashion_bags_accessories
10755,28505,1,d70c831282615555625658baeb52eaa6,a641c89dc8c19516ec7706a3c09c9424,fashion_bags_accessories,fashion_bags_accessories
10761,15008,1,4b5df063d69ffafb87c279672ecb4191,afbe1e973aefbf72a330e3bc72d4b476,baby,bed_bath_table
10774,20143,1,71577b7befec8802e6153ca6b35a793d,e1dae76b5f1c39746a05aebb9ea23d1d,sports_leisure,sports_leisure
10774,26766,1,71577b7befec8802e6153ca6b35a793d,2efa613b6bf825fc97410ea989a08085,sports_leisure,sports_leisure
10779,20495,1,d75ee8bd2f182827d5a26a09ed584c9a,48ee9be392f28ae3a64518a070f4d06a,bed_bath_table,bed_bath_table
10781,15984,1,9ad35a49eb5a417d1554e1c23f8200e4,d05bb6074b45c20f7a516c239c0a1c43,pet_shop,pet_shop
10781,26561,1,9ad35a49eb5a417d1554e1c23f8200e4,15c507fd1d486501a97bd53f82445f1e,pet_shop,pet_shop
10786,24712,1,3ffc8b6c3ae2afbf307cbd802bfb5e4c,c8078bb7927143cdb008e3563230ca61,baby,baby
10794,16867,1,44f90f085c7a825863cbf867990e1513,f0fe4af158ebc28426b794c0b54d3df1,health_beauty,health_beauty
10794,19939,1,44f90f085c7a825863cbf867990e1513,4c8541293fb2d3359cf52485b4d59b8e,health_beauty,health_beauty
10794,28137,1,44f90f085c7a825863cbf867990e1513,1fe8e6e01596885617fa1c90d29c2f81,health_beauty,health_beauty
10820,28570,1,e3de19106e36f3981c320553135a6610,53a335c80caee2e8b25272563a2f5120,sports_leisure,health_beauty
10824,12369,1,5f42d57952b7815098979a5c4fa6f82a,3258acb04d37e2f91f76c9250f3b80a0,health_beauty,health_beauty
32742,32822,1,4cee3d875eb2f9d331aae01b8c4781e8,20767ba46ff14007ce4ed2cb1c4d546a,bed_bath_table,bed_bath_table
10850,18283,1,ac480ada5f06d9024eae2c6dd9de4c74,65610bb38e3ee3e20a94885411c3feec,perfumery,health_beauty
10858,17503,1,d43c65f300c5cfaae005f1f954fc0b15,0521fe3eb04940304b489d0fb49a37dd,housewares,garden_tools
10879,31761,1,29bc923d3ecb389b5b1b6fe2a6e4799a,b63ecf99904f905e0d594b11ac06281e,bed_bath_table,bed_bath_table
10888,19769,1,0a4093a4af429dc0a9334300e5c13ae5,bb48c8fda6bcf73c9a0178fd1a1a366d,health_beauty,bed_bath_table
10888,22331,1,0a4093a4af429dc0a9334300e5c13ae5,b141c668aca84c5877a5c66bd94fedc8,health_beauty,health_beauty
10897,15238,1,93d2aa0c31c4bdfe9d71ae5b1df30287,bd2b6d27ce6d89e2443970dc53f6d684,computers_accessories,computers_accessories
10914,18300,1,21b524c4c060169fa75ccf08c7da4627,4a5c3967bfd3629fe07ef4d0cc8c3818,construction_tools_construction,construction_tools_construction
10914,23653,1,21b524c4c060169fa75ccf08c7da4627,0de59eddc63167215c972b0d785ffa7b,construction_tools_construction,construction_tools_construction
10914,31435,1,21b524c4c060169fa75ccf08c7da4627,1065e0ebef073787a7bf691924c60eeb,construction_tools_construction,construction_tools_construction
10919,26431,1,76061aaf8a1e4e93cdd26f7bef9ce247,c1a29976487f2c410740e8a1a4bf5720,stationery,stationery
8,14282,1,2548af3e6e77a690cf3eb6368e9ab61e,140a8324a66db81d299b24b30d93098e,furniture_decor,furniture_decor
10941,18490,1,555cdc8ae3abc9870afa02367539b799,186fe07c8b8005ec6a498587ffbc1352,watches_gifts,watches_gifts
10960,19473,1,a5cc78a32cddc1ec920b5546f188cc3e,8c90d88939a7bce735c315d9d8cd5274,pet_shop,pet_shop
10960,23123,1,a5cc78a32cddc1ec920b5546f188cc3e,c8467740c17bad8744006eb0e041f142,pet_shop,pet_shop
10964,13434,1,d5991653e037ccb7af6ed7d94246b249,6987398dff454a3138231540e2a6ec61,computers_accessories,computers_accessories
10964,14889,1,d5991653e037ccb7af6ed7d94246b249,2b2d98d1e9b6f68a472c5ace64d704fa,computers_accessories,computers_accessories
10964,16749,1,d5991653e037ccb7af6ed7d94246b249,909b87db6cb3a7ab26bd03cc59860136,computers_accessories,computers_accessories
10964,16992,1,d5991653e037ccb7af6ed7d94246b249,84d0e98e468edffdfe4f1f5b178d4ecc,computers_accessories,sports_leisure
10964,18154,1,d5991653e037ccb7af6ed7d94246b249,bf3f9743aeca956fe97611364fec85d9,computers_accessories,computers_accessories
10967,21965,1,16d13ab2d640065882cddcafa3359116,fafe25fbb0bcbd7b5112ab0070940790,bed_bath_table,bed_bath_table
10985,32005,1,efefc6ae386eed5b7286cdae6168d55b,8cdb9ebdf8dcdd09f8495eec1851b0ae,baby,housewares
11015,24065,1,bd0ac51dc93e62c4dbe6ca9d70a9b311,803f77475e1b51b47f1bfec4f2ec353f,auto,auto
11015,24505,1,bd0ac51dc93e62c4dbe6ca9d70a9b311,bd6e8cf9fe4122c385da2bcb9f979d5d,auto,telephony
11019,29684,1,b60c241f66e031959b70e1c60725f0bc,d9e7d13814ea50f9ae1f612ef6b3a1f1,bed_bath_table,bed_bath_table
11019,32462,1,b60c241f66e031959b70e1c60725f0bc,03e931f387c2dd5b006aecdb12515b2e,bed_bath_table,bed_bath_table
11020,29696,1,8fbcb15797c830eb81cb3368ffe4a851,4720b3e7d949046722aaa29eb7c29d9f,housewares,housewares
11025,14554,1,08574b074924071f4e201e151b152b4e,98a8c2fa16d7239c606640f5555768e4,garden_tools,garden_tools
11027,22468,1,e9ed063dacf96b73a9567bf943e5f708,46e4940f28c9231a801873e62ca55c53,perfumery,perfumery
11027,31109,1,e9ed063dacf96b73a9567bf943e5f708,4ad4cf9cb1cce9af79caf2426fd9ab93,perfumery,health_beauty
11031,24276,1,e0cff02736e677c15eb7d04c7c52018f,0b039b61011417822882815943f13dac,perfumery,electronics
11034,12422,1,b6f9abef16fdfec89e4f3675f6627dca,0e92dcf7b03df1de4e9349af065f8e63,furniture_decor,furniture_decor
11034,17468,1,b6f9abef16fdfec89e4f3675f6627dca,d54a7e69c3102b38b13952aeae0bc8f3,furniture_decor,furniture_decor
11034,28073,1,b6f9abef16fdfec89e4f3675f6627dca,7e441b33f896ba519d58063f4c714bef,furniture_decor,furniture_decor
11048,11049,1,962fcda8dd2506e82cb237b3efb5ba5a,85eed6b3f52d601d2a288e2668b888df,housewares,auto
11053,14737,1,686f5682d2be7689714c5fae465de396,fef0296e6442db59700c92c692c90e90,garden_tools,costruction_tools_garden
11053,22437,1,686f5682d2be7689714c5fae465de396,6fb42788c5ef9affaa2fec30ca8b6053,garden_tools,garden_tools
11053,27909,1,686f5682d2be7689714c5fae465de396,42faf2e98f0486405f5dfac48e5cba7d,garden_tools,garden_tools
11054,13192,1,dfb97c88e066dc22165f31648efe1312,f67ad6b3366ae186b8d29087e6d5ebd0,auto,auto
11054,18757,1,dfb97c88e066dc22165f31648efe1312,5cb678a06e40c3a2e49564fd664dac70,auto,auto
8,23935,1,2548af3e6e77a690cf3eb6368e9ab61e,5aad359a63cbb4fc35ead44346a3eeb4,furniture_decor,furniture_decor
11067,19744,1,eae2dd85f947bc3cd623a4443bc91111,9c7ce59c96e74dfdfc51f13a4a6c3869,musical_instruments,watches_gifts
11090,14125,1,d17fcc262e1deff42dc118031835f4f6,c4a6de6225217d4539c861c0b6316d86,sports_leisure,sports_leisure
11102,28585,1,50da612213d35f8d8681b0535651b30d,0fb4287d451ca41ec9311a82fd9599a3,bed_bath_table,bed_bath_table
11115,11667,1,a996a4fecaea5e7e2638d2c5078ebf4b,e213c5845d92a69640660dfc8e9a987c,furniture_decor,baby
11115,16320,1,a996a4fecaea5e7e2638d2c5078ebf4b,b9adb834b99082140e354bdd3bda7eb5,furniture_decor,bed_bath_table
11115,16507,1,a996a4fecaea5e7e2638d2c5078ebf4b,c2bd03501cf7f4f3a1201e6069155bc0,furniture_decor,furniture_decor
11115,22204,1,a996a4fecaea5e7e2638d2c5078ebf4b,b512f3c014a02179181951e048ed73cb,furniture_decor,furniture_decor
11115,31070,1,a996a4fecaea5e7e2638d2c5078ebf4b,61984b4164968929229a5bed244e353d,furniture_decor,bed_bath_table
11115,32128,1,a996a4fecaea5e7e2638d2c5078ebf4b,125e5760a3ff01937be3b2a1a7f14aa6,furniture_decor,bed_bath_table
11140,12545,1,a8d2af10596b8acd5f45c720fe9745aa,113f80f12c8892f0c59206f70b862b40,bed_bath_table,bed_bath_table
11140,15723,1,a8d2af10596b8acd5f45c720fe9745aa,abe2c60707c1e11cfa710dc7328b4bf6,bed_bath_table,bed_bath_table
11144,24185,1,63ae63c279f3ccd864bc7756f81bec2a,4fb3a6cb6e0aa78466566ab0ec0666c6,bed_bath_table,bed_bath_table
11144,29796,1,63ae63c279f3ccd864bc7756f81bec2a,1a2df11a11c62daea6c15fbd3ccf2917,bed_bath_table,bed_bath_table
11150,20856,1,d296d7996d75ec35fcfc75b3a06cae63,ceeb8b2d571b23399910f1b83980c973,bed_bath_table,bed_bath_table
11150,32462,1,d296d7996d75ec35fcfc75b3a06cae63,03e931f387c2dd5b006aecdb12515b2e,bed_bath_table,bed_bath_table
11164,20974,1,15fdd6032f35d4add5066fb90be28630,562502b79845deae9bcd86384921a2c5,watches_gifts,furniture_decor
11177,32553,1,a836767158b2c4fdca1d178b8e4e6165,be40b2de99172a1101c7dfc49a52d2cf,luggage_accessories,health_beauty
11178,12071,1,9668ae227893ed924319574e98f60c7d,e57ef623983cba8948397a3d7d52adc4,bed_bath_table,bed_bath_table
11187,12088,1,19040720293c3389f764e7b18f9395ac,664d6e6b4227a0fc34582be4a6cc6448,furniture_decor,furniture_decor
11187,23440,1,19040720293c3389f764e7b18f9395ac,1b2066a33aee5851ee3e44b10b36b3c8,furniture_decor,furniture_decor
11200,26213,1,1b7384e0f9f5e4cb914cd3f5535a4cab,08ef02b6aae73ad3a385cf1342f609c7,Unknown,bed_bath_table
11200,29265,1,1b7384e0f9f5e4cb914cd3f5535a4cab,7b49e585ac8c80b14c9b2815d4db465f,Unknown,bed_bath_table
11221,29717,1,dfc9d9ea4c2fbabe7abb0066097d9905,9d1893083966b9c51109f0dc6ab0b0d9,bed_bath_table,construction_tools_lights
11230,16509,1,9648b0bf87f29f78dd9fcbfe58d0e6a6,3e44b19563ef5a25f4b7e0fdfc3657c3,toys,toys
11230,23674,1,9648b0bf87f29f78dd9fcbfe58d0e6a6,ad00a218e16f65efb3dfebe514994ca1,toys,toys
11230,28029,1,9648b0bf87f29f78dd9fcbfe58d0e6a6,26479f7e6b832d2e19a14dd8393bb30f,toys,toys
11233,30198,1,fe1ba35c47a4b599f34ce8ad2aa2c42b,812b558694cd8e22f35f9d1bcfb549b5,dvds_blu_ray,dvds_blu_ray
11236,15315,1,c1ed7eeb2ac3e40d069da245ac1d3492,5101f008a270fb10336de6703f32221e,bed_bath_table,bed_bath_table
11265,29707,1,d1a57f4402dbfe2cb1c271ad0da64311,777c635c0e75758c283037a6ae684c20,health_beauty,auto
11266,16282,1,d143bf43abb18593fa8ed20cc990ae84,55939df5d8d2b853fbc532bf8a00dc32,computers_accessories,computers_accessories
11278,14881,1,f8ddde5f054858a4316860ee89414db1,16e1eefb15c1601a11fefb18fd3d6036,bed_bath_table,bed_bath_table
11284,12345,1,8d98dedc3c19de17f1a090195e85d6b6,14dffa241a078aeaebaef48a49e807ca,toys,baby
11284,20275,1,8d98dedc3c19de17f1a090195e85d6b6,014a8a503291921f7b004a5215bb3c36,toys,baby
11284,24601,1,8d98dedc3c19de17f1a090195e85d6b6,880be32f4db1d9f6e2bec38fb6ac23ab,toys,toys
11302,17731,1,608b018a4443a457a5cd1e58de213cb2,9538a4d0d20e31d209def88993f8dca3,furniture_decor,furniture_decor
11313,23929,1,efeae7f900647c4d4e71943638b8c2d3,ffd4bf4306745865e5692f69bd237893,fashion_bags_accessories,fashion_bags_accessories
11353,20708,1,781afe929e3016a667f5f439afd55fce,226f3829f99a5f02578560da8708c8f7,sports_leisure,perfumery
11353,25812,1,781afe929e3016a667f5f439afd55fce,1c8c80454d9a8829112d5be9fe885fab,sports_leisure,sports_leisure
8,24600,1,2548af3e6e77a690cf3eb6368e9ab61e,af35be35db4ad0dc288b571453337376,furniture_decor,furniture_decor
11366,29300,1,4025ee582ef6b8c478af3b44cf89054b,10adb53d8faa890ca7c2f0cbcb68d777,bed_bath_table,bed_bath_table
11366,31781,1,4025ee582ef6b8c478af3b44cf89054b,cf28a2b7bc92809a0574cf07772c88c4,bed_bath_table,bed_bath_table
11373,23216,1,d83de24a6ee5b9754bdb4df748e529af,9a2f52e60b6419803680132ad69a3ca8,fashion_bags_accessories,fashion_bags_accessories
11394,30800,1,a412a4cce5810a2d4fc9ce36664a929b,c69ee3d090e5c25f7e8633b164fc001b,auto,auto
11402,28445,1,60495adb1f1a49c8aea75e5e56a47a48,2ce9e5390d425b70acd6b9b016c9ac13,health_beauty,stationery
11403,21115,1,0cbeda603059c985268afd35128be303,8fadf68a98d539874e3365004f8bb2e7,stationery,stationery
11416,31859,1,bf6c420d93ff5c0a5d8fd3b6c975dbd5,9f684ef1e31358afd3d4ce991c576e2e,furniture_decor,furniture_decor
11418,25203,1,f727305c90ca9b9c36d4e84a817bc01d,cd2c03056720c7de4d6a59c1167bdee0,fashion_bags_accessories,fashion_bags_accessories
11429,21859,1,a38e6346616a8f362c328b9537b1ca4d,44d097d59e8430f88a67517cd0c4f865,fashion_sport,fashion_bags_accessories
11430,31416,1,d23750d75ff07de540c45749fbd8de45,7868a64aa111bbb4f41f8e1146c0becb,pet_shop,furniture_decor
11448,26688,1,4b7528d093f5acaec2a072366a4106bc,642247ccf62585635cefa1bf09f59b94,bed_bath_table,bed_bath_table
11448,29438,1,4b7528d093f5acaec2a072366a4106bc,8c7fe240bfde64b6a20eec6fdb986b1b,bed_bath_table,bed_bath_table
11457,18236,1,4eb3e07a4b54437a7f63eeb577ebf73a,2eb6e8f39feaf75fc5163f774d38f0f1,pet_shop,pet_shop
11460,11798,1,9e95726c7b2d65513b9f33958026cd1b,f1f47f712d19a52644c70a297ee0e27c,furniture_decor,furniture_decor
11464,18169,1,81b6c7c058add831803fcbba6dcc1df2,120fa011365fc39efe382cba4e50999e,bed_bath_table,bed_bath_table
11464,26722,1,81b6c7c058add831803fcbba6dcc1df2,79351053555d5b98a09738e68f891f1a,bed_bath_table,bed_bath_table
11464,29214,1,81b6c7c058add831803fcbba6dcc1df2,9ddd762ee8a13576a809dc66f22aa2b5,bed_bath_table,bed_bath_table
11464,31878,1,81b6c7c058add831803fcbba6dcc1df2,ddb9028236525b8ab493fc24f99e8d1a,bed_bath_table,bed_bath_table
11470,14052,1,d363e421b1d15376b299089946fed127,422879e10f46682990de24d770e7f83d,furniture_living_room,garden_tools
11482,17195,1,914c9e9af640dd56f48764a225b00f89,85d343db501f388dc453ddce58bc5921,office_furniture,bed_bath_table
11493,24424,1,e0d64dcfaa3b6db5c54ca298ae101d05,bce474cc95b6e77657e10939b0b4248c,watches_gifts,watches_gifts
11493,28476,1,e0d64dcfaa3b6db5c54ca298ae101d05,8317b177579dd27ff068b83205e2169b,watches_gifts,cool_stuff
11498,13177,1,dac2eb7c1ddae28171b16e13c80a9730,0aabfb375647d9738ad0f7b4ea3653b1,consoles_games,consoles_games
11523,25708,1,32bcf7ca75070a7d951264d40b28d90d,bf2f8efdd119b43056e1355c46119f04,bed_bath_table,bed_bath_table
11527,18626,1,961d02e19e9ade3ba8aa028c87b0d8f7,f7f59e6186e10983a061ac7bdb3494d6,computers_accessories,housewares
11534,15128,1,e9a69340883a438c3f91739d14d3a56d,0ec96e6d31a1493b0475805c9ae1a0a2,housewares,furniture_decor
11534,21377,1,e9a69340883a438c3f91739d14d3a56d,d26580768894ea0cdc9f19dc672956c2,housewares,housewares
11541,13153,1,be4f6fe1a36e3a7abc3c966be0925070,5bfc7506459ae2a7b4b573fe557a58e1,furniture_decor,bed_bath_table
11545,32637,1,236c8998f9a6e6150cdfb75fed83c15d,3d92b609f553af0ae89982e4fae15b1f,sports_leisure,sports_leisure
11559,22504,1,b7605b5b483063d12bd90a772bff9d21,48972c4d034d78bb520475d037515238,bed_bath_table,bed_bath_table
11559,29922,1,b7605b5b483063d12bd90a772bff9d21,8adde8ed66e628e94f29b9832156ab08,bed_bath_table,furniture_decor
11579,25643,1,7b35be468d9795a7529f65c50ec87668,dbf4588317c84ec9cde32b033de522e4,watches_gifts,watches_gifts
11607,21011,1,eff955ba97941dc6837a770367d66944,09ffd5e043f6d44ca166be7f91dab462,furniture_decor,furniture_decor
11624,18673,1,24c9d329963373e2fccaa3f3204db19e,90d11936871062d5cb6d23175734ea91,consoles_games,consoles_games
11631,20832,1,8d4dac6177fb8134f26fb4c5cc6c0aff,4eec371b7c376e0f55338a4e3e362965,health_beauty,health_beauty
11638,29951,1,9df7c1b358350fe845b77ee08c49600e,72f027cff2922e7c85a28976ca21a1bb,computers_accessories,computers_accessories
11643,14823,1,0f4dbfe93fbadcce71e1edce3a3e30f0,ae6b739ab6e9d7991fb2ddd70f9c0b6b,Unknown,housewares
11650,20199,1,b09cd20111b8c27705b617c3b5af7608,d5bf1e6386a450dd26acf14a6f41768f,bed_bath_table,bed_bath_table
11650,20372,1,b09cd20111b8c27705b617c3b5af7608,e76572c2ae4cede1e3b2ead512423efe,bed_bath_table,bed_bath_table
11650,20766,1,b09cd20111b8c27705b617c3b5af7608,50046ff3c7e886839388c4532a5ba24f,bed_bath_table,bed_bath_table
11650,31478,1,b09cd20111b8c27705b617c3b5af7608,9eacfe990da87a66d7fc95e4f97bad14,bed_bath_table,bed_bath_table
11654,30146,1,b2775a101dfacb48184ed1c1cb4a278b,29b18b99ca3c94cea05efa9e11465440,housewares,housewares
11666,19679,1,f7c7bd3105bd26ce0de4072af7159f84,aa8d767a6316127a012fc3d16b84dc7f,Unknown,musical_instruments
11674,24503,1,967ec52b0c55fe9ccde964df30cef64e,6548c9763cc930450fb8b73c3353812f,housewares,housewares
11679,25102,1,55b0c08f98075107c8b7d4ccded44f05,9ef6c728ed471353c6f06bf8013882c5,fashion_bags_accessories,fashion_bags_accessories
11685,12486,1,410d5b211dce5611e7a6412bf0cc30fa,964011954f788aa4bd0dcf7b04056d81,telephony,telephony
11689,24707,1,1871f846d88e6b0632e1058b61d35964,202bd859659a841de892b00c341300ff,telephony,watches_gifts
11694,17728,1,d3c3a9ea27f69d8137ff129a53ec4740,507914b4af243e0589c389ac50545ef6,construction_tools_construction,construction_tools_construction
11702,11986,1,46e477d89da734ac9f6b12073503711a,5bd7e57735a44e529bf066fee83a9c60,bed_bath_table,bed_bath_table
11702,17408,1,46e477d89da734ac9f6b12073503711a,e9e1e0a297e5a8f045e8c0395c4c745b,bed_bath_table,bed_bath_table
11707,23197,1,839321c2db7b3b3eaff4944c3b052ecd,c1dfd7dc17df380ed269d0fc905f6e22,housewares,housewares
11710,23624,1,e1300b5f677ce8eba14ab147080d6a68,c18ac1d6cc053c0ec7296b994ae6ffeb,furniture_decor,watches_gifts
11712,27272,1,40a13d0a09a3d1334e8537ce3194f0ec,400e2ea46d0af06d91c744b624ed8a59,sports_leisure,sports_leisure
11715,31388,1,ac44def10e24998cdee20a208d691127,8a443635fdf9759915c9be5be2e3b862,bed_bath_table,bed_bath_table
11721,17699,1,e5897f494af72d083f3899808f341659,d40ab3a40d37ebabeaf061efefb4a40d,bed_bath_table,bed_bath_table
11721,29367,1,e5897f494af72d083f3899808f341659,fa814ebf85f1640b2acea3c4378d40f9,bed_bath_table,bed_bath_table
11721,30009,1,e5897f494af72d083f3899808f341659,4ed8030b452688a37d26044e966eff12,bed_bath_table,bed_bath_table
11722,27009,1,11b906b2a09fb80668f4478dd3f9c324,bdfa3ba07ef80b018f8102da22d908d1,housewares,housewares
11728,24673,1,d48e56be99464cbf285a9da17f618165,66e08854f9319c6aa4874ca435598331,furniture_decor,bed_bath_table
11728,26665,1,d48e56be99464cbf285a9da17f618165,fd440fd792fd8a4b681f1eb258c25445,furniture_decor,furniture_decor
11732,29565,1,ebf9bc6cd600eadd681384e3116fda85,5ddab10d5e0a23acb99acf56b62b3276,bed_bath_table,housewares
11758,15905,1,7c09ac0ca5900bf6f957121ebfc338e3,f6c8384f424cad1a22fd89bbc62ff7ae,pet_shop,pet_shop
11770,12101,1,da8faea5f69f03fce4dfc01ceee4f1dd,bfbce14d1a7118b0c233a35617ec2830,fashion_sport,fashio_female_clothing
11778,26852,1,48e501c433fdd2f8b2622bb9c658ffe3,b04aad9dbf15eae09db4376ff7590cff,garden_tools,garden_tools
11817,18294,1,477aa9a85d7002688bae2cbbd93198f8,d16c0ea701551e609316c77d5c533591,bed_bath_table,bed_bath_table
11817,21085,1,477aa9a85d7002688bae2cbbd93198f8,3234b4f9542a9f6a450e988820390fab,bed_bath_table,bed_bath_table
11817,31726,1,477aa9a85d7002688bae2cbbd93198f8,fc6b299cf83fa76632dd1b0a2c611f33,bed_bath_table,bed_bath_table
11817,32740,1,477aa9a85d7002688bae2cbbd93198f8,99c88c191bbed92f5be4ca3b00eb1a42,bed_bath_table,bed_bath_table
11820,17427,1,14a0471af2a7bc596532fc8a6f29b1f8,2136c70bbe723d338fab53da3c03e6dc,watches_gifts,watches_gifts
11832,22575,1,afd22faefd9584467a374bf7a50f0996,62bfda7b1a58cc9a485cb563b99ea48f,sports_leisure,sports_leisure
11841,18473,1,6ef30104ba621f56c4fa8e27d54b9d0e,d192ac5bf8aba3337a65b551375445a3,sports_leisure,sports_leisure
11859,19489,1,c4aa0ceec0529a29290c24f2bb490b3d,b000447e24e31a4d7e628ca4d0622131,telephony,telephony
11861,20498,1,8e6774f213b2625176287ad6c3d38be6,8279f484b70cb6fb2a87f36e766bd559,bed_bath_table,bed_bath_table
11882,13960,1,47fafa6908e75ae62b8a36a9eb3b9234,61fd556e5319f0e1dfed3ecb8d3bb778,pet_shop,pet_shop
11882,16950,1,47fafa6908e75ae62b8a36a9eb3b9234,7ee8a1b1807716291e12649b1d617896,pet_shop,pet_shop
11905,16650,1,596b0cef604a108a6ccf68e439d39fbb,bdeeb5acd16db2efd16239bc6c0f01cb,construction_tools_construction,construction_tools_construction
11910,28417,1,6f1ba20b6411eca7f07ac5cf26381d80,ef294607deabb11f3a073420257ab579,housewares,housewares
11928,28801,1,176faef125e3675b4eeaa6083ada61e1,10dae91e0aba95747e90280edeffe883,baby,baby
11961,12582,1,47a83ac845f953b889154d9963dbc1f8,501c6da13fd2e5d497c42b29eeddc95d,furniture_decor,furniture_decor
11961,23032,1,47a83ac845f953b889154d9963dbc1f8,ceef29d2526ec891ccbd57a80997b5c8,furniture_decor,furniture_decor
11968,19977,1,e518b28b071fde92b9d68d1ad51dcdb5,4e76a66033e3afa48e5ec8bf18e1c855,furniture_decor,bed_bath_table
19,9258,1,a0736b92e52f6cead290e30b578413b6,e0ce26ae52c9ab0b8c8e42129d6c1996,furniture_decor,furniture_decor
11971,31444,1,091107484dd7172f5dcfed173e4a960e,e8b61f78db501ea0ca45677d1ca27de2,perfumery,toys
11973,24389,1,104b9503ee57d0aa2cd3a6448f242636,84c79830527ae823029ee6b904cf948c,costruction_tools_garden,costruction_tools_garden
11982,22373,1,23206e13f48ea61c1ce141465951d74f,f65464750198350b78735037a9b35dd2,bed_bath_table,bed_bath_table
11986,14197,1,5bd7e57735a44e529bf066fee83a9c60,af680b3406a3179e4a4c2051c5384cfd,bed_bath_table,bed_bath_table
11986,17408,1,5bd7e57735a44e529bf066fee83a9c60,e9e1e0a297e5a8f045e8c0395c4c745b,bed_bath_table,bed_bath_table
11986,18612,1,5bd7e57735a44e529bf066fee83a9c60,5494497e1078148d7b0e41d4551412a7,bed_bath_table,bed_bath_table
11986,23980,1,5bd7e57735a44e529bf066fee83a9c60,fa304c5424fd292aed9c35eb36d9f495,bed_bath_table,bed_bath_table
11988,15536,1,43df79876ad10b1a273644d9e177da75,03624ffc0958f7ea385b6d4e088532b0,health_beauty,health_beauty
12000,16552,1,419ad775cb3c503c2ef135826f81065d,e9dd44f105ffdcb98405c94f1d0bbdd9,furniture_decor,furniture_decor
12002,13167,1,c1803577315d1501dae3033b5cfa3993,0ff06f670421802f36a7082dc962c6fb,bed_bath_table,bed_bath_table
12009,15610,1,a89e5c817a0c1fd1487d78cba0714a4d,1d93a1a9ef04cca09f4737fc380e0d6e,housewares,housewares
12014,27883,1,9dce898d78474a67041fb052e56b1a58,9649ca274c5438e7f13d0af44db9bcae,perfumery,perfumery
12026,15611,1,b74d57e3377dd78aace6d070fc48cc88,8cee1d824765335c48ccc515c2ecf4b8,bed_bath_table,bed_bath_table
12053,15561,1,efdd9c83779dc22fdcbfdce64ffef671,9ddc4249779322828f89d2a9c04f7ee1,cool_stuff,auto
12065,16430,1,775cbb352638cb5e59cea1637da006cc,48282b524c93e69ec5653481e2b8a237,fashion_bags_accessories,fashion_bags_accessories
12065,21322,1,775cbb352638cb5e59cea1637da006cc,bb17b2343c9b332cce4ffbb8f51a67ca,fashion_bags_accessories,fashion_bags_accessories
12065,30292,1,775cbb352638cb5e59cea1637da006cc,756feaccd3c677658c9e70bf09ef43b9,fashion_bags_accessories,fashion_bags_accessories
12066,12669,1,7d7cb1699744aa881c5a06f79cf072ff,51d646c5c93e0f1de543528d0e24eadc,health_beauty,health_beauty
12073,28447,1,06f0e85c7892d5df893f332706340af1,fcaab5d7f656094e49fbe4ee3a506658,stationery,stationery
12088,23440,1,664d6e6b4227a0fc34582be4a6cc6448,1b2066a33aee5851ee3e44b10b36b3c8,furniture_decor,furniture_decor
12089,26816,1,9b169f20f1b0ad0cd0d53d6d5f12e20f,7c68e7297c7df2535c9f0dcd61007f64,furniture_decor,furniture_decor
12108,13230,1,da98518441170ed0b0afcc0b471806ee,13b6735a82ec831943957f19fe66f71e,bed_bath_table,bed_bath_table
12108,23414,1,da98518441170ed0b0afcc0b471806ee,5192b3aef1e52554497d72e7f5b97f28,bed_bath_table,bed_bath_table
12113,25419,1,b7f9e962dba31973edd059ada998d699,095fc85516c1210e6dbed95ed8041ee0,furniture_decor,furniture_decor
12117,16975,1,446a60562915e8223780cd142b8dc26d,3017341f6eb19840f64bd672370a91cc,bed_bath_table,bed_bath_table
12117,22303,1,446a60562915e8223780cd142b8dc26d,0c80d4d910506b4e1db996ff1fa5c658,bed_bath_table,furniture_decor
12124,15529,1,02475368dfb38934fe55f574024fe1d7,5c692818d313aa12864b48ac0c2472c2,watches_gifts,watches_gifts
12124,18490,1,02475368dfb38934fe55f574024fe1d7,186fe07c8b8005ec6a498587ffbc1352,watches_gifts,watches_gifts
12124,26267,1,02475368dfb38934fe55f574024fe1d7,0bdd9a52d192d64770e33ae559512478,watches_gifts,watches_gifts
12125,14304,1,1cac29154057b66c1cfcb6ff58e2fdbf,625218e2e2b4668a47d08911e0def1a4,housewares,housewares
12144,28993,1,59d6e6082548af8b6dbabaceb115c676,39b7e02eed5da67f370cfd3f1518fe6c,stationery,stationery
12145,19654,1,908071e6f99433fe356fcfaa41fd1d1e,51930b8934b8991edff523246feb9ae7,furniture_decor,furniture_decor
12145,28246,1,908071e6f99433fe356fcfaa41fd1d1e,e4bc98f06b9893b763bb17a152219b87,furniture_decor,bed_bath_table
41,27194,1,8b3a9476f74f5297f7ff0ec6d95fe1ea,d902ca64b614964dc31d6b0372e800ac,furniture_decor,furniture_decor
12155,26095,1,4bd0fb9aacc02728b9c082f154011d3f,06bf70b6e1d67d96308235ef350edc61,bed_bath_table,toys
12162,29381,1,94ecc3aaf1c1a63135ba686ac00264c0,c2ccd192fdac0a564ea52ec8687b3093,fashion_male_clothing,fashion_male_clothing
12168,30891,1,c0293bb52f87cea29cbf4cfa3fa873bc,3e5201fe0d1ba474d9b90152c83c706c,bed_bath_table,bed_bath_table
12172,22276,1,368ab9ae54053acc2a79f2e9f5fb4cbf,e34f7accdfa3f3f2ab0c16db77858f6d,bed_bath_table,bed_bath_table
12176,20858,1,f90781e8e990b7e051be89afa85ee625,7b3baec97c107a6869809313ee7262ac,construction_tools_construction,construction_tools_construction
12194,13940,1,d2797d29d3fe4ed73ad93ecbca2ce7c8,8daced7e1565e80fd1b57d24ff973a61,housewares,housewares
12209,13569,1,06edb72f1e0c64b14c5b79353f7abea3,39aa98469aa7460a9764311b3f8efb12,bed_bath_table,bed_bath_table
12209,14380,1,06edb72f1e0c64b14c5b79353f7abea3,44aadbb26d5c81d9846b0c48bc00d7a3,bed_bath_table,bed_bath_table
12209,15300,1,06edb72f1e0c64b14c5b79353f7abea3,02ed3b595447e948efc3eac897e4df0e,bed_bath_table,bed_bath_table
12209,21464,1,06edb72f1e0c64b14c5b79353f7abea3,dde35467201d3ff9e3f8e4297aa2768e,bed_bath_table,home_confort
12215,16009,1,1c4de4dd53a801716c8a3a2cf51f35fa,a367f823feb49954fedb4f4a43ad9db2,watches_gifts,watches_gifts
12219,27864,1,86f024d3bdcdb9b54c9fffd92be39f54,ce98361ef1341e15087ae4b1b2c53fdd,furniture_decor,furniture_decor
12223,21674,1,96627b65a0070635b620d07f97e63347,b7351032045cba592a6d97b36f5fd8e3,cine_photo,cool_stuff
12252,23482,1,4c283386efa95fcc42ce7a7000afb0df,a2139d605ce44922729e050916c4a667,perfumery,perfumery
12256,26932,1,a042f8bfc21bceff9db6313d2f98aefc,52cd5817c291740688bad8a1972bb019,watches_gifts,watches_gifts
12257,18856,1,515bd603359b578cf72ec3524f57be73,1bc1199ed7fbe6f13ea973952868b93e,telephony,telephony
12259,20567,1,2988acfdcc0351677a6a53f4f51b24cf,9783237142769b3f294c1dfb6a1cf69b,housewares,sports_leisure
12265,30294,1,774e21c631ca26cba7b5606bdca7460f,389d119b48cf3043d311335e499d9c6b,sports_leisure,garden_tools
12273,27228,1,8ba12b254c2fbb3c2dda9bf44da89d18,d17fe0484ccf901623bfbcae6ab4aac8,cool_stuff,cool_stuff
12274,17323,1,c21d0cfb10ff3cef881d63e1be43f260,6bb50785f82871dde37ed1666da54bf3,sports_leisure,sports_leisure
12279,19314,1,1b97621fc0e6ac58cfb272d5ccf8c15b,66bd6e465a87926adb15dec604948867,fashion_male_clothing,fashion_male_clothing
12282,22622,1,5bf143472b353eb9135f9eb9c2154497,130482add9fd75ccb6c57ba007694a2d,telephony,computers_accessories
12289,18872,1,d10a774b4598f38e0313d45db68008eb,89ea72335f0b688b56ba7daa5a2e98c2,electronics,watches_gifts
12294,23252,1,2dd91cf063cf57cb0eebef072746daab,05f0fe07929d35be0748fac56eecbeb2,health_beauty,health_beauty
12301,30110,1,48109ec66664d0980876acb3f06a8521,3c85232d9c97c6784684288a275f48e0,furniture_decor,furniture_decor
12317,21487,1,73c4efa86252b055fd99142e4c718043,23df926bdc8477e1ec36c182136411a3,housewares,Unknown
12321,26848,1,8218c41b07f96e9465fdc0931fb81faf,230907d5dd938f510eefba95ef295da8,housewares,housewares
12324,32140,1,31fd02b02c33827cbde22902cf80338c,42a2c92a0979a949ca4ea89ec5c7b934,housewares,housewares
29940,31781,1,372124d6931c4bc48dd0d56075ebee7c,cf28a2b7bc92809a0574cf07772c88c4,bed_bath_table,bed_bath_table
12330,17694,1,f3ae4ce1b63810f2921ff353ddbec67d,ce497a3d92ec305f5d9ef0c4b6980a95,furniture_decor,furniture_decor
12345,19128,1,14dffa241a078aeaebaef48a49e807ca,89bab87bf3067b3e6614d53338c4d788,baby,toys
29955,31507,1,09f6dccfebfa0688abfc1af640b69e61,289d248f6a9046a0f0be47cda2b45537,sports_leisure,sports_leisure
12345,24601,1,14dffa241a078aeaebaef48a49e807ca,880be32f4db1d9f6e2bec38fb6ac23ab,baby,toys
12345,32271,1,14dffa241a078aeaebaef48a49e807ca,a029ecbeadd18685578725691cb11160,baby,toys
12345,32301,1,14dffa241a078aeaebaef48a49e807ca,dd6a505f83dd3c6326aa9856519e0978,baby,toys
12364,20586,1,048bb098a0e194ddc3d0287b954bc9d8,ad3e8888fa82a721dd44c481da333ea7,stationery,stationery
12388,15908,1,7b891eb61a8d750ec200483059eecfe8,73b4a12b226263790a8726fac9f30b34,furniture_decor,furniture_decor
12394,25426,1,cdea4f41e1d54465e44bbe45a31fc69b,eb9a3adbcce4a03f2ea0394ec01a58ad,musical_instruments,musical_instruments
12400,21022,1,4ea626d476d64c8230844ea3ae17c3b9,50e1b118f266b655f613f753914c42db,bed_bath_table,bed_bath_table
12415,21733,1,2cd21984c5d25eacc22b5b6d9e6396e3,d8cabd83757ecf48a7d2628dee9135c1,watches_gifts,perfumery
12416,32783,1,50147c350ddbaff0646aeac455c7473e,e6b6e72a0e6be244a69261788f086429,bed_bath_table,bed_bath_table
12422,17468,1,0e92dcf7b03df1de4e9349af065f8e63,d54a7e69c3102b38b13952aeae0bc8f3,furniture_decor,furniture_decor
12422,28073,1,0e92dcf7b03df1de4e9349af065f8e63,7e441b33f896ba519d58063f4c714bef,furniture_decor,furniture_decor
12423,15182,1,4e58e4bd671d463cef30fa0bab322f9a,5c5585c687a0293f10bb748c13cacc71,computers_accessories,computers_accessories
12427,17336,1,74d392f9be63b94cd5e4917571242898,aeb37360d7dbf2f5136bb2ae449ac16b,toys,toys
12434,12450,1,9d240cb98df035e3ef147117b92aa0e7,15b5d9fcf84c060e00b0883def7d10e6,auto,auto
12434,13458,1,9d240cb98df035e3ef147117b92aa0e7,e6e3140cdd035e915d6d4a9eae2ccead,auto,auto
12434,14816,1,9d240cb98df035e3ef147117b92aa0e7,cae8c962ad47ff05a508e6fec4146e1a,auto,auto
12434,21334,1,9d240cb98df035e3ef147117b92aa0e7,22c7191da97262f0f39de80e1951dce2,auto,auto
12434,27150,1,9d240cb98df035e3ef147117b92aa0e7,972d4aba7eb9ba03a5b7950751f11f60,auto,auto
12450,13458,1,15b5d9fcf84c060e00b0883def7d10e6,e6e3140cdd035e915d6d4a9eae2ccead,auto,auto
12450,14816,1,15b5d9fcf84c060e00b0883def7d10e6,cae8c962ad47ff05a508e6fec4146e1a,auto,auto
12450,21334,1,15b5d9fcf84c060e00b0883def7d10e6,22c7191da97262f0f39de80e1951dce2,auto,auto
12450,27150,1,15b5d9fcf84c060e00b0883def7d10e6,972d4aba7eb9ba03a5b7950751f11f60,auto,auto
12460,21795,1,9dc742d39f778e41ce3a88753f280d40,8e0be6304c4a94268be42e2d8dfaded9,baby,construction_tools_lights
12460,32841,1,9dc742d39f778e41ce3a88753f280d40,71a5f1c2a5fd9889ef26b5ac22aec9c6,baby,furniture_decor
12481,12951,1,ebf24ee072330cc6f6ff44a74185d716,8b9c8e85433275b6ff2beec69943e2c3,bed_bath_table,bed_bath_table
12485,29132,1,f293394c72c9b5fafd7023301fc21fc2,c1488892604e4ba5cff5b4eb4d595400,furniture_decor,furniture_decor
12487,27396,1,262855d4dd5b0d39f786a3c86c285c6a,c0e452663c284f3f8e578f390dc3ab21,drinks,drinks
12505,25133,1,b47865eeb745bcbfca95513b46bd977d,e41a6ac2f57a273eb0d214c7cbab5db9,office_furniture,office_furniture
12524,30012,1,332842d24e84234cd91299a225de76ab,286ae430a4ebbf9a6048a42f362fa322,watches_gifts,watches_gifts
12526,15802,1,a6883f92891e256b926bf8b9c40fbe9f,e1bf2f209fd2b08e1af3ed71732d9008,pet_shop,pet_shop
12526,23426,1,a6883f92891e256b926bf8b9c40fbe9f,8e7ec8bbc0989d1ccbe6971f239eae9a,pet_shop,pet_shop
12545,15723,1,113f80f12c8892f0c59206f70b862b40,abe2c60707c1e11cfa710dc7328b4bf6,bed_bath_table,bed_bath_table
12545,20374,1,113f80f12c8892f0c59206f70b862b40,d212ad4ac52091c8d50442a89fbbc7af,bed_bath_table,bed_bath_table
12545,21216,1,113f80f12c8892f0c59206f70b862b40,7d88b36f73acc7533ca83ecbdebd565f,bed_bath_table,furniture_decor
12545,29787,1,113f80f12c8892f0c59206f70b862b40,c804537dd3a8ff5f94d3ee384eccfb98,bed_bath_table,bed_bath_table
12562,13105,1,6962734c72522e70e852a2a77d21a730,451482edc91f59c001a5a3a0e4d594bf,Unknown,furniture_living_room
12562,20936,1,6962734c72522e70e852a2a77d21a730,21d2fdced5c69bfc6539b67908a4ad28,Unknown,furniture_living_room
12571,32775,1,e527af42fb2b8d253e47fdb6e7af7db9,d91ee220c1b5370b26883cd0cee27b86,sports_leisure,sports_leisure
12572,13007,1,3b94e26edc496743bbce82c42f0a9903,78514b0a0cec96621010b7b6a2bfd6c6,furniture_decor,furniture_decor
12572,28390,1,3b94e26edc496743bbce82c42f0a9903,20531b0644a0719b8d506c4db3c56609,furniture_decor,housewares
12575,18344,1,920840f7899b13c467d223950c89e9e9,163e6400e6dadd0fe04775c5e9331fda,baby,baby
12575,29629,1,920840f7899b13c467d223950c89e9e9,189f163ac190749c553a4835c22aa3a8,baby,baby
12577,30885,1,677d8ace413e0060fa8686cde56eaf10,d9c32c8680c2426cade754f10d61e5d8,watches_gifts,watches_gifts
12579,17443,1,15de022edf1005363381e66bed514528,bb6f30a0d7b5ea35ae9e052d52324002,furniture_decor,furniture_decor
12579,21349,1,15de022edf1005363381e66bed514528,cb43c6e1c451902b51f4f4ff512302df,furniture_decor,electronics
12579,24262,1,15de022edf1005363381e66bed514528,abb9de7600a7ae9a81564692f77fc9f3,furniture_decor,furniture_decor
12582,23032,1,501c6da13fd2e5d497c42b29eeddc95d,ceef29d2526ec891ccbd57a80997b5c8,furniture_decor,furniture_decor
12584,13937,1,4dba4de4cd67ba2191c34468ac2ca841,784c94d1803e49492d2758907914b26c,pet_shop,pet_shop
12585,24641,1,457cd0a99cfa977993e4eb6d98d95abb,ab169b33d13e5041b9b9d4a2fafce9d9,telephony,telephony
12589,12764,1,f27782bee7a6ae6435305c7b46e5f44b,6811d911869c98aed7eadc3478bebe72,food_drink,food_drink
12590,15834,1,9712e67c33f564648b46afc6505db72a,952e73f7e8bee61569a32b35c19bc981,bed_bath_table,bed_bath_table
12590,24464,1,9712e67c33f564648b46afc6505db72a,287aafe80d2beee0ac805deb436fdd89,bed_bath_table,bed_bath_table
12591,20702,1,d373a9b9079c251371e94cacf40c1fe7,c2ece64199af7a53793ed9612a89a8cd,furniture_bedroom,furniture_decor
12593,31882,1,f03db1ea02e265f0f1a5ae2a5e0984a7,f09f6223e88af7f6de46dec6a437458b,bed_bath_table,bed_bath_table
12600,21346,1,0bc4d2de176747bbc8b5e680bfdb66b6,f7d5edd55cc83003c9ff58de184833d5,sports_leisure,sports_leisure
12601,14013,1,5a6e53c3b4e8684b13388d6aa4afdf12,1b0e39ec889889ea1d492603d8512bfb,housewares,Unknown
12614,16779,1,ff6caf9340512b8bf6d2a2a6df032cfa,90a57d62c9b9f884fae33a10dff953b4,Unknown,Unknown
12618,23439,1,00d2fa6f2a87633084c8e0400d41a65a,59ae536b07c3621a400369e60805398b,bed_bath_table,bed_bath_table
12622,20794,1,0ef37d421045fdf87dba29f9bbfda772,fe59a1e006df3ac42bf0ceb876d70969,computers_accessories,computers_accessories
12623,19347,1,755bf675d1b9d60401eed72669e2513e,88007f00299939d563c9565c054d2cd7,toys,toys
12630,19305,1,363218ba55c610b750224f90bdd34be1,4cee4c57bf2e00c0c0e10918245491c1,bed_bath_table,bed_bath_table
12630,26441,1,363218ba55c610b750224f90bdd34be1,ed5122a6a757a4fea8f32a6fb95a5135,bed_bath_table,bed_bath_table
12633,13198,1,7cfb84c1323fb861a17478de42b1839f,b09790edda54333116f9cf1decc580a1,bed_bath_table,bed_bath_table
12633,27328,1,7cfb84c1323fb861a17478de42b1839f,8b45810da2ef9860496d56f62435fc40,bed_bath_table,bed_bath_table
12639,22357,1,015e04445dedbd5da301ef29cbb03f83,0781ed724941f4eaafbd9e6c5a20be49,bed_bath_table,bed_bath_table
12647,18274,1,71191d3e8768745afc1c290c63f6241e,2388149ad18c9beacbf6d6ff59af3ba7,telephony,telephony
12661,27779,1,4e12e2e91e984c0410e9bfe6ce28ba30,dc68f155e986fb3c7550ae1c6800149a,auto,auto
12664,16753,1,7dac8901a50cf3317d5372cbd3186ecd,7703b8cb5b77fbb36518ea91e2ca734f,watches_gifts,watches_gifts
12664,17427,1,7dac8901a50cf3317d5372cbd3186ecd,2136c70bbe723d338fab53da3c03e6dc,watches_gifts,watches_gifts
30164,30891,1,cd3de1984e1a77b441e1b39b8e334330,3e5201fe0d1ba474d9b90152c83c706c,furniture_decor,bed_bath_table
12664,18490,1,7dac8901a50cf3317d5372cbd3186ecd,186fe07c8b8005ec6a498587ffbc1352,watches_gifts,watches_gifts
12665,13896,1,c261f239575a146a38e4d4c72b58f403,4c6da5fa882447ab7e8d0fb767f8aa99,furniture_decor,furniture_decor
12665,24188,1,c261f239575a146a38e4d4c72b58f403,d487634085fb3d1a632265c1e3de08c1,furniture_decor,garden_tools
12688,26626,1,62984ea1bba7fcea1f5b57084d3bf885,58727e154e8e85d84052cd22b0136c84,sports_leisure,sports_leisure
12697,15078,1,9648ccc952b91091691f47c63d06394d,07f40f14df320969f0bb8cfc5cff5d3b,fashion_bags_accessories,fashion_bags_accessories
12711,24221,1,8d37ee446981d3790967d0268d6cfc81,ecfb5255f55715e1faec3e6a316da6c3,bed_bath_table,bed_bath_table
12713,15529,1,b01d34f6d2545269d348181768eca049,5c692818d313aa12864b48ac0c2472c2,watches_gifts,watches_gifts
12713,18239,1,b01d34f6d2545269d348181768eca049,f37176efea4bfd72f257552d84235716,watches_gifts,watches_gifts
12713,27476,1,b01d34f6d2545269d348181768eca049,17ad136b7421ea8690fded631b651158,watches_gifts,watches_gifts
12727,18672,1,13f1ff85fb63cd1bcbf6ef78959328e9,6733b00d25e0fc17a8e8d97ce792c078,pet_shop,pet_shop
12729,27394,1,18692fdc7adb29c885d8cb84eb68a97e,84bc1370758fa98d08afd0180818217a,fashion_male_clothing,fashion_male_clothing
12735,16267,1,2196812e80b905c7071389c10ad035d3,dbe77c6f7f0935b442ef0c4df2ee3efe,furniture_decor,furniture_decor
12735,18951,1,2196812e80b905c7071389c10ad035d3,6d0a373c460a041c86167a92a5d3383e,furniture_decor,furniture_decor
12735,22731,1,2196812e80b905c7071389c10ad035d3,c858f88f3de50584c39e8b4fafdd7d61,furniture_decor,furniture_decor
12735,27371,1,2196812e80b905c7071389c10ad035d3,b3a397db9c6b4ddfed9d46f6fa03c65e,furniture_decor,furniture_decor
12738,23835,1,e8aa7bbd775831bc6bdc900a9bf5d75a,506a50e2a24273052e1ed28217b78733,industry_commerce_and_business,industry_commerce_and_business
12754,19964,1,8aa87bc5f3053b4df2b05a2d3059790b,a743637eea3be2e0ab81acc155c9cce2,bed_bath_table,bed_bath_table
12754,24602,1,8aa87bc5f3053b4df2b05a2d3059790b,553e0e7590d3116a072507a3635d2877,bed_bath_table,bed_bath_table
30164,31767,1,cd3de1984e1a77b441e1b39b8e334330,665aa1d687284a4d2d2b74c0c6724625,furniture_decor,bed_bath_table
30321,32225,1,963de692a94b199318977a5f0819636b,65baa03ed325a23536e96fd66b3244c8,market_place,bed_bath_table
30382,31971,1,ddbf57e4559f03c003fc3708d4860c5e,a3a10562c9d134b92f04b8cce298d037,bed_bath_table,bed_bath_table
12794,20088,1,6557070af155fe4cc5820b0e123ecdf8,f78f73f3c49ae249f939acc5d0f66b24,toys,toys
12802,28560,1,71d22271ee986bf5a46a2c199da0265b,a43babce83c6c14bb2444d64e7b3a263,bed_bath_table,bed_bath_table
12808,14933,1,452f66a0f164cac57802e2cea93188ac,801e1758675639e98967a271d92f4054,construction_tools_construction,kitchen_dining_laundry_garden_furniture
12810,19954,1,ef66e63137bdd1b2e44aa968646fc1e3,d678178aa4291cd25a755a90188375c8,furniture_decor,furniture_decor
12810,32339,1,ef66e63137bdd1b2e44aa968646fc1e3,281a67fd770c975ee1a7c842468fb3b5,furniture_decor,furniture_decor
12821,29783,1,4b7460bb7ecdf2e9177bdf7bec466a4a,c7182d82bf8681373385017d2b516bd6,fashion_bags_accessories,fashion_bags_accessories
12842,20252,1,8dc068efed6312b226cb8f74127314c9,149c06c0927fb59eff16690d31497f12,furniture_decor,furniture_decor
12855,28731,1,c4f892b889113bc53371317bd975a168,b1f32fc9713cf8c0813fff7c9c8262b2,telephony,computers_accessories
12862,30002,1,1b11571a0535a643bb18db34b84b7334,db12039c7ff4e850d48e0312fa9b3473,cool_stuff,cool_stuff
12864,16815,1,dc881ef926ca402063ea142afc83874c,67682f5c5170c72b398941e2193735a4,cool_stuff,toys
12871,14659,1,d320834f42a07dcc3cf09805bc8c7001,5a17789f1d9b487c6f42da9212059dcf,housewares,housewares
12898,14115,1,c32b1155b886162db8e1ec114699a799,04fd8d64a2539d188bef33bb288410bb,bed_bath_table,bed_bath_table
12898,18713,1,c32b1155b886162db8e1ec114699a799,4cc8bfa581f41841ce5e24aba773a44a,bed_bath_table,bed_bath_table
12898,24751,1,c32b1155b886162db8e1ec114699a799,bd6e6fce9ada76ea2db0f1912e8e478f,bed_bath_table,bed_bath_table
12899,13723,1,aecb90cb7f3c1fd62e50a51ce73659f3,afc452fedac19a3553a1a356e5498e9e,computers_accessories,computers_accessories
12901,16229,1,f70a5d9b1b6d4fac3e2b7da556700b33,9b4ebcd616b0a2f755a3f61f63cac3c7,pet_shop,pet_shop
12904,15561,1,7686fe49c98ae1c537b5cc51992f5d20,9ddc4249779322828f89d2a9c04f7ee1,baby,auto
12904,17595,1,7686fe49c98ae1c537b5cc51992f5d20,9c5eb07abad39517f560d32066739b5d,baby,baby
12915,14305,1,60b84165fc418389757838f274b728e6,2b25ef4ad1788c0699dff628cdbbfbd0,housewares,housewares
12921,24602,1,94f584e1a1158e97314c59b190dfb899,553e0e7590d3116a072507a3635d2877,home_confort,bed_bath_table
12932,27122,1,70e0c10acc3dd72e17f2136ddb027317,3d74d787086b0e22ac320ae43b240aea,cool_stuff,cool_stuff
12933,24562,1,537795846d3155fd59b4eb12545b1b2f,017692475c1c954ff597feda05131d73,perfumery,perfumery
12933,26008,1,537795846d3155fd59b4eb12545b1b2f,75c06ee06b201f9b6301d2b5e72993f8,perfumery,perfumery
12950,30274,1,1c27515baa5bece76d41e2353efcdd8e,b5661cf46c147805adc83695fb04f487,housewares,housewares
12953,13708,1,4cd6ba4ea3112de8fc238307c4dc6307,0dfb3f08547a24999bb7ec4d025b7d7d,bed_bath_table,pet_shop
12963,13131,1,315c6373ff469f7b7f60bbb36c319f7b,6dc18860905adba3a2d55fc1298f1701,bed_bath_table,bed_bath_table
12963,15097,1,315c6373ff469f7b7f60bbb36c319f7b,20f9d67f27a7593da8c9e8981d4f81c8,bed_bath_table,bed_bath_table
12963,29740,1,315c6373ff469f7b7f60bbb36c319f7b,4680d0c534e54990d8579f41dd239901,bed_bath_table,bed_bath_table
12963,32320,1,315c6373ff469f7b7f60bbb36c319f7b,b2fb8ccacff645e701cd692064ad09c9,bed_bath_table,bed_bath_table
12964,15092,1,67d1732a904be023de826d53879c3534,94e6d7727bd670351f1a806a221d1dba,bed_bath_table,bed_bath_table
30406,31296,1,51ce083cd2b9078656a94655ab45b8a4,ba92b5a0701d2f820ba6ca8f8c86294f,bed_bath_table,bed_bath_table
30412,32770,1,81288df52439985f610be64465e53f57,5113c9a5037013b0a750444df6dec60f,sports_leisure,sports_leisure
12995,24839,1,8e0aa05a387182c8ef3cd13b6131e60f,6cc859e89d080218ff4416539ffa030c,furniture_decor,bed_bath_table
13009,17447,1,c89e8c067337f726514a8ef42a523811,23ec19b685ee9d7d8eea8877cb27cdf9,furniture_decor,furniture_decor
13009,32605,1,c89e8c067337f726514a8ef42a523811,981cff5accf28a980a7de3bca3ba9b95,furniture_decor,furniture_decor
13010,21693,1,76397820b3556e99a4a2e3056eca24e5,5add6c33b03c128b413ddfb2ac185a56,art,furniture_decor
13010,23649,1,76397820b3556e99a4a2e3056eca24e5,0333795efd58e3c33c5850b92721c3e4,art,furniture_decor
13010,32624,1,76397820b3556e99a4a2e3056eca24e5,3dba03040674bea93fb80023b8f72c95,art,furniture_decor
13012,18087,1,527b0d563a8729f44d5ffb437100931f,202d7062d09aa564dfd5aaa1aac775b6,perfumery,furniture_decor
13023,13854,1,f649a2fc406930962c1cd7b147497a79,9578d6732c124f549834fbe8c02e51df,garden_tools,auto
13026,25053,1,bcf64c2356ded745b81b4348a8a763e1,fcf6ad274391aea29f5d6e5ef9da5050,pet_shop,pet_shop
13063,22406,1,4aa9d80ccc87b67668f804143617c43e,c5dfa757c5ae7662e178e990e39362e0,stationery,fashion_bags_accessories
13072,14996,1,8d2acb5eb701be18bccec69a070fd23d,29f5540c79dd4bb8f156df4e1166b9f4,computers_accessories,computers_accessories
13098,16079,1,154696c4f8e96ed48f0c191eb09c0683,8ccaa3f8b171b199e37294ece30815a3,furniture_decor,furniture_decor
13098,27500,1,154696c4f8e96ed48f0c191eb09c0683,49650e49c3af7ccc896f634d039cd921,furniture_decor,furniture_decor
13098,31606,1,154696c4f8e96ed48f0c191eb09c0683,daef10c972d7295283e377d5fd9985f1,furniture_decor,furniture_decor
13105,20936,1,451482edc91f59c001a5a3a0e4d594bf,21d2fdced5c69bfc6539b67908a4ad28,furniture_living_room,furniture_living_room
13125,27240,1,ea3da91e6ba865972f9344cb9265296b,45fc964dc03d16147f82dbe844e2cdf1,furniture_decor,furniture_decor
13134,18470,1,f999054b306fee895e8d378522bf5c80,acc444eb5ad26f79d5a11baa6a03c439,furniture_decor,furniture_decor
13135,15993,1,8e382dedd9ae71943f9a70f6725b748f,146f7b7f77ccadc63494db1aaad2bc7f,housewares,housewares
13137,22719,1,bd4b8ef786f95b66ded2f483293318ea,9d82a263e18f0b5ede827b8dd9825e74,bed_bath_table,bed_bath_table
13145,16000,1,a8bf9a06bef0fe4106c1fc0df21a5eb6,5421431a9abfbdac3006e7aa925c0213,furniture_decor,housewares
13145,20162,1,a8bf9a06bef0fe4106c1fc0df21a5eb6,5ed1d686373e3b3a2ddd9a4ce44f3fb2,furniture_decor,housewares
13153,20702,1,5bfc7506459ae2a7b4b573fe557a58e1,c2ece64199af7a53793ed9612a89a8cd,bed_bath_table,furniture_decor
13153,22189,1,5bfc7506459ae2a7b4b573fe557a58e1,17f05cc6ef5563b5e096ab059ca926b4,bed_bath_table,bed_bath_table
13156,32786,1,40263263ca0cba325e7d97ada30b8dc6,ed00a8453145186b3f071f1e3edef33d,pet_shop,construction_tools_construction
13164,32947,1,c075b8e131353552218860f1c421e4ef,a0b7d5a992ccda646f2d34e418fff5a0,kitchen_dining_laundry_garden_furniture,furniture_decor
13177,13363,1,0aabfb375647d9738ad0f7b4ea3653b1,85337022853da10b8f5fd7d1ef180421,consoles_games,consoles_games
30426,31548,1,8cba6b5fd208416dd934839f74f568e3,ce003d873dc7d3c9482b894f2f2cc3e3,bed_bath_table,bed_bath_table
13177,32881,1,0aabfb375647d9738ad0f7b4ea3653b1,45dc66388e0aeec2e8baab5572f2fa44,consoles_games,sports_leisure
13189,13564,1,5aed6af9bb6c3f903bef12b8c56e235b,62c7230e65fd9da6326284606ee1b197,perfumery,perfumery
13198,22082,1,b09790edda54333116f9cf1decc580a1,2647221a6a477afe2d0268b378f1fdcd,bed_bath_table,bed_bath_table
13198,27328,1,b09790edda54333116f9cf1decc580a1,8b45810da2ef9860496d56f62435fc40,bed_bath_table,bed_bath_table
13200,21297,1,6217dab6fce05a4924116e90d7f301c1,d9339c5714743c460a9470730f79f6c5,computers_accessories,computers_accessories
13208,28538,1,aeecb1d0e5d4d5ccc3fcfe6fe91103b6,432357855585cf634fc9923523ce5e4a,fixed_telephony,food
13218,19276,1,9f4a55260fae788c26fcbb2b934ffa52,1eaf224c19e07b6e50bf0119eea1dd26,bed_bath_table,bed_bath_table
13230,23414,1,13b6735a82ec831943957f19fe66f71e,5192b3aef1e52554497d72e7f5b97f28,bed_bath_table,bed_bath_table
13231,13342,1,a5a0e71a81ae65aa335e71c06261e260,da7e1b2f8c91cbf61a22b55e8cd49bcd,housewares,housewares
13234,15272,1,64315bd8c0c47303179dd2e25b579d00,8ef18e8943b9f07649b045b72df449cb,toys,toys
13234,18674,1,64315bd8c0c47303179dd2e25b579d00,7cee15aa6f33557c7056ba1fee542b79,toys,toys
13235,23179,1,8681c71d24e694aaa4c582760736dd00,d1b8f5983d9573c8e523b8c56a59497d,fashion_bags_accessories,fashion_bags_accessories
30444,31446,1,2c6c5761d3367fd186effcf2922d125e,eaeca85086b0c4f68351e52deb944e16,health_beauty,health_beauty
13243,18671,1,c1e4bd7e1144f99ac576aedc324a5cb3,3aaf169c291f3a9e57cae0428e82e545,garden_tools,garden_tools
13262,21148,1,a963b6b0ba2dd73f51cb8f84855094fc,0522015abfd1094949180dee8dacbdf9,furniture_decor,furniture_decor
13262,22689,1,a963b6b0ba2dd73f51cb8f84855094fc,e478d0bd1efbc9329837d30c174bb850,furniture_decor,furniture_decor
13262,27029,1,a963b6b0ba2dd73f51cb8f84855094fc,d249f9dc99c68bbd2e4301672e0f97c5,furniture_decor,furniture_decor
13274,15599,1,2d78dc9b1f4a5d1ceb28287b82d85b86,d4fa7c305b2ffd07d12ae5a886b6cb0f,furniture_decor,furniture_decor
13274,27776,1,2d78dc9b1f4a5d1ceb28287b82d85b86,8ed9e6b1cbb80b223b70376a8659bee0,furniture_decor,furniture_decor
13285,32540,1,2c7d6cb2b1eeccd3ecadf62d0e60b90b,f86e052042e77d7109bc4cc95f4ed9ca,health_beauty,health_beauty
13304,25805,1,361d8cb449a8b6a7c58b4a0c8ef23888,82f142f09dd26762af87b2a889f6ed58,housewares,Unknown
13307,25684,1,f2263585f626f9ca5b825e449f583f3b,8e50f956978d187a7cd200b9b45fe9c4,books_general_interest,books_general_interest
13316,24648,1,26a2bba56daa3e3b02eca0780176efd2,d3450bc0d7d9c8a11a079aa78614e3f3,fashion_bags_accessories,fashion_bags_accessories
13322,26730,1,cb0c2c97fb2fca149a11c2f14027895d,b24af8bca8813bcde4140ff8562f5e47,telephony,telephony
13325,24887,1,27761f21b03a32be1aad6ebaebddd747,5dcd17b12ed2175d4fe6157e047d7be2,furniture_decor,furniture_decor
13335,20219,1,049ac5dce8536884a652ce73c58022ab,a58d73d571793d350bfd31a624416f2d,bed_bath_table,bed_bath_table
13347,19253,1,6639a238ead6779d6ef0b3eea56f9f86,dbb274a4fa7cdd5e025c365b70a41d99,fashion_bags_accessories,fashion_bags_accessories
13347,32109,1,6639a238ead6779d6ef0b3eea56f9f86,72acc66d907f5fa13bcd1df22696c73a,fashion_bags_accessories,fashion_bags_accessories
13363,27991,1,85337022853da10b8f5fd7d1ef180421,4e45c321347cc3336c76fd6350da3445,consoles_games,consoles_games
13367,25219,1,c25174e1e4fd7fe5c3420869d61fe2a6,a9f480bfc49f0b85e8394e1cdf685b4e,toys,toys
13368,15950,1,1332f9dadde087afb818a88c72db05f1,c8a4ec6d4201d92e157eafb89eab932b,auto,auto
13392,24994,1,afab5f7ab5c82f92ddcdc46c4cd85fbc,52c87e7b33516eb97c3023a20848ea81,fashion_bags_accessories,fashion_bags_accessories
13393,30713,1,023a60ac6b3484afe23d788ce2444df0,4d687600c495f2049542171633cf1f77,bed_bath_table,bed_bath_table
13411,26253,1,f293514e0176006f3af40d473cf24a1e,3f14d740544f37ece8a9e7bc8349797e,computers_accessories,computers_accessories
13416,17488,1,4ac50dbde931c0a5ed8c33d3dc047351,b795524e6ddbae40e910d169242dbcd7,health_beauty,pet_shop
13431,21860,1,aca2eb7d00ea1a7b8ebd4e68314663af,28b4eced95a52d9c437a4caf9d311b95,furniture_decor,furniture_decor
13431,24163,1,aca2eb7d00ea1a7b8ebd4e68314663af,7fb7c9580222a2af9eb7a95a6ce85fc5,furniture_decor,housewares
13439,20648,1,d272d0921188b0bd91542d704b21404e,2b7fd8137a4b6427e3547cd05d3aca49,electronics,electronics
13454,19183,1,0be487faac01dd57fd7ed17cfbdf2dee,642a40d4d73b4b2604968937de13634a,bed_bath_table,bed_bath_table
13454,25572,1,0be487faac01dd57fd7ed17cfbdf2dee,24d7b551f0ea7c3cea080d402b211132,bed_bath_table,bed_bath_table
13458,14816,1,e6e3140cdd035e915d6d4a9eae2ccead,cae8c962ad47ff05a508e6fec4146e1a,auto,auto
13458,21334,1,e6e3140cdd035e915d6d4a9eae2ccead,22c7191da97262f0f39de80e1951dce2,auto,auto
13458,27150,1,e6e3140cdd035e915d6d4a9eae2ccead,972d4aba7eb9ba03a5b7950751f11f60,auto,auto
13477,30905,1,8994980b6420059104bb47e2cb680e0a,555062e73d3fbad985916bb59d62067c,electronics,sports_leisure
13479,26466,1,a668879a637b097eb47536fdb31d3ce1,62177bb58dda374cc02e6cd2616996a1,industry_commerce_and_business,industry_commerce_and_business
13493,22938,1,a25b58b67aac0bfa8888a3b7582ea77c,1b363f393faf61f11af873b840645eb9,furniture_decor,bed_bath_table
13495,27243,1,e282624d8c82e04983f125e167eb4521,d952c09021388fd5b1e5f914f559fb10,telephony,telephony
13526,32413,1,e8c68ed99b73a85e2c22388f4a702bc0,24dea9b9a1d450d96702d46a0a835ff3,fashion_male_clothing,fashion_male_clothing
30779,32099,1,442484911e00b4bff85ece3e10c1dc1f,53759a2ecddad2bb87a079a1f1519f73,watches_gifts,garden_tools
13582,20930,1,43c78a3f875907bf2e94679f591c4724,10aecaf5be4119fd6b8b9e2e8a5a1454,bed_bath_table,bed_bath_table
13596,19334,1,1c9c1e9c68e2311f81258433b7e0092b,4d4321549f8f978a19a4d17588b1e770,furniture_decor,home_confort
13596,24597,1,1c9c1e9c68e2311f81258433b7e0092b,49d703d64ccd635b04ed7ed75d0f427b,furniture_decor,furniture_decor
13606,29799,1,f04c24eaa43e9192315d3aa0b3f00c1c,f8077831f3c3f393fb67b93c5acd8daf,furniture_decor,home_construction
13655,19388,1,18796df281656da4036dd926561a6030,64fb265487de2238627ce43fe8a67efc,bed_bath_table,bed_bath_table
13655,21689,1,18796df281656da4036dd926561a6030,84f456958365164420cfc80fbe4c7fab,bed_bath_table,bed_bath_table
13655,26101,1,18796df281656da4036dd926561a6030,5f94420195fe54db4e88348ee7a0f2f2,bed_bath_table,bed_bath_table
13671,14053,1,c61066ec039ab5de17a7d3151f8806c0,ed506becc3430a3a6331df5b4c3eaed3,fashion_bags_accessories,fashion_bags_accessories
13677,14906,1,566a4f2c4385f36d15c00dfcaae132d1,474bb6b54fc608ca71059a6c4f7ecda3,electronics,electronics
13677,16580,1,566a4f2c4385f36d15c00dfcaae132d1,50fd2b788dc166edd20512370dac54df,electronics,electronics
13679,13972,1,ef20cc9755032059db24bef18745df2f,5e8b0d21d2584970a728779743579947,fashion_shoes,fashion_shoes
13703,23401,1,78120320a8a3d2656f159d513fcb83b6,08d76e49b8206d0cfb7456fe3aa7d3b4,furniture_decor,furniture_decor
13706,29462,1,8e36ace5bdfeb2a75f873fcd490a6511,24eae5a7a99621256603637358c6f10f,housewares,housewares
13719,22260,1,d0c118c2509abde6fdad3d7bac3ebef5,5275ff6b5e1629977be145d9a55d2d83,bed_bath_table,construction_tools_construction
13722,24584,1,566a14211efb01bf3e8ac11007379e93,36e89a9ec56f96288ea7fbb266132288,fashion_bags_accessories,fashion_bags_accessories
13729,28686,1,81c6b0f031d89938fce1df449b3b464b,62b40d45d531e2cb8b06d7188b627f3d,furniture_decor,furniture_decor
13731,14569,1,d4548e7ab697993ec51d864766a8ea4f,73bcea88583002fe12b7399af4ae60da,watches_gifts,watches_gifts
13742,26114,1,64b99eed898c1b99a94d93cbf5873690,a60473775ca8f0337ed9af1b1f55ede1,furniture_decor,furniture_decor
13759,31600,1,afdbe4b0aad75651b1a127946a589449,af2d506fb01b724e03591349ad36b67e,baby,baby
13774,14787,1,a78ca2f8bd17ee6472a95310f930ec54,09061028f7ee991c6f2c294e19d344dd,fashion_bags_accessories,fashion_bags_accessories
13821,28245,1,9153ddefe47e356b46bffa5e9cd8cc3b,3489d3fae282f7944399bc697554a1e5,health_beauty,perfumery
13839,25556,1,cfb133b7458336455fa60b97ac3aaba9,d815c471ccb5ba83a8c49fc5ecb28266,toys,toys
13849,25764,1,cb584c49f570fef84e71a4297652bd48,14ad6805c263d8d758d648f46a06570e,luggage_accessories,baby
13868,30164,1,8814a3da37fb9673a5ac06f82a2a00a9,cd3de1984e1a77b441e1b39b8e334330,furniture_decor,furniture_decor
13879,25654,1,b42d0b0ff31b842e6cd8a86a40919d63,14555ba663de8689feacf1d0819cc3b3,sports_leisure,sports_leisure
13886,24660,1,eef3286d1162cb7eb46becab2a5aa884,e54464e95c9fb80e4edefa0ba49133c1,toys,toys
13893,29928,1,81e5968d5cc613a7fb67502880db9946,4b54b3c4276e14492c3b466f49583f72,toys,construction_tools_construction
30830,32153,1,e5c50ee10712a01bfed9854a00502f8e,b92211a0503b5226b3cd3dd1c7fb3687,small_appliances_home_oven_and_coffee,small_appliances_home_oven_and_coffee
13895,16707,1,18f6ea7e8cff29f8053baac6762449f9,306e6b5dda3397e4a9312f94d82565b5,kitchen_dining_laundry_garden_furniture,toys
13896,24188,1,4c6da5fa882447ab7e8d0fb767f8aa99,d487634085fb3d1a632265c1e3de08c1,furniture_decor,garden_tools
13916,21451,1,674c3c475a80639c0b66fcbbea50a286,698b3ddae2f0b80c2a48fb40624ca4e4,furniture_decor,furniture_decor
13918,27597,1,be127a8a979cd5d591ea345f10bba28c,3eb2d78dda82bc83c9b047fbba954dbe,sports_leisure,sports_leisure
13933,29022,1,4ae634441e444ca4bc85903cafe98d73,ccbfd10b578c52f55cb6f510a89f1030,telephony,cool_stuff
13960,16950,1,61fd556e5319f0e1dfed3ecb8d3bb778,7ee8a1b1807716291e12649b1d617896,pet_shop,pet_shop
13966,18202,1,cd2ea14a901da3b47b33516f3ca6929e,806dadaa58bab7f4f6c0e7c1f334975e,health_beauty,health_beauty
30872,32493,1,5a41b34fa72eb9c57130a1e6265b344a,18e41d0c2a7cac6a8d53d3fcc13da3c4,computers_accessories,computers_accessories
13984,15669,1,1034b97aafcca692c8a2157f58f5b637,777d2e438a1b645f3aec9bd57e92672c,bed_bath_table,bed_bath_table
13985,23016,1,3fbc0ef745950c7932d5f2a446189725,e887a6dd92133f40be82741d1998b9de,health_beauty,health_beauty
13985,25103,1,3fbc0ef745950c7932d5f2a446189725,b2b2279a0174bb3ce78d8b668f8fe27d,health_beauty,sports_leisure
13986,14945,1,7698c2e9ec5dc2b70af8c1c8ac245cae,7486542600afc050d20740e976ff87f8,health_beauty,health_beauty
13986,24718,1,7698c2e9ec5dc2b70af8c1c8ac245cae,8d28eb3a7309368ca0de19e016266251,health_beauty,health_beauty
13986,31314,1,7698c2e9ec5dc2b70af8c1c8ac245cae,7f9e40aa498f8f6edf4cc51215ecce9e,health_beauty,health_beauty
13991,20551,1,c1388e458b5dd74dd3fa304896e8c00d,595fac2a385ac33a80bd5114aec74eb8,perfumery,perfumery
14004,20004,1,aeb2f7fc62c8a2a56ae6e2f1b04d4e62,3dc95ebe4e59153d4655472acb2c0785,perfumery,perfumery
14052,19808,1,422879e10f46682990de24d770e7f83d,4e1346d7b7e02c737a366b086462e33e,garden_tools,bed_bath_table
14052,21695,1,422879e10f46682990de24d770e7f83d,eb6c2ecde53034fc9ec47741b3232c9d,garden_tools,furniture_decor
34,6754,1,1eba879220bd0981a0e2fbab499ed4e1,8ed094bfe076c568f6bb10feada3f75d,office_furniture,office_furniture
14052,24793,1,422879e10f46682990de24d770e7f83d,88e40881adf08ea3b87cb1d65c8c1d83,garden_tools,pet_shop
14052,28214,1,422879e10f46682990de24d770e7f83d,a6be3b3eaae040735e86e4376ea77515,garden_tools,baby
152,9368,1,dd768d259ee6054e0dadd66c8e2be0b6,57e089e3103f5cda6a4ce23b77399bdb,bed_bath_table,baby
14052,31296,1,422879e10f46682990de24d770e7f83d,ba92b5a0701d2f820ba6ca8f8c86294f,garden_tools,bed_bath_table
152,12972,1,dd768d259ee6054e0dadd66c8e2be0b6,8fdce6f1db3b75b035989f673164487e,bed_bath_table,bed_bath_table
14052,32247,1,422879e10f46682990de24d770e7f83d,4c183b9527d3fc69a4d5587b11f5fced,garden_tools,home_construction
14058,21170,1,2b939dc9b176d7fa21594d588815d4a4,9fab8bd1f9c69cf2301b8ad3bec47480,luggage_accessories,auto
14070,18658,1,605d46a84a57229d7380e9e6a45fe180,ea70c7ac7beedf6663e1ddbde272384a,pet_shop,pet_shop
14074,24461,1,5ee76866fa61481c966c02a129dfac08,6e080931a13058facb0fc1fd930a98fe,housewares,bed_bath_table
14079,14319,1,44a6af14e39124bee07dc2eb2df39a54,b2b938c46aafdbf702d73e7edb9cb263,pet_shop,pet_shop
14079,15257,1,44a6af14e39124bee07dc2eb2df39a54,def59eb2e17b32b980b5341984f6b500,pet_shop,pet_shop
14079,24166,1,44a6af14e39124bee07dc2eb2df39a54,a8949536a84721e346d7814fd81aafbe,pet_shop,pet_shop
14096,16896,1,fe6f03cedd96bcbc5c8726c5963fd35c,3fae92f8d0ebb3317991934a6d717c47,bed_bath_table,bed_bath_table
152,32707,1,dd768d259ee6054e0dadd66c8e2be0b6,0a108ad81c4e2a790649c3f8070f1213,bed_bath_table,bed_bath_table
14103,26606,1,7e6ca847e12c659931b47b31e99361c6,f908d3bf313a1308bfb2a46ea2685347,toys,toys
14104,14605,1,c3db113c416d50ed94fce65297d016f7,fd424396761d9e1609c5516b7d8ce17b,auto,auto
14108,31293,1,8a5835aeef83efa6aa947f84f92deb0e,97170c28efde1b426f1c52348fe1c086,watches_gifts,watches_gifts
14111,15055,1,72172e982e8b92155069e4201c92c0bb,aa5d6a9bd4be367ae1a3a29c323c7c11,sports_leisure,sports_leisure
14111,15547,1,72172e982e8b92155069e4201c92c0bb,bcfc64e7adc6e1ce2030d71e1af79a3e,sports_leisure,food_drink
14111,18496,1,72172e982e8b92155069e4201c92c0bb,9483476ac5b7549f7df5ff12fb6fb5d9,sports_leisure,sports_leisure
14130,14140,1,ea9c7e08863cdaf1e40261c8b6c005a4,9d717f96236e39a3dbe6326b9d51d681,bed_bath_table,bed_bath_table
14135,21492,1,cce2229eda675cb0cb95616917bbb34b,be642ced82a99a398aa76d720cf47d19,sports_leisure,sports_leisure
14142,25399,1,33e77eecc23c25a65d10f627e5053617,4efd35570dbaaa27e216bd8bf3ed4cf3,office_furniture,office_furniture
14155,19332,1,8fa5bb1e4de7a63ee554487c2f2ee076,2e0b9273624db778d82fd3b18becec24,toys,toys
14155,23283,1,8fa5bb1e4de7a63ee554487c2f2ee076,9036be77e0a74cca6eeef0740649b97b,toys,toys
14155,24484,1,8fa5bb1e4de7a63ee554487c2f2ee076,b65214d387c754bb0f858a4a5a0f41ad,toys,toys
14155,31684,1,8fa5bb1e4de7a63ee554487c2f2ee076,238314b88e4b8ffa496db6b1a201d897,toys,toys
14162,23155,1,1dba1b8c4782c82bec9252bc5cca3b76,198f4a07b346797ac244a9fe3486d17a,auto,auto
14168,21171,1,ec8ae427905e10052ee4f1e9993b6763,cfe6e9c01d0bbb5df9a75f0e3286baa9,baby,baby
14168,31966,1,ec8ae427905e10052ee4f1e9993b6763,7893c68e0a8b6e58a70390551e8a84d9,baby,baby
14177,25996,1,be0e6c61c2bcdd9a4d022ba67fd66189,93d8b11d613a563f5a26212282bb145e,flowers,furniture_decor
14177,29092,1,be0e6c61c2bcdd9a4d022ba67fd66189,acebea1efbaa063642166633d247aec7,flowers,furniture_decor
14177,32698,1,be0e6c61c2bcdd9a4d022ba67fd66189,38e19855caf485b504d6f33ed31a9eb4,flowers,furniture_decor
14185,15879,1,a9eea144b709e6d670c9bf03ffc2dc2e,0dce4d890959f0607b58e7475d13fc86,health_beauty,health_beauty
14185,17386,1,a9eea144b709e6d670c9bf03ffc2dc2e,b230bd784da7f2bb53eaadc273982cda,health_beauty,health_beauty
14185,25658,1,a9eea144b709e6d670c9bf03ffc2dc2e,b92c0c9a860191befb3f8139aee8c4e1,health_beauty,health_beauty
14188,31272,1,c982dbea53b864f4d27c1d36f14b6053,49d2e2460386273b195e7e59b43587c3,toys,toys
14203,27643,1,6f9be3cc1d2a7eaa92b86fde15b93ac4,5daa4a09c9afb3b30d6df995fab5c2dc,perfumery,perfumery
14206,15548,1,371fa349d92646bbeea5873df0bcdc5a,f70dd37d94cc7026ca198b9d7574c7bc,housewares,food_drink
14206,18635,1,371fa349d92646bbeea5873df0bcdc5a,c20a3f598c16d77249da67e81caa8317,housewares,housewares
14216,27928,1,bdef7736f61a507f68b31bd86ddaf69d,17e18b0c88a853dd6de3e48a7cfa9d9a,auto,auto
14218,14898,1,c708ba7c6269161f89ce0683cdd7c432,91442659f31ec0f0fc73215e77854fac,watches_gifts,watches_gifts
14218,18476,1,c708ba7c6269161f89ce0683cdd7c432,380b4664ba5bb18cc9db78ee6bac3558,watches_gifts,watches_gifts
14218,19744,1,c708ba7c6269161f89ce0683cdd7c432,9c7ce59c96e74dfdfc51f13a4a6c3869,watches_gifts,watches_gifts
14218,20202,1,c708ba7c6269161f89ce0683cdd7c432,2f317a0a64c7ddcf9677e60016354d0c,watches_gifts,watches_gifts
14218,22715,1,c708ba7c6269161f89ce0683cdd7c432,c3ba4e8d3cb30049213b682e751e9d00,watches_gifts,watches_gifts
14218,30919,1,c708ba7c6269161f89ce0683cdd7c432,ea8961270de20e665fcbb36044d6580f,watches_gifts,construction_tools_construction
14221,26458,1,9a8200a7f3448bfb18683080c03b54b1,9ad75bd7267e5c724cb42c71ac56ca72,bed_bath_table,bed_bath_table
14237,22608,1,d90e83fe1a0e31440db1dc015f1c1512,33c18a3e86c00fca807265cf34354996,bed_bath_table,bed_bath_table
14244,23188,1,151133751552ad5bdd6645dfdcb0e728,eeb2d1e155818957df60a76fc47e75a8,bed_bath_table,bed_bath_table
14244,27104,1,151133751552ad5bdd6645dfdcb0e728,31699327e8b1095210f7c48d91fc09f0,bed_bath_table,bed_bath_table
14244,27246,1,151133751552ad5bdd6645dfdcb0e728,c96dae58447b1aade5e8a7e28a87a31a,bed_bath_table,bed_bath_table
14250,17439,1,dd8af0fcb0e10a6618ebfeaf9a988a34,ba7bd7333b4f0c78d1c1e1693a4f97b7,computers_accessories,computers_accessories
14251,17427,1,2c71438371b35f7ce3c2511d6b0927e7,2136c70bbe723d338fab53da3c03e6dc,watches_gifts,watches_gifts
14251,24707,1,2c71438371b35f7ce3c2511d6b0927e7,202bd859659a841de892b00c341300ff,watches_gifts,watches_gifts
14251,26428,1,2c71438371b35f7ce3c2511d6b0927e7,2b4280ae2d10eefdff9b5e1b1a9ebf53,watches_gifts,watches_gifts
14273,14992,1,b89603272c5e7806893eb03712a0b937,6d59a3fe3140425fb175cdd1e688dc2e,furniture_decor,furniture_decor
14273,20435,1,b89603272c5e7806893eb03712a0b937,d92239d375e7626174b8545ea884b504,furniture_decor,auto
14273,22571,1,b89603272c5e7806893eb03712a0b937,728cfef9eca3d89054807d5c7e894e04,furniture_decor,furniture_decor
14299,26083,1,6869b7e59ba6dd738b6ad254e6794b1d,499bf152a2df4c2caa45d1c34342ddec,watches_gifts,watches_gifts
14303,26613,1,f3bc8b0c346a5171a82585b880ba6f29,37d6f8bf938208f8a2268dd49c2e7c45,dvds_blu_ray,dvds_blu_ray
155,24333,1,46b48281eb6d663ced748f324108c733,e04dcf463871a7c73df38d4bcc245686,Unknown,pet_shop
14319,24166,1,b2b938c46aafdbf702d73e7edb9cb263,a8949536a84721e346d7814fd81aafbe,pet_shop,pet_shop
14329,20424,1,19c3fb52d07985c61da89d4fb7f66cad,d64a5abc068bfa0e7e1b7ad7f64fe96c,bed_bath_table,bed_bath_table
14329,22797,1,19c3fb52d07985c61da89d4fb7f66cad,7c5eedf954659c8014c0671ba5e1b99b,bed_bath_table,bed_bath_table
14330,17355,1,11e5f8670ab66f75fd2b979a6d2a14b2,bb9b0c89e9d58f5cd33126ab223de642,bed_bath_table,bed_bath_table
14335,18645,1,3dd7de1b6e3362ad26c1879acc292f19,a4d0871577d73bc394c482dd0998af7d,health_beauty,health_beauty
14335,28741,1,3dd7de1b6e3362ad26c1879acc292f19,e892e0e01990e737eb81a57db12f8c8c,health_beauty,health_beauty
14335,29304,1,3dd7de1b6e3362ad26c1879acc292f19,e044a6c8994164db4e2446054a374b9a,health_beauty,health_beauty
14346,26248,1,617186c3d97ea56c9c683a8a3974e8c1,d39aa436f0e832d11f2ea052ef6bc77a,perfumery,perfumery
14379,23124,1,adf24c4c9e90e7054d07309a04c419d0,340f33bdf4103eba89df5d5153beff7e,furniture_decor,furniture_decor
14395,22079,1,d63c1011f49d98b976c352955b1c4bea,29e690f79f608a27a9a02dbf5c3c0c93,health_beauty,baby
14425,23252,1,d03a2a3433372ac8f9f6649d1dacadae,05f0fe07929d35be0748fac56eecbeb2,health_beauty,health_beauty
14442,28194,1,0ad6795586afdad1281b3884f2611ca6,416753943bbda356a28be0f3ba476632,construction_tools_construction,construction_tools_construction
14452,16212,1,d2c7a1e57b8f3e74095798f867334b36,060f0122cdc8f25db4a0d7359fdae7b0,watches_gifts,watches_gifts
14452,19108,1,d2c7a1e57b8f3e74095798f867334b36,b84520a57891e7a8ae2c68741dcc7146,watches_gifts,watches_gifts
14452,26267,1,d2c7a1e57b8f3e74095798f867334b36,0bdd9a52d192d64770e33ae559512478,watches_gifts,watches_gifts
14452,31666,1,d2c7a1e57b8f3e74095798f867334b36,24820a1196d38b337b214cbe699410ed,watches_gifts,watches_gifts
14453,23677,1,e3c74f07496dd02492854d89b277eebd,c0aed8767e46cce56e77db0ceef83035,auto,auto
14499,22621,1,a8f944abeac7d4fc5f2663bd8f22f931,63bd0e7bb0fdb40cbd6777aa5c7d5a56,toys,toys
14503,25128,1,1c4e2aab2f3631a70816d1765ced8ea8,7498e2ed667dd1d3fd92e0d4c33b7944,housewares,kitchen_dining_laundry_garden_furniture
14526,32126,1,967b4ef12fac107d62481097944bc634,37d83d294c825fd69de0dea08933cf40,toys,toys
14527,20613,1,baf59a3a8f15ea34f04394f44bad573a,d56c9fe93d4e5fbdec5bb1ffff397fd7,bed_bath_table,computers_accessories
14533,32140,1,fe6a9515d655fa7936b8a7c841039f34,42a2c92a0979a949ca4ea89ec5c7b934,cool_stuff,housewares
14534,31139,1,9926323a78ee2ba9e3b282efce191cff,bf2365078da8fad96e4c22880492dd9a,fashion_bags_accessories,fashion_bags_accessories
14536,16401,1,32539e75c9d0748f5e063f60e395cc57,3d17d0ed8da715ae25763ce8225b50a3,stationery,stationery
14566,17429,1,655110abedc57d73d3b2150d8ba2092a,8cc117b0bec16e2f0b683e40846ad09c,bed_bath_table,bed_bath_table
14566,20646,1,655110abedc57d73d3b2150d8ba2092a,2fd409cb89bdd869516f53cf84e69cd9,bed_bath_table,bed_bath_table
14588,21573,1,b8f2f150810c5ddaef91dc06f045c597,0d89e155a6cf12de15e19e2d67ad14ad,bed_bath_table,bed_bath_table
14593,19485,1,fb8ec7f3124032e812713f60633e6167,9e47ae55f9327141d2dc2cbca3317e49,bed_bath_table,construction_tools_safety
14605,24709,1,fd424396761d9e1609c5516b7d8ce17b,568e52d4c670b4d5130bae2dbf211c40,auto,auto
14633,20702,1,964093075b6885bfcc6520dd216e4d8f,c2ece64199af7a53793ed9612a89a8cd,housewares,furniture_decor
14675,19814,1,71a8be2937fd926b330febe100effd02,6c3effec7c8ddba466d4f03f982c7aa3,auto,consoles_games
14676,19404,1,2ba4f78910f6fe61e7ae7bfa4efe2726,8155728af949f234b666bf60ed257e6a,bed_bath_table,bed_bath_table
14676,30955,1,2ba4f78910f6fe61e7ae7bfa4efe2726,1ee194d6fcec9e4cbaeef1a99a6911a2,bed_bath_table,bed_bath_table
14697,18344,1,2fb0efd1f61f186ffdda9e8ec70f27f2,163e6400e6dadd0fe04775c5e9331fda,baby,baby
14718,14756,1,8e26479962cb257aba82c608c10469e5,d3ce671d83f4434fbe5a05ff93427ef0,telephony,telephony
14718,24831,1,8e26479962cb257aba82c608c10469e5,1ccef988a8dd457a93b0b4833b8f0724,telephony,telephony
14723,32780,1,1a300f482e35d7eac74b229be067aefd,f9d151cf2fc10d41cce64b782856320f,computers_accessories,computers_accessories
14724,25454,1,090481b27cff4d143f62be584cba5ed1,986af931e7ce399914deaa43d224b124,bed_bath_table,bed_bath_table
14734,22109,1,c5e31bcea566d7f28ebc011e9fee182f,f97a136cf6e5f5d9333b513afc8b153e,bed_bath_table,bed_bath_table
14756,24831,1,d3ce671d83f4434fbe5a05ff93427ef0,1ccef988a8dd457a93b0b4833b8f0724,telephony,telephony
14772,30309,1,d6be8874a210252bd164fadd394d9e95,8c8d924b1b31192b10a89b46702cd501,baby,baby
14777,24735,1,0f784f8f15179b9e101beb85796efc1a,4ba2ecadbc22416fc5eab3097203922c,health_beauty,health_beauty
14787,19075,1,09061028f7ee991c6f2c294e19d344dd,6ccbeb9656e37cb5fd5086f838762471,fashion_bags_accessories,fashion_bags_accessories
14787,22698,1,09061028f7ee991c6f2c294e19d344dd,30bb6ba21f546713a3c72e22461c1a3b,fashion_bags_accessories,fashion_bags_accessories
14816,21187,1,cae8c962ad47ff05a508e6fec4146e1a,5a6849f9db912b68be72145d959d61d2,auto,auto
14816,21334,1,cae8c962ad47ff05a508e6fec4146e1a,22c7191da97262f0f39de80e1951dce2,auto,auto
14816,27150,1,cae8c962ad47ff05a508e6fec4146e1a,972d4aba7eb9ba03a5b7950751f11f60,auto,auto
14839,16065,1,ebf969336461d98e41d31673d8af75ba,7a2428849e8c9e1cfac00494791ca876,bed_bath_table,bed_bath_table
14839,22167,1,ebf969336461d98e41d31673d8af75ba,744846f62c7ba12b43c59c5ff57782a7,bed_bath_table,bed_bath_table
14843,16118,1,eab67bf937aaadc19f83383a331d2dd9,68a058d125ba1544e726898f0b8c0523,office_furniture,office_furniture
14843,18169,1,eab67bf937aaadc19f83383a331d2dd9,120fa011365fc39efe382cba4e50999e,office_furniture,bed_bath_table
14851,18665,1,5fc9976b2e864ae065866725645c716e,d12429bcf1d0ffe5940f9df2a8761c79,bed_bath_table,bed_bath_table
14851,29109,1,5fc9976b2e864ae065866725645c716e,b4b817e5f2c4efc8253b4b679c653847,bed_bath_table,bed_bath_table
14878,21036,1,9334fc63bffa67f685c03b1dc24df180,f0aeff7723abbe804226f96c5b1db7ef,health_beauty,sports_leisure
14885,18470,1,661856216cb56d1d9e5a954c66cb136c,acc444eb5ad26f79d5a11baa6a03c439,furniture_decor,furniture_decor
14885,22423,1,661856216cb56d1d9e5a954c66cb136c,695c34c5771cca25ecdc04d24a9b49f6,furniture_decor,furniture_decor
14888,18538,1,c856eb93568d1abd93fbc39fc0a9704e,a2a1a65832c02f8a82d82c12aa0dbea9,furniture_decor,furniture_decor
14888,31235,1,c856eb93568d1abd93fbc39fc0a9704e,fd91e23b4465803725f329b39afe018a,furniture_decor,furniture_decor
14898,21990,1,91442659f31ec0f0fc73215e77854fac,12667a519a4a3094eab02f5841b07409,watches_gifts,watches_gifts
14906,32370,1,474bb6b54fc608ca71059a6c4f7ecda3,dd0dcee76f9c12fff4bc0eb641d57c7f,electronics,electronics
14911,17040,1,e12f98550d5a1a612066b387f97c1970,01fc56750f0d3444c4a1746ecf19dee0,health_beauty,sports_leisure
14913,20181,1,6a0713a63e990052795623e76cc2995e,17d8b8e9c21ec0fc5b33724e32fe422e,bed_bath_table,bed_bath_table
14913,25906,1,6a0713a63e990052795623e76cc2995e,e95fb3a80ca294f39de925b6428f3a32,bed_bath_table,bed_bath_table
14913,29769,1,6a0713a63e990052795623e76cc2995e,99444c1e11fc38755dae86f5c67d3d1a,bed_bath_table,bed_bath_table
14913,30088,1,6a0713a63e990052795623e76cc2995e,399f54c06661d06ca45c6e24ed238e0e,bed_bath_table,bed_bath_table
14927,18771,1,3c44881c6f1115b3a16f8281bb2a83ff,e53197022fd9f554e01b9cf4f3c9f249,perfumery,perfumery
14942,27400,1,2e0725613e75303bb162ff2f58f112e0,b0137f9102be5a094d59c061fe106b83,toys,toys
14945,24718,1,7486542600afc050d20740e976ff87f8,8d28eb3a7309368ca0de19e016266251,health_beauty,health_beauty
14945,31314,1,7486542600afc050d20740e976ff87f8,7f9e40aa498f8f6edf4cc51215ecce9e,health_beauty,health_beauty
14970,26886,1,b729b323907bd67bdadd1920e349cb25,8fbf10c92c593a27da5034795db5d8b6,construction_tools_lights,furniture_decor
14972,23434,1,d3e2c403fa58493ea2d48ec1fd356ca5,2bd11da9314c88bf55df5a07251442e4,fashion_bags_accessories,fashion_bags_accessories
14972,32166,1,d3e2c403fa58493ea2d48ec1fd356ca5,e745ef0b16caf129dfc0f4979c347619,fashion_bags_accessories,fashion_bags_accessories
14988,18800,1,42ef2bdec0493fd90852352fcfbf2c24,3516632e8f52b679ff83d1665ecc990e,computers_accessories,computers_accessories
14991,20931,1,1c5507038caa58651b5f07b729f97774,7f9979f68f998401e84c91d2ca6933fd,fashion_bags_accessories,fashion_bags_accessories
14991,28044,1,1c5507038caa58651b5f07b729f97774,24ea331e89e0cc6fde885752b3eb2c23,fashion_bags_accessories,fashion_bags_accessories
14997,17356,1,482c25dc8512547962854dfff5ac057b,027325f946f1b3d8f94c3496e9a59a10,home_construction,construction_tools_safety
14999,17706,1,bb4580d57d11614d91c391c557e27372,fce345e86ad30c0a8de7f92f71ecb4cc,health_beauty,health_beauty
15004,29042,1,83fb98f2457985e6333f2e307adc5864,12760bcacfaaf1457bc36e601e26dc79,Unknown,housewares
15005,19617,1,0ee7a6e1cd4ecf72e711a2f68b4d8d2e,0bfd2b8146cd034448f6e4c8ac8e47f0,computers_accessories,computers_accessories
15013,20794,1,e5ae72c62ebfa708624f5029d609b160,fe59a1e006df3ac42bf0ceb876d70969,computers_accessories,computers_accessories
156,14662,1,db7e6804f1a8206a7e51c9a741a09d9e,fe4dece0c663ba4f1f9f2d04d3b93a97,toys,cool_stuff
15019,17337,1,bc055ae94989497c0d66bfa4263ccf61,e3b5a4c3f8512fe1315f05564e461ff4,computers_accessories,computers_accessories
15021,15805,1,c0205b35b5e0f162b0dcc48572223b72,01ff1ff8aa5dec93e9938b989393a4ca,perfumery,perfumery
15021,18283,1,c0205b35b5e0f162b0dcc48572223b72,65610bb38e3ee3e20a94885411c3feec,perfumery,health_beauty
15022,21022,1,c801dac0ec4865c5d42cf44b03a7d626,50e1b118f266b655f613f753914c42db,bed_bath_table,bed_bath_table
15022,26948,1,c801dac0ec4865c5d42cf44b03a7d626,fb2f2ec90b4ee90ad257bbf89d01247e,bed_bath_table,bed_bath_table
15023,17255,1,9cbe4a1fd4db99c14512e9b2ff033ec4,62d8daeee0db3a60c234c2d1bfd10651,bed_bath_table,bed_bath_table
15025,29349,1,e9ba3ec00ccd563b43e5de69a74a43d7,a62e25e09e05e6faf31d90c6ec1aa3d1,watches_gifts,watches_gifts
15045,20070,1,fcf28afb1353f2f12ea041dd74954226,9ed00cd89e3b3a0107996fe62feab381,telephony,telephony
15045,31150,1,fcf28afb1353f2f12ea041dd74954226,a0045b8457877b5981ed6c79b9b0765a,telephony,telephony
15066,17002,1,b342efe893c9d54f8cf0fe3424bb6b5a,ce6ffea9f2a71228df7664c52f21450d,sports_leisure,sports_leisure
15069,18685,1,6b119e825230e877b98f89b47081bc52,a07d0595ac61dcdd44214f0426431c9b,fashion_bags_accessories,fashion_bags_accessories
15074,18790,1,4650fae75d852ddfada4751f6f02481a,0f6e214a2c5baab8c1ccb053a0829f13,perfumery,perfumery
15074,31280,1,4650fae75d852ddfada4751f6f02481a,a25583531530c0913ea4dee2c5c73685,perfumery,perfumery
15076,24670,1,3ea30fb7b4c6d17f44c1594a713c224c,372645c7439f9661fbbacfd129aa92ec,bed_bath_table,bed_bath_table
15084,29377,1,30caacf4dfc199dc577a9627395a881d,4689718bc1b839a9baeaa91d2c278598,costruction_tools_garden,bed_bath_table
15123,15259,1,04f982a576e5d149919df37e292fa79e,88821a8093b316b2679fd44c828a31c2,bed_bath_table,bed_bath_table
15128,26645,1,0ec96e6d31a1493b0475805c9ae1a0a2,f0bb82bede57b520480ce892667bb71d,furniture_decor,construction_tools_lights
15130,15322,1,924c635d837c240da3956f3c28c1e6f4,a02d0123079f4ae96001ba2010d1a2df,construction_tools_lights,construction_tools_lights
15130,23450,1,924c635d837c240da3956f3c28c1e6f4,a519511d5c5c1153c9f636288e50f819,construction_tools_lights,furniture_decor
15130,29698,1,924c635d837c240da3956f3c28c1e6f4,bfa8fb32cecbf90899f6f517b77a766f,construction_tools_lights,furniture_decor
15175,29039,1,7f7e18140feaf2c2e3f17fb65825564d,88e84a987b4681434dedc0bc9e00826b,furniture_decor,industry_commerce_and_business
15181,26696,1,ead6d52e3dc075669af5d7a1958b0f07,2187a2f05e362364c24d44feaeb40243,toys,toys
15188,28137,1,f3b5bbdfd20be94cc96583501d2819ce,1fe8e6e01596885617fa1c90d29c2f81,health_beauty,health_beauty
15189,17746,1,6bda6606bb4db26fb219523d6fd40869,87283a98b24f9f1ac3a31b631073cf47,fashion_bags_accessories,fashion_bags_accessories
15222,30379,1,e5403f78625641d4ae41af599772fbfd,5cbca81261e661159b5a3e6025bffba8,perfumery,perfumery
15232,16251,1,cc2de3090e4e70b255499285f2d72735,96ee9343533c399d245845830908f073,stationery,stationery
15255,16482,1,16d096faa27582985f849f08370cf1ed,a79e27ad902bfc67386ea63ed1ef7a08,agro_industry_and_commerce,agro_industry_and_commerce
15257,24166,1,def59eb2e17b32b980b5341984f6b500,a8949536a84721e346d7814fd81aafbe,pet_shop,pet_shop
15266,25083,1,fc1d8637c0268af3db482c14b7ef8e75,06ecc3d4006ad6eb293a1b93ec3c7183,bed_bath_table,furniture_decor
15266,28363,1,fc1d8637c0268af3db482c14b7ef8e75,9a0620ddaf3055b7e588e936e036a529,bed_bath_table,bed_bath_table
15266,30406,1,fc1d8637c0268af3db482c14b7ef8e75,51ce083cd2b9078656a94655ab45b8a4,bed_bath_table,bed_bath_table
15272,18674,1,8ef18e8943b9f07649b045b72df449cb,7cee15aa6f33557c7056ba1fee542b79,toys,toys
15281,22320,1,a2a61ecd4e916c3ff787c137d23957bb,af4328f3b25c46d425187cffe0858540,housewares,housewares
15288,19255,1,7b44e5ea770ef06810f5df89006cc8b2,64ec83de8f0026319c8829351e3d6e23,electronics,housewares
15288,21331,1,7b44e5ea770ef06810f5df89006cc8b2,064c975d37d3c646bd94d94c6e16f37e,electronics,housewares
15300,30671,1,02ed3b595447e948efc3eac897e4df0e,71b157e39523e25558ed9cc1960c3fbd,bed_bath_table,bed_bath_table
15304,20817,1,6358f5d1f8bea46b44615a9eaad26f81,38ef617a023fc4398829dd8c2b9e8be6,bed_bath_table,bed_bath_table
15314,18324,1,2e5bddcf20a946aad0394cf0a62743f4,0294e314a033317e28ecc40aee9025e8,pet_shop,pet_shop
15315,20453,1,5101f008a270fb10336de6703f32221e,fbce4c4cb307679d89a3bf3d3bb353b9,bed_bath_table,bed_bath_table
15317,26127,1,90b58782fdd04cb829667fcc41fb65f5,308e4e21ae228a10f6370a243ae59995,office_furniture,office_furniture
15322,25377,1,a02d0123079f4ae96001ba2010d1a2df,fe9c4b2cf9c3adbaf3644880fb72254d,construction_tools_lights,furniture_decor
15328,25563,1,7f723c53515b44e16b93397c4149afdc,5a90c762ed3f5a71bbe44860342fd112,bed_bath_table,bed_bath_table
15341,21865,1,45cfee87da128a8f939226bedd92a72d,99f8a7e47970133c14b3d79c27d921c8,pet_shop,pet_shop
15346,26583,1,1bb0f142789375f5709d08b2f2355c2b,193cea27ec2ebc61c91cf7dd70420fad,bed_bath_table,bed_bath_table
15372,16163,1,6fd82d8f842424334fedf31190e54d24,423b46d7ff817b1cd19ab195c7b76546,watches_gifts,watches_gifts
15372,20876,1,6fd82d8f842424334fedf31190e54d24,0d9f729c5dea994b9072004fd2656cc3,watches_gifts,audio
15372,24487,1,6fd82d8f842424334fedf31190e54d24,cdc4af478fef19f03f1d0353c00271cd,watches_gifts,watches_gifts
15372,26604,1,6fd82d8f842424334fedf31190e54d24,f77f34a4f2b8f31e2bcc50a478888064,watches_gifts,watches_gifts
15374,28390,1,5a3f2f6e363dcc2277ba8df88f3a078c,20531b0644a0719b8d506c4db3c56609,housewares,housewares
15423,25564,1,3ebbc0870d51b62783c45e0e61ccb78d,e9b3cf27d68caa64832c4a7c460abcb9,bed_bath_table,market_place
157,29459,1,50556c630443502c11acde1c320fe278,2d354026ff76d22a151846a05f5cfd3c,health_beauty,health_beauty
15454,32945,1,f6bd09259655a78e706a0caa947299db,1a14237ecc2fe3772b55c8d4e11ccb35,furniture_decor,furniture_decor
15471,29323,1,589d0ec4c794dd688991c0f539f9e015,8d4ff8de5e399964646ef5f4ee698076,pet_shop,pet_shop
15477,20340,1,a12fc4a1c79238df0015e1a0c48f0314,aa36c2127048efdcd47f4ad5b6b68810,bed_bath_table,bed_bath_table
15477,26587,1,a12fc4a1c79238df0015e1a0c48f0314,724692d1ae89a580525678a07f6af0f3,bed_bath_table,bed_bath_table
15492,26960,1,5176d8670222d50ebbe4d4c5dfba2b49,0768c4dc73c777a620b38c1da390ae8e,electronics,small_appliances
15509,24507,1,ac1edb0e0a6743cc20e6277ecfc1caf2,f6c69d9a3f61a0d56c49e3f7a459c57f,books_imported,books_imported
15514,25646,1,d103baa8d35783ff2772704ed17ddd45,a1250bbcaa645885c9165eab1573b5c6,fashion_bags_accessories,fashion_bags_accessories
15514,27685,1,d103baa8d35783ff2772704ed17ddd45,d017a2151d543a9885604dc62a3d9dcc,fashion_bags_accessories,fashion_bags_accessories
15515,19899,1,f7a5131ee6e422257630fe35c9b7875a,3e78cdf699d65e94e6a716be72fb4472,sports_leisure,sports_leisure
15515,26195,1,f7a5131ee6e422257630fe35c9b7875a,3d59253b36345baaf95246491607ab6e,sports_leisure,sports_leisure
15519,16624,1,7f5a2ea09fee327672a7cf2f97d40242,a7ca7fd9bf5015bfeecc4010e8fa4ce7,bed_bath_table,baby
15526,31366,1,7650dd3b2dc10798a8cbccc78d9e6e3b,90aa2ab699cd0e459be93124aa91c82f,baby,bed_bath_table
162,19889,1,3014e35fd70fce29095ced5cdc89f4ce,7fbbe412c783af7237d40b9145aa5a8b,telephony,garden_tools
15529,18490,1,5c692818d313aa12864b48ac0c2472c2,186fe07c8b8005ec6a498587ffbc1352,watches_gifts,watches_gifts
15529,24707,1,5c692818d313aa12864b48ac0c2472c2,202bd859659a841de892b00c341300ff,watches_gifts,watches_gifts
15529,25465,1,5c692818d313aa12864b48ac0c2472c2,2f70195374f6c3d3c6542edf5bd17c8c,watches_gifts,watches_gifts
15529,28313,1,5c692818d313aa12864b48ac0c2472c2,a84d0660dbffebf352aefbf1a6b18d00,watches_gifts,watches_gifts
15534,32872,1,12f996b4a20f364ff8b53e086e0bff8c,d7252737cad49d030f9ce83b50249120,electronics,luggage_accessories
15538,25948,1,e25a1bed3de19f42a0719cff1c771436,46ed0917b696c5c8c934e368da2fec36,bed_bath_table,bed_bath_table
15548,18635,1,f70dd37d94cc7026ca198b9d7574c7bc,c20a3f598c16d77249da67e81caa8317,food_drink,housewares
15550,19262,1,9372674c33091b1a6cbcb8ddb9c6f073,5e6839a9bdfcd4d454d5f48b4f681f30,furniture_decor,furniture_decor
15550,26173,1,9372674c33091b1a6cbcb8ddb9c6f073,5920a5f8a50972ae043bc4fdff2c7173,furniture_decor,furniture_decor
15577,31998,1,9a442e31dcb07042eca00d73c1933880,0bb7d5c406dd6affef3cd4f5d6744844,fashion_bags_accessories,Unknown
15592,27204,1,cd304278981c392c0b5ea2de4bcb6e2b,d84a83ff61bb8049f7e620bc023f373d,bed_bath_table,Unknown
15597,31319,1,5411e9269501a870cabf632f05655131,242edc6b84c00f0d48c664a020a92c52,stationery,luggage_accessories
15597,32021,1,5411e9269501a870cabf632f05655131,c58a00c22983c35a40e549564aa0aafa,stationery,stationery
15607,19939,1,4e0d01d5e5e4bd454e71e7cd1491c052,4c8541293fb2d3359cf52485b4d59b8e,health_beauty,health_beauty
15622,22494,1,a44edbb4226328a7a816f3460556d638,65b183dcbb9689b176730d709a0003dd,garden_tools,garden_tools
15622,29646,1,a44edbb4226328a7a816f3460556d638,5b7e1c33e4e9e477847a8a031353ff40,garden_tools,garden_tools
15628,19338,1,a40675a9c6ef2410e3420483a1f8c81f,02090f97a28b3d10d19a09f045f6df34,watches_gifts,watches_gifts
15631,29343,1,b7d2c90f9161dc69fa75d22572003bc4,a46875fb5b8d19ac3cff18deb9bae57e,computers_accessories,computers_accessories
15669,20663,1,777d2e438a1b645f3aec9bd57e92672c,66a0a6e02b7f543e5b021ce361f267d4,bed_bath_table,cool_stuff
15669,21241,1,777d2e438a1b645f3aec9bd57e92672c,2481a472d98c582b46bc2dfeae6f539f,bed_bath_table,furniture_decor
15669,24256,1,777d2e438a1b645f3aec9bd57e92672c,e68a5a5626c4b1bfc5ca78202f898300,bed_bath_table,cool_stuff
15669,29483,1,777d2e438a1b645f3aec9bd57e92672c,705b4a0072a3ecf575b497f895234364,bed_bath_table,furniture_living_room
15682,19320,1,bacd57da107b14a22ff6bb86830fd4b2,214d074d545a9cedee55284805a1335f,furniture_decor,furniture_decor
15682,23622,1,bacd57da107b14a22ff6bb86830fd4b2,b2cadb94baef5a2eb2e36c6047dd5f34,furniture_decor,furniture_decor
15684,32660,1,2c855454330b900b5238383ea6e815ca,b6f134ff2933bb0ee1f36e2865f21a91,furniture_decor,furniture_decor
15690,22472,1,1b125123580a802629427ebd924ff335,4efd402dce639aa129a7f15b17cc898b,fashion_bags_accessories,fashion_bags_accessories
15700,18696,1,309418595516e14bc2e98487ee4267d1,137d0bf5250717a478bd7f9c74410bda,sports_leisure,sports_leisure
176,7116,1,4473f3e5c65952b074ef987fa5c24662,57d79905de06d8897872c551bfd09358,telephony,telephony
15704,31491,1,95340a2ad616a8f6d06e890edf417270,97e4f5811325675eb54c925552300a68,stationery,stationery
15723,23384,1,abe2c60707c1e11cfa710dc7328b4bf6,608396ec032711eb443596cb8cdce050,bed_bath_table,bed_bath_table
15727,18014,1,171b509779ad4fe0cbed2a3d95d10c68,ed2067a9c1f79553088a3c67b99a9f97,pet_shop,food
15727,23253,1,171b509779ad4fe0cbed2a3d95d10c68,c9e5a053551073d27ded320bd05971b4,pet_shop,pet_shop
15739,15749,1,5111f663915cb81d02d4010a0025fd42,a11ae57e28ac218d33dbd82fa3879b57,fashion_bags_accessories,fashion_bags_accessories
15739,27375,1,5111f663915cb81d02d4010a0025fd42,2bc14ec16ec416f08e39fed48eda7f2d,fashion_bags_accessories,Unknown
15755,17868,1,0bc5e6c957486577f11519bf36577b38,c695342500b74ff952db47b541726de1,health_beauty,health_beauty
15805,18283,1,01ff1ff8aa5dec93e9938b989393a4ca,65610bb38e3ee3e20a94885411c3feec,perfumery,health_beauty
15805,25321,1,01ff1ff8aa5dec93e9938b989393a4ca,96b4ceeea5f4e3997ac6543f49a4f138,perfumery,perfumery
15805,25417,1,01ff1ff8aa5dec93e9938b989393a4ca,faa36d27544b2b05c79f3d8c801d5dbd,perfumery,perfumery
15805,25688,1,01ff1ff8aa5dec93e9938b989393a4ca,2efe8f5e5c3b7327473c75cf2f11bb02,perfumery,perfumery
15816,16385,1,2ed4ea5a5394cfcb0d052cdc587fc78f,94bb0da423501924c41368236d88e808,bed_bath_table,bed_bath_table
15834,24464,1,952e73f7e8bee61569a32b35c19bc981,287aafe80d2beee0ac805deb436fdd89,bed_bath_table,bed_bath_table
15840,25431,1,62c89abe1afe3a23c17765d462718a4c,e7f79c79a485447b88964a9d0b86fe45,perfumery,perfumery
15867,17237,1,5f0968068096bd1129c543f3fb59604b,b5e87f53476b0084bd9ff8ae015fe05b,housewares,housewares
15868,31990,1,af25257adf28d8a0c281173073c2f2da,d31604dc8480ff739e226bdf88d5000e,drinks,auto
15873,20453,1,66d8fb4ea4391a1f36cf50152c26b4ca,fbce4c4cb307679d89a3bf3d3bb353b9,bed_bath_table,bed_bath_table
15879,17386,1,0dce4d890959f0607b58e7475d13fc86,b230bd784da7f2bb53eaadc273982cda,health_beauty,health_beauty
15879,25658,1,0dce4d890959f0607b58e7475d13fc86,b92c0c9a860191befb3f8139aee8c4e1,health_beauty,health_beauty
15903,26129,1,028b3574d7619f191a7345161ae590e4,abc3432ff825d8e524db1d4eac6d2099,telephony,telephony
15907,22648,1,b79d7f5b95f27eb1f3e1b95e7808c08a,c67cd635f352f381fa2936b55e744d37,furniture_decor,furniture_decor
15924,22778,1,769106ca9d176076a3f0debb980e64ba,338a394da06eb5deff048f151d13151e,furniture_decor,furniture_decor
15924,25731,1,769106ca9d176076a3f0debb980e64ba,2f08de199f389c9b400128b0c7b750e4,furniture_decor,furniture_decor
15930,17694,1,67bf0dde94ca85e84e682a80c604807a,ce497a3d92ec305f5d9ef0c4b6980a95,furniture_decor,furniture_decor
15934,25897,1,a3e66bab3c2ca507ddb970a748ed740b,616042729c11849827291496b18e9ec5,sports_leisure,sports_leisure
183,28783,1,a388f2043ca885de714453e4fac616e2,1ee1a3e374020805c935a1a99975e414,telephony,telephony
15940,23633,1,bf477d995ee4444807afc574cfbcc1c1,731599825523e54feea5f4678ca8f54f,toys,toys
15952,18721,1,5715a3dc7df27aa1c131f51e17e614df,eaf84e31d1e891449aa5cf7130e75fc6,bed_bath_table,bed_bath_table
15952,19204,1,5715a3dc7df27aa1c131f51e17e614df,bdeca320bdf54d3cdbb982d737526dc5,bed_bath_table,bed_bath_table
15952,20498,1,5715a3dc7df27aa1c131f51e17e614df,8279f484b70cb6fb2a87f36e766bd559,bed_bath_table,bed_bath_table
15970,27293,1,e2055b97e82d54729173aebed46123a6,7045eb759d502f9bc2976ae5389a4ddc,construction_tools_construction,construction_tools_construction
15984,26561,1,d05bb6074b45c20f7a516c239c0a1c43,15c507fd1d486501a97bd53f82445f1e,pet_shop,pet_shop
15992,17254,1,586b14a3aadbdec1439e5d7029fbe886,a5b15c8b0abb9a1e7eb10546441925d0,baby,fashion_bags_accessories
16000,20162,1,5421431a9abfbdac3006e7aa925c0213,5ed1d686373e3b3a2ddd9a4ce44f3fb2,housewares,housewares
16004,29937,1,65650c84064ff1a79e4a05988f4c3e9f,90ed53d34bfcb4fa1e90656068dd04bc,housewares,furniture_decor
16006,27029,1,824479121ed07485e5195dd6bfe467a1,d249f9dc99c68bbd2e4301672e0f97c5,furniture_decor,furniture_decor
16022,31957,1,afae80b31b9d25add3eebd704738958d,84e802ba3fc66fc964e863cadf8c7938,furniture_decor,furniture_decor
16038,23892,1,528dac9e82a36e6b5150d263d1bdaaa9,b217a380fe548cd65a8d6f18a9c0eb28,bed_bath_table,bed_bath_table
16038,30083,1,528dac9e82a36e6b5150d263d1bdaaa9,6e6760cb4ddc324d319cf599ce8a8b89,bed_bath_table,bed_bath_table
16058,19994,1,061885af8dbda5739d592a153655e574,5496efb86aea6e3862b6cb394dc020f8,auto,computers_accessories
16060,24610,1,808190a48d18d09af357796e2b30d932,a8e6cef13c111ed8fffb4205d20fe8c6,toys,toys
16065,22167,1,7a2428849e8c9e1cfac00494791ca876,744846f62c7ba12b43c59c5ff57782a7,bed_bath_table,bed_bath_table
16071,16380,1,88c20c5a22f2ca169af8cfc2df00a7a2,7413f40201dadc558699e8de1cbfa922,sports_leisure,sports_leisure
16071,25304,1,88c20c5a22f2ca169af8cfc2df00a7a2,2174a02a3c42e648e408c9b3505c54d3,sports_leisure,sports_leisure
16079,27500,1,8ccaa3f8b171b199e37294ece30815a3,49650e49c3af7ccc896f634d039cd921,furniture_decor,furniture_decor
16079,31606,1,8ccaa3f8b171b199e37294ece30815a3,daef10c972d7295283e377d5fd9985f1,furniture_decor,furniture_decor
195,27476,1,5e21d5cab5d33e770d8150a4ee6117db,17ad136b7421ea8690fded631b651158,watches_gifts,watches_gifts
196,32710,1,55610b8b7d48294e69fc23f513dfbe98,a0ed74d31fcb470d85786e7f17794599,furniture_decor,small_appliances
16114,31739,1,07ffc018eaf23e086370dea42c74077b,70d581e7cfecc88d345ee9c197d1fbc8,costruction_tools_garden,pet_shop
16114,32532,1,07ffc018eaf23e086370dea42c74077b,36ba5561e351eef68d3554697132a9a8,costruction_tools_garden,costruction_tools_garden
16118,18169,1,68a058d125ba1544e726898f0b8c0523,120fa011365fc39efe382cba4e50999e,office_furniture,bed_bath_table
16118,21663,1,68a058d125ba1544e726898f0b8c0523,e40dacc1c350d93c25ee648abbdd9236,office_furniture,office_furniture
16141,23374,1,193c2cb87c6687a9da7f8ec495d19382,50cc66c6e578448681d7f5951979db3d,bed_bath_table,bed_bath_table
16152,31551,1,bb50f2e236e5eea0100680137654686c,ac477a098cb23c128ec2915a4f3c4625,health_beauty,health_beauty
16152,31814,1,bb50f2e236e5eea0100680137654686c,bdcf6a834e8faa30dac3886c7a58e92e,health_beauty,health_beauty
16154,20702,1,d3e112316bd3ae29280cec26bd3059fd,c2ece64199af7a53793ed9612a89a8cd,baby,furniture_decor
16155,16920,1,4eb99b5f0d7e411f246a5c9c0ae27a5e,940d38f0ef286bd93612fcdc91dd38ed,furniture_decor,housewares
16160,21359,1,6782d593f63105318f46bbf7633279bf,e95ee6822b66ac6058e2e4aff656071a,perfumery,sports_leisure
16167,29265,1,55363f487ca324087a49ddfcfb91b971,7b49e585ac8c80b14c9b2815d4db465f,bed_bath_table,bed_bath_table
16184,24504,1,dc4f0da054d6a37385d337699c7ab043,eb8c629f70275fd1c4f809116cce1efc,furniture_decor,furniture_decor
16186,25690,1,036ecb2f1816e95d3fa658207266ecf5,56e8054262b705086dd99fc97b01a9e4,books_general_interest,books_general_interest
16188,16630,1,a402021e638981087a4952cb77e5c46b,70de7f927d3615d94199abf14387491f,fashion_bags_accessories,fashion_bags_accessories
16195,19958,1,12080b1cb17fb18a69563695622dc9b9,2cd4861a56a6f98288e0281e47f4b1d5,baby,bed_bath_table
16209,19811,1,53e364927f09c41fe6a9af8c18a20b24,9e2ee57a77fedecd33b6914e9cf61199,health_beauty,health_beauty
16212,26267,1,060f0122cdc8f25db4a0d7359fdae7b0,0bdd9a52d192d64770e33ae559512478,watches_gifts,watches_gifts
16212,27476,1,060f0122cdc8f25db4a0d7359fdae7b0,17ad136b7421ea8690fded631b651158,watches_gifts,watches_gifts
16213,18625,1,88df382f03741abc6fdd118e927b19b9,c29000fbd43fc3693f8ad048b2e511d2,housewares,housewares
16241,19276,1,9b1430fd2db68dd26abc986921680143,1eaf224c19e07b6e50bf0119eea1dd26,bed_bath_table,bed_bath_table
16241,19769,1,9b1430fd2db68dd26abc986921680143,bb48c8fda6bcf73c9a0178fd1a1a366d,bed_bath_table,bed_bath_table
16244,19500,1,fb927c44d15e24c578f85a862576fd88,71835d687609f578b92692f98ab16100,housewares,furniture_decor
16248,32337,1,99647594018d3d18ef5c6cc75080a150,3fce2ec89543bd1ecbc0a87d599bf4f7,furniture_decor,furniture_decor
16267,18951,1,dbe77c6f7f0935b442ef0c4df2ee3efe,6d0a373c460a041c86167a92a5d3383e,furniture_decor,furniture_decor
16267,22731,1,dbe77c6f7f0935b442ef0c4df2ee3efe,c858f88f3de50584c39e8b4fafdd7d61,furniture_decor,furniture_decor
16267,27371,1,dbe77c6f7f0935b442ef0c4df2ee3efe,b3a397db9c6b4ddfed9d46f6fa03c65e,furniture_decor,furniture_decor
16270,22152,1,5ea3f159c3d1fbcb5f1785dbb9c984e0,56eb39314ca59c39efa1e28beb073abe,telephony,telephony
16275,26609,1,5d0a7cb413c5b59233c57177fe2f20b0,d6bbda35f0b8505c2f824f1d90295855,toys,toys
16275,28452,1,5d0a7cb413c5b59233c57177fe2f20b0,9a4b403e612ff2c3b4867b318bb65d56,toys,sports_leisure
16275,32301,1,5d0a7cb413c5b59233c57177fe2f20b0,dd6a505f83dd3c6326aa9856519e0978,toys,toys
16288,24845,1,dbfac885ce74c770040e1c99389553e1,ffcfaba393e8ef71937c6e8421bc2868,home_construction,home_construction
16322,17025,1,d0c54febdabb86e59080ec565c461d1e,36ed32627110790264cb94c9d49ffea1,garden_tools,garden_tools
16325,27701,1,9ada4c8f4e072df42ff63b30520b6975,5d6bea33648f018dbb563f3a2fab09f3,furniture_decor,furniture_decor
16329,25035,1,0ebe8f2e60fadb8f9ebf63a5841f34f1,d692d19cee022f7acab76373f297ad6a,bed_bath_table,bed_bath_table
16344,18973,1,a2bf9b2cb260039f2ce6834c4e6a10ea,c201a862c6018d402222594d5229c613,auto,auto
16347,23718,1,d552454cae098a0bce10f658411fead1,6d8d9c9af735eae354cb0b43a9cbebfa,fashion_bags_accessories,fashion_bags_accessories
16348,28961,1,3dc0d4afe9ff68f23ee2791a1ac909f4,573722511f4fc28539f3d8810a50ea1c,furniture_decor,furniture_decor
16363,25565,1,90b86c830114ddc888f6380a223ee285,49f906609418f32ad932aa7a24396268,bed_bath_table,bed_bath_table
16375,21078,1,b162dfc96ebbb5bed62e6f3ecc8ceefe,07b90e3c7e287977b2e8cd54a98ddb89,garden_tools,garden_tools
16384,31683,1,242eb53ca3c0b52e275b6fd7ce8b0be7,9251443819682703b07d22f78d20d603,fashion_bags_accessories,fashion_bags_accessories
16385,30838,1,94bb0da423501924c41368236d88e808,26a5af09b51d4e5f17609f6c9ae7f50f,bed_bath_table,bed_bath_table
16395,30128,1,b386ba93c190eb3114ed44584a207b10,41e153b95adc3c7f781b583292f312cd,sports_leisure,housewares
16400,26545,1,9dcb2739e598cbc1a9640d49dbafe95e,bae10dbc910829c1bbadb071a446b87c,sports_leisure,sports_leisure
16400,32759,1,9dcb2739e598cbc1a9640d49dbafe95e,5d111f6911df7bfe5ca68fc9b9251d51,sports_leisure,sports_leisure
16424,29271,1,ea15d7ef3399e16b992e190d22dd3fd3,7c6fbb3a5346dfd607386155c6f628f8,health_beauty,health_beauty
16428,32152,1,863c8ced004542495e1025bb14124580,6d4529d03dc71d5aa90fd51b4633fdaa,stationery,stationery
16430,21322,1,48282b524c93e69ec5653481e2b8a237,bb17b2343c9b332cce4ffbb8f51a67ca,fashion_bags_accessories,fashion_bags_accessories
16430,30292,1,48282b524c93e69ec5653481e2b8a237,756feaccd3c677658c9e70bf09ef43b9,fashion_bags_accessories,fashion_bags_accessories
16469,19176,1,6d83ca45d94919027131b87caf3b2a6c,948bd3e9180acc7aa263ae14a2075717,bed_bath_table,baby
16469,21144,1,6d83ca45d94919027131b87caf3b2a6c,80d26752db9f24b4822df9aed428d3b6,bed_bath_table,bed_bath_table
16469,26995,1,6d83ca45d94919027131b87caf3b2a6c,373449943bcfafb2d3ff7423408a1c9d,bed_bath_table,Unknown
16508,16771,1,8384a437925520e96cb6acc65235e499,0b0c716fcf2c2571d2e62271261f2abe,bed_bath_table,health_beauty
16508,24449,1,8384a437925520e96cb6acc65235e499,fafa8d1635b1fa204785386f79112a58,bed_bath_table,bed_bath_table
16509,23674,1,3e44b19563ef5a25f4b7e0fdfc3657c3,ad00a218e16f65efb3dfebe514994ca1,toys,toys
16509,28029,1,3e44b19563ef5a25f4b7e0fdfc3657c3,26479f7e6b832d2e19a14dd8393bb30f,toys,toys
16512,22186,1,88b0e43d1df085c4e8c2be324e3785f3,fc8595227785863846b7daa2ae3f2c9b,telephony,health_beauty
16518,21321,1,304104a478e3a605db6072a22e4ee228,b0edba4fd6456eab5a6b6201caf7b323,small_appliances,housewares
16520,18784,1,27fde8707fbe094d54bcbabc9dd5f7d3,55c92040e28679eab480673900f0cf51,bed_bath_table,bed_bath_table
16526,22277,1,d399dfc93e30e60fce539861202763af,c80124276571cd4bef53cf35d9b36c5c,home_confort,home_confort
16542,22994,1,d0744123a3448128f572ff0a95c13d87,7a154a9688cf00bcf5b4e0bde3c9b193,furniture_decor,furniture_decor
16552,17694,1,e9dd44f105ffdcb98405c94f1d0bbdd9,ce497a3d92ec305f5d9ef0c4b6980a95,furniture_decor,furniture_decor
16563,26542,1,52faaea7e7d55dfe5aa81f0b5f79d7b9,fe55c83c8471a2fca643b9291c1f105e,furniture_decor,furniture_decor
16566,24502,1,e7593e3c84b3302e1531a715f1ded8b2,37583bbe907fb493b9b2efdc7b24ab54,furniture_decor,furniture_decor
16573,31050,1,4beaa629c1622b0fc9471351db5ea62c,d2cd82700fc883c398ede93125dc1793,fashion_bags_accessories,fashion_bags_accessories
16573,32195,1,4beaa629c1622b0fc9471351db5ea62c,9f46622a1318d3fd0de27629a63e165d,fashion_bags_accessories,fashion_bags_accessories
16603,24719,1,9c6d5d4aaea6884ee19112567691a1da,11a10f5773a7da9fb352dfe9e119803b,bed_bath_table,bed_bath_table
16608,24708,1,ba74c6b75d2ad7503175809688d5a03c,31b8e7c2a22f3dba5183cc110bdd72f7,watches_gifts,electronics
16625,25584,1,1c05e0964302b6cf68ca0d15f326c6ba,1878fcfa202ce65b4bfaa9d16250ee86,office_furniture,office_furniture
16680,20086,1,c448475cc4766baebabe30ee6d5f3fb7,134e9349b6b54e115f640c6df85fd3bf,stationery,luggage_accessories
16685,21087,1,180a3dd286404dc8a9154904eadaec99,13944d17b257432717fd260e69853140,bed_bath_table,bed_bath_table
16729,21451,1,99ff40856c47a638df807c0a144470cc,698b3ddae2f0b80c2a48fb40624ca4e4,furniture_living_room,furniture_decor
16736,22127,1,8b90be4893a4277a9f33c5b2348cf9c6,fa94f25a73969e3a25d52706e246dfcc,bed_bath_table,bed_bath_table
16749,18154,1,909b87db6cb3a7ab26bd03cc59860136,bf3f9743aeca956fe97611364fec85d9,computers_accessories,computers_accessories
202,14428,1,42f14eda412436b96cde4f4025ed5f25,e146dbd6493fdfb50152400fc162f25a,sports_leisure,sports_leisure
16753,17427,1,7703b8cb5b77fbb36518ea91e2ca734f,2136c70bbe723d338fab53da3c03e6dc,watches_gifts,watches_gifts
16753,18420,1,7703b8cb5b77fbb36518ea91e2ca734f,6c55ba2343f9df32c7f88a468352ff22,watches_gifts,watches_gifts
16753,18490,1,7703b8cb5b77fbb36518ea91e2ca734f,186fe07c8b8005ec6a498587ffbc1352,watches_gifts,watches_gifts
16753,21990,1,7703b8cb5b77fbb36518ea91e2ca734f,12667a519a4a3094eab02f5841b07409,watches_gifts,watches_gifts
16753,28313,1,7703b8cb5b77fbb36518ea91e2ca734f,a84d0660dbffebf352aefbf1a6b18d00,watches_gifts,watches_gifts
16753,29589,1,7703b8cb5b77fbb36518ea91e2ca734f,f883c296edea388761ae3de2bc4870f3,watches_gifts,watches_gifts
16754,24003,1,0ad48bfc4a5619823e2b0f24b3c0b11b,22f80c8069aff9c90b22803e6aec51f5,auto,auto
16757,19554,1,b992409279b9ab0681b346f1e551ff8d,3c516e321c28ec378c4342e1845c4332,sports_leisure,sports_leisure
16771,24449,1,0b0c716fcf2c2571d2e62271261f2abe,fafa8d1635b1fa204785386f79112a58,health_beauty,bed_bath_table
16776,19735,1,61b6e5d2e3ee58d2b341b8ef1a652b26,d3a386ad58b99f0ddcc216ed9efb03c3,bed_bath_table,bed_bath_table
16776,26761,1,61b6e5d2e3ee58d2b341b8ef1a652b26,d80fce9f775927c7d602c2de926759f1,bed_bath_table,bed_bath_table
16776,30382,1,61b6e5d2e3ee58d2b341b8ef1a652b26,ddbf57e4559f03c003fc3708d4860c5e,bed_bath_table,bed_bath_table
16776,31971,1,61b6e5d2e3ee58d2b341b8ef1a652b26,a3a10562c9d134b92f04b8cce298d037,bed_bath_table,bed_bath_table
16778,30356,1,79b0cb968ca5e0ef4d6338171123a3df,57b82771ce003dac0f16625ce9e85dca,bed_bath_table,bed_bath_table
16780,23117,1,09ec9df2cf3708ca52a4a6cb64e464f6,3ef9c686c9865f2cfe88cd7f9976fd38,furniture_decor,furniture_decor
16795,21910,1,3158c44b08596ff51ee3560fad16cc09,1ae28ef6d0421f92f2e4e6d407e90347,books_general_interest,books_general_interest
16821,23656,1,ba4135f821cdef6d31f783156eaf47f7,2ea92fab7565c4fe9f91a5e4e1756258,stationery,stationery
16821,30538,1,ba4135f821cdef6d31f783156eaf47f7,c8e9b4087e9c9ed5acb271f61a2e239f,stationery,stationery
16825,22720,1,684083941cd33ec781a319a518f6ab96,90f2ead613083f79ff1beeb9a0139aef,garden_tools,garden_tools
16826,21267,1,ba131cee7989ef04b93a79030969c92f,ea43692dc9b918c387ae280bc382b406,furniture_decor,furniture_decor
16826,29257,1,ba131cee7989ef04b93a79030969c92f,1de1332e38dc2f575edfeae165edea4e,furniture_decor,bed_bath_table
16827,28668,1,7ee6dbf13ecd5dc58d07fd0fc2eaf49a,fd0c762860528d119344e1377b574fc5,health_beauty,food
16827,28914,1,7ee6dbf13ecd5dc58d07fd0fc2eaf49a,c50f4a0f1214c5054279a7017d1f4405,health_beauty,health_beauty
16829,23050,1,0dce4f5243207cc33533e133b634ae5f,58b365b0859f884f4d07490d902af193,furniture_decor,furniture_decor
16839,26499,1,51c59cf09066762ba5740772b0a86215,f889fb87b505b73de10c18b93352469f,sports_leisure,health_beauty
16859,22265,1,2b6a4adfd7ce44db781519964309b7f1,84cfaf518b9392ee6b67e734c68a072d,luggage_accessories,luggage_accessories
16864,18490,1,7f064525eaaa1ce9d22c085f7ff5413a,186fe07c8b8005ec6a498587ffbc1352,watches_gifts,watches_gifts
16874,32227,1,9f31b36609877849f75e9586f6b6a62c,ab481d9ef0fb9cab12778cdf56564ff7,fashion_shoes,fashion_shoes
16885,31376,1,f8e4c6a9bf1c1277191c445474b61778,74bb93f0c5192fc10b1c78acf5d7b21a,housewares,housewares
16896,17654,1,3fae92f8d0ebb3317991934a6d717c47,9b02b650be0a39d8590be7d35be443f9,bed_bath_table,housewares
16899,27570,1,abe839f92bf39ec954b4b37b4b6c6860,b9f75330f0582e2e33c3ea72ae17f499,garden_tools,garden_tools
16902,32241,1,94972ba3b1856e8453d8a0b4d522aa36,46d9734c42793de762a7ca5db95ecdd1,bed_bath_table,bed_bath_table
16922,24990,1,205cf43d203186d5eb440a791a5b7404,4c3ae5db49258df0784827bdacf3b396,baby,baby
16922,26606,1,205cf43d203186d5eb440a791a5b7404,f908d3bf313a1308bfb2a46ea2685347,baby,toys
16922,32531,1,205cf43d203186d5eb440a791a5b7404,62725a92101c725a6430182a7261416f,baby,baby
16935,31468,1,c1b94ad68c3ff2b989d6df457a0d657a,c4baedd846ed09b85f78a781b522f126,housewares,garden_tools
16947,27159,1,98669593a93035fced33e5280aa30641,34b91723112fa9ebf6b4d6b4db4a6741,health_beauty,toys
16951,20297,1,1e946cab712f702ca325f609894b7962,1937b3e587fc766c8d1cef0c11c6aa53,sports_leisure,sports_leisure
16953,18436,1,1526b7538896e188f3072a7ee653c6c6,25faa7f2253c7e5c40a0ffa4d5bbdb25,sports_leisure,sports_leisure
16960,28015,1,1a06a6a66ab23d70e02b8f92650e268f,944a8fa6055b8213f9e715720d4e2d5c,home_confort,bed_bath_table
16965,20170,1,2ff995aead9c63a1f37a07b3664ead37,1c55a8be0613dd888ed9c039cea3d660,furniture_living_room,furniture_living_room
16965,24499,1,2ff995aead9c63a1f37a07b3664ead37,53a72a0b6feec4a5cb40c5c79374b471,furniture_living_room,baby
16968,27059,1,9d0aa87e8df1bdbe0f79353520a2d538,288dbc06591742c5d7fe90fbfb08943e,stationery,furniture_decor
16968,30230,1,9d0aa87e8df1bdbe0f79353520a2d538,415dfa57292b8b7360d3f4cf2f9bff06,stationery,garden_tools
16975,22303,1,3017341f6eb19840f64bd672370a91cc,0c80d4d910506b4e1db996ff1fa5c658,bed_bath_table,furniture_decor
16979,26068,1,334f9a7bc70ecefea3a1fc7dd1c7ec76,979473e8af1d4eaf4b889a0ba32834ce,bed_bath_table,bed_bath_table
16983,28023,1,90437ed781871f80d5560d654373a77d,e35b496654367ba8f9ab8974a23331e6,fashion_bags_accessories,fashion_bags_accessories
16997,29505,1,7935ddc510afb7d08989660b382b7f26,0979deef723cf684a3aa7e4303f99fe3,stationery,stationery
17013,28199,1,e76a885142c73e17342e450b79b46d40,0573b564a90d2d9f9c460eb963da8c33,housewares,housewares
17085,19156,1,b68cf84ede4fd1e14b1740de5b727d55,77ccda894b672fe1214b0101d108d7f7,health_beauty,health_beauty
17139,30413,1,47b0f8596ee6dafbb4438cac16fa6275,524d0ebe9a59d96dfaa2983b54a50c15,bed_bath_table,bed_bath_table
17140,27276,1,7f601afbca26d221fc2d957b6e211e72,d699f2079ed493d4c96bc4ce92838723,health_beauty,health_beauty
17148,17226,1,308a7360ee2e0ecfb6aa7708428692af,b9023d686fca0dca3ac844814e92e92b,electronics,electronics
17150,24932,1,1649a221a63658447144a466b159b101,b9ee7519d0187d2389af62ba6c612963,sports_leisure,sports_leisure
17157,31568,1,61937887eb6ee0b405a5759756426486,802e849764db04b055b0cb2c12022d32,health_beauty,cool_stuff
17158,29731,1,3e00f726a0e1eab8f2ae5137bf9bf54a,9fe67dbcc33795d7fafe354d7c850115,kitchen_dining_laundry_garden_furniture,bed_bath_table
17165,23698,1,62c2b9bd44500d0305b1e50e2c9bd34d,cb790fa02cc6097dcbf8f9f05904a005,furniture_decor,furniture_decor
17168,29259,1,f6cdf7aae7f5fb3d67142d5f385ae785,eeea79ffac4403df6e6a7d9522a0ac89,computers_accessories,computers_accessories
17176,23128,1,6549e167bd865197f8bc7ce7f82aec55,ca5f4739dfdcd4d73b210a344b426076,electronics,computers_accessories
209,21247,1,04869307f7e7dc5b07f1d83406ade1e5,9aef37b9deb4c4565b32f24a593b06ca,toys,toys
17186,26119,1,4b63219873a41d0f93899f71f7a80a60,9c80faf015584ca6ea94e6d59148c4a8,Unknown,toys
212,4176,1,f4d705aa95ccca448e5b0deb6e5290ba,bb42f37fc3d9130e4a4339d24a47dd7c,bed_bath_table,bed_bath_table
17221,21136,1,beeafa4f5701078b09aa0f517fdfe05e,927b37c91523c5d12a6082746feadd09,computers_accessories,computers_accessories
17221,27518,1,beeafa4f5701078b09aa0f517fdfe05e,13e65d9bd03f262702372ddb6b22e34b,computers_accessories,computers_accessories
17237,32147,1,b5e87f53476b0084bd9ff8ae015fe05b,fb55982be901439613a95940feefd9ee,housewares,stationery
17246,24233,1,0fe71728868b7995080b3971f0b94c70,7676b117e79a01065c4962a3064886f6,sports_leisure,sports_leisure
212,10767,1,f4d705aa95ccca448e5b0deb6e5290ba,a282446835c36ab70ca9fd48edbbc4e6,bed_bath_table,bed_bath_table
17249,21442,1,56cdfe67fbda57c1dcc752f5f361f981,99f5b2240b82bf9387e5cf2fc0335b08,computers_accessories,computers_accessories
17249,26253,1,56cdfe67fbda57c1dcc752f5f361f981,3f14d740544f37ece8a9e7bc8349797e,computers_accessories,computers_accessories
17254,17370,1,a5b15c8b0abb9a1e7eb10546441925d0,417edf1693aef3f86b922c6a1a52daef,fashion_bags_accessories,baby
17255,24402,1,62d8daeee0db3a60c234c2d1bfd10651,7ca5f56188492e30c50ba64de188aae7,bed_bath_table,bed_bath_table
17258,24251,1,b62a475bcfd309c66d84a1a93aa75fd8,491c6b0ec61399a890b22a6ed2d9a4b0,furniture_decor,furniture_decor
17258,29977,1,b62a475bcfd309c66d84a1a93aa75fd8,d2347fba1e60ea51f533960fc555baff,furniture_decor,furniture_decor
17258,32670,1,b62a475bcfd309c66d84a1a93aa75fd8,1ec5d3bb50a489c6ac8923101492c197,furniture_decor,cool_stuff
17262,31528,1,51d35e4714b113bccacfe7248a13375a,fef4145d5309c82cd34bdfe608dd323c,auto,auto
17284,21953,1,6ab41d7f15e7af9d6c7cd912055acc1a,c1c1d3afbe6a5ab7a534f7ea20e09b8e,sports_leisure,sports_leisure
17284,22965,1,6ab41d7f15e7af9d6c7cd912055acc1a,3006b8f5b476750a03137c1b2755cea1,sports_leisure,computers_accessories
17284,23451,1,6ab41d7f15e7af9d6c7cd912055acc1a,9ede6b0570a75a4b9de4f383329f99ee,sports_leisure,sports_leisure
17289,32516,1,98c99bc0b3ee623212b9fbcaba10740a,b0a0c5dd78e644373b199380612c350a,bed_bath_table,Unknown
17298,27904,1,68de8d992d087d6b480879f43b178c98,817e1c2d22418c36386406ccacfa53e8,furniture_decor,furniture_decor
17301,18290,1,1cdbe059c1ca8e6b8e3c595c382afd56,ee9ed2cfda2266908e54a907de098d23,furniture_decor,furniture_decor
17301,27477,1,1cdbe059c1ca8e6b8e3c595c382afd56,549e3335b3cff8e71853d1a14b5eca57,furniture_decor,furniture_decor
17305,21614,1,aa8fce5e65ab73ab73101ea58d710905,de1dab31e5f3737cd024f5fe44743fa9,sports_leisure,sports_leisure
17323,23927,1,6bb50785f82871dde37ed1666da54bf3,337c81a0f9e751b6cbdf56680a33c365,sports_leisure,sports_leisure
17324,23379,1,06f85533c1d65036e055ed561d0b1a2e,dcae59c653ba99aebddbd821718e37fe,auto,auto
17325,30821,1,8e87f0e6eb7e5a27568309035f4fc854,43a888fc6acdffc23011578f63d5f045,furniture_decor,furniture_decor
17357,30171,1,12abc33641a0d8f9b6ce13e8753f5749,a30ea5a9dbd95db5a674c4beadb4fb0d,furniture_decor,perfumery
17361,19090,1,c5c7cac0e35d3343b86942baf5c92f79,790b3ea50b7d2c4e44e6221a402e1e5d,bed_bath_table,bed_bath_table
17364,17705,1,ffbc83054b3741a8d67fc59d9cf9d42d,be5f0f785e9495b018017045cc207457,housewares,market_place
17386,25658,1,b230bd784da7f2bb53eaadc273982cda,b92c0c9a860191befb3f8139aee8c4e1,health_beauty,health_beauty
17397,31334,1,6bef5951331ab27cf7782d3e6bd6ca0b,54705b3767bb79355690466c0e599b17,fashion_bags_accessories,fashion_bags_accessories
17400,23606,1,bee0c416b1b3ef44a263c18c47f76cda,8c38d21062ec6ee492c3500d01150b7a,auto,electronics
212,29940,1,f4d705aa95ccca448e5b0deb6e5290ba,372124d6931c4bc48dd0d56075ebee7c,bed_bath_table,bed_bath_table
17427,19303,1,2136c70bbe723d338fab53da3c03e6dc,1600dcf1cea8c0c83702e07b577ab231,watches_gifts,watches_gifts
17427,19744,1,2136c70bbe723d338fab53da3c03e6dc,9c7ce59c96e74dfdfc51f13a4a6c3869,watches_gifts,watches_gifts
17427,20572,1,2136c70bbe723d338fab53da3c03e6dc,a92930c327948861c015c919a0bcb4a8,watches_gifts,watches_gifts
17427,23086,1,2136c70bbe723d338fab53da3c03e6dc,40c7fdb4c192c7df52431d1b079f9026,watches_gifts,watches_gifts
17427,23887,1,2136c70bbe723d338fab53da3c03e6dc,e57eb018e37376580079825eb29a3419,watches_gifts,watches_gifts
17427,25465,1,2136c70bbe723d338fab53da3c03e6dc,2f70195374f6c3d3c6542edf5bd17c8c,watches_gifts,watches_gifts
212,31781,1,f4d705aa95ccca448e5b0deb6e5290ba,cf28a2b7bc92809a0574cf07772c88c4,bed_bath_table,bed_bath_table
17427,29014,1,2136c70bbe723d338fab53da3c03e6dc,e7890707ac0e4e190a74aa46c92e2c94,watches_gifts,watches_gifts
17427,32616,1,2136c70bbe723d338fab53da3c03e6dc,2295c573e69974c45434ba00300189f4,watches_gifts,watches_gifts
17430,23413,1,0d9cceec564febe77a44f8123dc2279b,5d61fa9714218b033b42ca6cbf0f2570,telephony,telephony
17436,27685,1,0a28355911f72609e396a3dc10b11c90,d017a2151d543a9885604dc62a3d9dcc,fashion_bags_accessories,fashion_bags_accessories
17443,24262,1,bb6f30a0d7b5ea35ae9e052d52324002,abb9de7600a7ae9a81564692f77fc9f3,furniture_decor,furniture_decor
17447,32605,1,23ec19b685ee9d7d8eea8877cb27cdf9,981cff5accf28a980a7de3bca3ba9b95,furniture_decor,furniture_decor
17454,32058,1,567f4f60d4e44c92dd00ecd0920ce6b1,5a3320037d5922a7708647c81ecc1f15,sports_leisure,housewares
17468,28073,1,d54a7e69c3102b38b13952aeae0bc8f3,7e441b33f896ba519d58063f4c714bef,furniture_decor,furniture_decor
17496,18876,1,d34efb58e1930773fcde9b951892b1b1,161ccc972b7b25a5e2d43376b8b333c5,housewares,housewares
17527,20878,1,d59349a33fcba18707a61aa852c02c5b,770049e2da707b6ba5eea61685852652,bed_bath_table,bed_bath_table
17527,21050,1,d59349a33fcba18707a61aa852c02c5b,0981ba54d8ddc68299f7c7a7d23bb2c9,bed_bath_table,bed_bath_table
17534,22862,1,7f2b84e06353dbec6da66923271c98aa,6edaba24cba3dd6d13058f286c80915e,housewares,housewares
17537,28056,1,39a1a3b9314738724fce4b2907ae6686,44eceb92060ff42ba1b3716acd052645,bed_bath_table,bed_bath_table
17549,28313,1,924d6619805478222273ab8ca2540b25,a84d0660dbffebf352aefbf1a6b18d00,watches_gifts,watches_gifts
17552,24760,1,5dcceb4689c06ac693117bc4296986ef,5fe7fd1b8ea02958b45106dcd79874e8,bed_bath_table,bed_bath_table
17560,27070,1,136b6cbf8a83c5c36c45157cbf05a6ec,95a6ad831088e19c94a25f818c805c0b,auto,auto
17600,30838,1,72e13fd16060f40fa8bb8e40533a7f6e,26a5af09b51d4e5f17609f6c9ae7f50f,bed_bath_table,bed_bath_table
17621,21689,1,0d146484c69d613fe015c0229056b065,84f456958365164420cfc80fbe4c7fab,furniture_decor,bed_bath_table
17648,23143,1,07bcd890d449e493b4ec23d05a9e40ee,b6db9100ea048510e240cab9243a43f8,sports_leisure,sports_leisure
17681,25888,1,65400edfb5c91587f723f62138cbc40a,e4ad97ce352e46bebac92018f6ed976d,stationery,stationery
17694,25288,1,ce497a3d92ec305f5d9ef0c4b6980a95,1fa419f430caa58899132fe77917b7b6,furniture_decor,furniture_decor
17699,29367,1,d40ab3a40d37ebabeaf061efefb4a40d,fa814ebf85f1640b2acea3c4378d40f9,bed_bath_table,bed_bath_table
17699,30009,1,d40ab3a40d37ebabeaf061efefb4a40d,4ed8030b452688a37d26044e966eff12,bed_bath_table,bed_bath_table
17720,25642,1,3b9ae31f0791d281038b3ed1e1fe91d5,68bf40b3abd5ffc25981c25df9ed9087,stationery,stationery
17722,31420,1,3fa864b2eb9bb60d23bfe315213bb5d9,407a9382e8c7e321e8ecee388edf0f7b,Unknown,fashion_bags_accessories
17728,19650,1,507914b4af243e0589c389ac50545ef6,26facbccf840188b92bcc8cb89fe1f64,construction_tools_construction,construction_tools_construction
17728,22634,1,507914b4af243e0589c389ac50545ef6,bf1a9a02e2160143755052e6bf59740f,construction_tools_construction,construction_tools_construction
17728,26552,1,507914b4af243e0589c389ac50545ef6,5b1f3328a2c6f837ecce21bca1489939,construction_tools_construction,construction_tools_construction
17740,22824,1,4b96786612ebe7463132fce2c4dca136,306599a052830af3cfebe42ee7a79dde,housewares,housewares
17740,25920,1,4b96786612ebe7463132fce2c4dca136,df5a9191c2465bb6f8538b6b3371e019,housewares,bed_bath_table
17740,30585,1,4b96786612ebe7463132fce2c4dca136,8817f0cda3d5b42e5f949ee3be9dc80c,housewares,perfumery
17755,19294,1,47afe56948e4dea1c15bf6c808da1a22,ee459f46c41c7314be5b18a4cad901de,furniture_decor,furniture_decor
17761,31267,1,5b3b5f9ae84ca9ead3138b199420cc94,9154514352d1fa2118cef7a94f364687,toys,stationery
17763,32249,1,04cb9679db724268544436f40166c3ed,74a86d4a9f05585758fcf89d91f9d378,office_furniture,office_furniture
17764,24988,1,fc5feda8d6c915bdbd6ca84bac05e2eb,5f043cb6ec3f7dcaddf80468c523a80d,fashion_bags_accessories,fashion_bags_accessories
17773,18273,1,707bca6b5d739372cad12a1694ca7d0b,1cbae91a0159b540e3d3a43193d3e970,watches_gifts,watches_gifts
17788,30713,1,946b20e2799c73ad1f8f95440f723ce4,4d687600c495f2049542171633cf1f77,bed_bath_table,bed_bath_table
17796,32176,1,e7cfb5f52c08494aeb59190d03ddf5f8,21fb5057dd6a737df6851a7ab7a130da,garden_tools,furniture_decor
17804,28719,1,cad04bbd56e9e1392a586f51477a7e3b,b0da53e60d332dda5010da35eb6dc537,housewares,home_construction
17818,22025,1,57d9a5d185e8254383504f57c4b8ddcc,ace91f88d635b9e5563e36cc0a0a8f09,furniture_decor,furniture_decor
17818,23527,1,57d9a5d185e8254383504f57c4b8ddcc,ad5396bf96af6ede77130e54ad266c61,furniture_decor,furniture_decor
17818,26360,1,57d9a5d185e8254383504f57c4b8ddcc,c006d1427332464b79808bd9dfaec943,furniture_decor,furniture_decor
17824,19547,1,bff2390f68a7b76b01ef61b684888261,85b6cd7f57f7a06d180c93e8c74f6381,bed_bath_table,bed_bath_table
17824,27568,1,bff2390f68a7b76b01ef61b684888261,b5a47689050b1900fd74aa6b431579a7,bed_bath_table,furniture_decor
17824,29684,1,bff2390f68a7b76b01ef61b684888261,d9e7d13814ea50f9ae1f612ef6b3a1f1,bed_bath_table,bed_bath_table
17824,29740,1,bff2390f68a7b76b01ef61b684888261,4680d0c534e54990d8579f41dd239901,bed_bath_table,bed_bath_table
17827,17940,1,fb979d44fd4269b2ea30e300b66c89f3,e1da6ab77f4859eb17950e5df1c0f815,pet_shop,pet_shop
17829,27346,1,ab33dc82f8f99512a4a7086d5e143b96,209699610264262664b7357184f3b83f,health_beauty,health_beauty
17836,31717,1,c45d02cc82cd779835094de9b29272cb,4e3550b4ebca5e32ccc3d32b3470e31f,bed_bath_table,bed_bath_table
17842,23359,1,6789e81c62b672bf413759d22ecacaf7,073a5dfc26cb33ef440b2e0aa29343a8,housewares,housewares
17846,25389,1,b931645cdc2d9868f01544e8db63f5ab,00ba6d766f0b1d7b78a5ce3e1e033263,garden_tools,housewares
17850,21959,1,44291e25afe160dfe5f844da1b0f8b15,f2ecbb02b6da187a9f14b8ac5781faec,perfumery,perfumery
17850,24562,1,44291e25afe160dfe5f844da1b0f8b15,017692475c1c954ff597feda05131d73,perfumery,perfumery
17852,23234,1,26db948671a4ad63637c2d2065477f00,3f7965eac71911314776d32209c84483,furniture_decor,furniture_decor
17863,26671,1,8ed3ae310714d18ee990923aeb411508,b86d1f2c052bc4749ee88bb74688d814,garden_tools,garden_tools
17863,29467,1,8ed3ae310714d18ee990923aeb411508,892bc3e900a6ad3cba5112ccdb33466f,garden_tools,garden_tools
17867,29890,1,3439529926df110506c6752e8f16d358,fe61253e50ad6ee9f1d180da22ce5eef,housewares,auto
17868,27431,1,c695342500b74ff952db47b541726de1,11fb16e86df4d50cd2c289ede0b70f42,health_beauty,health_beauty
17873,24831,1,ad1128daf194f4b6ac4256e16233497c,1ccef988a8dd457a93b0b4833b8f0724,telephony,telephony
17873,30877,1,ad1128daf194f4b6ac4256e16233497c,33e79119cfaa0e1f7122bf00b10426bc,telephony,telephony
17873,32216,1,ad1128daf194f4b6ac4256e16233497c,9e10eb05d9f369d5c38c475425cc2ee9,telephony,telephony
17884,18533,1,2c4930c4b284c7b99db2a4c52071a45e,919b08607e72077425654ac5fc0b5528,furniture_decor,furniture_decor
17884,28209,1,2c4930c4b284c7b99db2a4c52071a45e,b0ff78dc1b5fdca6b5d9ec76cfe4cc3b,furniture_decor,furniture_decor
17905,17937,1,3af5874bd2429ed183a5445d1432fcde,df4bcf4a328103951507064660c445e9,construction_tools_construction,auto
230,17377,1,d1fbb5683c8e93f314d0f2bf40d07761,382db2ed3015c04d4b844d2a0712494c,bed_bath_table,bed_bath_table
17953,23030,1,c3cdb28ed53f4ec5d9afe32753961641,14081f2d6a3ce46cfa9d852c9b1b92ba,bed_bath_table,bed_bath_table
17954,20013,1,fbcd9b07bda0301e7e776fc1ab26fdfe,33f38661c7e75dfddb833dc4cd2f1c27,home_confort,furniture_decor
17969,20944,1,3487b8d662448326a09da14416640170,a65c82cfb533f379a9d1ff76b78ce9ee,furniture_decor,furniture_decor
17969,32796,1,3487b8d662448326a09da14416640170,c22dc992a198753e51e4a25f83957b9b,furniture_decor,furniture_decor
17969,32829,1,3487b8d662448326a09da14416640170,8ffc89162cccaef5a98a4c0bcd241a0e,furniture_decor,furniture_decor
17970,20760,1,c77330cb95bf8227f54bda2c2452a11a,2c2b1db11f5ec66bbc6ca9d1ce3f81a4,toys,toys
17970,32271,1,c77330cb95bf8227f54bda2c2452a11a,a029ecbeadd18685578725691cb11160,toys,toys
17974,19137,1,b6ada73818651fe7e64be10653062ea2,1ba4e3fe92f16fd5a8942f7b7d804b52,baby,baby
17974,26784,1,b6ada73818651fe7e64be10653062ea2,bf44071ef18f5c9ded039681c68b1996,baby,baby
18001,18477,1,f42229541a6335f3ed5268439ea9f414,ba4a91633739ceceb2b73b627e2cfbc3,industry_commerce_and_business,office_furniture
18014,30906,1,ed2067a9c1f79553088a3c67b99a9f97,ab1106e227a745836a0dc83b374e2575,food,food
18034,20480,1,d9c2eaccfa617895e2720f212e592de1,d787ebe896a3557db778d1fadf16ad85,sports_leisure,sports_leisure
18035,32344,1,b2855c4e42b8a50f359904c6763eeddc,fb6782985a98aa8a59238f58239f6f1e,office_furniture,computers_accessories
18040,29062,1,8043608c406d413f7f645257cdc33f73,9b7852df1a77c9a80cf5151803db4282,housewares,housewares
18040,31506,1,8043608c406d413f7f645257cdc33f73,525d023cea7235fd59133983cc5269bf,housewares,housewares
239,30804,1,ecaae002060173ec59f5b168cbd55d70,0168e1b28d8e55a515928cf656eff0a4,auto,auto
18056,20533,1,5d5288d3096b9becaa3566f64fe88110,e44f675b60b3a3a2453ec36421e06f0f,sports_leisure,sports_leisure
18056,26377,1,5d5288d3096b9becaa3566f64fe88110,ecbe1ef7e2903ff8b1d704ba78fa264d,sports_leisure,sports_leisure
18057,20838,1,3ceb44c75e6981ff0987bb90c95694c0,59a0529af96d3d459965f044c5cd1296,furniture_decor,furniture_decor
249,4078,1,93c285dad77a797cf2193ead6afbe107,d961667356e6dffef33c0d0eb4c327cc,housewares,housewares
18068,30878,1,ae083e4a334a4210ae0ef7323f1584c5,9b6ee5c8c553ff804dc0b0c2d06baa49,health_beauty,health_beauty
18115,25302,1,40c6502218c2b8ae624cd1576aac13c1,a3b68fbd8f68d8fdff1dd36cf1336b6b,housewares,housewares
18117,30475,1,a9e1892ce37ec3b694e45a58e3377556,a237de12bdf0bfe4fe220bae65a89731,furniture_decor,furniture_decor
18123,21443,1,b66270a5d5b3a8585f8314b2f14420fb,438b5ad4eda7949fae4a4b834a69bcd6,health_beauty,sports_leisure
18123,32403,1,b66270a5d5b3a8585f8314b2f14420fb,386eebb43722ab502f04f7900bd2451b,health_beauty,health_beauty
18127,22677,1,8baa04d18d4b88b620189531e5222f1c,025dd9fac2544d8e7e3451ec87bc6511,bed_bath_table,bed_bath_table
18135,19185,1,9616caad30917a469d87d2f95cd603cb,27e83703cdd809616f51c1d456314ed7,computers_accessories,computers_accessories
18136,26053,1,7efd7d1a1a985eae9fecdb134fd657d3,6421588f55f75de28cb3357e07723d14,bed_bath_table,bed_bath_table
18148,18447,1,0ca16017057f20d572b8c01fcd7c5c28,48fb8c1ee3265ce23502eaba1bd413df,furniture_decor,furniture_decor
18150,28027,1,3e45fc327c9740f1ae03383a8e201968,0042f1a9a7e0edd1400c6cd0fda065f8,perfumery,health_beauty
18169,24670,1,120fa011365fc39efe382cba4e50999e,372645c7439f9661fbbacfd129aa92ec,bed_bath_table,bed_bath_table
18191,30615,1,8e312c483d79e02dbc1d68cce77e26c8,c0400a62c5019cdc69bfc76d39b1cfb4,bed_bath_table,bed_bath_table
18202,29843,1,806dadaa58bab7f4f6c0e7c1f334975e,b018c22a201761d4890a4a33ba8f0633,health_beauty,health_beauty
18203,30117,1,a2307a34b16eb2201ce5206cbd7f9bc7,06484143f7046fc1c2ec000aba13e28a,food_drink,sports_leisure
18218,23999,1,351eb84de99fb5e43d8706bc3f41fbff,e0d3e5cf1969f20bd69e052ec6cf8f8f,furniture_decor,furniture_decor
18218,24282,1,351eb84de99fb5e43d8706bc3f41fbff,ac3f48d9dfd6ebdf8e871702ee91ee83,furniture_decor,furniture_decor
18277,25135,1,69b7c4bad8ca0c2cddad020c139f7e95,c9c64ed470b1fd9239c456fd6fe99738,furniture_decor,bed_bath_table
18290,27477,1,ee9ed2cfda2266908e54a907de098d23,549e3335b3cff8e71853d1a14b5eca57,furniture_decor,furniture_decor
18299,19216,1,5f00c50de3d989194f0439e343480372,0d86ff0b639e969a11a7b3dce67e181c,bed_bath_table,bed_bath_table
18300,19742,1,4a5c3967bfd3629fe07ef4d0cc8c3818,4c8fae70c244a7ff63b9c1f73fb0a987,construction_tools_construction,construction_tools_construction
18300,23653,1,4a5c3967bfd3629fe07ef4d0cc8c3818,0de59eddc63167215c972b0d785ffa7b,construction_tools_construction,construction_tools_construction
18300,30100,1,4a5c3967bfd3629fe07ef4d0cc8c3818,4255ef536732efe235477ace2dccd393,construction_tools_construction,construction_tools_construction
18300,31435,1,4a5c3967bfd3629fe07ef4d0cc8c3818,1065e0ebef073787a7bf691924c60eeb,construction_tools_construction,construction_tools_construction
18317,31087,1,33dc3dc62db9a9f1b48cc4c3809fadb2,2d5bb6fc16b9fb75539ddcd93de86aa4,toys,toys
257,7851,1,302a19dacdbb5ed2f74f9dee8126ef79,055019def765ce08da9fac0585e927c3,baby,baby
18344,22137,1,163e6400e6dadd0fe04775c5e9331fda,2d1a9ea0989c21fc3903ab08be09a4f0,baby,housewares
18361,31600,1,ec9ec25e8e942a90369022c80ec9abe4,af2d506fb01b724e03591349ad36b67e,baby,baby
18367,21072,1,bebd360fe73dc670fd6439e9b943ceb7,13db47eae724e2848e12b71a617a3a41,watches_gifts,audio
18403,27981,1,edc388b2ba34de112c918ddcd465f5e9,f40ef461e35cca158e568c17293fb5be,telephony,telephony
18413,32058,1,7a6aebc4c1205818e64f9275475a73e9,5a3320037d5922a7708647c81ecc1f15,furniture_decor,housewares
18420,18490,1,6c55ba2343f9df32c7f88a468352ff22,186fe07c8b8005ec6a498587ffbc1352,watches_gifts,watches_gifts
18433,23411,1,dc82d7e8f99966cb4c641f7ea5590eaf,35bd74b6319ba18ae4f30d8b54144fd2,baby,baby
18438,24036,1,6ab9d49c399f239bc88ea28c7568213f,a45af86c4a7948f5fabbb5b0132475cd,Unknown,housewares
18441,22331,1,0a9a9c25c5a06532d1766e00db833a7f,b141c668aca84c5877a5c66bd94fedc8,health_beauty,health_beauty
18445,28096,1,f1b067568bb39768f754b0d1ab1abcf6,3ae116a20336cc3eb1b3d0b9b0a94d3d,stationery,sports_leisure
18445,32147,1,f1b067568bb39768f754b0d1ab1abcf6,fb55982be901439613a95940feefd9ee,stationery,stationery
18450,31475,1,cadb69af336c16aba5c5223599821245,216bfe821826c195bf9da55b12a6c296,electronics,electronics
18476,19744,1,380b4664ba5bb18cc9db78ee6bac3558,9c7ce59c96e74dfdfc51f13a4a6c3869,watches_gifts,watches_gifts
18476,21596,1,380b4664ba5bb18cc9db78ee6bac3558,15557c53492889a2b63e65df34a738ab,watches_gifts,watches_gifts
18476,22493,1,380b4664ba5bb18cc9db78ee6bac3558,16bf176650a888512655cc94f61860e3,watches_gifts,watches_gifts
18490,25465,1,186fe07c8b8005ec6a498587ffbc1352,2f70195374f6c3d3c6542edf5bd17c8c,watches_gifts,watches_gifts
257,11827,1,302a19dacdbb5ed2f74f9dee8126ef79,9cb854ba582f5a6b7832b86553c0b8ab,baby,baby
18490,32861,1,186fe07c8b8005ec6a498587ffbc1352,3e6d2bde9274ac275013aa90d7e2bf16,watches_gifts,watches_gifts
18498,25014,1,dff6fc6c464afef2e1838ae9c787f125,aef29ba8f524551d01c5497f60832b2c,sports_leisure,sports_leisure
18500,20838,1,6d53aac0a317895a3d25dd19d821ec0c,59a0529af96d3d459965f044c5cd1296,furniture_decor,furniture_decor
18507,29910,1,3a98bcea866c31f53b35a41d3822f908,010a3a47c14f1295796c08419f32cef6,telephony,telephony
18518,23883,1,36e76b21975cb010ce431815283898dc,58bde724a1c7fa581fc432dda14450dc,garden_tools,garden_tools
18532,24053,1,134afbb1d3ef60a407f8e4491dd63622,59b215ecd21969237a8ebb0f8a2bffc2,bed_bath_table,bed_bath_table
18532,25623,1,134afbb1d3ef60a407f8e4491dd63622,e27e689c4ce425f2fe7e2a270fd4d2db,bed_bath_table,bed_bath_table
18533,28209,1,919b08607e72077425654ac5fc0b5528,b0ff78dc1b5fdca6b5d9ec76cfe4cc3b,furniture_decor,furniture_decor
18537,25247,1,d27144c40fa89d288b74adfd0e20db91,68486b30d9aa029461c1906bdcbf09df,furniture_decor,furniture_decor
18537,30404,1,d27144c40fa89d288b74adfd0e20db91,0cf13ac73dbcf6586ba63b89dd1f780a,furniture_decor,furniture_decor
262,23240,1,e2c3ed9aaddfd2312a6a5fe9b3ddadd3,91910bbde68f7027e850dcd82b25c5bb,toys,perfumery
18538,31895,1,a2a1a65832c02f8a82d82c12aa0dbea9,bcda9424eac9dd4c6f2d739e92c0a2ab,furniture_decor,furniture_decor
18540,27092,1,84a87daa85c8b432d90bc1baa0cb4388,7d854ab97c64ef9df2bbfaf332765786,baby,cool_stuff
18542,22093,1,5d66715cc928aadd0074f61332698593,87a71ae93900ab55fcf685c8040769b3,electronics,electronics
18542,25744,1,5d66715cc928aadd0074f61332698593,8c4851c8c9bb79e51a0f3c16cb499cd7,electronics,computers_accessories
18569,28483,1,59d8034bb2a82cd5092e78d42148fa44,bd421826916d3e1d445cb860cea3c0fb,pet_shop,Unknown
18571,21122,1,786733d317255508bd4d648585977611,7b83c11ac78f11bde67542beb12e8163,stationery,health_beauty
18571,26694,1,786733d317255508bd4d648585977611,ed38e11473775cde0d65f698aa0a4d27,stationery,stationery
18626,32628,1,f7f59e6186e10983a061ac7bdb3494d6,ed1d57799b8b974641a1acb3fd994016,housewares,housewares
18645,28741,1,a4d0871577d73bc394c482dd0998af7d,e892e0e01990e737eb81a57db12f8c8c,health_beauty,health_beauty
18645,29304,1,a4d0871577d73bc394c482dd0998af7d,e044a6c8994164db4e2446054a374b9a,health_beauty,health_beauty
18660,25772,1,d3d5a1d52abe9a7d234908d873fc377b,2020db9c389956e879dd05e6250413d8,luggage_accessories,luggage_accessories
18675,24456,1,c5abb4a7296fc26dc57bccbe8ae2d677,8b6f0c846cb5adca6c2fcd927038ac72,perfumery,perfumery
18683,19460,1,564a04f027fb97b53ca08464632db860,df676834e2a38e1bf267bd85a2dc8e3a,watches_gifts,watches_gifts
18691,31677,1,6c2fe5434c020b8dbca31fc36b64a2d1,d556492cb91418b6a9d9613592b4367f,telephony,fixed_telephony
18697,24504,1,9ecadb84c81da840dbf3564378b586e9,eb8c629f70275fd1c4f809116cce1efc,furniture_decor,furniture_decor
18697,27908,1,9ecadb84c81da840dbf3564378b586e9,7b5d9a68d3738077e0100d0528dd707d,furniture_decor,furniture_decor
18701,29064,1,1da502ed939a029f4bee6cdc8341b4ac,23e74bef13b99119b1828789058a126f,books_technical,books_technical
262,25156,1,e2c3ed9aaddfd2312a6a5fe9b3ddadd3,0369a47f7ad96df46ad8ed76767de8bd,toys,perfumery
18721,19204,1,eaf84e31d1e891449aa5cf7130e75fc6,bdeca320bdf54d3cdbb982d737526dc5,bed_bath_table,bed_bath_table
18721,20498,1,eaf84e31d1e891449aa5cf7130e75fc6,8279f484b70cb6fb2a87f36e766bd559,bed_bath_table,bed_bath_table
18727,25714,1,8af5b5f4f89849cc4dce36dee73dd9de,349ce46a0e2e20054aa9d80c48af8816,furniture_decor,construction_tools_lights
18747,27674,1,5f19455f0c3902e89f16a6042bd4221d,c55ee2882c5321eb3c9277e5c92e50c7,health_beauty,bed_bath_table
18790,31280,1,0f6e214a2c5baab8c1ccb053a0829f13,a25583531530c0913ea4dee2c5c73685,perfumery,perfumery
18800,32367,1,3516632e8f52b679ff83d1665ecc990e,566f6035da0eb2a5d974ac66ae6d148c,computers_accessories,stationery
18801,23438,1,1055db476dfbed87313ac8481c2597c0,226b714574d308927d79827c0c7f9972,health_beauty,health_beauty
18808,30475,1,cb61a9727a2f74ec0c80652f4d62e812,a237de12bdf0bfe4fe220bae65a89731,furniture_decor,furniture_decor
18819,23030,1,525947dbe3304ac32bf51602f9557c12,14081f2d6a3ce46cfa9d852c9b1b92ba,bed_bath_table,bed_bath_table
18819,24670,1,525947dbe3304ac32bf51602f9557c12,372645c7439f9661fbbacfd129aa92ec,bed_bath_table,bed_bath_table
18819,30968,1,525947dbe3304ac32bf51602f9557c12,eb53f94fdc60278efcef123bb275658a,bed_bath_table,bed_bath_table
18819,31476,1,525947dbe3304ac32bf51602f9557c12,2b10e945dae5434075c8bb2be0d17325,bed_bath_table,bed_bath_table
18822,22967,1,7f457254a89d62960399e075711b3deb,c917cd48f8178bc6e1e4bf902c7e0b83,auto,telephony
18836,27466,1,0c9452f6a812935c0615faee8bf8646b,1bfb290d7273a442c874dbe74b4abae6,office_furniture,office_furniture
18836,32210,1,0c9452f6a812935c0615faee8bf8646b,a9516a079e37a9c9c36b9b78b10169e8,office_furniture,office_furniture
18845,24154,1,5a286d54a7400c4a0921c6e99300d684,0e34466be9b2d3af8e189b6d27d5eaf3,computers_accessories,health_beauty
18845,28786,1,5a286d54a7400c4a0921c6e99300d684,72812018ad2a03141873af8e588d75ec,computers_accessories,sports_leisure
18871,18874,1,d69f56b9e4b6d98bc1521db5ba96846a,0b33e28a934b68a0475650499b9ae509,sports_leisure,sports_leisure
18872,19517,1,89ea72335f0b688b56ba7daa5a2e98c2,8b5a201cdb79e1962baa08534f71d382,watches_gifts,watches_gifts
18885,26374,1,b4ea7aecf6304f60fe63221697a8e33b,e69d971f8bf365efb842b0d56f960682,fashion_male_clothing,fashion_male_clothing
18910,24174,1,11fd9d7ba552e1d28872e008acf1e050,6f4f2bb136fd2d8e8229355d8fec6b67,cool_stuff,construction_tools_safety
18917,20508,1,5f6b99538b396c18e5e310c2c187dc8d,d9ea8b9304d5ce0662a97af9337ee871,health_beauty,drinks
18922,21732,1,9d0487f0ac5a5c3a772771c0df6f4135,f5f5b024b9de6f4bef611bc8b1e370ec,sports_leisure,sports_leisure
18922,30260,1,9d0487f0ac5a5c3a772771c0df6f4135,8029d86aeeffd256b2b82cbe2986f386,sports_leisure,sports_leisure
18927,29175,1,a8eed0daf7e2db5e074d2d4f65046946,a8f6fefd2f6ad22952337438aa1bfce5,sports_leisure,sports_leisure
18943,23284,1,09a1f8a0ac3f2a9d3eed87339b7fd9d2,690eb1f6541f9107b7cdb77fb461fe5f,bed_bath_table,bed_bath_table
18945,27939,1,cbf5cf4e5d906cda4c6d91d5b7b15e8b,c5cd81e7dcab1a6baed9cedff7c531ef,health_beauty,sports_leisure
18951,22731,1,6d0a373c460a041c86167a92a5d3383e,c858f88f3de50584c39e8b4fafdd7d61,furniture_decor,furniture_decor
18951,24234,1,6d0a373c460a041c86167a92a5d3383e,92473ca06aa61791e4dc02c9af82bf83,furniture_decor,furniture_decor
18951,27371,1,6d0a373c460a041c86167a92a5d3383e,b3a397db9c6b4ddfed9d46f6fa03c65e,furniture_decor,furniture_decor
18966,30236,1,7d4293d63939e17d3b331866cae7735f,acc8648b140586ffaa6cce2905ff6872,housewares,housewares
18975,19004,1,100260bf9206d859dc8db128c8c5afc9,d34761aaa1f96394cd795fd65e9b68e2,housewares,housewares
269,7973,1,23ab7bb9eac81e85ec43ed71064cf7ce,b0c89945c034268074f5f80b362bda34,bed_bath_table,bed_bath_table
18977,19673,1,4715eb4e21b1833327567e8c62ce5790,3abb0e27cb9374f334c59074d868bcbe,food,sports_leisure
18977,23946,1,4715eb4e21b1833327567e8c62ce5790,f0c1c1d5ec61ce4c4846abd4283631df,food,food
19004,19284,1,d34761aaa1f96394cd795fd65e9b68e2,a2a91fe6d8762e0371abd964cef88ec6,housewares,housewares
19008,20453,1,f5889057b0c061390ce20f4b7b842ac0,fbce4c4cb307679d89a3bf3d3bb353b9,bed_bath_table,bed_bath_table
19053,19436,1,6cdd53843498f92890544667809f1595,9b1954fdd0f9b4ef4ee2d267ac9de4bd,health_beauty,health_beauty
19053,27309,1,6cdd53843498f92890544667809f1595,6dae4e6bc334685708571a48aa41d437,health_beauty,sports_leisure
19059,21760,1,8ee4a65ca0dcdad7f10393ca2788bce5,c403e106353e1aa40efe783ecb39ed7a,bed_bath_table,bed_bath_table
19070,25033,1,bfde0959ec5f62871403b693d2fe68d2,73fbb5c7d95425e37d003af6ee943997,bed_bath_table,bed_bath_table
19070,28677,1,bfde0959ec5f62871403b693d2fe68d2,bd5110ad5f718f7c3dded1c18b4b135e,bed_bath_table,bed_bath_table
19075,22698,1,6ccbeb9656e37cb5fd5086f838762471,30bb6ba21f546713a3c72e22461c1a3b,fashion_bags_accessories,fashion_bags_accessories
19108,19303,1,b84520a57891e7a8ae2c68741dcc7146,1600dcf1cea8c0c83702e07b577ab231,watches_gifts,watches_gifts
19137,26784,1,1ba4e3fe92f16fd5a8942f7b7d804b52,bf44071ef18f5c9ded039681c68b1996,baby,baby
19145,19177,1,3025303c80b01a0926fda2841cc31b4a,f28cbd414cd06f1ae84065c8dd8be834,sports_leisure,sports_leisure
19171,23895,1,20d458d013a3988f71009298fecd8607,cf6514025ef5d3a93d69d2a7bfa4036b,bed_bath_table,bed_bath_table
19171,27001,1,20d458d013a3988f71009298fecd8607,cce679660c66e6fbd5c8091dfd29e9cd,bed_bath_table,bed_bath_table
19171,28372,1,20d458d013a3988f71009298fecd8607,0bbfbce1edd4c12c0a15b6b5dfba409f,bed_bath_table,bed_bath_table
19174,20513,1,5594eb45b3ced02488aaf71edfb32d92,4395690ceee4379785f481610bf962ac,home_confort,home_confort
19176,26995,1,948bd3e9180acc7aa263ae14a2075717,373449943bcfafb2d3ff7423408a1c9d,baby,Unknown
19183,24011,1,642a40d4d73b4b2604968937de13634a,1a428b685ede76217c9efb550c4aaa59,bed_bath_table,bed_bath_table
19183,28427,1,642a40d4d73b4b2604968937de13634a,0152f69b6cf919bcdaf117aa8c43e5a2,bed_bath_table,bed_bath_table
19184,24221,1,fb98e86cfbfbff699907f0a84784d474,ecfb5255f55715e1faec3e6a316da6c3,bed_bath_table,bed_bath_table
269,11817,1,23ab7bb9eac81e85ec43ed71064cf7ce,477aa9a85d7002688bae2cbbd93198f8,bed_bath_table,bed_bath_table
19195,27405,1,9644a7af60743efbb41bd30c624799c5,9dfba8dfc02d7b0a915625e28ca316ba,pet_shop,pet_shop
19197,28447,1,28a652ff04e43c1bc57937a9f8770f9b,fcaab5d7f656094e49fbe4ee3a506658,stationery,stationery
19204,20498,1,bdeca320bdf54d3cdbb982d737526dc5,8279f484b70cb6fb2a87f36e766bd559,bed_bath_table,bed_bath_table
19214,20853,1,e77303f7e13ee5a4ec287783bde94c70,c2ddba1b0149af8ce1b6b0d220f0411a,Unknown,Unknown
19215,28545,1,a04f52ded97b5530e8783e3c002b90f0,b8fefc9c1f951969968e904d08bfa8cd,bed_bath_table,bed_bath_table
19215,30858,1,a04f52ded97b5530e8783e3c002b90f0,430f4c8e02bd4e1fe6330c38689b54f3,bed_bath_table,bed_bath_table
19216,23209,1,0d86ff0b639e969a11a7b3dce67e181c,3ff90de8afa748b1f8441607fb2b1e49,bed_bath_table,bed_bath_table
19216,31993,1,0d86ff0b639e969a11a7b3dce67e181c,c49dc13854423d39760ccf13496f2223,bed_bath_table,bed_bath_table
19218,24444,1,1b1bde24cbdf36a390e1abd717b2f7b0,38956cecc0bc8d8837371d0aeeefeb59,bed_bath_table,bed_bath_table
19218,27062,1,1b1bde24cbdf36a390e1abd717b2f7b0,13befae9b3fb34c439cf4744fd18dfa7,bed_bath_table,bed_bath_table
19229,27477,1,ddb6c5abf4328c9648eae0b4a41c38f4,549e3335b3cff8e71853d1a14b5eca57,furniture_decor,furniture_decor
19246,28766,1,347492a8e06a539c0861eea7e527fdaf,2480fca3af4f5221cf3596c257be308b,home_construction,construction_tools_safety
19253,32109,1,dbb274a4fa7cdd5e025c365b70a41d99,72acc66d907f5fa13bcd1df22696c73a,fashion_bags_accessories,fashion_bags_accessories
19255,21331,1,64ec83de8f0026319c8829351e3d6e23,064c975d37d3c646bd94d94c6e16f37e,housewares,housewares
19262,26173,1,5e6839a9bdfcd4d454d5f48b4f681f30,5920a5f8a50972ae043bc4fdff2c7173,furniture_decor,furniture_decor
19263,21704,1,62874f62bbdeec35f7cd827b1716c47e,fbf19c12a50f1467bcae50364475ca26,furniture_decor,furniture_decor
19268,24063,1,e273c62ea30d5ca1753739e6d25d15a1,f3fad6d734fb27bf8a548562e04f9a5e,bed_bath_table,bed_bath_table
19270,25458,1,df306b9d83f3a792369ff3360475936a,620ea491128bf83c51950ac006de001d,sports_leisure,sports_leisure
19274,29722,1,c45f017c36f9112a8bb4f170edfb1870,98de98bcd25120495ad55c516a11a531,luggage_accessories,luggage_accessories
19276,31388,1,1eaf224c19e07b6e50bf0119eea1dd26,8a443635fdf9759915c9be5be2e3b862,bed_bath_table,bed_bath_table
19282,25321,1,111a3ef82d77e13260a73fbf58c41da5,96b4ceeea5f4e3997ac6543f49a4f138,perfumery,perfumery
19294,20103,1,ee459f46c41c7314be5b18a4cad901de,7e50b75774c90a76cd3fa12f33de892e,furniture_decor,bed_bath_table
19298,31734,1,d6b80738418fd3491b89c8d2cf5f8256,3e362e76af5b6669122b87d6f0a38eca,bed_bath_table,furniture_decor
269,20453,1,23ab7bb9eac81e85ec43ed71064cf7ce,fbce4c4cb307679d89a3bf3d3bb353b9,bed_bath_table,bed_bath_table
19303,26267,1,1600dcf1cea8c0c83702e07b577ab231,0bdd9a52d192d64770e33ae559512478,watches_gifts,watches_gifts
19320,23622,1,214d074d545a9cedee55284805a1335f,b2cadb94baef5a2eb2e36c6047dd5f34,furniture_decor,furniture_decor
19323,22361,1,29427de7f8a9ee983d9dbc51cec569b4,3354a4e684f5e7199f9407db70ccd92b,cool_stuff,cool_stuff
19323,27223,1,29427de7f8a9ee983d9dbc51cec569b4,b77ae16cc8f67cd1c0ec781d5bf4da2b,cool_stuff,cool_stuff
19328,30221,1,512bcb8dec32fae04f4e4f0b407e8e74,6f030babbca059aa3951ea26d5bbbe0d,bed_bath_table,housewares
19332,23283,1,2e0b9273624db778d82fd3b18becec24,9036be77e0a74cca6eeef0740649b97b,toys,toys
19332,24484,1,2e0b9273624db778d82fd3b18becec24,b65214d387c754bb0f858a4a5a0f41ad,toys,toys
19332,31684,1,2e0b9273624db778d82fd3b18becec24,238314b88e4b8ffa496db6b1a201d897,toys,toys
19334,24597,1,4d4321549f8f978a19a4d17588b1e770,49d703d64ccd635b04ed7ed75d0f427b,home_confort,furniture_decor
19361,19509,1,aa8d88eb4b9cb38894e33fa624c4287f,27d089865ecb267c190122ec1feddb8a,watches_gifts,watches_gifts
19386,28921,1,1c928305f64aa4a643ca1c969c0abad7,1af2a3ec7cecc4015321e562a26c9d1d,auto,computers_accessories
269,21141,1,23ab7bb9eac81e85ec43ed71064cf7ce,ae7fbf136a49b58f2d38fafb2f3205b8,bed_bath_table,bed_bath_table
19388,32590,1,64fb265487de2238627ce43fe8a67efc,10dbe0fbaa2c505123c17fdc34a63c56,bed_bath_table,Unknown
19394,31566,1,e7d7558873ff13253317bd0aac27f072,dbfc3878e8b8a96816236363e132e6e3,telephony,telephony
19403,23518,1,84d587fc7738e0359fa9ec3e9620c45c,5ad067c2cc9aa18ee03b9ccb5dbd8f8b,auto,auto
19404,30955,1,8155728af949f234b666bf60ed257e6a,1ee194d6fcec9e4cbaeef1a99a6911a2,bed_bath_table,bed_bath_table
19404,31377,1,8155728af949f234b666bf60ed257e6a,bead7727f31b655a7f9a92a6a58e1b4d,bed_bath_table,bed_bath_table
19418,27372,1,e5130ccb07bdb4424ec93754a54c917f,5e7baae596125f355d38d3823b041f1d,health_beauty,health_beauty
19421,28729,1,c36bf06e0eb9da82511d954d8f25114c,c4ee4437696f1885d323b41852fedc8c,housewares,housewares
19433,21173,1,c37123a4ab536f2b55e1164f5759318a,620f37abb44d006ced91c81d81db0412,cool_stuff,construction_tools_safety
19439,30712,1,8213da1c8eae3aa3fa5c70d87fc1581c,4b15c9a92a5637d71143577edd7718b1,housewares,housewares
19444,30825,1,62a183c5f3895060ba1a8f1415694908,a6f74de3ddfbdc9b33885b92656f992b,fashion_bags_accessories,fashion_bags_accessories
19473,23123,1,8c90d88939a7bce735c315d9d8cd5274,c8467740c17bad8744006eb0e041f142,pet_shop,pet_shop
19480,21848,1,e19ddcc85537b41f22116c8d5425ef46,001b72dfd63e9833e8c02742adf472e3,furniture_decor,furniture_decor
19487,19877,1,2a2d8268d68108112cc3e66fff9c6a7b,8eb72e039f7857d796c5afe824d0c64c,sports_leisure,sports_leisure
19491,27083,1,76da62260c1793eadb05355edc9fd6ee,04a67e69edfb208f784da30294f69c5b,sports_leisure,sports_leisure
19497,25663,1,063d6951f9aa6a9c2122a9492480d9ef,f521813909e310116b6b2f0b11f3dd44,furniture_decor,furniture_decor
19547,29684,1,85b6cd7f57f7a06d180c93e8c74f6381,d9e7d13814ea50f9ae1f612ef6b3a1f1,bed_bath_table,bed_bath_table
19547,32462,1,85b6cd7f57f7a06d180c93e8c74f6381,03e931f387c2dd5b006aecdb12515b2e,bed_bath_table,bed_bath_table
19572,21155,1,979a52ea2c0c4e9e7e7e4a766d4eeda4,ecfe9a892071ef1c94ee53f77e2e063b,bed_bath_table,bed_bath_table
19595,23784,1,8b39be5bbb8a4585ed19cacbf4162c27,ee918a5c4e95f273708c2582a5314325,sports_leisure,watches_gifts
19598,31511,1,4901f0f8eba79934ba3cdfa1fbc02893,653b6b1217fba117599afcc015ffd50a,construction_tools_safety,construction_tools_safety
19603,28790,1,1a4247b6eddc27c68f7995dcc68b01e2,18661ef1d69f1bd07e334d1fc498d40d,health_beauty,health_beauty
19604,27904,1,d6678d48e432cbd4f704872edb1cf409,817e1c2d22418c36386406ccacfa53e8,furniture_decor,furniture_decor
19618,30305,1,9644931193891477e4863fa05363f594,67bd616e1ba0d3d3e8545f3113b0140d,drinks,health_beauty
19629,27685,1,471e714759273827991f1746906737d1,d017a2151d543a9885604dc62a3d9dcc,fashion_bags_accessories,fashion_bags_accessories
19650,22634,1,26facbccf840188b92bcc8cb89fe1f64,bf1a9a02e2160143755052e6bf59740f,construction_tools_construction,construction_tools_construction
269,32740,1,23ab7bb9eac81e85ec43ed71064cf7ce,99c88c191bbed92f5be4ca3b00eb1a42,bed_bath_table,bed_bath_table
19654,28246,1,51930b8934b8991edff523246feb9ae7,e4bc98f06b9893b763bb17a152219b87,furniture_decor,bed_bath_table
19656,21937,1,45817bdb08cc2ba11a384d7428d95da9,d720657d6b64788e2b9e29f9a07f5797,auto,auto
19666,29950,1,8a33c55582d40e0d441c76c2990c467f,4d3060c26750a6fcd7af9355fdbff8dd,bed_bath_table,bed_bath_table
19673,23946,1,3abb0e27cb9374f334c59074d868bcbe,f0c1c1d5ec61ce4c4846abd4283631df,sports_leisure,food
19680,21022,1,b2deacef3cd033a4c5b247c4e03b1744,50e1b118f266b655f613f753914c42db,bed_bath_table,bed_bath_table
19680,23420,1,b2deacef3cd033a4c5b247c4e03b1744,f4041d76285c2a34ad5013e8d287a400,bed_bath_table,bed_bath_table
19693,20275,1,41f5f13f79496717b1d90ef30551333b,014a8a503291921f7b004a5215bb3c36,auto,baby
19735,26761,1,d3a386ad58b99f0ddcc216ed9efb03c3,d80fce9f775927c7d602c2de926759f1,bed_bath_table,bed_bath_table
19735,30382,1,d3a386ad58b99f0ddcc216ed9efb03c3,ddbf57e4559f03c003fc3708d4860c5e,bed_bath_table,bed_bath_table
19735,31971,1,d3a386ad58b99f0ddcc216ed9efb03c3,a3a10562c9d134b92f04b8cce298d037,bed_bath_table,bed_bath_table
19739,22702,1,f2317e7dd5b1b4dea36595ff6db6f14b,c32788bc915b1ce4316822a1b7c4ec91,Unknown,housewares
19765,26253,1,720ebc8cf4ff92f142d18b2cc3615ec3,3f14d740544f37ece8a9e7bc8349797e,computers_accessories,computers_accessories
19773,24330,1,ee0c1cf2fbeae95205b4aa506f1469f0,75d6b6963340c6063f7f4cfcccfe6a30,perfumery,perfumery
19812,31681,1,b8d157185e5abaabd9244275aca22a7f,ff9032482857269e8683f0c2f8ba4709,fashion_bags_accessories,fashion_bags_accessories
19819,30409,1,e357a8646a17191f03fd9f833a0fa29b,00f42e56821b1779fbf397fe72639054,furniture_decor,furniture_decor
19824,28596,1,7d2e5a2c70a96151cd14274d426589d5,703d742887bb9267f89b675608ba7aa0,office_furniture,bed_bath_table
19860,24481,1,e94df75b2e9a8b056be0c144a731f55c,0e314819204e6e8c5f4481cf5e8367a4,pet_shop,pet_shop
19860,30028,1,e94df75b2e9a8b056be0c144a731f55c,fec094ad5af771b21cf38c6c9e946f19,pet_shop,pet_shop
277,9216,1,3c883b9d3fd2d0ce448d4136349dc0a4,e0cf79767c5b016251fe139915c59a26,bed_bath_table,health_beauty
19864,25697,1,32267de030005084d4b6af64f22143b8,3fd04b238d42b022434a07519d30a354,furniture_decor,furniture_decor
19891,23901,1,990776b3e410ccb3cc725fddb0d20db9,2880c8710857e36b294c7b9380b2e6cd,fashion_shoes,fashion_shoes
19894,32197,1,563d3acc8617b83d2db122e43905a17d,f98f1e2ce655ba8f88a8593e80243cca,bed_bath_table,bed_bath_table
19897,25836,1,22c6a8a913119595b77ec3d747e9079a,5562c7c7b08835a354f9c65cd4f1d9c3,health_beauty,health_beauty
19899,26195,1,3e78cdf699d65e94e6a716be72fb4472,3d59253b36345baaf95246491607ab6e,sports_leisure,sports_leisure
19910,21570,1,ca140156f7f81f8e406cc66cb8f12a67,e3e6af2b9a779d64b3589a5b56102d16,furniture_decor,furniture_decor
19910,23565,1,ca140156f7f81f8e406cc66cb8f12a67,597d26435e8ef77bb0fcd26f6c07d486,furniture_decor,furniture_living_room
19919,30896,1,a2975d20c0bbb1c763629eee19615fc1,946344697156947d846d27fe0d503033,bed_bath_table,bed_bath_table
19921,20499,1,10717ff440b2320081989126e858b220,ee4a5109a6b0bf0dd3a3347b73955c95,bed_bath_table,bed_bath_table
19921,26441,1,10717ff440b2320081989126e858b220,ed5122a6a757a4fea8f32a6fb95a5135,bed_bath_table,bed_bath_table
19921,27811,1,10717ff440b2320081989126e858b220,6e38442006e8540f8ffc733c8a243d70,bed_bath_table,bed_bath_table
19921,29196,1,10717ff440b2320081989126e858b220,95ec3f7e237a87df9935a570ab6ef266,bed_bath_table,bed_bath_table
19928,23304,1,ff285e6c96040323d3763dd184924018,42697582a754e573f9e3e9e78752252c,computers_accessories,computers_accessories
19946,23080,1,aa49abfbe4f971849628bdae6a7e5efb,32459442f3b850918e20febc47c9edfb,sports_leisure,sports_leisure
19946,26483,1,aa49abfbe4f971849628bdae6a7e5efb,1a1607ff3b9bced214efc0a8cdfb2510,sports_leisure,sports_leisure
19954,24504,1,d678178aa4291cd25a755a90188375c8,eb8c629f70275fd1c4f809116cce1efc,furniture_decor,furniture_decor
19960,22404,1,59ebd2c07d59483d0855b5b3d5e18728,7ea0b63dc9b8264702f2d2c1533fb4ae,telephony,telephony
19974,20533,1,29f4b939c9bce7b71f366ba0eef2c4d8,e44f675b60b3a3a2453ec36421e06f0f,sports_leisure,sports_leisure
19982,28320,1,419365ae77de855075ecb3c55d2ebc10,65e6eb6259c9963d133eae35ca1ee2cd,health_beauty,small_appliances
19988,31525,1,49f57e8347e394d0ddfcc1c8acaf9b2d,7eb2e1637a623d3491843dff3bad4836,housewares,housewares
20007,25575,1,fd1061ebebbb9892c59897096066dec5,3f6cfbf79bad1fd33c65e65cde20ab67,fashion_shoes,fashion_shoes
20021,26861,1,0e2c6b2fc22b192f824a68a0fa537aa0,73852ee3739732147010f2be732d597c,sports_leisure,sports_leisure
20024,23801,1,6e4b48692263d4b62965273275cb2b66,13a7ea24fee9ef57c3b7b5b69d3b4cda,stationery,stationery
20026,21204,1,aae719054702e4738807983cf772e8ac,a8b89693eabf7221621a71285e07f486,bed_bath_table,bed_bath_table
20040,28629,1,dcea90efda71f06e7a5eafd530c7ff8c,011bb8a6af5178b33871a83c4f297d32,computers_accessories,computers_accessories
20043,32817,1,ed3f40dab41c0bd6f688e3e3f846b893,ff415a8a6bfbaf8244f4ee0c7c30d905,toys,toys
20044,28923,1,f940327804bdcb40342a12c93de069b8,020a80cb704bf65f38761fcedf2af192,construction_tools_construction,auto
20089,31760,1,32c6fb2c7b8966ea413c684eb15186f5,9b4155ed13be02dc3f5c3646218d4f91,sports_leisure,sports_leisure
20096,31871,1,8e74e3853aab7e70abf97b857562fee6,0515b574204dff0dbdc5dac180f3df3a,stationery,stationery
20101,23042,1,3e224d87f9ed6e9ac1b36889371dfe49,7353d65237c6a5d28f5781889cc58fee,furniture_decor,furniture_decor
20103,20183,1,7e50b75774c90a76cd3fa12f33de892e,95d9302f8b3a134daca8adb478c92813,bed_bath_table,bed_bath_table
20111,31562,1,9048cbd294fe0c1a3ec8c8248bc2cadd,6109d0cae3bcb57d579bc0fab6e61814,musical_instruments,luggage_accessories
20131,21488,1,8cf22b2cc9465d64474a09853b62f5b2,b6b220a6c539cb65be34eed6fea8fe63,housewares,garden_tools
20133,28769,1,754cad4d4066b7675d65d47ac51d29fd,b90e1ae66051c1c035ae54b2bcb889ff,bed_bath_table,bed_bath_table
20140,26122,1,dcca0e1c43015b958b03fe982abd84e6,5b4b1b784b2ba10717ef4a338809f776,books_general_interest,baby
20143,26766,1,e1dae76b5f1c39746a05aebb9ea23d1d,2efa613b6bf825fc97410ea989a08085,sports_leisure,sports_leisure
20168,32838,1,b72999ed0f16aa488170a68272834792,647c7af1da03e555f64c9c97d58d88bb,bed_bath_table,bed_bath_table
20170,26964,1,1c55a8be0613dd888ed9c039cea3d660,464a2bd11ce5cf1fcfb4f609dedcf914,furniture_living_room,furniture_living_room
20170,27839,1,1c55a8be0613dd888ed9c039cea3d660,caf9add3dcd98d688be0064d9faf65b1,furniture_living_room,furniture_living_room
20173,21342,1,25e2023ed83352bde98dc1490d14c3d8,0cf41187284d7f099adc8415a743ebbd,toys,baby
20181,25906,1,17d8b8e9c21ec0fc5b33724e32fe422e,e95fb3a80ca294f39de925b6428f3a32,bed_bath_table,bed_bath_table
20181,29769,1,17d8b8e9c21ec0fc5b33724e32fe422e,99444c1e11fc38755dae86f5c67d3d1a,bed_bath_table,bed_bath_table
20181,30088,1,17d8b8e9c21ec0fc5b33724e32fe422e,399f54c06661d06ca45c6e24ed238e0e,bed_bath_table,bed_bath_table
20181,32118,1,17d8b8e9c21ec0fc5b33724e32fe422e,8df1a3abe96355f4a037a5345cc8594a,bed_bath_table,furniture_decor
277,18809,1,3c883b9d3fd2d0ce448d4136349dc0a4,446cf7e594fa3103f5d26069356b55e2,bed_bath_table,bed_bath_table
20189,31783,1,47ae44a186225b8a87ebb7bf39cc1444,093f502d13b400c7acad57562017a149,bed_bath_table,bed_bath_table
20194,31446,1,d7324c6fc32d3b7077415f24e259ed8f,eaeca85086b0c4f68351e52deb944e16,health_beauty,health_beauty
20197,20463,1,ce49d8be84e535ca2a5eb0e76c09c348,6760d30ebea15ef6773a57346f9990ca,fashion_bags_accessories,fashion_bags_accessories
20199,20372,1,d5bf1e6386a450dd26acf14a6f41768f,e76572c2ae4cede1e3b2ead512423efe,bed_bath_table,bed_bath_table
20199,20766,1,d5bf1e6386a450dd26acf14a6f41768f,50046ff3c7e886839388c4532a5ba24f,bed_bath_table,bed_bath_table
20199,31478,1,d5bf1e6386a450dd26acf14a6f41768f,9eacfe990da87a66d7fc95e4f97bad14,bed_bath_table,bed_bath_table
20212,29189,1,b3793f4676bdf327ca34c40d236ee2b2,62de52bc0f87cf3a234c38e196edac91,auto,garden_tools
20212,32717,1,b3793f4676bdf327ca34c40d236ee2b2,fa6abc53b6abfed3231c37cfa290850a,auto,garden_tools
20214,32212,1,970694629024df557d9b71b3088a488d,a2359ef18f03db4e53c75d8c15172cfd,housewares,furniture_decor
20250,27678,1,e4da15679c5e9692e847a2912c5db154,c90526921508388bf77c6f45ff36c412,toys,toys
20250,29780,1,e4da15679c5e9692e847a2912c5db154,fbaefac04950112a7da468bc016cc257,toys,toys
20269,20495,1,6cbfc716ebf92d25d1047a5fe47af5de,48ee9be392f28ae3a64518a070f4d06a,bed_bath_table,bed_bath_table
20275,20760,1,014a8a503291921f7b004a5215bb3c36,2c2b1db11f5ec66bbc6ca9d1ce3f81a4,baby,toys
20275,26609,1,014a8a503291921f7b004a5215bb3c36,d6bbda35f0b8505c2f824f1d90295855,baby,toys
20275,28846,1,014a8a503291921f7b004a5215bb3c36,3c261802e239d1f2dcda5ed49aa14220,baby,toys
279,9662,1,f2c1df0fc307ec60e3321c708c1dcac3,99a4788cb24856965c36a24e339b6058,bed_bath_table,bed_bath_table
20299,27334,1,be0dbdc3d67d55727a65d4cd696ca73c,8627c1a400bf12820b1fefd750005aea,computers_accessories,dvds_blu_ray
20340,26587,1,aa36c2127048efdcd47f4ad5b6b68810,724692d1ae89a580525678a07f6af0f3,bed_bath_table,bed_bath_table
20340,27631,1,aa36c2127048efdcd47f4ad5b6b68810,9cc1e6413c1f91931ffbf5ddd308ee13,bed_bath_table,bed_bath_table
20340,31388,1,aa36c2127048efdcd47f4ad5b6b68810,8a443635fdf9759915c9be5be2e3b862,bed_bath_table,bed_bath_table
20342,27105,1,e3e8e08714c40e0101bd225f06bf4fef,6f657bbc44514ab511c65b891301208d,housewares,housewares
20372,20766,1,e76572c2ae4cede1e3b2ead512423efe,50046ff3c7e886839388c4532a5ba24f,bed_bath_table,bed_bath_table
20372,31478,1,e76572c2ae4cede1e3b2ead512423efe,9eacfe990da87a66d7fc95e4f97bad14,bed_bath_table,bed_bath_table
20382,22037,1,2a1e3c9dcf961bc044d917e9358041e4,cd0c6e2f80f5a0ea7e366b01bcb66154,telephony,telephony
284,319,1,37dffde0476450e75dae423136954b0f,8a2d3285de64b2117fbf83784acd09fc,auto,auto
20394,31373,1,d57df0660328af2e535fa009f227d575,efa91c03c750cf82e0e9fc5523aca73c,furniture_decor,furniture_decor
20403,25332,1,190d9562bfbe9d3ed876c2ac6f2f5894,a41d9e51c365f6e2f5eb1f98fa4097eb,health_beauty,health_beauty
20410,29222,1,134a6fc4a713a799266ebd6a4f4008d4,2bd57c183094130d215a333ea80c8b62,sports_leisure,drinks
20413,24694,1,bf1b2e528a5bb0bbc9c121afd9b9c7ee,aecdd1c18af2379312e946f33280fe25,computers_accessories,computers_accessories
20424,22797,1,d64a5abc068bfa0e7e1b7ad7f64fe96c,7c5eedf954659c8014c0671ba5e1b99b,bed_bath_table,bed_bath_table
20435,22571,1,d92239d375e7626174b8545ea884b504,728cfef9eca3d89054807d5c7e894e04,auto,furniture_decor
20453,21479,1,fbce4c4cb307679d89a3bf3d3bb353b9,ad0a798e7941f3a5a2fb8139cb62ad78,bed_bath_table,bed_bath_table
20453,22820,1,fbce4c4cb307679d89a3bf3d3bb353b9,fad3ac91e2ae2e3e0e3f0bed36a565b8,bed_bath_table,bed_bath_table
20453,30896,1,fbce4c4cb307679d89a3bf3d3bb353b9,946344697156947d846d27fe0d503033,bed_bath_table,bed_bath_table
20486,24650,1,1b37d55343061aa2b18b807945ff9831,325a06bcce0da45b7f4ecf2797dd40e4,office_furniture,sports_leisure
286,1947,1,e4c0d69bafff0157f574aae9a147a8c1,03d4233b9e3382adaed9e5c58626f1dc,furniture_decor,furniture_decor
20506,30426,1,1fe7076c53248559454a7e1d6c1037f9,8cba6b5fd208416dd934839f74f568e3,bed_bath_table,bed_bath_table
294,4481,1,f777c903946dd86fd00cd5b32ec3e907,4f4524396824b581a27a7dcebb2938b5,construction_tools_construction,construction_tools_construction
296,1239,1,2e511b5741ab14e7f5294df6f1310b03,70906e04da1eebf3d1b8791bd09ffe85,computers_accessories,computers_accessories
20551,22721,1,595fac2a385ac33a80bd5114aec74eb8,0e2d365a247d105fefc31b17ab8706d9,perfumery,perfumery
20552,32099,1,0615dcf981da53a5ca8777cd6a80361b,53759a2ecddad2bb87a079a1f1519f73,home_construction,garden_tools
20556,30131,1,3731a08877914ac1dbf9b7c995854f84,216ac797639b7734f0b125861ea845ae,stationery,stationery
20564,20957,1,8d070077591cb06503a4933e5050bc69,b73f6899a58fe7a37e55149e9a11c717,office_furniture,office_furniture
20572,25465,1,a92930c327948861c015c919a0bcb4a8,2f70195374f6c3d3c6542edf5bd17c8c,watches_gifts,watches_gifts
20609,24675,1,dea564fb3ed59db512cb4df9c491c1ef,38cd38029795797c97b73421fdad08cf,fashion_bags_accessories,fashion_bags_accessories
20609,25311,1,dea564fb3ed59db512cb4df9c491c1ef,a50c606310374ff8660bbe03010e021b,fashion_bags_accessories,fashion_bags_accessories
20609,29848,1,dea564fb3ed59db512cb4df9c491c1ef,d191e54bd50ba045ac5bc9336572886f,fashion_bags_accessories,fashion_bags_accessories
20618,21729,1,574597aaf385996112490308e37399ce,1b333b69df54cf5028055bae1912aaa7,housewares,furniture_decor
20618,31890,1,574597aaf385996112490308e37399ce,66e9fb73e349cba44b29951e558a6780,housewares,housewares
20640,27471,1,272c04ff0de2f13b78cefa1d769593df,a53bd24a78bd7d3ebe735b7d6ad672f5,toys,toys
20649,21531,1,ab63f62c916db9ba192225d361b6ec44,f60836d2827709716e30c6f0eae78d67,fashion_bags_accessories,fashion_bags_accessories
20667,32918,1,0b3de7b77f38988388362460d76d884f,4419a003d42a243227478f2a949722d8,health_beauty,health_beauty
20674,22640,1,d34b35c6ebdef211ce82df0f54bfa678,5d8db2781143404c208939ae373a5317,health_beauty,health_beauty
20686,26369,1,86c43103446290e7efacad3701cd654d,d2d39433df84064b1556612cc52cefca,watches_gifts,watches_gifts
20702,22146,1,c2ece64199af7a53793ed9612a89a8cd,e7db7c40ea6647c808d48581f1308d88,furniture_decor,baby
20711,22572,1,c3adcd846a294794059da678fb939220,7340a3839a1de1e99d149b8cf052a2ec,furniture_decor,bed_bath_table
20711,24910,1,c3adcd846a294794059da678fb939220,7ddc9c0c8d8ff59c19050d36d2bdcb2a,furniture_decor,home_confort
20711,26381,1,c3adcd846a294794059da678fb939220,e36f2ca8d28257f884c9a4cf523e6d70,furniture_decor,bed_bath_table
20760,32271,1,2c2b1db11f5ec66bbc6ca9d1ce3f81a4,a029ecbeadd18685578725691cb11160,toys,toys
20760,32301,1,2c2b1db11f5ec66bbc6ca9d1ce3f81a4,dd6a505f83dd3c6326aa9856519e0978,toys,toys
20762,31275,1,bf455a7f51eabfc8dc987897ec6475f7,591efcfda8812f90d99a864afde3917f,sports_leisure,housewares
20766,31478,1,50046ff3c7e886839388c4532a5ba24f,9eacfe990da87a66d7fc95e4f97bad14,bed_bath_table,bed_bath_table
20784,25173,1,a53d9459ab35c28053d6b7732fb8ca07,632b3e2be69e6d3ab1eb59c87bb8c3eb,telephony,telephony
20794,25370,1,fe59a1e006df3ac42bf0ceb876d70969,09481a6dfe9eb590dc8b265b54dc4c97,computers_accessories,computers_accessories
20794,26140,1,fe59a1e006df3ac42bf0ceb876d70969,5b8a5a9417210b1b84b67b9a7aefb935,computers_accessories,computers_accessories
20797,23011,1,082c3f21a0fc7a07cd303552d8b6ddae,d372821d2eaba9c81a3d5fcc302c2f78,housewares,housewares
20808,21897,1,9e75c1e76e60e7ddab5d73da0e216234,4954affcf6b8e0fbd3b4780a9baab238,housewares,furniture_decor
20815,28292,1,c122f3648b40e013db57964f1721c25b,96ce363b8a694e8e298a9687a2f7cc02,telephony,telephony
20817,20856,1,38ef617a023fc4398829dd8c2b9e8be6,ceeb8b2d571b23399910f1b83980c973,bed_bath_table,bed_bath_table
20840,23381,1,ff2c1ec09b1bb340e84f0d6b21cc7dbb,4ee8542bbedeb1c6d01e48c66986af49,bed_bath_table,bed_bath_table
20840,31974,1,ff2c1ec09b1bb340e84f0d6b21cc7dbb,6a73bd4563b3f205e24c101f9a3c0d14,bed_bath_table,bed_bath_table
20856,28676,1,ceeb8b2d571b23399910f1b83980c973,98a4301b1aacd45984603af55b7a1de4,bed_bath_table,bed_bath_table
20856,31064,1,ceeb8b2d571b23399910f1b83980c973,98613092c09065649a714a888cfeb29a,bed_bath_table,bed_bath_table
20868,28158,1,ef7de0bbb0e0b0110c270e9381719761,7da9810448a8f92f73339d58b1dd73a9,telephony,telephony
20869,25850,1,dccab0aeed5632473aa1fccf14846b3a,3560066ba5a5b4f87a8d5de6da565792,health_beauty,health_beauty
20870,30219,1,8d944f9367ba7f153e0ab5b6dc7d063b,73f835584b88d706c12bb3e9298a733c,bed_bath_table,bed_bath_table
20892,25591,1,b71c0cacf053d9d8f92eb5965d8bd00c,d3e87f5919c07582b6b4ead0f7eb15c0,baby,bed_bath_table
20898,21904,1,fc6d90a253003d53136e1b444beb55dc,6ed58ce8373b3d0c7704df9daf21e4d8,auto,auto
20902,30163,1,0cf1296fa38622de944eb05701b4ff34,a0627b01409b61f4076a920265b86665,Unknown,furniture_decor
20911,22967,1,edcda2e50aadade37544f55a8da52207,c917cd48f8178bc6e1e4bf902c7e0b83,telephony,telephony
20930,22109,1,10aecaf5be4119fd6b8b9e2e8a5a1454,f97a136cf6e5f5d9333b513afc8b153e,bed_bath_table,bed_bath_table
20931,28044,1,7f9979f68f998401e84c91d2ca6933fd,24ea331e89e0cc6fde885752b3eb2c23,fashion_bags_accessories,fashion_bags_accessories
20944,32829,1,a65c82cfb533f379a9d1ff76b78ce9ee,8ffc89162cccaef5a98a4c0bcd241a0e,furniture_decor,furniture_decor
20946,28486,1,7fda46e6f8996ebe3acf684cca0124c2,b694e2087c446e6905b08cd9360cfe45,bed_bath_table,bed_bath_table
20952,31108,1,f63e5eb82736ac58d9d286f64fe5c44f,caa526308abc9a77d0c56869139dbae9,pet_shop,pet_shop
20955,32123,1,2d37d1dbcba865841a1c8cfab20ab9a1,cb5d3d2427c53fde437c52bde24840e8,furniture_decor,furniture_decor
20957,30832,1,b73f6899a58fe7a37e55149e9a11c717,759d6e247dae636cc8e135f50052865e,office_furniture,office_furniture
20972,27701,1,5a75c30c323b0ae56499ef163504648a,5d6bea33648f018dbb563f3a2fab09f3,construction_tools_lights,furniture_decor
20980,31713,1,06ad93d66e91d09df5ce746906d9658b,db1e6fed56643b852af3132d255d9ddc,bed_bath_table,bed_bath_table
20998,31507,1,c166691d2e429a2e3ed641e29aaeb7f1,289d248f6a9046a0f0be47cda2b45537,sports_leisure,sports_leisure
21022,23420,1,50e1b118f266b655f613f753914c42db,f4041d76285c2a34ad5013e8d287a400,bed_bath_table,bed_bath_table
21022,25163,1,50e1b118f266b655f613f753914c42db,364e789259da982f5b7e43aaea7be615,bed_bath_table,bed_bath_table
21022,26948,1,50e1b118f266b655f613f753914c42db,fb2f2ec90b4ee90ad257bbf89d01247e,bed_bath_table,bed_bath_table
21022,32026,1,50e1b118f266b655f613f753914c42db,35afc973633aaeb6b877ff57b2793310,bed_bath_table,home_confort
305,12710,1,8a4667ce8c036b0d54dd65a38298bfc0,3e1fdf945aae119091586c0d20212562,luggage_accessories,stationery
21041,28427,1,47ea90e9a2976bc290c3cdf3b5e0573d,0152f69b6cf919bcdaf117aa8c43e5a2,bed_bath_table,bed_bath_table
21047,32841,1,72d2aa9f75bba9d406d4c7170d226c6d,71a5f1c2a5fd9889ef26b5ac22aec9c6,furniture_decor,furniture_decor
21064,23702,1,4dddd45aa241530edb5412e8846361fa,ea2d6aa9595ad8927759e363f8210825,health_beauty,health_beauty
21085,31726,1,3234b4f9542a9f6a450e988820390fab,fc6b299cf83fa76632dd1b0a2c611f33,bed_bath_table,bed_bath_table
21100,26326,1,41e69d7f18786d26805f7067f605e675,826990bc0af28681bde1dcd66a336763,bed_bath_table,bed_bath_table
310,13587,1,2029248294c186017ecfc48cecd47bbd,91a5ae441d12befb1c62c19c4ffc940e,garden_tools,garden_tools
21122,26694,1,7b83c11ac78f11bde67542beb12e8163,ed38e11473775cde0d65f698aa0a4d27,health_beauty,stationery
21132,24725,1,e8750c9a319a8eddd30f0abc4646bd75,fa559a64fdb8719b675a8baf140b3d9e,bed_bath_table,bed_bath_table
21136,27518,1,927b37c91523c5d12a6082746feadd09,13e65d9bd03f262702372ddb6b22e34b,computers_accessories,computers_accessories
343,21815,1,f092eaa771e3dca0bfeca32b5c9d5669,fc5062f483f32b6e7d6e4a38c402d56c,musical_instruments,musical_instruments
21141,24805,1,ae7fbf136a49b58f2d38fafb2f3205b8,e840aad8112818661548fda5d12653f2,bed_bath_table,bed_bath_table
21141,30896,1,ae7fbf136a49b58f2d38fafb2f3205b8,946344697156947d846d27fe0d503033,bed_bath_table,bed_bath_table
21148,22689,1,0522015abfd1094949180dee8dacbdf9,e478d0bd1efbc9329837d30c174bb850,furniture_decor,furniture_decor
21148,26221,1,0522015abfd1094949180dee8dacbdf9,2d40d83fc97b8d4d468b4ab5a6a0810d,furniture_decor,furniture_decor
21148,27029,1,0522015abfd1094949180dee8dacbdf9,d249f9dc99c68bbd2e4301672e0f97c5,furniture_decor,furniture_decor
21156,23019,1,bf53d80c6cb1cbf63ba17e2175d521a5,4baf15e171b06455c5cd23453db0cab3,baby,baby
21156,30221,1,bf53d80c6cb1cbf63ba17e2175d521a5,6f030babbca059aa3951ea26d5bbbe0d,baby,housewares
347,21394,1,e117ca2a90cfd40b93450b0b60f834e4,24a014458ccc6e989b4fcef5fa71da58,bed_bath_table,bed_bath_table
21170,22040,1,9fab8bd1f9c69cf2301b8ad3bec47480,08056d78bb75ed3ace107c72c16ec511,auto,cool_stuff
21170,31241,1,9fab8bd1f9c69cf2301b8ad3bec47480,ec56aff88e030dcb3b2be22c96ace90a,auto,bed_bath_table
21171,31966,1,cfe6e9c01d0bbb5df9a75f0e3286baa9,7893c68e0a8b6e58a70390551e8a84d9,baby,baby
21206,27376,1,181b31b11ea16a87d5acab5a78320b93,871cfa7d587b8305a5a0e376866323ef,sports_leisure,sports_leisure
21212,26164,1,3faadd91c89ff779e6cd1fd09a46ee39,7d0e0214a0852cf0c90032c7992cf27f,health_beauty,market_place
21214,24722,1,80826ebdc7be9086c467cb10e61a24c6,f9bdcb274f479aa71dd34e8bccdd9a82,costruction_tools_garden,costruction_tools_garden
21223,31448,1,339dfa68c25548e53903cd44e090f28f,bc7f7a995ff963c23da53e0856e8b6a3,fashion_bags_accessories,fashion_bags_accessories
21241,21464,1,2481a472d98c582b46bc2dfeae6f539f,dde35467201d3ff9e3f8e4297aa2768e,furniture_decor,home_confort
21241,30164,1,2481a472d98c582b46bc2dfeae6f539f,cd3de1984e1a77b441e1b39b8e334330,furniture_decor,furniture_decor
21241,30891,1,2481a472d98c582b46bc2dfeae6f539f,3e5201fe0d1ba474d9b90152c83c706c,furniture_decor,bed_bath_table
21241,31767,1,2481a472d98c582b46bc2dfeae6f539f,665aa1d687284a4d2d2b74c0c6724625,furniture_decor,bed_bath_table
21260,24202,1,3898ab895c82d9286015bde372510180,9478ba3a27de728ec65cf5048a23f34c,baby,bed_bath_table
21267,25823,1,ea43692dc9b918c387ae280bc382b406,2827075656967a213fe9f7484a7469f6,furniture_decor,furniture_decor
21269,30566,1,094d192d5b25e0bae4c3e2f970a53439,e60baffb5636b104f06ecd9aa28e139f,sports_leisure,air_conditioning
21276,23729,1,730937a8c78836ad923291765cbd8b38,06dce482ace017e78349b6f1fa83a022,bed_bath_table,bed_bath_table
21322,30292,1,bb17b2343c9b332cce4ffbb8f51a67ca,756feaccd3c677658c9e70bf09ef43b9,fashion_bags_accessories,fashion_bags_accessories
21329,26764,1,60575d29211e79ad70c3f9e0626d255a,bd336707deb508edc61ee62f22706cc4,toys,stationery
21334,27150,1,22c7191da97262f0f39de80e1951dce2,972d4aba7eb9ba03a5b7950751f11f60,auto,auto
349,13090,1,4c303e0fd131aa3fe487c108b5aa8c06,48cd33248ca35fac04a3b751ac966810,party_supplies,bed_bath_table
21362,29217,1,c9c6fde711572c1ad99ca12728c6af00,c24d27905e6d1242d7366746a126e130,telephony,telephony
21385,29569,1,f6af9afab66b4968cf9c27dcdfc42047,5a848e4ab52fd5445cdc07aab1c40e48,auto,Unknown
21401,22532,1,bb18d09a22b3b9bc474e0b1437302666,867dda95bbba37fe56fa288449fa122f,bed_bath_table,bed_bath_table
21405,22854,1,f3a0e8de0d8bada90f638dd837416ad7,be59d6c35e43e4bae41772d4b87136a4,bed_bath_table,bed_bath_table
21415,22133,1,df2dc5b34edb94bedfa04203cd9d6e9f,3348355c60a53ca51a5bb5a4b63e77a6,bed_bath_table,bed_bath_table
21426,26053,1,17606c7d7254ed1f0351fd48a28be932,6421588f55f75de28cb3357e07723d14,bed_bath_table,bed_bath_table
21447,21860,1,4f823b57fbf2a359f9df38dc72ef0da6,28b4eced95a52d9c437a4caf9d311b95,books_technical,furniture_decor
21461,30004,1,acdd9eaa79720ca045ce3768250b8e47,79882368bfedd5f03e3beed890bd2f95,health_beauty,health_beauty
356,18713,1,c354569eefd558bf201d0aedf35608ed,4cc8bfa581f41841ce5e24aba773a44a,bed_bath_table,bed_bath_table
21477,24562,1,a3b994a761e7a3ef4b527ac7f1057e9c,017692475c1c954ff597feda05131d73,perfumery,perfumery
21479,21912,1,ad0a798e7941f3a5a2fb8139cb62ad78,74939659dbb10592e383bebf2f78272c,bed_bath_table,bed_bath_table
21479,23381,1,ad0a798e7941f3a5a2fb8139cb62ad78,4ee8542bbedeb1c6d01e48c66986af49,bed_bath_table,bed_bath_table
379,24432,1,e24f73b7631ee3fbb2ab700a9acaa258,fa812218786a729a847c4e1869c4ca48,fashion_bags_accessories,fashion_bags_accessories
21489,27849,1,fe2eb4afacc06314372f75be9c2859ff,07810038e53a9f409577581bae23fa1a,computers_accessories,computers_accessories
21497,22901,1,cd48f265a63e13b762601f5f794c5fca,1fe459940e7d5e442ac6c1ee4d137989,drinks,drinks
21524,24056,1,1ebde342c905182ffc07333fc569c590,ce6f74096c84567f22728c84f3d6e7fc,bed_bath_table,bed_bath_table
21524,28034,1,1ebde342c905182ffc07333fc569c590,9a469eaf45dfbc43d39ba1977a3c07af,bed_bath_table,bed_bath_table
21524,32588,1,1ebde342c905182ffc07333fc569c590,181ce2dfd0a0d91969baabcb6df39bb9,bed_bath_table,bed_bath_table
21534,32385,1,368aefcea6b2454dff5ce8156ea6766b,ec268f069320a08af47861967e4d7bee,sports_leisure,sports_leisure
21541,22375,1,0a80f03007af9e2c5ac5065d6742e1b2,820fa146b7ccfe19c80e999cf4a77668,home_construction,home_construction
21556,24712,1,0e2d52789a024cfd6f9204778320a8e5,c8078bb7927143cdb008e3563230ca61,furniture_bedroom,baby
21570,23565,1,e3e6af2b9a779d64b3589a5b56102d16,597d26435e8ef77bb0fcd26f6c07d486,furniture_decor,furniture_living_room
21575,26769,1,31b8c37adb9572ed34757d9368d987ac,96ff741d2c7879406ec3054d6b2a11c8,watches_gifts,watches_gifts
21610,26266,1,97db532f755c1c66eab401e27f687295,afe60f026d04f54945ecf4c085eff7f5,computers_accessories,computers_accessories
21630,30352,1,764292b2b0f73f77a0272be03fdd45f3,71f975b6eac0857f1fcd32f57539f8dd,furniture_decor,furniture_decor
21653,24689,1,82498e96fa34d0975dc61a765a65d523,9541c4d8ef396401c096f381c3d6aa64,housewares,housewares
21653,27782,1,82498e96fa34d0975dc61a765a65d523,540de93b2ffb859f65596855505ad7a1,housewares,housewares
21661,31238,1,82254d93b897fde054504b15f8fe923c,446607005fbc439a9439caed96867e26,home_construction,furniture_decor
21682,28185,1,491efdd8025d870ef06034b0bc39c3b7,c92af8ae65f217933c222f02ab10e73b,construction_tools_construction,construction_tools_construction
21689,26697,1,84f456958365164420cfc80fbe4c7fab,9adebd80969a5b8ec766fd02afffec2e,bed_bath_table,bed_bath_table
21689,30891,1,84f456958365164420cfc80fbe4c7fab,3e5201fe0d1ba474d9b90152c83c706c,bed_bath_table,bed_bath_table
21693,23649,1,5add6c33b03c128b413ddfb2ac185a56,0333795efd58e3c33c5850b92721c3e4,furniture_decor,furniture_decor
21693,32624,1,5add6c33b03c128b413ddfb2ac185a56,3dba03040674bea93fb80023b8f72c95,furniture_decor,furniture_decor
21722,29799,1,4ce8f190d8026353d3d91d907ad68f23,f8077831f3c3f393fb67b93c5acd8daf,furniture_decor,home_construction
21732,30260,1,f5f5b024b9de6f4bef611bc8b1e370ec,8029d86aeeffd256b2b82cbe2986f386,sports_leisure,sports_leisure
387,31512,1,fa9cf28beaafe4f4bec59550f6c76481,f48eb5c2fde13ca63664f0bb05f55346,furniture_decor,sports_leisure
21760,26349,1,c403e106353e1aa40efe783ecb39ed7a,b10eba910a974df70b8a12d0665cdb9e,bed_bath_table,bed_bath_table
21760,26471,1,c403e106353e1aa40efe783ecb39ed7a,5199c64bddaad759e3cc82d7fa449570,bed_bath_table,bed_bath_table
21760,28133,1,c403e106353e1aa40efe783ecb39ed7a,cf54cbfe4e33bc8f7b34a65da576497c,bed_bath_table,bed_bath_table
21760,32026,1,c403e106353e1aa40efe783ecb39ed7a,35afc973633aaeb6b877ff57b2793310,bed_bath_table,home_confort
21760,32841,1,c403e106353e1aa40efe783ecb39ed7a,71a5f1c2a5fd9889ef26b5ac22aec9c6,bed_bath_table,furniture_decor
404,27767,1,09c3d39641970009c198caed304ccfc4,a0eef953cb25bc9ae40457e1c3c82946,baby,furniture_decor
425,29965,1,62224b433a431310bf27129938ad9f64,271ce3fc018562e90257af8cd2af06bd,sports_leisure,sports_leisure
21786,27858,1,c0295f791bfc794623d0ea811cca82d5,da051bd767b7457572d55aba23fd846a,sports_leisure,sports_leisure
21833,25385,1,8d26562bc0e89c3e3b83c1ab369534a4,cfa14c9ef22bd6c41e20df06de9dfa76,furniture_decor,housewares
21859,27298,1,44d097d59e8430f88a67517cd0c4f865,5d7c23067ed3fc8c6e699b9373d5890b,fashion_bags_accessories,fashion_bags_accessories
21859,27685,1,44d097d59e8430f88a67517cd0c4f865,d017a2151d543a9885604dc62a3d9dcc,fashion_bags_accessories,fashion_bags_accessories
21860,26277,1,28b4eced95a52d9c437a4caf9d311b95,152e246b33c879d2b03461be76ca2ac4,furniture_decor,furniture_decor
21860,26332,1,28b4eced95a52d9c437a4caf9d311b95,a4536c45a6f0c22f312adde45e06ec13,furniture_decor,stationery
21900,25032,1,dd6171dfce1d62dbf472f83fa352d309,1f0f0d2254362b05c2248e033053825a,bed_bath_table,furniture_decor
21913,24330,1,cf45cea95e6b4d46e80fe098eda10c8f,75d6b6963340c6063f7f4cfcccfe6a30,perfumery,perfumery
21933,32203,1,d980d3018343b03db51c3076eadd6f83,c6bf8cc852eee5c4ab264e792a9c23a1,furniture_decor,home_confort
426,17780,1,b2083bcfc8768380dd0e31d612e96d08,8f2c823e12d58a9eec1a9191e3c34718,bed_bath_table,bed_bath_table
21980,28217,1,8ae1198dd85742fe30b74a96968f250e,301cfe3b10ca8a9e1a1fda2f36bf9142,bed_bath_table,bed_bath_table
436,26089,1,e91f30f35875789d4b7d14610aa88c15,f67f7aa7e27d08018022abb4bdc90a38,bed_bath_table,bed_bath_table
22025,23527,1,ace91f88d635b9e5563e36cc0a0a8f09,ad5396bf96af6ede77130e54ad266c61,furniture_decor,furniture_decor
22025,26360,1,ace91f88d635b9e5563e36cc0a0a8f09,c006d1427332464b79808bd9dfaec943,furniture_decor,furniture_decor
22040,31241,1,08056d78bb75ed3ace107c72c16ec511,ec56aff88e030dcb3b2be22c96ace90a,cool_stuff,bed_bath_table
22060,28970,1,3f1361100ad34281edf04ce745f62b89,a39cc58c1b5926b6f9f378daa89f1315,furniture_decor,home_construction
22092,29114,1,aa995bbfcf2da055bed670f7282f90d8,512a2828acd7219f400d5afabe362e51,cool_stuff,cool_stuff
22105,29153,1,1a9d64af3398397aa9948a714bb2baaa,e3af4b7c220aca1535b34416de24dfb7,toys,toys
22109,31388,1,f97a136cf6e5f5d9333b513afc8b153e,8a443635fdf9759915c9be5be2e3b862,bed_bath_table,bed_bath_table
22123,25764,1,103aed057190376889bc9e796affa24e,14ad6805c263d8d758d648f46a06570e,baby,baby
22151,28080,1,53b660897772d156d1b39afcd576663f,46bc787381b2bee84ed87b4ebce24505,furniture_decor,furniture_decor
22162,22206,1,58efb9b638561ce132216a9a612513e2,872db866d615db59612ac933f43d6b22,furniture_living_room,furniture_living_room
22237,28814,1,116fde656744c95dfaf5198cf9f729f9,2b49a97daf2f2d902b42abc142f4da2a,furniture_decor,furniture_decor
22277,32772,1,c80124276571cd4bef53cf35d9b36c5c,6b5d792112275a0262356e64e098025f,home_confort,housewares
22279,24428,1,a0cb23ea9b98f51407ac7bd1fcd29c2e,ec19f9bc37a920964abe324dfb169c68,telephony,telephony
22291,29335,1,dcb7642f668e09b75d526454940124b9,dcbdf52239601eca861bf0d1aa598fab,telephony,telephony
22307,23485,1,82cff05560eae73466f8778690b037fa,91472a5abca63bed91ade04c71c203ce,bed_bath_table,bed_bath_table
22307,29684,1,82cff05560eae73466f8778690b037fa,d9e7d13814ea50f9ae1f612ef6b3a1f1,bed_bath_table,bed_bath_table
22321,22854,1,f6434e7eb6bcf886ebd61c123c5bf060,be59d6c35e43e4bae41772d4b87136a4,bed_bath_table,bed_bath_table
22370,32787,1,ed4dfdaab6c24770fc6f34ad50c89ac1,a3fd6c4ecde9035c3e8dd4e0fd8b8048,health_beauty,bed_bath_table
22373,23417,1,f65464750198350b78735037a9b35dd2,87d780fa7d2cf3710aa02dc4ca8db985,bed_bath_table,bed_bath_table
22376,32020,1,4374f5c6e8ab35133a8dbc5517ec0388,fad4c004f68304a86535ea71c79cfaa4,garden_tools,garden_tools
22396,27017,1,d918b3f4aa5272c2c3cd088d087ca069,42874c3f68eae9f0408dc1027edcaa6f,sports_leisure,sports_leisure
22422,31875,1,61963c77fd2c3db173915d9dc837ee12,926a505f318353d8634f3c5102756352,bed_bath_table,bed_bath_table
22437,27909,1,6fb42788c5ef9affaa2fec30ca8b6053,42faf2e98f0486405f5dfac48e5cba7d,garden_tools,garden_tools
22468,31109,1,46e4940f28c9231a801873e62ca55c53,4ad4cf9cb1cce9af79caf2426fd9ab93,perfumery,health_beauty
22487,26810,1,3462cfbd316346049256b3b3242f8dfa,7825a7c4f9edb6b219eb94c29e86e7b9,stationery,stationery
22490,27540,1,c5d8b84a90f73bd09c30e71e76caaa11,32e18e89237933ebdaaebd78a27e7fa1,market_place,housewares
22494,29646,1,65b183dcbb9689b176730d709a0003dd,5b7e1c33e4e9e477847a8a031353ff40,garden_tools,garden_tools
22543,23671,1,232a5adb0fc1881bbfeb03560c639c31,64fc6010136aa59736e148c404e77a54,home_construction,home_construction
22572,26381,1,7340a3839a1de1e99d149b8cf052a2ec,e36f2ca8d28257f884c9a4cf523e6d70,bed_bath_table,bed_bath_table
449,16755,1,2ac6c3f94b62b0d60ac5b907bdb42cd4,aaa09cd0acd316f7816145408dd73449,fashion_bags_accessories,fashion_bags_accessories
22587,25489,1,86f2416d4670e4ea3ca5494d043d9f24,7c898e0b8ea203dd94ba846627fc34d1,office_furniture,office_furniture
22594,28734,1,6f59fe49d85eb1353b826d6b5a55e753,5c818ca21204caf8ce1599617751ff49,baby,bed_bath_table
22597,27707,1,2475f9f6b36857e1a35292cf761ffa48,548e5bfe28edceab6b51fa707cc9556f,bed_bath_table,bed_bath_table
22634,26552,1,bf1a9a02e2160143755052e6bf59740f,5b1f3328a2c6f837ecce21bca1489939,construction_tools_construction,construction_tools_construction
22669,24834,1,b627957ffcd19ace5037a5df4230d1fa,2b3ded25b94fa59143322115fce48003,bed_bath_table,bed_bath_table
22673,32099,1,3dac223b855944e271f439d6bc318bce,53759a2ecddad2bb87a079a1f1519f73,furniture_decor,garden_tools
22689,27029,1,e478d0bd1efbc9329837d30c174bb850,d249f9dc99c68bbd2e4301672e0f97c5,furniture_decor,furniture_decor
22699,29138,1,be4247cbfa1bf907db555eed70cdca03,b748ca0c5ca9a1def2099de76c53d68d,furniture_decor,furniture_decor
22703,29246,1,1ebb6bef272babda147dfdc51b0201e7,eed87e4310f2dbbddf043552065b660e,fashion_bags_accessories,fashion_bags_accessories
22715,24508,1,c3ba4e8d3cb30049213b682e751e9d00,7a9cf133da2a6494259ffeeab11b6276,watches_gifts,telephony
22724,30772,1,c938aead190afc62a55dc7bde80c5a24,66358143d86813429426c93f03bbdabc,furniture_decor,furniture_decor
22731,27371,1,c858f88f3de50584c39e8b4fafdd7d61,b3a397db9c6b4ddfed9d46f6fa03c65e,furniture_decor,furniture_decor
22768,23405,1,6cd26b425f717a6d9202bc287c9d5e6d,4390e4e834a8679a940d6795b52b5e58,auto,auto
22778,25731,1,338a394da06eb5deff048f151d13151e,2f08de199f389c9b400128b0c7b750e4,furniture_decor,furniture_decor
22785,25058,1,76f520fa5e8912001989fa3fd6530d94,77d86f9e64c28aa93e3d46f4047646d7,auto,auto
22785,30446,1,76f520fa5e8912001989fa3fd6530d94,40678c9096047877fa74a25cc6f0a726,auto,auto
22792,24779,1,56d708cb5ce58c2040a3b18a0cb33497,40cc62bf0cf7aacfd12d865c196baa55,telephony,telephony
22823,32532,1,cc71cac6380211ba2e17e2b35459488b,36ba5561e351eef68d3554697132a9a8,costruction_tools_garden,costruction_tools_garden
22853,29018,1,f3d1c2c26a2b8f3398af192dfdef56be,5c7dfdd3e6d851f08d3cfe8213747ff5,fashion_bags_accessories,fashion_bags_accessories
22879,27887,1,c6ce25f40e2feb55d390810e72ee44f0,2850884dd642010ef2a6238e8ece634d,stationery,garden_tools
22883,30156,1,e5eaae7d68dab0ac80b3a5bb888f33f0,814db92f0cda8c71fa27f4b022cea56f,fashion_shoes,fashion_shoes
22911,27418,1,ab674fcb1f06bd16dfbca8d91f016391,24c0de23191c9450049b2b3d8749ad35,furniture_decor,bed_bath_table
22927,25802,1,57552a168008a60472e3e6bb351422e7,49eeb31f95c522d5db1c2d6044c23c46,baby,baby
22964,31905,1,281905b21f01db1009fd7c01b10dd1d4,4006da5107400e5ac48dbcc829a36c42,furniture_decor,furniture_decor
22976,29794,1,e68a066cb80e14f049aa01ede58bf0f6,bc8b883240abcf055de69c37170844d7,fashion_bags_accessories,fashion_bags_accessories
22978,28779,1,1b0e9a414e59a00b13262ffb248ed9b4,3ead2a8b3b92444cfac54979d56c7993,food_drink,food_drink
22978,30516,1,1b0e9a414e59a00b13262ffb248ed9b4,2b7bb91ceee2bfa598986638fb136ba4,food_drink,food_drink
23010,31417,1,8db7c6497625f4f17d770bd01912cbe8,e2dd0cb9b99517a86cbc9441cbb55348,baby,la_cuisine
23019,30221,1,4baf15e171b06455c5cd23453db0cab3,6f030babbca059aa3951ea26d5bbbe0d,baby,housewares
23036,29562,1,eeba3ee5aa7d1d571752248eb4c81c20,2265e8aa066cc6c4528d4be900eb5b64,furniture_decor,furniture_decor
23043,24562,1,afd664c19120c43a47e34fc71f982d86,017692475c1c954ff597feda05131d73,perfumery,perfumery
23076,26971,1,bf5cd6b613d9b11ecd53a9410e7c1f11,b17808303e15dd50538c011b44295427,furniture_decor,bed_bath_table
459,15257,1,f3dadecca4b876a315481c79b8adcf16,def59eb2e17b32b980b5341984f6b500,pet_shop,pet_shop
23092,26948,1,1d0b9497ac4f258fbd822c52ff61b5f4,fb2f2ec90b4ee90ad257bbf89d01247e,bed_bath_table,bed_bath_table
23112,31163,1,fc831da5307b1a3e23ed0259a2b6b2a1,f95d9369ebf76f811194c72bd22ff244,bed_bath_table,furniture_decor
23153,25646,1,39b86f4e3aedf22731990099a660a6f5,a1250bbcaa645885c9165eab1573b5c6,fashion_bags_accessories,fashion_bags_accessories
23156,25353,1,23d625ed972ea9221c3d375ae3f15bef,fcf39794919367e915d2656291f99564,auto,computers_accessories
23188,27104,1,eeb2d1e155818957df60a76fc47e75a8,31699327e8b1095210f7c48d91fc09f0,bed_bath_table,bed_bath_table
23219,29891,1,7b3b2f78914e342fe570cfccf21830e9,6f33a4a09ae1180a0ee1ff4682b2d21f,toys,toys
23229,30632,1,13c20e4b6e3e7d4f0f336fedcf4198da,9219ce85918a5d26bca1a6fddf3a1402,stationery,stationery
23240,25156,1,91910bbde68f7027e850dcd82b25c5bb,0369a47f7ad96df46ad8ed76767de8bd,perfumery,perfumery
23246,25317,1,04c4a4b9c924494fcf82e0fba966f955,c8a93a4386deccaca35baaaf72ec918b,watches_gifts,furniture_decor
23276,30531,1,06a7a571bc9fbb103a9c2eb90f89432c,3e7ec3672e5549ba74cf635752bfc70b,furniture_decor,furniture_decor
23283,24484,1,9036be77e0a74cca6eeef0740649b97b,b65214d387c754bb0f858a4a5a0f41ad,toys,toys
23283,31684,1,9036be77e0a74cca6eeef0740649b97b,238314b88e4b8ffa496db6b1a201d897,toys,toys
23312,25660,1,114a9cb094339f99851ada566136661b,54bb3470c28291c7252832f0437ca469,bed_bath_table,bed_bath_table
23327,26595,1,b8da1249f4cdc93cdc88d9b16cb32506,2d4910ed534d58d6b37408bb5bd46c0f,housewares,housewares
23344,28419,1,5f8fd0bd52dabcd1e9e2427dccbcea18,21a2d8537730ec21c03750360cc15f68,bed_bath_table,bed_bath_table
23370,31909,1,cca3a8714ce46539155f98fe944189f9,c8a1b14dcfbb5ab61591ab868d362d10,furniture_decor,sports_leisure
23381,30896,1,4ee8542bbedeb1c6d01e48c66986af49,946344697156947d846d27fe0d503033,bed_bath_table,bed_bath_table
23385,24940,1,b95d07d7e22e1e9badc878fd8ced3dd2,3303c5bebf8d9dd9394a38501c4033f6,furniture_decor,furniture_decor
23397,28324,1,425cfc055cf3bee60a67ee33dc577c95,76ddffabf65608c9e0cfce92e390a193,fashion_bags_accessories,fashion_bags_accessories
23417,24447,1,87d780fa7d2cf3710aa02dc4ca8db985,4293865e4ead3d446609086b4cfedb4f,bed_bath_table,bed_bath_table
469,17548,1,3bcf64d8d26d6e06bd568d27fe31d8e8,6856ab01ef22301e08a45d5842ccb247,bed_bath_table,bed_bath_table
23434,32166,1,2bd11da9314c88bf55df5a07251442e4,e745ef0b16caf129dfc0f4979c347619,fashion_bags_accessories,fashion_bags_accessories
23450,29698,1,a519511d5c5c1153c9f636288e50f819,bfa8fb32cecbf90899f6f517b77a766f,furniture_decor,furniture_decor
23454,30896,1,2a478a360a293f087e352e88f10af8af,946344697156947d846d27fe0d503033,bed_bath_table,bed_bath_table
23460,30420,1,a54f350cdb1f303fe39221171d003852,4231002e80d2a25aed31d65b4b91f479,furniture_decor,pet_shop
23485,29684,1,91472a5abca63bed91ade04c71c203ce,d9e7d13814ea50f9ae1f612ef6b3a1f1,bed_bath_table,bed_bath_table
23494,29569,1,c72336b153d63586e6c0599a1b78f47c,5a848e4ab52fd5445cdc07aab1c40e48,sports_leisure,Unknown
23496,26788,1,47920da896bbd89e851429c78a7a7a8b,0db4869ac8a908414823d44d742f5ba3,office_furniture,office_furniture
23498,31066,1,6af89b97a841482f79c52765bfe0d699,f0f719ace174d68fdc838d8d6c4ce26e,sports_leisure,sports_leisure
23511,30470,1,3cebb9158a3aa0b3f78ee0f934c9f032,694e58e56c74114ee0628c25f3f26f8c,sports_leisure,sports_leisure
23527,26360,1,ad5396bf96af6ede77130e54ad266c61,c006d1427332464b79808bd9dfaec943,furniture_decor,furniture_decor
23529,26635,1,e4fad067efcea03c66a5fa661d391603,a0b706aace06abff783f614e8b01b760,health_beauty,health_beauty
23647,29719,1,330144665b875c2b4555f88d9f4ed7c1,24c66f106f642621e524291a895c9032,health_beauty,health_beauty
23649,32624,1,0333795efd58e3c33c5850b92721c3e4,3dba03040674bea93fb80023b8f72c95,furniture_decor,furniture_decor
23653,31435,1,0de59eddc63167215c972b0d785ffa7b,1065e0ebef073787a7bf691924c60eeb,construction_tools_construction,construction_tools_construction
23674,28029,1,ad00a218e16f65efb3dfebe514994ca1,26479f7e6b832d2e19a14dd8393bb30f,toys,toys
23682,32947,1,e5431fe7b289028ba2b453fafd45f0f8,a0b7d5a992ccda646f2d34e418fff5a0,furniture_living_room,furniture_decor
23684,24751,1,5b226d7c52f86ac72457617f78cff95d,bd6e6fce9ada76ea2db0f1912e8e478f,bed_bath_table,bed_bath_table
23692,29428,1,b3d141fdbe3680294a78f0b712c87159,6e4918d7c7d1499da5ef7bae5e0cdef6,electronics,electronics
23700,24912,1,2ced45a3059cbb128a8b8b6508809746,662276c22ed1b925786d19da6677e19d,computers_accessories,computers_accessories
23728,26636,1,e13f46cf68d356e0ac0f32058af20911,978017df6a79f817ff723f62ccd2c786,fashion_bags_accessories,fashion_bags_accessories
23728,28011,1,e13f46cf68d356e0ac0f32058af20911,38dbc385d6da7b0e6bd58a90e069653b,fashion_bags_accessories,fashion_bags_accessories
23728,28511,1,e13f46cf68d356e0ac0f32058af20911,e456721fdab66b576664c035ad183965,fashion_bags_accessories,fashion_bags_accessories
23729,32128,1,06dce482ace017e78349b6f1fa83a022,125e5760a3ff01937be3b2a1a7f14aa6,bed_bath_table,bed_bath_table
23738,27082,1,c2b534c5a4a6cbfc41aeaf362fb0c060,7a5b821fca01c5a75fa33c06f249e0f5,drinks,health_beauty
23761,32538,1,b0517edd4454b9c2537f65826f500a2f,891fb188da14116c09b14fcff8fb1a03,housewares,housewares
23793,27448,1,bc166ad2b244b9d4eec97208498b1c07,b41bc92e95bff65143623215ead52dba,auto,auto
23829,29095,1,e56f102e763165e7e32d0f9955f8ee4a,b9311d581f5f341576a5a2892168355c,computers,furniture_decor
23845,25053,1,cee13c9267bd4ee40fed850b5a4ecfa6,fcf6ad274391aea29f5d6e5ef9da5050,pet_shop,pet_shop
23847,24195,1,266cb817d01b77ace5dc383d8cfd0540,081d21aa3dc9b583104a15fc4dfd1160,bed_bath_table,bed_bath_table
23852,28241,1,011377a7487fef47fc9e73fa5f7322a6,57d5fd37a8452e7577b5eeb0186caba5,baby,sports_leisure
23879,25046,1,8ae20127b8e1aa6df4a5b628d1680e35,862e1c1b2c4a148c5a5b23dc0ced1fba,health_beauty,health_beauty
23879,30148,1,8ae20127b8e1aa6df4a5b628d1680e35,ad21c6ffe97ed6db7a3d73b51bca2ee0,health_beauty,health_beauty
23887,24707,1,e57eb018e37376580079825eb29a3419,202bd859659a841de892b00c341300ff,watches_gifts,watches_gifts
23892,30083,1,b217a380fe548cd65a8d6f18a9c0eb28,6e6760cb4ddc324d319cf599ce8a8b89,bed_bath_table,bed_bath_table
470,23137,1,47de5f36ace720b578ca1b30d0b45b8d,7605fbdad270936646b0ce6c3427b295,computers_accessories,computers_accessories
489,15399,1,d899300bb0834fde956e80ce7ca0c958,4f288e27579d68e616d2712ad669f99e,watches_gifts,cool_stuff
23899,28369,1,a6e9ad7f801066f00bf59e348ec8f3d6,457d976782cfef787ee35098bc9e4624,sports_leisure,sports_leisure
23935,24600,1,5aad359a63cbb4fc35ead44346a3eeb4,af35be35db4ad0dc288b571453337376,furniture_decor,furniture_decor
23955,26856,1,e8c6039a25765995ac7c1ec2cbef5765,bc7952b8b83834a52bc73204ea2576f2,watches_gifts,watches_gifts
23960,26745,1,cda960fc8a8987dd224a17dddfffdaa5,b791d5d05f0c974d148d358efcd21d84,bed_bath_table,bed_bath_table
23980,24760,1,fa304c5424fd292aed9c35eb36d9f495,5fe7fd1b8ea02958b45106dcd79874e8,bed_bath_table,bed_bath_table
23990,26937,1,045e41f597e72ebfe5e9de50788fbf03,ea102536094cd45ff11f73dc8be9142e,sports_leisure,sports_leisure
24011,31239,1,1a428b685ede76217c9efb550c4aaa59,428f4b96ba9f630e761b333673039ae6,bed_bath_table,furniture_bedroom
24015,25258,1,1d1e5ff7c1fe84990f92d41f7425b789,8ab78b6f871fd72d1ef38097498b70b7,construction_tools_construction,construction_tools_construction
24016,26377,1,72a30483855e2eafc67aee5dc2560482,ecbe1ef7e2903ff8b1d704ba78fa264d,sports_leisure,sports_leisure
24033,29397,1,b042c934bd8f4316e7b38633aa14266b,afb2faf85bb85d4a5c466c8b7258f5ab,baby,baby
24047,26503,1,bf7f941911c1e02d8dd6c637811b6127,36e0d84a068074deed2e9b527917f468,fashion_bags_accessories,fashion_bags_accessories
24051,24682,1,fbc1488c1a1e72ba175f53ab29a248e8,8f83335d6508c667813ff14dc437bc81,perfumery,perfumery
24053,25623,1,59b215ecd21969237a8ebb0f8a2bffc2,e27e689c4ce425f2fe7e2a270fd4d2db,bed_bath_table,bed_bath_table
24056,26349,1,ce6f74096c84567f22728c84f3d6e7fc,b10eba910a974df70b8a12d0665cdb9e,bed_bath_table,bed_bath_table
24056,31366,1,ce6f74096c84567f22728c84f3d6e7fc,90aa2ab699cd0e459be93124aa91c82f,bed_bath_table,bed_bath_table
24062,32134,1,fef7934cc233ee5b1dc13094d98a1465,7f72a8900b3d2fc8fa2635b7836d6e6e,cool_stuff,toys
24065,24505,1,803f77475e1b51b47f1bfec4f2ec353f,bd6e8cf9fe4122c385da2bcb9f979d5d,auto,telephony
24076,26579,1,bf6c6addcc27daf7976e4eeeda499619,fa8ca858fe87995e9961a3423bce21d8,health_beauty,health_beauty
24107,26971,1,061fa9845070ffff2d23e8e10bdf8edc,b17808303e15dd50538c011b44295427,furniture_decor,bed_bath_table
24149,27219,1,f9a4667b264a6823ecdf9d1ab8914faf,1aba5f6d342892bef219db99ae29f029,fashion_bags_accessories,fashion_bags_accessories
24154,28786,1,0e34466be9b2d3af8e189b6d27d5eaf3,72812018ad2a03141873af8e588d75ec,health_beauty,sports_leisure
24185,29796,1,4fb3a6cb6e0aa78466566ab0ec0666c6,1a2df11a11c62daea6c15fbd3ccf2917,bed_bath_table,bed_bath_table
24230,25366,1,727017cd91a0361b8ae4cfcff15e9682,44b63b148b673cb9a06672f06683b9b4,housewares,bed_bath_table
24251,29977,1,491c6b0ec61399a890b22a6ed2d9a4b0,d2347fba1e60ea51f533960fc555baff,furniture_decor,furniture_decor
24256,25594,1,e68a5a5626c4b1bfc5ca78202f898300,25c38557cf793876c5abdd5931f922db,cool_stuff,baby
24267,29234,1,c6ea63369936552872ae890c82175b4b,f1c7f353075ce59d8a6f3cf58f419c9c,bed_bath_table,bed_bath_table
24272,29129,1,232b2effc9d2cc8f1e696e65e108797c,fd0f7402731790468090d7895cf61c0f,perfumery,perfumery
24283,31512,1,98ae511715bfce7d97ef0ff1859ad05f,f48eb5c2fde13ca63664f0bb05f55346,sports_leisure,sports_leisure
24292,24601,1,d41dc2f2979f52d75d78714b378d4068,880be32f4db1d9f6e2bec38fb6ac23ab,consoles_games,toys
24299,25066,1,dab2413ead0edda9967edbc9bda2a64e,31c79131e883e5fd8c4c85fe9f7d2bb2,telephony,telephony
24344,25875,1,6d4bb6101d2927f04617ed23f0d6aee5,d00c845d98a49bda7c00543fa86d2540,sports_leisure,sports_leisure
24355,25663,1,253bc127c38a02e388c4e8ce854867b9,f521813909e310116b6b2f0b11f3dd44,furniture_decor,furniture_decor
24386,31794,1,a01c3a8e3ccddf44069c082b1590f19a,5440e1ed49a1153d573b1543dd10d95e,perfumery,perfumery
24390,29309,1,d5140e1d258c83a340419c6522c7da22,071d40163502c7a04c4b49983787485c,furniture_decor,furniture_decor
24402,28427,1,7ca5f56188492e30c50ba64de188aae7,0152f69b6cf919bcdaf117aa8c43e5a2,bed_bath_table,bed_bath_table
24407,24487,1,5a883fb296ab66ac6a1e68e6ba2175c3,cdc4af478fef19f03f1d0353c00271cd,watches_gifts,watches_gifts
24407,31725,1,5a883fb296ab66ac6a1e68e6ba2175c3,a140e83c184347be1aa71694fe525537,watches_gifts,watches_gifts
24412,31032,1,6408c33baecf128bc76222e5863f85c2,a945078e19efed6370a484e25e879894,health_beauty,health_beauty
24416,29214,1,429e7401fafb76436f15e86498bd7364,9ddd762ee8a13576a809dc66f22aa2b5,bed_bath_table,bed_bath_table
24416,30968,1,429e7401fafb76436f15e86498bd7364,eb53f94fdc60278efcef123bb275658a,bed_bath_table,bed_bath_table
24427,30527,1,d285360f29ac7fd97640bf0baef03de0,53ea9da485f6aed8a6f03a85831fe021,watches_gifts,watches_gifts
24435,27961,1,636598095d69a5718e67d2c9a3c7dde6,b6397895a17ce86decd60b898b459796,garden_tools,garden_tools
24444,27062,1,38956cecc0bc8d8837371d0aeeefeb59,13befae9b3fb34c439cf4744fd18dfa7,bed_bath_table,bed_bath_table
24447,27851,1,4293865e4ead3d446609086b4cfedb4f,c211ff3068fcd2f8898192976d8b3a32,bed_bath_table,bed_bath_table
24463,30891,1,2827ebfb043a328a13a06ca9165cad0a,3e5201fe0d1ba474d9b90152c83c706c,bed_bath_table,bed_bath_table
24484,31684,1,b65214d387c754bb0f858a4a5a0f41ad,238314b88e4b8ffa496db6b1a201d897,toys,toys
24487,31725,1,cdc4af478fef19f03f1d0353c00271cd,a140e83c184347be1aa71694fe525537,watches_gifts,watches_gifts
24498,29975,1,28fd7231afb14b368127513ae6ffe144,9b9d1c4bd979b93c138044e032f99780,bed_bath_table,cool_stuff
24504,25517,1,eb8c629f70275fd1c4f809116cce1efc,a97a0ec5a609c8af654b79e9a96d12af,furniture_decor,furniture_decor
24523,28269,1,b085d8c8840e8dd3d6ccdf3d86c6145e,986551a629c57419d4d2b74cdefc34dd,pet_shop,Unknown
24571,25440,1,b53b199f292707675aa8a518a76885ff,e073574bfbfbdfbe59454d8474cad673,stationery,stationery
24592,30321,1,80619103c2b3bc2fe8358f9c3c0bd2c7,963de692a94b199318977a5f0819636b,perfumery,market_place
24592,32225,1,80619103c2b3bc2fe8358f9c3c0bd2c7,65baa03ed325a23536e96fd66b3244c8,perfumery,bed_bath_table
24601,26609,1,880be32f4db1d9f6e2bec38fb6ac23ab,d6bbda35f0b8505c2f824f1d90295855,toys,toys
502,15156,1,f28fd17099749b33b6e5081515b2e797,1f58ebdc810e1d5c7cead7f763c27a94,bed_bath_table,bed_bath_table
24602,27282,1,553e0e7590d3116a072507a3635d2877,33489f0140308d65c48a7659b05bdba1,bed_bath_table,housewares
24602,32656,1,553e0e7590d3116a072507a3635d2877,adc48fd26eea311ca6856b58dfc3ca21,bed_bath_table,housewares
24613,31357,1,ea4d546188ec8252ef66cff2f9c9ed9f,ac942b3f5756151f9dea022e7058d7c9,fashion_shoes,fashion_shoes
514,5991,1,29608c81e9f1be14503667ecd1d35c63,276e9ed23a30582d125743aaed57ed22,sports_leisure,garden_tools
516,8050,1,e19c8e70d39de9646d64163a66051797,348ea09800ea8b415f488cef882bb755,fashion_male_clothing,fashion_male_clothing
24627,32026,1,056d012d264624accb7f73d31caee034,35afc973633aaeb6b877ff57b2793310,bed_bath_table,home_confort
24658,28464,1,74528b0886c5bd579dc5794d8c8c4f2b,f14d112d3db74fc2977850a25cab3d5d,health_beauty,health_beauty
24659,29197,1,91497eff4735d835057824111f9532b7,e59aa08eee1bd7faa765a89aab2095cb,home_confort,bed_bath_table
24670,30025,1,372645c7439f9661fbbacfd129aa92ec,42155695adbe665066ad812855fe523a,bed_bath_table,electronics
24670,30968,1,372645c7439f9661fbbacfd129aa92ec,eb53f94fdc60278efcef123bb275658a,bed_bath_table,bed_bath_table
24670,31476,1,372645c7439f9661fbbacfd129aa92ec,2b10e945dae5434075c8bb2be0d17325,bed_bath_table,bed_bath_table
24673,26665,1,66e08854f9319c6aa4874ca435598331,fd440fd792fd8a4b681f1eb258c25445,bed_bath_table,furniture_decor
24675,25311,1,38cd38029795797c97b73421fdad08cf,a50c606310374ff8660bbe03010e021b,fashion_bags_accessories,fashion_bags_accessories
24675,29848,1,38cd38029795797c97b73421fdad08cf,d191e54bd50ba045ac5bc9336572886f,fashion_bags_accessories,fashion_bags_accessories
24689,27782,1,9541c4d8ef396401c096f381c3d6aa64,540de93b2ffb859f65596855505ad7a1,housewares,housewares
24690,30559,1,62995b7e571f5760017991632bbfd311,ac1ad58efc1ebf66bfadc09f29bdedc0,housewares,housewares
24718,31314,1,8d28eb3a7309368ca0de19e016266251,7f9e40aa498f8f6edf4cc51215ecce9e,health_beauty,health_beauty
24723,31896,1,df2d06c915846282d43217da4911c122,6baa004ae73ded1fcdf0e1f153bddf20,computers_accessories,watches_gifts
24760,26218,1,5fe7fd1b8ea02958b45106dcd79874e8,4c4ac406dc3f4a2e7805e4b578d0fa0a,bed_bath_table,bed_bath_table
24791,30708,1,52c80cedd4e90108bf4fa6a206ef6b03,8c591ab0ca519558779df02023177f44,garden_tools,garden_tools
24791,31468,1,52c80cedd4e90108bf4fa6a206ef6b03,c4baedd846ed09b85f78a781b522f126,garden_tools,garden_tools
24903,32201,1,de17feec1983829fec4bc58cadaa43f3,83bfae859f4a37b048a3abcecb17c506,housewares,housewares
24903,32778,1,de17feec1983829fec4bc58cadaa43f3,9e2ce829b01f3d1a0a9d5ddf7ee21864,housewares,housewares
24965,29879,1,85d4c1a46f08f730de651ea6f6645313,19944bc70a13c9b62e18a2bc7e913bb6,stationery,housewares
518,16753,1,ba17dd83b93da33a4483ba301644f40a,7703b8cb5b77fbb36518ea91e2ca734f,watches_gifts,watches_gifts
24990,32825,1,4c3ae5db49258df0784827bdacf3b396,fb7a100ec8c7b34f60cec22b1a9a10e0,baby,toys
25007,32361,1,ce215f864c313d0ecf9582661992f4d9,72d135605b8f0dd92505c47ca12157bd,Unknown,health_beauty
25009,26578,1,7248b99ff380f23a1094ff737a1112fb,829b1d3da6a5e54d51055338281a5dfe,home_confort,home_confort
25033,28677,1,73fbb5c7d95425e37d003af6ee943997,bd5110ad5f718f7c3dded1c18b4b135e,bed_bath_table,bed_bath_table
25040,29926,1,a4aa7c1427c31344e5f7cc3d839fe562,d0b61bfb1de832b15ba9d266ca96e5b0,pet_shop,pet_shop
25047,27072,1,44f33e4105880d97c9db2506954dbfa3,c2d28f0e9e7925b59ea575da70e8f884,pet_shop,pet_shop
25057,28023,1,b96115c5e5fa5f083da5650e74411738,e35b496654367ba8f9ab8974a23331e6,fashion_bags_accessories,fashion_bags_accessories
25057,30259,1,b96115c5e5fa5f083da5650e74411738,1095f63b46911593e051ed9a0d31fe87,fashion_bags_accessories,fashion_bags_accessories
25058,30446,1,77d86f9e64c28aa93e3d46f4047646d7,40678c9096047877fa74a25cc6f0a726,auto,auto
25064,28064,1,1a57051039dca27521c83e2212042176,ae7a0b7f28e53b07d86e85f796d6e6de,fashion_shoes,fashion_shoes
25066,26730,1,31c79131e883e5fd8c4c85fe9f7d2bb2,b24af8bca8813bcde4140ff8562f5e47,telephony,telephony
524,16965,1,6a23ae3187f1dac41b7210a8c7739d6b,2ff995aead9c63a1f37a07b3664ead37,furniture_decor,furniture_living_room
25082,25207,1,e2ad69c2a7ddfff443751c7b57a9c23e,59617a7c706291d0b7df5b380aa3e583,Unknown,cool_stuff
25109,28828,1,2ed52188df2df50745b4f6a9b0fa1c06,5da831182fe9ba6ab33ab17bbc5d16c7,sports_leisure,sports_leisure
25141,28494,1,f353779abb6114db5f8f79fbad12e375,44ae8d3edf5612ff7a39d629d5bbb8ae,housewares,Unknown
25152,30051,1,c80525a7dab2df6000ca88a2e7197323,648b8a8c89e77c27e1e894e857667f6c,health_beauty,health_beauty
25219,28413,1,a9f480bfc49f0b85e8394e1cdf685b4e,1bfe62f326ac7bec0f5a83c10cfff228,toys,toys
25239,31329,1,d568eba76717c34870be82a2e9a194cc,eede3ead395a8bdfb3ca7cbf6e0cb421,costruction_tools_garden,construction_tools_lights
25245,29891,1,fd52a24b7fa473a6c7a62a5ee7579def,6f33a4a09ae1180a0ee1ff4682b2d21f,stationery,toys
25247,30404,1,68486b30d9aa029461c1906bdcbf09df,0cf13ac73dbcf6586ba63b89dd1f780a,furniture_decor,furniture_decor
25271,30367,1,f0b543161e745b6c80a79c368db167a5,36bd3e4daa4604d112f17dccd24ee59e,telephony,telephony
25290,27013,1,62f423e57a8c157d3877ee5867d7db88,90aaf7f993470e411207adabf5b998b6,computers_accessories,computers_accessories
25311,29848,1,a50c606310374ff8660bbe03010e021b,d191e54bd50ba045ac5bc9336572886f,fashion_bags_accessories,fashion_bags_accessories
25321,25688,1,96b4ceeea5f4e3997ac6543f49a4f138,2efe8f5e5c3b7327473c75cf2f11bb02,perfumery,perfumery
25389,27123,1,00ba6d766f0b1d7b78a5ce3e1e033263,cd489785324bc65510f5a0ea2382f1d3,housewares,housewares
25389,31015,1,00ba6d766f0b1d7b78a5ce3e1e033263,ff95ac47246ef13e48712ea1ff8df0d9,housewares,housewares
25390,25888,1,de916cab431520b8d1980c24bf4dd473,e4ad97ce352e46bebac92018f6ed976d,toys,stationery
25406,30782,1,f087c706a59c175468a1a05c5d2305e5,a7b9753ca5040193a1505f15c723c0e0,furniture_decor,furniture_decor
25413,28179,1,eba9c1e37886a1be0cb4bbb39321e914,41db6d8062fcd38410c699743ccc0265,telephony,telephony
25428,31681,1,a57ac492e4e2cbad73b694cce2ba4b7f,ff9032482857269e8683f0c2f8ba4709,fashion_bags_accessories,fashion_bags_accessories
25445,28701,1,f34707f5f83dbd799b36e79242802784,99ba5fbf3ae895fe3a9289acd0a5eb91,telephony,telephony
25496,32541,1,57bdf3098169cccdb62221bd3e089cbd,8920f1824cd68512eb6fb0b0f41004bf,fashion_childrens_clothes,fashion_bags_accessories
25505,29019,1,2c446ef2d2415f2c802a41573824282d,dca43bf1f5d44f76105f0633b7fd7ea1,housewares,housewares
25513,26471,1,9fc98e39f04be8e382d8aa5e259f5489,5199c64bddaad759e3cc82d7fa449570,bed_bath_table,bed_bath_table
25529,27218,1,05cd024f2c54923c3396db4156fdaa44,2078312a2dcf1fcd8a38eabcf5dd033a,furniture_decor,furniture_decor
25564,28912,1,e9b3cf27d68caa64832c4a7c460abcb9,61b82c5df7252c3a4484943ebadd2a4d,market_place,furniture_decor
25576,25894,1,a8d44734cde6fbd2f5c32818da67b97a,1fd3bb291e0dba9d6081eb914303993b,housewares,housewares
25619,29845,1,786248c98cab9ad5cccdb751909da1af,bbdf7b7e937d9526d3acd9854d7e939b,stationery,stationery
25619,31987,1,786248c98cab9ad5cccdb751909da1af,e82b2802625252b6d72b3e1d36f82670,stationery,stationery
25642,25888,1,68bf40b3abd5ffc25981c25df9ed9087,e4ad97ce352e46bebac92018f6ed976d,stationery,stationery
25646,28563,1,a1250bbcaa645885c9165eab1573b5c6,69c1a709ba2ac6511ef8553b93074ec1,fashion_bags_accessories,fashion_bags_accessories
25646,29278,1,a1250bbcaa645885c9165eab1573b5c6,77fa3381855b6763c52ca3b72824f508,fashion_bags_accessories,fashion_bags_accessories
25661,29349,1,481aad97c80d6786a7c6096991003274,a62e25e09e05e6faf31d90c6ec1aa3d1,watches_gifts,watches_gifts
25714,28970,1,349ce46a0e2e20054aa9d80c48af8816,a39cc58c1b5926b6f9f378daa89f1315,construction_tools_lights,home_construction
25779,30926,1,7d1a4ebaf97da87516f9b108af5bd3e3,253630f686917e7d27f9e81f81b2f94a,art,furniture_decor
25815,31877,1,e101ca6287658a6104e804774d56b871,7c65bcd66be0ad761948bfeda4e7bd2f,home_confort,home_confort
25842,26902,1,dcebc51f6a02993ffaa4167c339a3d79,7b0319f86ca302954787a58d2b3831da,health_beauty,perfumery
25846,28784,1,208c1210f363c82510f5609d5feb0341,42ca857208d059f51c317b503000c385,pet_shop,pet_shop
25849,30437,1,7e07898c0f30ec34cc5d255bcc4b3747,24297ae137968498e50c2f283a4f3d9c,bed_bath_table,bed_bath_table
25888,27559,1,e4ad97ce352e46bebac92018f6ed976d,49adae85b53072da0eb9a88c3f0d2c7b,stationery,stationery
25890,31222,1,716fce31a0173fb20b8b729d68f1446a,3ce943997ff85cad84ec6770b35d6bcd,computers_accessories,computers_accessories
524,24504,1,6a23ae3187f1dac41b7210a8c7739d6b,eb8c629f70275fd1c4f809116cce1efc,furniture_decor,furniture_decor
25906,29438,1,e95fb3a80ca294f39de925b6428f3a32,8c7fe240bfde64b6a20eec6fdb986b1b,bed_bath_table,bed_bath_table
25906,29769,1,e95fb3a80ca294f39de925b6428f3a32,99444c1e11fc38755dae86f5c67d3d1a,bed_bath_table,bed_bath_table
25906,30088,1,e95fb3a80ca294f39de925b6428f3a32,399f54c06661d06ca45c6e24ed238e0e,bed_bath_table,bed_bath_table
25941,26726,1,8aefc25069d9ccef99f9f08d4a869ac4,d7238572bdd6dc8facf58ab8f0e3cd29,telephony,telephony
25951,30023,1,88bd8458fdc2ceec3e71ef1d867a7b45,a2a074bf18230a66559fa3ba6977bcad,telephony,telephony
25961,31068,1,81de659bfde3389fc8614bfba92e585a,dc68ee0fcb033a1ab6714fbb5db60c15,furniture_decor,furniture_decor
25961,32099,1,81de659bfde3389fc8614bfba92e585a,53759a2ecddad2bb87a079a1f1519f73,furniture_decor,garden_tools
25996,29092,1,93d8b11d613a563f5a26212282bb145e,acebea1efbaa063642166633d247aec7,furniture_decor,furniture_decor
25996,32698,1,93d8b11d613a563f5a26212282bb145e,38e19855caf485b504d6f33ed31a9eb4,furniture_decor,furniture_decor
26045,27622,1,25f86162fee18735fffdb762dcb10d7c,bace90a7338e9d31371ad47811cf4c7d,bed_bath_table,bed_bath_table
26053,32061,1,6421588f55f75de28cb3357e07723d14,49eeae59754cbcf1abeeffb8f51184ee,bed_bath_table,bed_bath_table
26057,30900,1,cd98dfe8c9e4a7e14da489ba34f3a845,414c53fa9c5cc4a0390682aeb2e25ec1,housewares,furniture_decor
524,25517,1,6a23ae3187f1dac41b7210a8c7739d6b,a97a0ec5a609c8af654b79e9a96d12af,furniture_decor,furniture_decor
26109,30384,1,89b121bee266dcd25688a1ba72eefb61,423508a562a915a6a9454374fb6a4c70,computers_accessories,telephony
26125,27910,1,ac946196783ec18b207ead8a00d3f5c4,b865aecbf934fe78d172e5a0f7a73ec0,baby,baby
26178,26567,1,24dd446745b812ef3347d7ae00f5541f,10853770629fe365086f9522cb540549,small_appliances,small_appliances
26189,31887,1,54aa236e8ff33e6f8bccd2ba26daa29b,896d1ba1aff2ffd509007edf7de92e98,bed_bath_table,bed_bath_table
26213,29265,1,08ef02b6aae73ad3a385cf1342f609c7,7b49e585ac8c80b14c9b2815d4db465f,bed_bath_table,bed_bath_table
26218,28957,1,4c4ac406dc3f4a2e7805e4b578d0fa0a,cf8316c961640d38321241895b7811c2,bed_bath_table,bed_bath_table
26251,28154,1,7f9475c2e93957f54e9dd045dd7ce6fe,cd32c1a6eb38dcf2a8afba626ed0172f,bed_bath_table,bed_bath_table
26265,26982,1,e19ed24240b0a59787d78d68f6dded7b,7f1a77bec0639e473392e91a504272a5,cool_stuff,cool_stuff
26266,31807,1,afe60f026d04f54945ecf4c085eff7f5,6a09ecc3113cbbf409d21369dd82f854,computers_accessories,computers_accessories
26303,26828,1,92c7ec84190a13612cae0baf13804b23,abd7ed8ecd726157215c9eb9caac7356,bed_bath_table,bed_bath_table
26311,26330,1,ec5b3c8bb77ad22278f6e9d719a83de3,7697c75660a647dda82cac88c20a77b9,home_comfort_2,musical_instruments
26311,28529,1,ec5b3c8bb77ad22278f6e9d719a83de3,afc5c69b96f8f284a0eb2784e9f963b9,home_comfort_2,auto
26323,31249,1,91d61438eb9c4168814ac58103174e40,2ebe00f53430b4eb4086f08409ec7760,telephony,telephony
26352,27701,1,da7da0c2d3f2dbb32bee4ad3cf467fc6,5d6bea33648f018dbb563f3a2fab09f3,garden_tools,furniture_decor
26377,27272,1,ecbe1ef7e2903ff8b1d704ba78fa264d,400e2ea46d0af06d91c744b624ed8a59,sports_leisure,sports_leisure
26383,30891,1,eebbed5ed3b134eceb717496c47652ba,3e5201fe0d1ba474d9b90152c83c706c,bed_bath_table,bed_bath_table
26387,27767,1,6c706bd66d6df5b9eaa716699943efd0,a0eef953cb25bc9ae40457e1c3c82946,furniture_decor,furniture_decor
26458,30891,1,9ad75bd7267e5c724cb42c71ac56ca72,3e5201fe0d1ba474d9b90152c83c706c,bed_bath_table,bed_bath_table
529,10284,1,265928225c1358e74bf8668ff65096f3,c7dd52c6177b277973286c741e7894cb,toys,toys
26499,29068,1,f889fb87b505b73de10c18b93352469f,0a4f9f421af66d2ea061fbb8883419f7,health_beauty,health_beauty
26545,32759,1,bae10dbc910829c1bbadb071a446b87c,5d111f6911df7bfe5ca68fc9b9251d51,sports_leisure,sports_leisure
26559,32158,1,f6d1df8e2ffa44fec7c8afa46ac7ddec,85bc75556b80a24f923eaf3607d917a7,furniture_decor,furniture_decor
26600,28491,1,89a728cf89ef556b073f4464fc07e9f6,127de0ebca0eb694783d75d96fbf7109,auto,auto
26636,28511,1,978017df6a79f817ff723f62ccd2c786,e456721fdab66b576664c035ad183965,fashion_bags_accessories,fashion_bags_accessories
26653,27222,1,2948658cb6abc82847412be7201bfc4c,7c55ea4aea1acf1ce11440010f5aa298,health_beauty,housewares
26671,29467,1,b86d1f2c052bc4749ee88bb74688d814,892bc3e900a6ad3cba5112ccdb33466f,garden_tools,garden_tools
26688,29438,1,642247ccf62585635cefa1bf09f59b94,8c7fe240bfde64b6a20eec6fdb986b1b,bed_bath_table,bed_bath_table
26720,29344,1,3b037eb584c1cf92fb419eab507121c6,e59dd207c69d86e890febadc796d1078,computers_accessories,cool_stuff
26722,29214,1,79351053555d5b98a09738e68f891f1a,9ddd762ee8a13576a809dc66f22aa2b5,bed_bath_table,bed_bath_table
26737,27685,1,c4fc1d4489f664ce1c6c55b7089738b2,d017a2151d543a9885604dc62a3d9dcc,fashion_bags_accessories,fashion_bags_accessories
26738,32026,1,a0644c97f9915e9f442b94b4a5a2fa1b,35afc973633aaeb6b877ff57b2793310,bed_bath_table,home_confort
26743,30427,1,a5db7a80a8d9c9d49050360fceb6ffd4,d62ed986672bfab13938e62e6badec55,stationery,art
26761,30382,1,d80fce9f775927c7d602c2de926759f1,ddbf57e4559f03c003fc3708d4860c5e,bed_bath_table,bed_bath_table
26761,31971,1,d80fce9f775927c7d602c2de926759f1,a3a10562c9d134b92f04b8cce298d037,bed_bath_table,bed_bath_table
26820,28574,1,8daaaa541e5e7170db4188f93911ab3a,85d61a3f77ccf65416956689668d4bba,pet_shop,pet_shop
26831,32026,1,1ce5b88456351c3b986532265a56d223,35afc973633aaeb6b877ff57b2793310,bed_bath_table,home_confort
26838,29195,1,577fd304233fe9412349ef6a4a3f6ae6,a7742a00e1d286b7f7d4d81e90d8acc9,toys,furniture_living_room
26964,27839,1,464a2bd11ce5cf1fcfb4f609dedcf914,caf9add3dcd98d688be0064d9faf65b1,furniture_living_room,furniture_living_room
26992,29562,1,4275f85d0173354d8ca336b70a87aa6a,2265e8aa066cc6c4528d4be900eb5b64,baby,furniture_decor
27001,28427,1,cce679660c66e6fbd5c8091dfd29e9cd,0152f69b6cf919bcdaf117aa8c43e5a2,bed_bath_table,bed_bath_table
27086,29550,1,a78b7b0cc4bc7068c5ba6051f0101484,1f78ffcfb88226a0905e335084c1fa5d,bed_bath_table,bed_bath_table
27123,31015,1,cd489785324bc65510f5a0ea2382f1d3,ff95ac47246ef13e48712ea1ff8df0d9,housewares,housewares
27212,29923,1,75b317dc3a4d186a05953668cb82ec66,1ecbc86db1d81121dcf8790e2fa31ddd,housewares,housewares
27256,29975,1,44a6e4ecf7b48f87481c243383b1c4cf,9b9d1c4bd979b93c138044e032f99780,health_beauty,cool_stuff
27303,29141,1,e1bf73a530f7e6ea9df12e1238ab7600,f39288f58793ce5e6985b3f7832af88c,baby,fashion_shoes
27318,32030,1,cd70dc78e373501fa925b1b3195404f2,b7b6040b62676dcd6d4ddd81088a70dc,stationery,stationery
27445,32848,1,65a487289033740a0a896d72a6f2a1e1,a370599bb36b6aa53a8a4f428440f860,toys,toys
27500,31606,1,49650e49c3af7ccc896f634d039cd921,daef10c972d7295283e377d5fd9985f1,furniture_decor,furniture_decor
27521,29067,1,67210f2751a0c0aa78d46d9513abc836,fec3b45dc09b257690a09a742870b149,construction_tools_construction,garden_tools
27521,32736,1,67210f2751a0c0aa78d46d9513abc836,dee46ab618429cbd3cdf24b2eb4c7f34,construction_tools_construction,construction_tools_construction
27593,32099,1,2ef36e1cae01b86d0ff0a2f50ff2bd53,53759a2ecddad2bb87a079a1f1519f73,furniture_decor,garden_tools
27616,28461,1,c78fe06bf8820aaf7ccbe38f2a7f5a76,6a595ba787e397469b1a147508f361a9,auto,auto
27678,29780,1,c90526921508388bf77c6f45ff36c412,fbaefac04950112a7da468bc016cc257,toys,toys
27685,31681,1,d017a2151d543a9885604dc62a3d9dcc,ff9032482857269e8683f0c2f8ba4709,fashion_bags_accessories,fashion_bags_accessories
27701,28970,1,5d6bea33648f018dbb563f3a2fab09f3,a39cc58c1b5926b6f9f378daa89f1315,furniture_decor,home_construction
27851,31388,1,c211ff3068fcd2f8898192976d8b3a32,8a443635fdf9759915c9be5be2e3b862,bed_bath_table,bed_bath_table
27851,31781,1,c211ff3068fcd2f8898192976d8b3a32,cf28a2b7bc92809a0574cf07772c88c4,bed_bath_table,bed_bath_table
27855,30136,1,4fa87eb0a7d3d0e774828565b1b8020a,a6bbf1a7c24a6047e499f1374648d824,furniture_decor,furniture_decor
27857,29887,1,8246b1e9198f46fc3c05900f43568ba6,d04bbac48960ecb7ea311b00ca6e1cb7,industry_commerce_and_business,industry_commerce_and_business
27883,32554,1,9649ca274c5438e7f13d0af44db9bcae,b888a082a8954a5404448811aaf9d9e6,perfumery,perfumery
27904,32222,1,817e1c2d22418c36386406ccacfa53e8,441293f432282ea2ab9c82fe5f0fb875,furniture_decor,furniture_decor
27904,32804,1,817e1c2d22418c36386406ccacfa53e8,a155b4eeffbbec8a728eb1ad73705153,furniture_decor,furniture_decor
27937,29300,1,18721a85f6f265d6137dfc0f88cc0534,10adb53d8faa890ca7c2f0cbcb68d777,bed_bath_table,bed_bath_table
27937,29769,1,18721a85f6f265d6137dfc0f88cc0534,99444c1e11fc38755dae86f5c67d3d1a,bed_bath_table,bed_bath_table
27937,30133,1,18721a85f6f265d6137dfc0f88cc0534,e50ee1b5ca5566f7f341e115533015f5,bed_bath_table,bed_bath_table
27960,28022,1,4d69476a7bd01b8eec1c87e60778364c,a42d9c825894f96fc6ed02610891454d,sports_leisure,sports_leisure
28023,30259,1,e35b496654367ba8f9ab8974a23331e6,1095f63b46911593e051ed9a0d31fe87,fashion_bags_accessories,fashion_bags_accessories
28024,30294,1,abda62f854cffdc94184e6bccadc2286,389d119b48cf3043d311335e499d9c6b,housewares,garden_tools
28024,32099,1,abda62f854cffdc94184e6bccadc2286,53759a2ecddad2bb87a079a1f1519f73,housewares,garden_tools
28067,31742,1,4cfb235f669979ac1f6a7f9705c1ee81,3af242f6518c23ebab15619fdc356e43,baby,baby
28076,31219,1,2cf9ec82c2ca858baedfb2c2e5c06b6f,e255eb3c42d6fbb54d63d32e4095de49,housewares,housewares
28128,30124,1,4e44cdda9e34fe16c6403ae9c67ac7ef,39c1ee864a1e202ce16e57becca2f68a,home_construction,home_construction
28133,32026,1,cf54cbfe4e33bc8f7b34a65da576497c,35afc973633aaeb6b877ff57b2793310,bed_bath_table,home_confort
28140,31562,1,8a3cc0bbd52a7985b211643c48ceff4d,6109d0cae3bcb57d579bc0fab6e61814,luggage_accessories,luggage_accessories
28211,32474,1,008cff0e5792219fae03e570f980b330,87aff1d9a5e94db6840c5b963a5cef90,sports_leisure,sports_leisure
28233,31739,1,fc5dd987f12a7b823a76a44aa1ba88f6,70d581e7cfecc88d345ee9c197d1fbc8,Unknown,pet_shop
28233,31750,1,fc5dd987f12a7b823a76a44aa1ba88f6,67352926da43ede7a129a72ed744bc74,Unknown,furniture_decor
28314,29683,1,ea9394ab60edfa4cca87947a938e8046,17383e180cbea9ef103d90a72754cd54,housewares,housewares
28363,30406,1,9a0620ddaf3055b7e588e936e036a529,51ce083cd2b9078656a94655ab45b8a4,bed_bath_table,bed_bath_table
28427,31670,1,0152f69b6cf919bcdaf117aa8c43e5a2,6c936d19c8369a0133f91638147d81db,bed_bath_table,bed_bath_table
28484,29699,1,cac9e5692471a0700418aa3400b9b2b1,717e96fd0fc2d06fe158982bce5e6a8f,baby,cool_stuff
28484,31964,1,cac9e5692471a0700418aa3400b9b2b1,f3d7339839e02f580fe8fca5755e0e25,baby,baby
28545,31299,1,b8fefc9c1f951969968e904d08bfa8cd,1a2d00b771a438bee7055bbd0086e003,bed_bath_table,bed_bath_table
28563,29278,1,69c1a709ba2ac6511ef8553b93074ec1,77fa3381855b6763c52ca3b72824f508,fashion_bags_accessories,fashion_bags_accessories
28601,28892,1,604f77463358e12a3154c65cf2c5d3d5,81fe540cb0119e1d4ef5f191701b3cb9,books_imported,books_imported
28650,31574,1,5d5a4bac98d0066fe4c630ea3bcf5e13,1fea2a921fb07ca863ffdda55598bbdd,health_beauty,health_beauty
28668,28914,1,fd0c762860528d119344e1377b574fc5,c50f4a0f1214c5054279a7017d1f4405,food,health_beauty
28689,32026,1,635041fb8431d6de8a42741bab6caa9f,35afc973633aaeb6b877ff57b2793310,bed_bath_table,home_confort
28709,32286,1,5d90b82ad1fdff812987fa28158b7984,211d04c14dd756f5e4dec38c19187fdb,bed_bath_table,bed_bath_table
28741,29304,1,e892e0e01990e737eb81a57db12f8c8c,e044a6c8994164db4e2446054a374b9a,health_beauty,health_beauty
28779,30516,1,3ead2a8b3b92444cfac54979d56c7993,2b7bb91ceee2bfa598986638fb136ba4,food_drink,food_drink
28845,31469,1,45f0310974e6082deeda855f91984347,87351480a75abfcf15ec67af64f28ee6,furniture_decor,furniture_decor
28846,32271,1,3c261802e239d1f2dcda5ed49aa14220,a029ecbeadd18685578725691cb11160,toys,toys
28901,30396,1,b1a2c5a9823f4c481150a7ab9e48be70,b796ff0faef3d062a8ea7c5ec1085469,sports_leisure,sports_leisure
28906,31280,1,e924834e9269807fddcddbbb45c4a54d,a25583531530c0913ea4dee2c5c73685,perfumery,perfumery
28913,30747,1,a7d2c99f1d0e7ddfbce06d48f12b61a2,7052c556fc966a2321d570f3c5a8790f,housewares,housewares
28954,32866,1,362052fcdf7c9e3596a0a6c97536cdc3,00faa46f36261af8bbf3a4d37fa4841b,fashion_bags_accessories,fashion_bags_accessories
28975,32767,1,c2c4abda0d688d5c2a7f48644ee55a8c,01e20e6604216c8adb31d463214ba00c,electronics,home_construction
29033,31628,1,e86b81dcac341ea01df0260077cdf082,599dc392f7a23273471b068d72408224,computers_accessories,computers_accessories
29039,29887,1,88e84a987b4681434dedc0bc9e00826b,d04bbac48960ecb7ea311b00ca6e1cb7,industry_commerce_and_business,industry_commerce_and_business
29062,31506,1,9b7852df1a77c9a80cf5151803db4282,525d023cea7235fd59133983cc5269bf,housewares,housewares
29067,32736,1,fec3b45dc09b257690a09a742870b149,dee46ab618429cbd3cdf24b2eb4c7f34,garden_tools,construction_tools_construction
29092,32698,1,acebea1efbaa063642166633d247aec7,38e19855caf485b504d6f33ed31a9eb4,furniture_decor,furniture_decor
29148,32416,1,b811b7a802d2bc88a918a9b785a6c18a,49d05515656ae5bacab920395f834244,computers_accessories,computers_accessories
29154,30259,1,23384f296aa1bf6461d22912093a9847,1095f63b46911593e051ed9a0d31fe87,bed_bath_table,fashion_bags_accessories
29189,32717,1,62de52bc0f87cf3a234c38e196edac91,fa6abc53b6abfed3231c37cfa290850a,garden_tools,garden_tools
29214,30406,1,9ddd762ee8a13576a809dc66f22aa2b5,51ce083cd2b9078656a94655ab45b8a4,bed_bath_table,bed_bath_table
29248,29527,1,dd2a86c701f0442fa851c5391a5b81fe,ecc1323a42fb16f485902b43aef03a03,bed_bath_table,bed_bath_table
29271,30295,1,7c6fbb3a5346dfd607386155c6f628f8,0afe6af6700e5ff3b7b6f08a0b12ce71,health_beauty,health_beauty
29300,30133,1,10adb53d8faa890ca7c2f0cbcb68d777,e50ee1b5ca5566f7f341e115533015f5,bed_bath_table,bed_bath_table
29359,32208,1,ee7b75ae9c945d4775460a67051036db,be8fabd5f8a50dbb81c1f36499f077d8,housewares,bed_bath_table
29367,30009,1,fa814ebf85f1640b2acea3c4378d40f9,4ed8030b452688a37d26044e966eff12,bed_bath_table,bed_bath_table
29485,31744,1,01422266d7a3131403364787ef9dab11,fc5bf9e50dbfb45e7634bd8c045411c5,cool_stuff,cool_stuff
29592,30333,1,0b0c04563408d8d1187cdbd6292a89fa,80ac250f5bffe3fff8097929c3c4a938,fashion_bags_accessories,fashion_bags_accessories
29654,30440,1,a50acd33ba7a8da8e9db65094fa990a4,ca06834d20745807bfae7f2184f67df8,auto,auto
29678,32390,1,db34e1e6f14cc3755d9149fe8a1de9fd,80c57749d2f15bd7e9a1339d0ce883c4,cool_stuff,cool_stuff
29684,32462,1,d9e7d13814ea50f9ae1f612ef6b3a1f1,03e931f387c2dd5b006aecdb12515b2e,bed_bath_table,bed_bath_table
29728,32004,1,a3f487d2926f4af42e86454a8ec474c1,bb90206fa281c20f0b4c42a2393b54dd,computers_accessories,computers_accessories
29750,32133,1,56c0a9eb43edf8247a0a2ef0f08af0f5,30ed2f5bb848bade9d8906ef78dd880a,bed_bath_table,bed_bath_table
29769,30088,1,99444c1e11fc38755dae86f5c67d3d1a,399f54c06661d06ca45c6e24ed238e0e,bed_bath_table,bed_bath_table
29825,30271,1,4525ba25c6fe12c6c01f869b3226d8e4,dff2d533131f407db58a34fd3f832821,bed_bath_table,bed_bath_table
29845,31987,1,bbdf7b7e937d9526d3acd9854d7e939b,e82b2802625252b6d72b3e1d36f82670,stationery,stationery
31,6272,1,47859fca9dd7485cbd93c3e8993bb74f,542d6af4881a5a647cde02c201f43916,bed_bath_table,bed_bath_table
30891,31767,1,3e5201fe0d1ba474d9b90152c83c706c,665aa1d687284a4d2d2b74c0c6724625,bed_bath_table,bed_bath_table
30896,32740,1,946344697156947d846d27fe0d503033,99c88c191bbed92f5be4ca3b00eb1a42,bed_bath_table,bed_bath_table
30968,31476,1,eb53f94fdc60278efcef123bb275658a,2b10e945dae5434075c8bb2be0d17325,bed_bath_table,bed_bath_table
30992,32099,1,d979289e78afc0a6bee40e1f9dabe520,53759a2ecddad2bb87a079a1f1519f73,home_construction,garden_tools
31003,31222,1,b40ec43bdfc6d6fdd65e882066a5c895,3ce943997ff85cad84ec6770b35d6bcd,computers_accessories,computers_accessories
31050,32195,1,d2cd82700fc883c398ede93125dc1793,9f46622a1318d3fd0de27629a63e165d,fashion_bags_accessories,fashion_bags_accessories
31068,32099,1,dc68ee0fcb033a1ab6714fbb5db60c15,53759a2ecddad2bb87a079a1f1519f73,furniture_decor,garden_tools
31070,32128,1,61984b4164968929229a5bed244e353d,125e5760a3ff01937be3b2a1a7f14aa6,bed_bath_table,bed_bath_table
31144,31440,1,2e19ac96fc0b777c7e0c821618eaf98a,228f57b1acb5bdce9401c58653c8cc14,watches_gifts,watches_gifts
31150,31847,1,a0045b8457877b5981ed6c79b9b0765a,3a3232c5a8df0895d04012fb058f4bbe,telephony,telephony
31235,31895,1,fd91e23b4465803725f329b39afe018a,bcda9424eac9dd4c6f2d739e92c0a2ab,furniture_decor,furniture_decor
31296,31878,1,ba92b5a0701d2f820ba6ca8f8c86294f,ddb9028236525b8ab493fc24f99e8d1a,bed_bath_table,bed_bath_table
31453,31946,1,0a8364a63342dab8877bc3e5eb7cff6c,1f8e37053267b9ea6ef0fbb02cbdce80,housewares,housewares
31565,32026,1,996ae0a67e63b78b427a1f8d07543e86,35afc973633aaeb6b877ff57b2793310,bed_bath_table,home_confort
40,30294,1,680874c570dad71c0a2844cfbf417054,389d119b48cf3043d311335e499d9c6b,furniture_decor,garden_tools
40,12829,1,680874c570dad71c0a2844cfbf417054,fc276546b539ea9ad62827c2a5e2ae42,furniture_decor,furniture_decor
48,14734,1,bbf920aa6ac72007a726e6f419156f8f,c5e31bcea566d7f28ebc011e9fee182f,furniture_decor,bed_bath_table
48,22109,1,bbf920aa6ac72007a726e6f419156f8f,f97a136cf6e5f5d9333b513afc8b153e,furniture_decor,bed_bath_table
55,13535,1,4c8056caed5757810b9a68b83c3759e6,c68252426f70e1434cf6e465d7cae869,luggage_accessories,luggage_accessories
74,26392,1,556702ebb73d3786a852ad3d5a8ad268,fec2d939a171210847d8f2d102f0dba5,construction_tools_construction,garden_tools
78,9541,1,0d009643171aee696f4733340bc2fdd0,e1608f467393da59b31f1b40b536548d,perfumery,perfumery
101,1331,1,6ddc95e87149457c4c5177b0a474a9ba,c59f580bd1844c1f634ce410bda0a6ea,furniture_decor,furniture_decor
101,10482,1,6ddc95e87149457c4c5177b0a474a9ba,809ab2033b8267fc321860bf0d4dbb11,furniture_decor,furniture_decor
106,3253,1,a41e356c76fab66334f36de622ecbd3a,765a8070ece0f1383d0f5faf913dfb9b,Unknown,sports_leisure
112,9600,1,c12b64bf0861a27e0f06c36ef82f457d,f85aa92e1305fc26494dae38bba39266,sports_leisure,sports_leisure
125,16796,1,55ec10b39713ee81ee2c5bcb558cf866,bac2d18d169f029e0721b8aca9c8f269,fashion_bags_accessories,Unknown
136,19439,1,bb09cce52b336261572a5a7e25a33795,8213da1c8eae3aa3fa5c70d87fc1581c,housewares,housewares
136,30712,1,bb09cce52b336261572a5a7e25a33795,4b15c9a92a5637d71143577edd7718b1,housewares,housewares
146,1064,1,56139431d72cd51f19eb9f7dae4d1617,169837a0e2864f37482261c3d7a2dd80,Unknown,health_beauty
147,7775,1,3cef8174403f4fdedbf24fa67fa9f132,773a9c97b7435492ec93014cd43ecf77,baby,toys
47,19826,1,5f504b3a1c75b73d6151be81eb05bdc9,4228398e19ac96e84e14924449bac556,cool_stuff,toys
