order_id,actual_review_score,predicted_review_score,absolute_score_error
8a6b619c3aff55f02ec3cabe6d746ce8,1,1,0
2fe8d06695835130f65178317d0be4c7,5,5,0
f1ec04b3b8679de55776bea7e3ad436f,3,5,2
96068d351a84dcea0b929884876e4fae,5,2,3
d053b132c9cab9591737e9754ccf21be,5,5,0
1cfb1004795caeda0e94f5bfdb879dfb,4,4,0
114b1cbf281d72023b151203775b0b4f,5,5,0
79b49127db2c9bc718a161183671505c,5,5,0
1e6582156af0035606a446213730ca65,5,1,4
6b17faa4e2b485586a3bbe992eb96d0a,1,1,0
5b6d41acb7c2e60bf82df4d27888b501,5,5,0
ea4fcfe5ac29f18e634476ce3f68760c,1,5,4
2f803c32f469729b9a81a120bcf74567,5,3,2
d8ded99e3d8a9de0aba5037f97743cff,4,5,1
cd274d860b561e0f2270dfb45ef0f066,5,4,1
bd53eaf563a119c58bdf9a9d5b8cd012,5,1,4
555b96fab13352cfb0199d765806f364,5,4,1
7ca7bb0f6b6d3ff38dbb91aec21a0e62,4,4,0
e313e28672ccec17e6e1612899299623,5,4,1
d67445efbe81f76ebe2f1e2c474411f0,4,5,1
d3b224f55ede50045860d4fd4eab01ef,5,4,1
a40edbe5d365b2950b82a2275a5b211a,5,3,2
bee3c772bf29c9b56628b4fc2206fc9a,3,4,1
7c95572fd6e7e0ab8b88b00fd8c70716,5,5,0
4ecb7b84b78466108b99fb193e6898d5,5,3,2
a18cc28d5b932f1f4a35cf7c4e63e571,3,1,2
303ee5296914e7240620a31df874be35,5,1,4
4087849bcc671e4fd0e10770daa7bff2,4,1,3
9d48a2dfef2e0cb6155f816b9bf8489c,5,5,0
bf0037905499198f0e5f888208d275cf,5,4,1
59934ef5e174b490aacecbbe4f381155,2,1,1
8ba38eb02a4a3e3b991c454cff9c9f39,2,5,3
6c15ee8450a1710e7495723be99f4030,5,4,1
e4ce7e9f0b81f2de2415e30494021d2c,5,5,0
f037570b9dc59fcdd25a6d3e87135ce4,5,4,1
c9ecb640dff0357ce506afbcb9dcb76b,5,1,4
be55e32a03c6067d7fac887a8f607d11,5,1,4
1a2582ca80feaaf937cc94d437ba1635,4,4,0
d80bc8900db383324d145cfb1c1aa854,5,1,4
5e4ff61ebeaffec83fa558b5644145dd,4,1,3
e5b203174e16a24326eca2118bf82a94,5,5,0
765f62aa9ec878cf62b1533261ae8e87,5,4,1
32bde441c2a8669167988229bcafe2d7,5,5,0
0edefae02733735c88d242ce6b781802,5,4,1
728bdd52f6c0ce9559950e2486289421,5,5,0
59da0d6767ec282e26ad95f315276dbc,5,5,0
d48c5a8ece8e3482630f42983dce073a,5,1,4
a50aa8b40d7c388a14e6fe4ec5528ec3,3,4,1
2cb146ee8dcde5dc2e8dda5bcebe3f47,4,1,3
efc035fd1de66e8eba117b98ae0b1f7f,3,1,2
b4c5ff803ab75f16ce38e62e25cab043,3,4,1
07860da7c16265a28de8c2b2e9f4552b,4,5,1
74d57affde20203d533384dafa37f324,4,5,1
ad5bf590212b05339591fac819fec669,5,5,0
167a89d17687b40764e54424ec1f9afd,1,1,0
4b156097ed5516456bec1b582279acf8,5,4,1
df52ca7830380e7d8f7292e99434eea7,3,5,2
2d39684ee5837bfee04f0cf2c8eadde5,5,3,2
17999150a37e709ef58ae49a064400fa,5,1,4
1c8b4e99b0bc55e61bda13d020efb26d,1,1,0
576b3b33dc81c4368f8256613418a197,5,4,1
a73d909b08c8058d8c1f42cdb2ada6ae,5,5,0
46da9ca70ba869541332f73b43acad1e,2,5,3
d066a1b39a2761019f3109572b3b0db8,4,4,0
be27ab7c550fcd6a7988396258c309f7,3,1,2
837bf2d48f18fc4d6e2e32cac9941960,5,4,1
370cfb4244f1a15b8d60d32fce42c3fd,5,5,0
9e488299fb7e4dc6869975e2b3e9302a,5,5,0
0101aea69a09e1aa32caa6dbaba98503,5,5,0
d3a304fb1d9ad51a7a3b9d23e7d82bbf,5,5,0
766f2ea906854dba48165692221f51ce,5,1,4
6add4f25c1ffe76a240131e1e2158b1a,4,1,3
c9c2db5b32175fba946f9600ff4a9bc3,2,5,3
4553e6bea248714596b270fa8e67e0a0,5,4,1
5a8860de5c94def4edfddc2f88880b2f,4,4,0
507f10036261cb4c3ab736a68441d6a1,5,4,1
aa5d6c8f531d300ba705fa1f78e02a9c,5,5,0
e3095d728011efc529f2db0e0f4cba46,5,5,0
93d94474ff31149c751c5123897916d7,5,2,3
0c67c33a0a66f1eb55919fb2e68a7a51,2,5,3
845686dd9137013d73ed42078be18809,2,5,3
3e525509a51c670ba1386ba88ac9ab6a,4,5,1
8d13ee60237028c737907273f16eda59,4,5,1
e776adc60e8c76f0cd807332525d8cd1,5,3,2
c421fd33bf5d9c343f13b2d31e19bf5c,5,2,3
8deb9479ea624f4faf5bcbf20f4499d8,5,1,4
3ccadf098357a20c809d57a50c3d47ae,5,5,0
86501b9ee48e914f406cd33ddf6f77fb,5,5,0
1eecd2bcaafb81b8fa1c0c28d3de1f32,4,1,3
d5feaf42ebb0105f527be0c6dd622b80,5,4,1
9a0b2a68507680a6e151319e4b6e68f7,5,1,4
53525abf5054043e8c142bcb76170605,5,5,0
53edac1a124286956f5a77aa6db858ac,4,3,1
171fd36e6d28aaa958e043b897006f1d,5,5,0
e73b248d4f6ecbef4a90906e0ec56290,4,5,1
5be47775fbd521b6104cf7ed466afafb,4,5,1
05457977f35122e71095989d738e4a37,5,3,2
f3863782b51a1c378f36a99845aacbe7,5,5,0
a2de6d09e4920c38cfd65f4c8f875fbb,5,5,0
9e6bc602a2466daa94736f31d1319c5d,5,1,4
8fb4e4bd46f9802e9179726dd20019a5,5,5,0
88a78af246c6c2db88e72b384796c98c,4,5,1
d7c663de1470a2d3671791d3f093991c,5,5,0
c0e57db4a4a6ef32aa28911d1c07df81,5,5,0
4007c8123697940f0574798a18c6ad29,5,3,2
ce0fc5f1ff91f6aaf5eae637a2827b2e,5,5,0
208d2f562248053cf12d13a00b6777fb,1,3,2
6d669b4dec428bc8362a8b39ed61aaae,1,4,3
73c2f6a3fe158985da4f15118a77783a,5,3,2
55567a8e851b2400b53f74ec9b974221,5,4,1
57796a616d95192ef9a47a6634733f89,5,5,0
7ae97f48d1e1624e8baae4a3faee4837,5,1,4
5f42573c60286a6f9d6a3809352c86e0,1,1,0
9392c5e72885ad5aba87e6223ca9838d,5,4,1
a4c753e682af75ae3bfafe65f6133f2c,5,5,0
1c08a89405de0c81093b9eff6caf3dbf,5,5,0
feea4e6dd813103d3a1e4a39a341d66e,5,1,4
9eb401aae2d502a73f4a27f97d3bebf5,2,1,1
f712d6b3989692ceb30fb3cefe2a3593,3,5,2
e08b081159a2418572e1a0fad41c8245,5,1,4
cfb94976becda338ad4171c3c072561c,5,3,2
e9fe4a25c4b2cf9709c06e7e6aef0a8c,5,4,1
cfd2fa043913decbf8554ea5ce59d723,5,5,0
b9499283a775ccfa9da92e6e75e9b4b9,5,5,0
6206eea10c401d9257092927e5b66deb,5,5,0
477612d1e676932652d32281d67da87f,4,5,1
04782e9b6da0d4326e534dae5dd3e09e,5,4,1
a2bc7c1f8a1af365261e4f280bff4f6d,5,5,0
7733c820d89f9e24a262e8fc309a3533,5,5,0
2042abeefae68e63a8aa30edd4b0eb48,5,5,0
38df34f6963826eaf92a536dff64393a,5,5,0
8d6f247153477b8878975aa0fbde4b5a,5,5,0
3cdd33ec05cf28374828827789437fc3,5,5,0
dcb0beba69129b3cb15757a33bc9dce9,4,5,1
d5b1560bb46f4b57510a45569fa41b4c,5,3,2
62b3fdb5d9d02edf8ba0cc44095b8c9d,5,4,1
4128f35defa24e9fb110452626b9b824,5,5,0
fc8e9d7ad7a42cc52cd8438eaf428ed3,4,5,1
09d8a4bcd943fd4bfc7dd6b64b7c328e,5,1,4
9ba0165adc8f80295e82cb5418788889,5,5,0
037f15d346c870059c0e6f4275a01206,5,5,0
d2ddc09916a8bcc31353edfe699da8e8,5,3,2
101d0c9df867a5f28ff3af69bb2a13d7,5,5,0
24d505034382a8c43dd5524e1b4eb3fe,5,1,4
70102042893558dbf834b15a4b4fcbcb,1,5,4
bb54e9bf4bdb6c6391a7c6b517748b9f,3,5,2
d80acd042318a15fe9be8faa8ee23d06,5,4,1
5919e9d15d8693529eecf3b5fcdc7327,4,4,0
246a0dd11a624cd29b8c5dc2e56fa1dc,5,4,1
1c3680cf7c64b8f0419ae839d0a44db6,4,5,1
393e94e2f17c63ed71d08a663a06e9fd,3,1,2
36fb716af0b33abaac585787ccd0c0af,5,5,0
74f1a239af663d84eff6f108b68386c6,4,5,1
48340ddd156767e80ea7a05abc8a0af4,4,1,3
cf5fbcc5962bb18037e4cc158c21c14e,5,1,4
7c7dc1f3affc0d38b97ea22a8aeedb82,1,1,0
fceffa5aa5435f18bb997278808e5915,5,5,0
d14ebe879e1587746439c3652f063eb4,5,5,0
d0e60fe0d150be98baa246426889d6cb,4,1,3
e2ec0a81f014ff5006648b818c33219c,5,1,4
a802ae0c41c749a4a9acbe8052f23105,5,5,0
a44e2259c6908814d76871d497766ae9,5,1,4
660a6fbde01967fda369dc69c3d4b50a,5,5,0
b81b7bbd880517f099a053130e75d933,4,4,0
3a83f1410163fa52e0679c788b31a039,5,5,0
4e3b98e5d43c106c546ac2dac4ea5db6,5,4,1
961f692ce5a2ba7cc51c00f59ea72d5f,5,4,1
44809c64bc4e272b0ffd44dcaa3beb8c,5,5,0
91a96b5defab51616ef57e6b57d47969,4,4,0
f526502583165bcf37f59cb5092ba1e7,5,5,0
de9b643d6a5e2c0aebb7526ffae6ae87,2,5,3
a07190c439d2e3c83b6a6952ae53ce6e,5,4,1
9f0b93157ce9331253cad4298ce6af61,1,4,3
74fcadc7525caabfaf228fbe8ab6d129,5,5,0
bb4648eb654b7296660ddcbc2ac64c0f,4,1,3
742d862c30615984a57a26626cd1b40f,3,5,2
211635839640ec89714ed4410c5d9eea,1,5,4
a1a11a4a2c9a4745ef09bc18e053b51a,5,5,0
8b24ac1b82b802b6b9ea3c31435a91ac,4,1,3
f1487beee9bcc5d6921a3e5ddcb63623,1,4,3
b0247f256d2486d4cb5f3bf93dd84eb4,5,1,4
a21373b020b3665e910d3da0ca078094,5,3,2
f2dd7ec887233f5e7d50f80b813d4c2a,1,5,4
28ba5952fc9baba1dc6797734ca82680,5,4,1
019543c0de8386be97738b589ee695aa,1,5,4
2d46df0a9debda5d4ca0d1f8058bf73a,4,5,1
e1ebf9d9fbf1f356179a8f969dc8c4c5,5,3,2
7e674200831cc38f43106d153aa17d7c,4,5,1
468be8d69d6a7ae5dffc7d6c694370f0,5,5,0
ba01067136771e2103d611dc1d74d709,5,5,0
8870e37cd5b4a6ff4b0b3c2a02e471ae,5,5,0
ec1fc57b72a7bbe5b32f9c606510db76,5,4,1
47cb4463bc05e404b98e743111a61378,4,5,1
41656e5eacc8e9cc1efe1609ea2eb0ba,2,1,1
e8bbe1e50121557f66b60660a6b62289,5,5,0
649aa4ae69d60a0b65b5270e737081be,5,2,3
1570fe1d14badec761d75ca93916bd6a,5,1,4
9d107f7c71a717cfcccc479c9e300302,5,5,0
099a55045696dde09f58f62e8e82a542,5,4,1
1ac7f4db91b508245c27b68092a2d401,5,5,0
6dbbe1fc68ddafdaa158c5ad25ddef2e,5,5,0
9b154f568f003a7bb924121e0f6bec40,5,3,2
2061d416cce74e744423747a2b87f330,4,5,1
3a32345081c149e0850db894cf22dc03,3,1,2
8c220191863704ecc09c293c1d723797,5,3,2
2adb2f19ddcdf638f5c1284f84e4fe18,4,5,1
808beec7603db80bc6a975bc9f509814,4,3,1
a38fda8c7745d9c406a48daf230f957a,5,4,1
e7b5bbd928c9dcaa3466502cd99b4907,5,4,1
99a01ac9c1c718ea6eac9fac178552cc,5,5,0
baeda1a6ab86cb05572b31817ab4e413,5,1,4
928b36b446783bb571df5c8c3eb239d0,4,3,1
95087a791500e383c039460bbd6bcb57,5,5,0
a75f9d41f99d675f35ab8b90b2dc9b2f,5,4,1
2bbf04c7da16334276d95e3f4b7b938d,4,4,0
4bacb60c9bdaab084b0354a3f7063af4,5,4,1
60836a0b2a1b5051e61371cf04a16574,5,5,0
25f3f0ae63b48a081e219325f1d4df84,3,3,0
3cd74c600666380ec586606e62f1d20d,4,4,0
4f2d72bec3f76b37047967ded26335f2,1,1,0
d0cae991bbc57c3c2205b0076b2d1489,5,5,0
7b3950b933fe73d96ce4359a1caf38ea,4,1,3
73b83fe6a84d80f819839c0f93413771,5,4,1
bee8e1ed5119e2f2a4bfb408ab6ab177,4,1,3
115ddcd2b83359bb06dd6dde700fb33d,5,4,1
fc699344c004d1635c1e3a27f707c8b6,3,5,2
889d938cda41ef5efe5e59f2d72506ca,4,4,0
3cba3b35a00b76f3a83d1cd84bd9becd,1,5,4
9fae636d2c51d2a8feb6734c92aa131f,3,5,2
04c28d1572e04b2b3e5b80ca7559e750,1,4,3
e156c06e2ceacafe7263782d2115fca8,5,5,0
a6ff9f38d02f65f7ad74bfc2dd1813cf,5,5,0
e33865519137f5737444109ae8438633,5,5,0
a56a69de5d08abcdd997b45a40cdbeed,5,5,0
4050a0495b8fab90bb5285f6c37d61e9,5,1,4
33fc7baa13a1f53c49812053516172e7,5,5,0
b537ca3494311804a1191ad6a0dddf05,5,5,0
a65d018a7a1122b4312c742d7107e021,3,3,0
d76b164e4e70f560ba7c2d4f155b09d7,1,1,0
c164550f33679da3d32b3ce6078cffda,5,5,0
292bb4eb07f86cd88e500ee1dd10523d,5,4,1
97f0469c4d923101d383461947f575bd,5,5,0
5dd21baa3b88bf3e97bcc80aa1b0b52a,5,5,0
9f64fb4d29aa2f254cc325c59a8f8b00,5,4,1
3d4bfa3de7e617f61d1ee3c87e95b204,5,4,1
8d37e7a787d783b75379ef856107b40a,5,5,0
278d3d690a2154d06eb95b5a171ade8f,5,5,0
e98f62f167c0c56e1d6e2c852bf04adf,5,4,1
da9713f62e0d54668895dd0ca6ddbb64,4,4,0
5be9662cf57b643907e692632ff63fdc,5,4,1
6dcf09925bad5c21f9694df7c7064435,5,4,1
4f38a875c972c4803a792f62b999b4cd,5,5,0
9c5548e522bd06824106a8713a019e1b,4,1,3
2f9e3156d784ec07c5e1b8075263562f,4,4,0
8e01476de7658766c75d118e291d2b16,4,5,1
f6c8d57f0ca0ee7b2f2fd5d967ce4b4f,5,5,0
aadf5fc042b64c57d336c1ad8a28a455,3,5,2
eea5cc5fc9932c98e7bc8a58c32da4f8,5,5,0
c54d822dcfd0f7c672574a607c9403b3,5,5,0
e2daa9281728e47abae1c8799a4abd9d,5,5,0
4a8b56b6641818f8cf2457dedd663bcf,5,5,0
53b122ab361cdd253c61d8f63bdc2a75,5,4,1
9544da84a1f36efaf61504e2fbed951a,3,1,2
96a8d065c3f2dbde8c6ff7fae00a2f35,5,1,4
101239b587ffbf256b1cf48485854842,5,5,0
811c07cfc688fdcbdc6802617db18822,4,4,0
750ed62dff96bf5713b8c6a6bbfdc948,1,1,0
2d30bcdaaf18c2598140aa6f7f230216,4,1,3
9797613eed6fac4314c4d5c9132c7ff4,4,3,1
dcd9141cf681c0a831e8988b32156d3c,4,4,0
d1d9e82abdaaa28b562b48d23f5e8203,5,1,4
790710021a014a0263cef04999d451ee,5,1,4
3c2ce68a8ae197f1c0761e0e49486673,5,4,1
bf2f7a16704936db1686ba2711614520,3,5,2
788991fbee9d367d8b625d471c2d252f,5,1,4
53ae9aaa6ba9fefffe3c0db94f4d2c43,5,5,0
492bed007520827cbed51959e4ce4385,1,4,3
0cf3d6e83dcc1117999a235fd6dae842,5,4,1
45b0b9012eea515351639078d2676a65,5,5,0
4d312c4094736b92bf0f13f99d80ec86,3,4,1
0927272c1caea73a32570e9de18c2bb7,4,3,1
d323b02e4d09a0a84bda45d240aeb3c0,5,5,0
daaa1175302ea22f08aede6bd5bee8bf,5,1,4
d819490edd3b5a3d69b114bb1eed977e,3,2,1
e9de409fda259726830399eaf5fb4e42,5,5,0
84e68b5d2be9ab9146ea264fa27c9a34,4,5,1
810a20b5d63b93c766be34093cf05187,5,3,2
0617fd3db51fa6cbebde41b9bd34b406,4,5,1
b18a68dda772cde59ef17d4fbbfe8c7e,5,1,4
7ffd48a27c90a946cfa8198b76a7120c,1,3,2
455003334f4430e9e9e902199bcecbcb,5,5,0
1422a4b4a2aa8b66fd49ff5557200b42,5,1,4
2ef2818bc1477c39bc32b093812b85e8,5,5,0
d2485e80a65cd94cd4a4755e0934bf47,5,5,0
a0b07a92ce295982730306c83af1da2a,1,4,3
916176e8ce74772807cfb28860535ae0,3,4,1
8ee3d811c7a49f0f3be646dfb3489e75,5,5,0
cec0dfdf4408bef61c7d93b02a41f92c,1,1,0
3a63202e1f2029f6ee42f498e87fa599,5,4,1
a1dd8c3d72d95a11312293743c4064a6,5,5,0
ba506068ed3555effa5ca62cd1b22225,3,5,2
513e088b2c0d0279b2df18d115a0d39d,5,1,4
13e6d8c97847f1b195474fab7dd73bde,5,3,2
b4e47a448289bb284758470f606229c4,5,1,4
d905ef2a3ee51aff370cf4ca43eb5e8d,5,5,0
43d5113f8c14cc2c72b763c801f47ac6,3,5,2
72b02234375680d174bc9fecfb0fd9fe,5,5,0
e0e210a3f0dfc7642e0cbda856590eb3,4,4,0
d2421ba8e68d2ecb6f32d08202ba292e,5,5,0
1e73ecf14966e33e06e79c339fb3f7cd,5,5,0
3041108a3798c0b8ce8a9bb8efaaebd5,3,5,2
13177245f820dca10cd9968a2a395b1d,4,1,3
67adc926d34e13b8e6144b020f0e1153,5,1,4
8d177df0bc7f19cc605da776c8730ce8,5,5,0
e63271442e778d83ae9868408c1028e7,4,1,3
1efa3bd33f2a887addccba92edc88340,5,5,0
cab041584e63bfe6a389916c8f469abc,5,5,0
c29713133e5e33937af1a6e1e1370552,5,3,2
b5eb3252f8e5ded7044d176ed49e2ecb,5,1,4
4c53b2ac030f08c0469e8de45af2e400,5,5,0
4b4c7655aadab4cf1eb81eddf40afcaf,3,1,2
02d273267575a29864f552b2de598580,5,1,4
faf4b0fe89a6f599276eccc2f5944ca6,4,4,0
e4355b11f8adb9cfd1883d34dfedb6c7,5,1,4
facd4b7395a3bf5f4536e64cf5d7668a,5,5,0
915f541ee5f9fd7b10797945cfabf971,4,4,0
f62f42fbbc35ac4b000282839c369f9a,5,5,0
b2fb15f025928415eebbfd3132b0dfbc,5,1,4
ef43444651cdedfaefc1123e4acd02aa,5,1,4
0f6b7fd8b1ca2b342b4629b5c8a4435b,4,4,0
083c350532e95d46b3c25b7c41b1ad63,5,4,1
65a05062e11f3e5121cd0e0723bf765d,4,5,1
360983d2dc93d0b53cf1dd482a1caa5d,4,4,0
a85ad381ff410bb40159e498feb30a13,1,5,4
1917dc45b0bd8e45ef7e5919e9c35c15,5,5,0
b6ee22c53f26ef8d97d96465c8899e16,5,3,2
a01a08ca0d8cf4c03ffd23029c091210,3,5,2
9c5dd45ca53ffa7f21772e36f950da8f,5,1,4
ca7e237e4817ee2e53f4e96da13dbf9a,5,4,1
c177bd75cb8bbff3f8ce6842201c7b6f,5,3,2
356725db39df6e32c250f1b4f1f78d9e,5,4,1
8ecf04501b91702b0c93522081cea66a,5,5,0
03a54d3b0f15ac01bad656997420d3bb,5,5,0
ffc49b9c9d666410e9ecdb0a3efadb9c,5,1,4
13f2f496cc080f4443dc54b93b75a968,3,4,1
e0ff4f042465bf3a83ab05b537d1c90e,5,5,0
a8a29ae9b3f2dc2e650dc520d7842041,5,1,4
761d24a47ebf005134bb75f8cde9c5b1,4,4,0
b636703317e3a173ebe3770beda32aea,5,3,2
a8f5ea0830ac9ffd1d2864434bcddb70,4,1,3
d0a376ad0575bef38f57ec1665a353ea,5,3,2
f46fb218fda36639dc39aa3025679a2b,5,5,0
a8a42525a528f4f3b6c343d8cfa0a374,1,1,0
bbfb434859fc673797c1040d267e342e,5,5,0
7010bfa704139424f4fff8baff27b7cc,4,5,1
8767f36960352a7d9b94e1857a45c981,5,3,2
2ee0dd09094bb9568b06bc1ffbe9f4ec,1,1,0
1e60cd113fd130d6384d74348f85b63c,5,5,0
267e7e0b0615d34fa4c39c0a97cee1d5,3,5,2
b230cdf7f5d8115711cbab88f4636406,5,5,0
a88a97b1f64733fb73f753a519db23b9,5,1,4
09c6ca023de352874ee4fda218d19a81,4,5,1
c8c0e74f5426e74b812efe05eaab11a6,5,1,4
c5f30bdd01bc931c09429dc3bba5ac58,5,5,0
bbc13e09a09a77b4f6ea6a981a399473,5,5,0
6d0e0e8907efa53405051c14ba17f58e,4,3,1
558eca1d22374a40aa35c2d9f88573a3,5,1,4
bbff6155059675574b04a09d10cbb76c,5,4,1
185e7ea81e4cf0fc1d2f4e8e38e8e7e3,5,2,3
88147bfe4762e9d0e545871dbc994734,4,3,1
f33bb10a8083242acc69681587de119f,3,4,1
060653209bfa61cf4b308a00e3861875,5,1,4
d23aab0e21efafc3216ce27c05565a96,4,5,1
1f18d6138f5af59adb5a379ea575d555,4,4,0
71394edb269e67b8431cc1c355cc53df,1,1,0
69b03f2aed38a9b622ddad0998b00ccb,5,5,0
d5b69ea836793de5711675fef3e119ac,3,5,2
5ae6d4878571e9513c93413ee5ea1fe2,4,1,3
119f1430154997cf2ea4e905667408d1,5,4,1
30ca6695cae8ac10c2431a366d30f0c2,5,5,0
41b58b6026bb03ba48125f0b42fd4b70,4,3,1
6e1199a328a9d52a7f04542ee9092ff1,5,4,1
9ff880794dc0a00ad4856e0de2c912f2,1,1,0
a60d615fe2a3b8581bc633e0cb72bdc6,5,4,1
089f9bfea8386f4b212e2145f7ad563b,4,5,1
63f5cc3a2a31c01c270d24d397a54274,5,5,0
b9f687bd75452f5a9050f0445c27b724,5,1,4
cb5c1ad1fb0068c83523238259a8e930,4,4,0
4ab8b7a8e23908984157974ae4ad6436,4,5,1
7e7ed851224124724e3058ab01051711,5,3,2
0f758f5895563ce1892043bc8f17dda1,4,1,3
ee7aab7615cfc22e52462047d0e9f0db,5,5,0
e73f1e4b75fb2dfc4c18f8c2afd75687,4,5,1
6f73a96cdd874d89723d560bda640b52,5,3,2
0e2f2a11ed7233e538469471930a7ed7,5,4,1
db8bf3de5a5697bde575853b0e9d7fec,4,1,3
7002f5420d7a37aebd4c740b01b2fd5f,5,5,0
ddd825e286b58aca3f41de496744dc1e,5,4,1
58a1b2dbc870bdafa3abfced8d5d9cc5,5,4,1
5b265b1557d0d44a32df50b4fbf98c7b,5,2,3
bfda4f6e444f936f87738b840f1221e8,5,1,4
f3c973baad2d145cc17da5473621e0db,5,5,0
207d35e4a69118f2f9422aa1949043f7,4,5,1
98c809bf2e8392fc389fdf8e2bfbb856,5,5,0
c58c26b5495d953f484006db77adef1f,5,5,0
2eb63f75718e0a133e1a6c7d14375025,5,5,0
81672c21ff06fb612df0660ff7d9ae06,5,5,0
77a80305f3e556475b3dfe923e8d6735,5,5,0
4cfcf0598ac30b637d0ded5abcdc74f6,3,4,1
5fc156541c3cea8af8784a46dbfcd183,5,5,0
09cbcd1a5e559da522327abcf7e30dda,5,4,1
b058f625ecdea748969b3d9f508873fb,4,1,3
cebd090c9689c0cf282f067646f9c5ef,3,5,2
820c39d59fdb0ec31f14070eabca7a15,5,1,4
a5016f72057fe780772bd4c88fa95951,5,5,0
7c455f1b3dd0fd15fc19e4372c451056,5,2,3
ddc6faf8f6c347a8c369d7c2b7cc6989,4,4,0
e8b190298e9df363a6c2f7509dd413fb,4,1,3
15f906fde6e6b48fc2f10c413d4bef8b,4,4,0
7d0a48a75ea94fb27cbb514b6bd406b4,5,5,0
608d2b1247d371f22cbfa16713c82786,4,5,1
f94e7fe62953e889ccdc4af045dbe8f0,5,4,1
afaf7af5b20257063f84ff0cafd16820,1,4,3
c58cfe890d48c47bf22b6bfe55b6cddb,3,3,0
bdb86a981cb75aa7ea9ca816e2485904,5,1,4
73840bb583b69b1d181d54f3f755a4e2,4,4,0
9f672a6ad991e6e232e91e479ab1d0ef,3,1,2
95dc0bd3155ab8bbe4d5076ea9658805,1,1,0
bf0e0772c9e81651f6f0f255ed74bf88,5,5,0
976843b1cee7809a5c79f63a3c9b3222,5,5,0
add699884e555b7dc441e33f35ddade0,5,4,1
fd146e195b9e3e00d02a5bf4208e043a,5,5,0
7d6b40109573304141d61d0eb6819e48,5,5,0
02d3eba685e8150e0e3abacd9c230642,4,5,1
881206af1a6a9cd34119b99782759dd4,5,5,0
fb3cf8c9eb2412b0edc0a00a8f43a869,4,1,3
b420ccbcb8265772b8c13687c24bb5eb,3,5,2
de0d8b8e774b3211e7e001d3e5985470,5,1,4
982c51d6339b46194f28cd465e72e740,5,4,1
b7dbad6a19140585d000bbc6e1e11168,1,4,3
3c469482cf99003bb0246dc0396eafa4,4,1,3
44a4b28fae9dd152c7102f54dcd723b9,4,4,0
30a08f0074bc43c8284b61015a6c530d,1,1,0
9509e22a50417250e3fd7a2bb03d584c,5,5,0
f52b051fa3520b5b162e98796d07c186,5,5,0
896f988855a09982ee61d501ef6543a3,3,5,2
f62c176f45acd8992e70d81c62d08971,5,5,0
d6a5b1dabb71e6af751ca35e7ecbcae2,5,5,0
58feb997b7e395036cd8d59980e85a94,5,4,1
f4a0d0b492776bcd3baab5d1f826b131,5,5,0
4974bc485d07cad8b6e5000a345bcd50,4,4,0
b3e2b3c7117a01d7d57b74ed6b6272f9,1,4,3
9e40d6ad0e658dbe287498d89f222d18,5,5,0
c1d16d2238787555fb7bed98f8fbd99d,4,4,0
02f4dd90ba0feb8ec394cac05862d2b5,5,1,4
056ea0ed4a967ffdde98507a7d5656a2,5,1,4
0c6a968e3824f733a18b9c40b2620865,5,5,0
2199eb036d812a867e2b1e1dc7434366,3,5,2
b124967afcc82ef17ec41020fe2a9136,5,5,0
ecab7448f4b42657c66bc603971693c1,3,5,2
33204aca443f9855e3b8451d179a81a5,5,1,4
6804819a81c7f5ddaa37b18b5824ddd9,4,5,1
e94463ec887705d951724d52248d7855,3,1,2
acf31320a17ec091f71b623a3b776760,5,5,0
0bf144db6ca7ef970a25b6a720947622,2,1,1
96b7f5a470ca6a58f261be1af286e4d9,5,4,1
822439c9a01bc64ce644063229f3edd1,4,4,0
4f10217309e749b2c974370ca1f4d36e,5,3,2
d6705951df2cac2fe31e4701c9a29214,5,5,0
19bb820442f9f4a4efe0ee64f855d532,4,4,0
0eccc15fe0cf8638062ecf10382350f1,4,4,0
5d38e21bcfe6ead5e9e882d4f8c828b1,5,2,3
02fbb3b024a111c7e8a629bbd86df0e2,5,5,0
c2b416c2ac6019a220bca3ef9ac48682,5,5,0
08724b06f2204993989fa6c331dfa3d6,5,3,2
1683815c34e20076a6b3a8b1fd3d8809,5,1,4
c4de71df747f541f59a618d019281366,4,5,1
77eebc56e710b7d5e02097984981cd76,5,5,0
3d6024a65d547d75ce7c38da01993565,5,5,0
ef4a9e7b022119a6865b3999e1c221d4,5,5,0
9b2219c364534d3bc6d3e82b1db3c37d,3,5,2
6c23e2678bf779526bbb96776800a471,5,4,1
578daeebdebcc19bd2dcba1f6b06b3ce,5,5,0
fd8d6592a0d37e21eca3451890fe64d5,4,4,0
eb93e1cf85b4a7ca753e6b6bca9cb1bf,4,4,0
99daacedd8423e3b5169338429be0110,1,1,0
9ed58fe0fbd409abc65188eb96c650ac,5,5,0
51402937e32c2e11f7aa13d58d0054f1,5,3,2
0046176ff0dbc2a178b7885355dfbb71,5,5,0
f6062f2fd7a79226266b4cdaded643ec,5,5,0
625b3de89355b67e8efec2e3c467d6e0,3,4,1
2476a3346dc4a10dd9238bc6dac93f89,5,5,0
0e2aae39225d075cc7fdfda12ef5434f,5,3,2
e35f04a0b16431eb95c9f179c004f500,1,1,0
17c7d18b95217b2fbbc15a88ef4f564f,5,1,4
334aeb42957ddc27b1e35631aa2d120e,5,5,0
c0c1739aaf78cfa636a69c10519b9876,1,4,3
a37fcd79d371bcc1cfb7c63a00a3c770,5,5,0
078c9d6d720f254fc10c5a162169197f,4,5,1
0d9e44ba18b82a7d8e8a9e61681a3e2a,5,5,0
ce5a9de9a8a2c2a47c627c3615f90700,5,3,2
b65162879a74ce2aeca593f3ca44cc82,5,3,2
d8b32d5403c47d8ee3dadd8efa2fa960,5,5,0
67a133230aa69348648d14a177951fa6,5,5,0
39bbf01b4fdb433927dd3fa6177607da,5,5,0
ff54b9c09ea01ff4a6998163e9822b79,5,5,0
046bc7c1d7122be13009a28d66977149,5,5,0
7d211ad04e2a788e75109de959ce3171,4,5,1
583897e4cf9cd552e5abfacdf82bcb75,4,3,1
dbbb8658d9a27d2be4cefb9a9a5d9e33,5,5,0
f2b0b1751d796ee3bf5df90cb7c1c213,5,4,1
b1268365b664df441154c615681ed911,5,5,0
342b802870cffb4cca6f8b612e121300,5,5,0
f834cf7fd494d64498ec7054a72e947f,5,1,4
a187a55e25f2e2c152c294a12a9da0d0,4,5,1
afbf35931e267fd7988736eea16cdb9e,5,5,0
038862523957395d9316afa8b8b70976,4,5,1
12f3eaf92da599fd1abd3dc8e21bff0d,5,1,4
6b57b46391a662adacf6841b5da8d084,5,5,0
a3374c409bf808d17d67d18b3e578e68,5,1,4
935f9339b5dd814b7ff8cfbedf010732,5,5,0
34984c4e45c628649f0e6c60a8f626f9,5,5,0
7292e5cb806b92ec0b4545c59b788608,4,1,3
9986ac2a8cad0d983e8a964b94aa8149,4,4,0
dfbf71de5b6a2870e87371cdadeb828a,3,3,0
58317a8b3dfbcadbd945cb80dda94304,4,5,1
eed6de9f4e402f8a8f204646b98307ab,5,5,0
4044d99051c9cd7f9f00188ac0c829f2,4,4,0
fb6ba131bbeb30fd6db9c8900b5c5b92,5,3,2
19c6c1105d0814693c2555123f76cc1c,5,3,2
ddd20a4c7ae0b71b01db1844ef9659cd,5,4,1
147941b96e61a2e7c02be8bf27b4cca1,5,4,1
e17f748fe026c219e312859a2188b07a,3,5,2
186ff84d5b5b50a2d790cabc5800b9d1,5,1,4
d80681e64c64ae8f7056f86223e646b7,5,5,0
58933cbe8ca93dbada467cc7b2eebd7c,5,4,1
a6e9b80a7636eb8dd592dbb3e20d0a91,4,5,1
2927b6be262c5528b8135e5d330c00f9,4,5,1
f8a9c0be5071e2ca36f561ad567b1800,5,3,2
74de5414be822d0c843d1c6d9efffe34,1,4,3
cb5fbb27c5009572818e03f9e690edf2,5,5,0
2db6682455f3a6b47b5202e00c855789,1,1,0
1be187af7e77d6ee0671be02c229b679,2,4,2
4d60e5659a5be3b15be731b5882ecc3e,3,5,2
4a64b07f28105fb8ff33ad6f91f4b2c8,3,5,2
f71786d492e3575ce6af4785508e1846,5,4,1
fd79284ba0bd11e560e236f939640143,4,1,3
65419e669552c3526937c367f1edd754,5,5,0
1b3870263ab7aa66a5e2ca30df8fd3d7,5,5,0
826c215c77d0299238e4a2d52a8f5a99,5,5,0
dcb51f5ff38464ec48e4782c034846c9,4,4,0
0a65a87966cf47b05a559b462c8754dc,1,5,4
20406ee2d530e69d8cbbb87409cc609f,1,1,0
13ce7f4beebc91755492c12e77093d10,5,3,2
c4e6c7d111d17798aa897ace9fdb33f3,5,4,1
b8c6df4a73d185bc84d6517d5e0577fc,4,5,1
d95d7dc42c0d8218358ebeabc7bb5dfc,5,5,0
34d4da466936ae5ef87386c007f7cc0e,5,5,0
958203017423df129c09a359f552907c,5,5,0
05918cf24658c4ee3a67a684684305d3,1,1,0
d88b9341f5972a9d4a17aac4b623476c,4,5,1
e73a44dc71cb3d6dd54b77f318a96b39,5,5,0
061eb3fa9ee22a8dc3c90060e5a637c9,3,5,2
5bd56b595a9879fb7f67ae6253450883,4,4,0
ce182b138eec89ddd69e9fca1c900aae,3,1,2
191d8d46583f6f363ede63402686d936,5,4,1
cc812bc2c7f8350a08add17abe7bcc84,5,3,2
b436fd24a04e7267307e1d900faa8eb1,5,4,1
192162688f179d526243e303ed01abe6,5,1,4
5bd233924f0b9c52492bd5a92e5ab2d3,5,1,4
a786e0a4cada3f2704a7c932bfc3ea21,5,5,0
7b08446d3c48c10ae15e7d09e16e725a,5,2,3
fefc60b6174117cb96cd5eeaec4188b5,2,5,3
c3f76f14ce3587ab9df86c8caaac928c,4,5,1
47aa0308326d0c781ffa998ee36dc409,5,5,0
0cedce314f08f29c07de4eff348e16bc,5,4,1
07edcfe51903bc7e23501f6b87f2bc46,5,4,1
2143f0dfdbb1c47ab7c75c9c097e0173,5,5,0
09475a764868b0fa004ced42388fe6c6,4,5,1
635ed45a717c546a1bea54c32c7d2ff7,5,5,0
9292a5004e4adeb999700abae47eb13b,4,4,0
129b63bc323d7b5b2965a143b2e72cc7,5,5,0
22f4dea7b1810fd75107dad133794113,5,5,0
2f83040c67a949dd65bb0c6489fab3b2,5,5,0
bebb091883afc03b247e8e66a1f2dd8e,5,4,1
cc56a1a4acaf02f1c4732ca37b83ca9c,5,5,0
3bb493e523dae107dd7c396489bcbd0b,4,1,3
b528343ff0b10c32c5c7baf68f6536ba,5,1,4
65b2eeb525259ca3e5e6028075d8aa23,1,5,4
d3c8fb7435390e64e1e0aeea689d5876,5,4,1
14d113827939e9deace0b2afb528f1bb,5,5,0
454fc309e2afec5ce697014d9193afbc,5,4,1
2ac520de90670f0cb695af6630a00c4a,4,1,3
d520a55c30b5d51d1648d242d1f2b554,4,4,0
fd073f02f85b4b2631ee7f04c82c8004,5,5,0
d6370a08f64a1248435649bd37eae011,1,5,4
e8a8ff2fda1e5eeeed6e56a9a882f648,2,4,2
2d5300bba84cf82131127fb8661c095a,5,5,0
6e28885b3b46ef6ae9dfa9209e1c8c48,5,4,1
578c276c17c1fe56c31270a2a20f9982,5,5,0
57323a7f9df2ab8eabf8fb751d3f2334,4,5,1
176047e99b8d67f011ec8cf606497f41,5,5,0
a67709a381f98fdb878825f92a95128e,5,4,1
9170795672365189693d65667780f9ed,5,5,0
089896265e5395ee8335f9f417a7f6c0,4,5,1
b691ffb0177f480a9a5eb8772050bb2d,5,5,0
67635ee59cc01a1b24d94ab2533d2823,5,4,1
05bef443b850685058070c9e781988e8,5,3,2
7be1e90857091733dbf1e7d916c84e01,5,5,0
54d591a90dbfa19ae578252a9b5a2720,5,3,2
a7833628c3a6c045fc5795989947707a,5,1,4
43b9e48ec7fc386f9083ac3153363103,5,5,0
65035f2d005e9af22156150a3bde53b2,4,5,1
0f275b411f77d6ea9ac2132609f4a332,5,5,0
816fd1f12f703f9825eb7c4c307388b5,1,5,4
be352bbad6d37a556d8ed5fc593bf248,5,4,1
1b261283b06863bfaa62bf25bb1da580,4,3,1
016fbc333d66b414be541c6159576c40,5,1,4
d44d01e695a204a2d7dc91ef82378e2b,5,4,1
a6f396e6584d25c2b097d0dcd625f10f,3,4,1
3d25ea8a710032b1b66683b23027c0a6,3,5,2
5ed3ad68a6b539929adf6d324f01ff01,5,1,4
b59976950624cdf5b8be6b9fddcb2460,5,4,1
82c1d5e96ea750adc1f2c2011af5b0e6,4,5,1
d0f9f41e51b973c669a8c5f4c629eda9,5,4,1
844b7b992358a3a30d677ea0025e7471,1,5,4
2dd8a69d1eb8ea62bdddc073c4e80ab1,4,3,1
3c55e82098814e81a8a9314b9ebd0be4,4,5,1
fa2299624a4957d95dd526fc552d1ff1,5,5,0
03d7dd4730b71e0a310c9b30431c1961,5,5,0
13ac325ed34b96835f8fed6e4db77a69,5,5,0
49b409b37fa9e707bd2bfc59a49ab7cd,5,1,4
0807e3831ca17d1d980903674c61d019,5,5,0
3bb7e15f832b43684ecf3640069145d2,5,4,1
f66a5fefcb2773c75713ad0742801b50,5,5,0
c1642f56f39a87a53527bc120e231299,5,3,2
e0e918bb13679f116c452a05b47151e9,4,5,1
695bdd39d2b8c25bb80207a161ed8086,5,1,4
f05ef3ecdb7796d93e204c0a7ab76759,5,5,0
6b84d210abf237ef478dd4f1b0f4c10b,5,1,4
67657701feeda0e62f6364ab7d3add38,5,5,0
05af503aea07ddc5530506f2c349756f,5,4,1
920a775204d54696910a3056ff090942,3,4,1
f5c689533bee49ee840a49ecfb066b24,5,4,1
42f4cf7ee7d96f2d2465b6f203e531ba,4,5,1
8898a51e0e6b578277a7c20d5b31877b,5,1,4
03a77816f8b67ef237ecca2c772c4851,5,4,1
371931d44f8feff2b43b4e9ad3c6c5d2,5,4,1
363f361d96879a18985ac3928c978159,3,1,2
6529965e47097fe5bb0be908e7c43e9a,5,1,4
7efbb24e555922671a42a89180286583,5,5,0
227f6b7df58413c52832b11ec24b30a1,5,4,1
785ceb77eb42e247a85b8e65c7724ac8,5,3,2
b2f3763408103bc7173bb36ed02dbeea,5,1,4
0b4ed5311f55b9b8f0f30b35e5b45dbd,5,1,4
a5c654c2a0126153f98af71a65a159de,2,4,2
9457f83b9faf36f40019d656cb5679f1,5,5,0
2e355f2c21d0eadf3b8202cb969363c7,5,5,0
177a359958777d9b5cebb4257016c35c,5,4,1
f6b99780deb1f264dee5f8b809a3a34f,5,5,0
fc47141e198b2f83882cef0cbbea6886,5,5,0
41c630ee48ab0c4b79ef8f74daabfb5d,4,1,3
083556b25c9ff2ecef87ad43b8d265cc,5,5,0
b06d6a76d26b5692a9a6f974dde874ec,1,1,0
e5fe38521d772f4cd7ee3487ac6831c2,5,1,4
7b83a2b7e5dd1374c00bd1c76c3438f2,5,5,0
bc7de38480db075d6d2688333888e8f5,5,5,0
442f0e41adb26151ced75873822b96c6,5,4,1
21f81def80da96111c7afeeab35f9513,4,5,1
60058e743955ad0595c97a485d1737f8,3,2,1
9a76a956393708ff6aa96e285bfc7653,5,5,0
5e833b9eafdac5a15f42dc98f8753607,3,5,2
8b83e402930da5b2e9bc93a69dbdf5ac,4,3,1
6002f27b7795af4f2bd4da90aca5a958,4,3,1
6d710101fb9f067dd5385ea1b6021946,5,5,0
8fc129e3ef1d0321226112bca0564142,5,3,2
345cca4de7d0b4ae2a6aa85083aba293,5,3,2
a6e75a284bbd3aa94f0e329d2522f996,5,5,0
7f67aa0d55e12f8edd5ad5d2207e9504,5,5,0
85770deee3205a161f62a227bd92f7ab,5,4,1
64ccc97757023bd10bf48bed7f1e14e3,1,1,0
d1ca60cfa5b276544043d344ad224285,5,1,4
97369eeb115806c27ee2054105eabe97,5,3,2
9f18089ba7e24ef00e1c99eabd999fc3,5,4,1
556e5ad87434de71e0948b9bca0046f5,4,4,0
38049f7cb174ee5bf87607cb18f68f7c,4,4,0
bd6732607590d3b24eb163bcc2085997,5,5,0
cbbac32b13e7fbbcc8e815705213e1e0,5,5,0
a338d0ade09a3ac954ecbf64b3b3b485,3,5,2
1fc40709065a72668d4ea0a5355f7975,5,4,1
68f22824fa054075c52f660019cce134,1,1,0
5f9f506121fbb5873e965264b8dd76bc,5,1,4
df5c6aca62db71fbe451c0408bde2817,5,5,0
0d813b7b5de30d5f15d1d9dd5df3d296,1,4,3
7ae3a62a49f6479010163c2153e9bece,5,5,0
e61a7dc1fe0c1e1372543d0de05f809d,5,1,4
fce3db7092e1f432d0ec790414b6a5e4,5,5,0
d26d1c1cd0e2f03cb9540e440ae7a36d,4,4,0
2d13edfc9500d7a00b30da501d70359b,4,5,1
f9198719b5e6149a3191c420285a7245,1,1,0
a81957953164f65e49dd6af3972b9db5,1,1,0
0ac320cb8bc861f5745b6406074d960a,3,5,2
9916e82812289e085948ecfceaecfd28,4,4,0
65555c6b04142c5f409c5d29398671f2,5,1,4
563cc94852488599d7c665e7f9fb7ab1,5,1,4
9f452e5cf61ec9a8c6d4d276ddf5664e,5,3,2
f663cd54c8e0dc104d710bec68d600ad,5,5,0
697c79c16c63d9a81a331219b49243e8,5,5,0
16292a9c0445a1d618c28b154f1a6fbe,3,5,2
a92cb0dfef8b722e7edb2b8945fd8baf,5,5,0
9110751e359ba8d080caf6eaa34e7e8c,1,1,0
46944b54ffc20e22cd2792f7b7b12a82,4,4,0
ae6e19fd1f9987f0985a5e7a920d2394,5,4,1
c7e751031488310638a5952834dadf4d,5,5,0
20f89728b6ca06def7c53881c9b2e502,4,4,0
46dc14e76e68252f0c7883545008ca1a,3,1,2
c634e50ec075d06b4cd1d70527697f08,5,1,4
e393cee11ecbbcc2a9b3dd06a660957c,4,4,0
c4d641da04a6c3ef517a2f03bf42a151,5,4,1
bde5784e34d5ba860afb5f85d4d97433,4,5,1
860e7b15d9daf5ec2b4357fb6cb57f43,1,1,0
56b5b289cf267ee095bfd1f77406e924,5,5,0
c502981c13af31e66327c143bc885a2d,4,2,2
81a9ef6a0791099bb5859d0104f94dc9,5,5,0
c70910216a8ff28d93ac7e1c39663784,5,5,0
3394ec2a7a1a88bffa56fb92311d8134,4,5,1
40ff15fd1f4a802dd323bd89a6967b5c,5,5,0
59362dfdfc742008cd6889fda33dd61e,4,1,3
c5dc5eee680080a268100b420f8e960a,5,1,4
a0f7769c320fd4c1900add6490eab094,3,4,1
86a864127a2656c4b4b742ae4a67bc1e,5,5,0
59d94d0f87dcdb43dcc6bca8a0cb2a0c,5,4,1
f499f2bfdaa69f3b863d1891a6203ae3,5,1,4
b2c82d183b4cba4fc52074fe9384150a,3,5,2
92d79acdfb2573ac9a4560ae039355d3,5,4,1
1135fd6920dbadb0eff2071674ab2808,4,4,0
2593934aa67c9cf886bba605ff28c2b8,5,5,0
7c785ca029b3cd40a7f840e44231789e,3,5,2
ea41beb1581ec39e1a86554919a543ac,4,3,1
47367d800613791c119ec33ee79cd9f0,5,4,1
743f0286b8d819a10c071fdf2c1e2f5f,5,5,0
b9131d62e87708cd77241974dd137644,5,4,1
cb740e05716c376f1e99f0509fad75c7,5,4,1
458a48845a6b2f3f15dbb0868c8f6c05,5,5,0
a14b18fc312879f9783d9d6c3f216787,5,5,0
5074540fc1b349291fc4c4b11dea71de,5,4,1
7771f12b8336695166d8e1fc01bed225,5,5,0
49e19ca07e42bde08630a08e50ad980e,5,3,2
110e1980401cf18f27590b4023ff5e32,4,5,1
45a46954c20efacf8126f86e45a91e62,4,3,1
707efa4c66f0d268d9f106c2d6aa9c90,1,1,0
3edc1d26d1bd92c3c56e12bf85979f87,5,1,4
066ff76c980db5a993df8048ff8fe60d,5,5,0
51fedbcbd7b8a79c8af077f9a85a86cd,5,4,1
1b00085d9491b54da228042e4a5bd26a,5,4,1
7dc5090ee5054f96dc0a04294a7cd3a0,5,4,1
28b4f52edd10d5e33bec326cf2cd2b2b,5,4,1
85abe9ebac688730f1c3591c1ca2a167,5,5,0
8fba9dc7c5f7b23ea9de62eba08dcfdf,4,1,3
5bf1e013121cccb5a168c91859a243e7,4,5,1
b4059555399120834bc8cf54a84bc6c8,5,5,0
93f2d84974e75f96b47844d03c29ad86,5,4,1
e243d2b9a888be9451926d6053edf2a6,5,4,1
af04520840ea8696e133b88c7746459f,4,5,1
1ed0026cd10a75c686a9caab448154d3,5,5,0
363814e98fb75811e4465c3b7fc84ca5,4,1,3
80d49171762a51f500bf6b774aa24617,5,5,0
9137955f9938245295c3978ead342e06,4,5,1
0baaa859b7ff0b4d1f674a1d5c3049f3,5,1,4
c950a394ee0369c853e3a1a55090e287,5,1,4
ccfc366f9a65ee1750a938bd18aa489f,5,5,0
52217c0ab449b049002b45c4d68f7bb4,5,5,0
3ceffd7bee6a56cbf4adea01c19a5d17,5,5,0
afcda0566edd7333aa8184a5985a47ba,3,1,2
24ba7ae4f55da4a0e458233a297d124a,5,5,0
6613fb221c62895c22ca8a2958d32156,4,4,0
7612c382d0e90dec41ead203963e8726,4,1,3
6223137644b9e1da72b9876c3de86b39,3,4,1
e69ea0f5ba6fda2442f0889a6754242e,5,2,3
c97aeda2ad1d2668a28ab15d1d9e5b5a,5,5,0
a3c1394b2224879f15740f0ad33dcd57,5,5,0
91eef134a9dc65e566fde368f1772b93,4,5,1
f119f2d71c96714540bb893bff51e122,1,4,3
592b0d429e4f22e5e82fa1ae3ea6a768,5,5,0
47e9777346f914fcce7e8d5a411ca60a,5,3,2
7184582cfaaf35d73ad28fa85b7d8cd7,5,3,2
d7ad2df000aead4e9ad0ff7e9118990f,5,4,1
d2f270487125ddc41fd134c4003ad1d7,5,1,4
44e4c5a939b122bbe9e4688a50e44167,3,5,2
b5117b798b05270121d510721a774801,5,4,1
3ac75a8eb75c784facff9f6f405758dc,4,5,1
6a07231081720ded5c208be252bdc004,1,3,2
74b1e5115fb6a89e2e7401e1bcf6fe59,5,3,2
00c763284c0056eed753352f5559ff0a,4,3,1
2645613a9e103fee7499d4f4016b9586,4,5,1
15dbd4fa73037a8e8a6c619e4cffd46c,5,5,0
30d2a2368488274228f1d64c2ab3231e,4,5,1
8683ae8607ec5fd83805116545a82385,4,3,1
8a9be36ffd78382f9ac518945e909636,1,3,2
9bd2f19fdebcf5928f0971caeac464d9,3,1,2
162fcce5f7c895e5afb504f6f1cee4ed,5,5,0
fe9ee959acb4aa3fd81440e75ccbe0cf,5,5,0
935a65ea45bc5c2692cdb3d0141941ca,5,3,2
44c29a73f92d2ec846b75feec8e70e81,4,4,0
d245d1728ad7cc2081cb50838d7d6fcb,5,4,1
0711b9c575a5235790c3f863179c3267,1,1,0
5548dc95d19f69811f26b8dc9f5fd690,5,5,0
33a26356ae145bf4a27c25447e5d1f01,5,4,1
9a8f4939178c23dddbcf20a52a1fd1c3,2,5,3
e79df67f75682fe73238128b710c4328,1,1,0
bac64cbfd217477d0b1d11fd3552ffbf,5,4,1
66f7198bd04aafcefc81148b6c433c18,4,5,1
e11041ba5d434c8bcb7640e75a52f106,5,4,1
e309a85cd901c566767a2aa98090085c,3,5,2
f256f9e290a782032234f9bb030d2fb3,1,5,4
efe9725dbc15f09b8e8b95c6331655ba,5,1,4
0818699476819463109688475b808343,3,1,2
947857fc478a90e909d7e3d4b2b9dfb3,3,5,2
c4451307baafd35a8fbd349339881a10,5,5,0
f1ee4afeb390f7d9b9966fddfedf3ef2,4,5,1
957835fcdd687e80443310e35eb113b9,1,5,4
c65d58d799052b1354bb0a7063b29621,1,4,3
aaa965f3b2dc351f34bbe80a4a0d1c0e,2,4,2
98bc9215b10e8738ca566a0fa7e49b1c,5,4,1
eea2accc32d4396720d4e727986af0b5,5,5,0
b2e66035b66649e5b359d5b33ba09c21,4,3,1
3ba4434655efde991569fe475dd0e688,5,1,4
153f3406d034142db04fcb576d6987cc,4,5,1
12fa2b4d0dc38dafe97281075be6f5e7,4,5,1
13100b3a31729e96b34e7eeaf3cadb2c,5,5,0
96d475858d7ac83b3f89e500dfb736a3,5,1,4
6afbd309f8bfd1d88c7734fd17c2b6d9,3,1,2
e69e2290db6b2d3b7593a40112e1a82a,5,1,4
31a10d7f77b91046e15fcb519bad27e1,5,5,0
8dacd1da7c4dc40d5c59e7ddd93b3ac8,5,4,1
2f237ad78fabeb8203631b4a881a83a5,5,5,0
0cb2239ee3c4947fce4ab10c1742fe67,4,5,1
e852413ae756fbc7fe9f6514b39aafdf,4,5,1
022d4b171a04520ca2113a48b6b61380,1,5,4
dec147b0fad4d41a208b7873dd7900e6,5,5,0
173e03e3afede01446cd36851e3173dc,5,5,0
470dea50dbd9c5e77735b49bd904af6d,4,5,1
3b28fc69f78de028ac7f69ee6b56b39f,5,5,0
a8b4bb89dc728493ed20fe78acdefd9a,5,3,2
038b8c914a94247880b6a34413e74a34,5,5,0
55093725a55ca1f9e5f5af23dd5dd8fa,5,1,4
434d158e96bdd6972ad6e6d73ddcfd22,5,1,4
d1fe1d87c3f8a425c2054ac158ab12e1,3,5,2
539089aba239767ab6256f0eb9a48c75,5,5,0
9dce1279b896cb9d151b2649073089c2,5,5,0
025a548c7e6d70e6b6cf600a112b0d9c,5,1,4
6553bc307b0ce8eded2609f0008ae2bd,4,4,0
2ef78d4b9e33e5bb08a6ccff0771df05,5,1,4
a3387455ec2a51ea33eb1d7557994979,4,3,1
e6111c89e3438595ea3370509994a3a5,3,3,0
ae4f9895e6602f33d89aff8166cf9346,4,5,1
163099b696818c7c5dd7ffb4e01209d6,5,5,0
d234a970b741b7ea0578de7dd3dba128,5,1,4
8112a281ea81fb96d760f13da83ffaed,5,5,0
0e3338b5499d77ae55c16c4e1c9f30e9,4,5,1
aa9db0502703dcac7b66401ee4128525,5,4,1
cd0343141ac675cd40fab2c7fd2e99cc,4,4,0
97f95535ada31d6fa853230e815ee4e3,4,4,0
d415e95816c2f3a2a34e06cd519157cc,4,4,0
e3c57d0ebff7edcd11f4f15e59ccc852,5,4,1
4c53ceb2badd32891af2fc767fcea1b1,4,5,1
4759dc5cd30f8e283de04872dd5446cd,4,3,1
ef57963ceae82ddbc1e426297439b24a,5,4,1
852d591ac66808ba170d243164600420,4,5,1
c2339bbec3aaccee5dfb887e03903617,5,4,1
353058e48de63e5ebcd90bacf5329d2b,4,5,1
c879afbc0d85767d560c8ba52481a01d,5,4,1
db5a3eab52ef5c18c745c172a5050809,5,5,0
b142695409c8bbe4749969c0a697148e,4,3,1
e029f708df3cc108b3264558771605c6,5,5,0
409a324803d22f3b95f99aedb4863c3a,5,4,1
f14cabd169ba0d0ecb7433e55c72aca2,3,4,1
090d23542dd542b9a9e25fa9d5d9e528,5,1,4
7ea3b6e314e533719b7dbc3ad951aef3,5,4,1
17f12788b667e6b9af13a3f11ae1db08,2,1,1
62208055aa533094c967cc9536ecd5a7,5,5,0
09abedc2c8793fa1ef3a6eb50a9587e6,5,1,4
6c1973ec6c76306fce68764a46d33002,3,5,2
577285c10c95871f906ac5ba6d9d902b,5,1,4
94f506e669de10a239ec04627d90eef4,5,5,0
df8f138cbe59c7bb4454c61d1223ca18,4,5,1
d9be5eb6e572c7e2a77db678c9d79aba,5,5,0
4e743d407939e965ac0b7bb694e67eed,5,4,1
4ccc4e96e0fa5c35efbf9bf836ebef72,5,5,0
5008e6358df7e92655ca078e3f41b8a6,5,4,1
ce66c6a0f60005b066500b1e8f467071,5,5,0
c17d8e9298a127be6a6c0fe4b693275c,5,5,0
d4ab8a264235be36f72a07621046d082,4,1,3
596b168ac4fd56e69b35087afaa8ae59,5,3,2
9000ac1824b0d81895e185e41fab65d2,5,5,0
bb31bb913d812a8bd72342f8aad3fec3,5,5,0
72d44473e1527dda73c900bbc004f294,5,5,0
6ab1a03139897853bd6802b6979e589c,4,3,1
7a55d04b91c3854b9cb2444fccc8dcdf,4,5,1
16e51875d15c3c8ae1f48c03b5db49d6,5,5,0
05bdb94211a1ae1e3734545262f50da3,3,5,2
d4b074982e39f354c254a6b1b4ffaf55,5,4,1
6b649733dfd9b29ce2f231221a4eaa51,4,3,1
66ea949bccf5b81da9cf52b48be222ce,5,4,1
328992b5e36f5977542f8aa16b0ed161,4,3,1
74a9eccbfd3a3b0754469cd587ee4920,4,5,1
f257772187b4e1bcb05ef74b3420ebfe,4,5,1
c478aa87a01bd4882dec6d81fda7897e,5,1,4
351d5d1e18d0b2bc2024ff1655911dd1,4,3,1
f8571f355da1f3a55b8e264558e8e1f9,5,1,4
b4c4d00d5455e74ead9715bc1f9e8774,5,4,1
d7d414c8d4fa226d73dfedec8607deda,5,5,0
4b09eff002dc4f137082d6391f5fefda,5,1,4
6a6d3cd77ef3a533edef69dccf6c0de3,1,1,0
272f05cc2ddc6f0c478473d06a4fac76,4,4,0
8c824eef423592fdf34bcbac8f30a93a,3,1,2
45287af4d4d9504d6569383cbf95c764,4,3,1
ebea454f1c906682ce99e01f407a77b4,4,4,0
af7c926b8eced0da2df66d8ec2af192a,5,4,1
9486c11941b06fdf44a70c74c0d03ed3,3,5,2
6ded814a50d02c15369b8b7fdff6a3e5,5,1,4
9371281837c6362f41236d947e32710d,5,5,0
5890a9968745a4abfa3f8b06cc29803d,5,5,0
3bd820484fb08cbd09f9d3f378fae1a4,1,1,0
f6159576a3c6447b217c3b0397b97e06,5,5,0
820f4524bac68867cfa6f10ccff3c452,1,3,2
fdc88692da135d28b85f197ab75a1a53,5,4,1
7bfe0fc4355e0e894ad862a798e5e186,5,3,2
d5bd25a973bf9ea4a5fb210e058ede88,4,4,0
89ee90f89627e3f3d3fa700921a80197,5,4,1
5a2346612cba6473e86fcab758bc0964,1,1,0
139f1705692cf6f0ea124350e5ac47de,5,5,0
ccc8c385093e913c7bab11ff2a5d6cb3,3,5,2
ea7bc44cb5c025230582d186e6366125,5,5,0
912343626f370ead5ef2e85a9d757e22,3,1,2
eb0055f08e77f2000bff9a54e9d1b6fe,4,1,3
375c5afd2ca7bebe7227faae4dd01aa9,5,5,0
9b332bc19bbe82226b87fb330786ac04,5,2,3
e6e4672e14ca0ff3cbdf2e23e1d6cc30,5,4,1
289745e1222668d6792ce3ccbb27356f,4,5,1
99482042fe756df3f9ce2adbde9b7c7e,5,4,1
cf747734b50691a179b579b11690910f,5,5,0
ea639b1119b066a5966041d2367ce1e7,4,3,1
530cafa371466af70192849099f48cd5,5,5,0
08d862895d238cb8405dffe9b981df25,5,3,2
8ebae0e9b855b154798e1896f282ff41,5,5,0
fbae1b9dac9991f79b54655e26cbe64e,5,1,4
b36821b178b0c8f04ae7efea66fe11aa,1,5,4
c16e485cad605e6180b08e988e5b5bbb,2,5,3
b0fd0236ce757738793836930b830f1e,5,5,0
378ebcb514854217da7df194297faaab,5,5,0
71dfbb4951cc7c22499333fc4068a2d8,4,5,1
8361deaa04792e29663dbeace2dad89d,1,1,0
86e15c44520932e049ca96660a60b776,5,1,4
2e0f7705cce568d0fe13d933d7165c79,3,3,0
3ec53ff8dd23b7e8a90cfb4082cf3f85,1,4,3
7a7ca02c6fd9b1c25e9452a6f56c018a,5,4,1
43bf8ef114cb9b805735d15447abbc94,4,5,1
e9e6694329a69927508c82d943013cb5,4,4,0
7b0fcd13508eefd79ce1d4710d9f18ea,3,1,2
c1499ec470fbfa0a44ba5d94f3a16ab2,5,4,1
17716d2598d1d7f7ed16fa9f05ab2f61,5,4,1
4cd2c24a3aa066b7a4123005a00cb9ef,3,2,1
c0e02613bf15378f18d3498361a76c9d,4,5,1
64041309de8b56af89aa23c98870eb93,3,3,0
57785d086897beeadb05f3f58eb95250,5,5,0
197c1d7e2df41beeb978ee6859d6dacc,5,1,4
11164af6ef812e688fc012214add9b33,5,5,0
7a9d100d2a88bd95c3f8acd4af29d3e8,4,5,1
805eeb3298b184f196431dd54519edf4,3,5,2
f5bb23a6bf7d9bd0d8b8d4575dd82b58,2,5,3
a33539f882610ee1dc18289cc3087217,4,3,1
56ba89857b4e6eb192108f310a81163b,5,1,4
28e3d439853e5fc8fefaa840d6f32cba,5,4,1
ae2d40bcce219afed2410275946c8eb3,2,5,3
c57d8a1fea15380a18f9f81e1096ac9b,5,5,0
8e0e3b77770b10f595b5c27e62efd4e4,5,4,1
33fc608633261bfde6d48fc0a431f14f,5,5,0
ee33d838de5dc1568b5b31d505ccdafb,1,2,1
154f3e62bb635300cf9a1d6c4940636d,5,5,0
2b34aa550445c67c852be463eaad083a,5,1,4
df5b1e6edf6451c6cd99e167739d9d56,2,3,1
96950c37f6e45106dab4a4fd012e1ab9,1,3,2
50f7b4829c11fbf8c8b57926f1a0bfdc,5,5,0
64b0d9816689f0f4dd0f06127d5d0dfb,5,5,0
d249d420eb15829afbff9cc458eddcbd,5,1,4
d6e1f6c47ebf654ee806ef2891e6b740,4,5,1
31874b1728b2dc2adbd7ac767892fce0,3,4,1
5c4190a9ffe4e2a2b5355ab764c1cabf,5,3,2
1faf2c3bb6bc67c10fdb7a7fcf3814de,4,5,1
e2b405a4cccf1e66eb8d2b73a4bba700,1,4,3
0ed6d545d159bc1c0786d83a66c1cd03,5,1,4
8ef736291230daaf8c549e5120c51cae,5,1,4
3024eda1729b9daf946125ec8c271a91,5,1,4
a57b5f06fb5152039fbc5c54a595efd0,5,3,2
ea20ef3a1e2a7b607b1e3a99f9c660bc,3,4,1
a5903a529b9519a24ef2252f50a19cbe,4,4,0
19c386dab06e3c24f06cfd16b054f310,3,3,0
7b8cdadf6b13903fc09049ba85f5ecb3,5,1,4
de779f93dc5f7dd9ac51b22380685ae5,1,4,3
f9a4431b06162517b2bc2fbaf8f9645a,1,1,0
fee76720d4d707fc12d7e5a40cd5c18d,5,5,0
6405d2591428fc711391ea2349294706,5,5,0
d6a544caf1fd9274c3ff0d13257bfeac,3,5,2
37e90cb2d9e287bd9333dfc45fbe4d2a,4,4,0
aadd7193594d4613a0aa92401c30234b,5,5,0
54bf0940ace684d597657354c7496905,5,1,4
5308fdab519f7478ef64894128fbbee4,5,4,1
1c2bcfd34cbb64f130a03aeb7c0d6c75,2,1,1
63d5822f37657544e6a446762e310267,5,2,3
39b13503bf74cb241771a5bdc7608426,4,1,3
93ab2952953f8810d320c99c1ddead0f,5,5,0
c125e883b34e4012f606e77b227ed690,5,1,4
64cb5db87de3dcce6f274e1e690c32ab,5,4,1
94aefbaa418823fa66d690b18fe5b244,1,3,2
23c0ee95c373bc03c130af0736cb6101,4,4,0
e6555e78046757613e040b01b153fc1f,4,5,1
21c9855588b3946347dcaa1f159edcd8,5,5,0
b5e032ca1418d9722dd033856f836800,5,5,0
98b5257ffee92e64431051eca07f38c8,5,5,0
1428d5591252000b5c73e00f91d4889a,5,5,0
a405efe2b87215277a81cdcd45355628,4,3,1
b9959849df990d9d16667ecf7c9a862f,5,5,0
bb5229662821e68be478acdd18eea342,5,2,3
9dc032f4d0154877b3fdddff1324d5e8,5,5,0
5b07dff7faf4d9f1e300b2fe45184140,5,5,0
fe8522d905daf1e2c69dd128d7e0f81b,4,5,1
db611886b9ea2c770628eebc6617b498,4,3,1
61c4ab6b7773c90ee722155c77ea3738,4,5,1
a030d3d4fe79a482fd66cb2205cdd0df,5,5,0
08fa8b49ff198d1332df4668087150ed,5,4,1
633ab17bf4665666fdef150a01469e84,5,2,3
c602154123d0956a6fa53e0267b25bd8,5,4,1
c5b5ab085f7990b385bdef3b27b2df1b,1,5,4
7a02e7df1d0d04bdc231db72612d3b7d,4,1,3
4a2044944160f020bea094d2da430b0a,5,5,0
84198a43f45cfba1ac8532871da9fab8,5,2,3
363f71c17d9b18f15c891f495e6fe713,5,3,2
1dbf0806fc07152b9dc46b352e62c8b8,3,1,2
eef98923f3fe58345e2aa0ff71f97bd7,5,1,4
b17ba1dc20f88334dd3f083464221a18,4,5,1
f77eb63e272ad822e11bbf97da9c0edd,5,1,4
940eb052b51b2ff6ce6d2a2e4302bddc,4,5,1
1e6d912e4c63965bb9eccf0cc765fc24,5,4,1
5b43fbc291ca14497fcffc16d301365e,4,1,3
48c56cc80e14fbacd59693351572327a,5,5,0
9147e4f91a0a2071875cf411ec60a10d,5,3,2
d9a2131e6b6d20f8ba76183245c30b66,5,5,0
85cc31142603d0be894b74d4096db738,5,5,0
782e3d360043ba18b527832597a53543,1,1,0
f3935aaef43afc2bf5a9426006ac69b0,5,5,0
38a27bf1302ec6e1fb628e137bdbc690,5,5,0
b51dbc584d8ff7bbe0141e28cd79eca6,5,4,1
aef8745e2eb6aeefc41b922f1363870d,5,5,0
48e57df5132333c7c43df89d2c531ff1,5,5,0
91f71835acd6d20c6c5362c5c1907367,5,5,0
7a281ea07cea9f99a15e8f67d6e982bd,1,5,4
1854a6f99182e2eb617259d3336b7e70,5,4,1
eb854e76ca9b5d2e3bbba2a72622fd27,1,1,0
2af637f73b0d20f5ccc52704b0ae766b,5,3,2
38d28e168501494c0edb4ee41f64d296,5,2,3
5103f51cb81d7359a0e93c8cc9d5203f,5,1,4
71551c2db02730406edd5839f5e2a53b,5,5,0
9a20d02245abb1a63e3ab97e32ea2274,1,5,4
f9343167f98d74b2f82a3cfb3d6b880d,5,5,0
575c6dd8fb78db647ce9a4018b8e9235,5,5,0
67f30bce3a2dd23c894bae87e6391987,4,5,1
7e708aed151d6a8601ce8f2eaa712bf4,4,4,0
bbfb6afc6b09bb994e0093a008ec7675,5,5,0
7f167760bcfc10e6e7ae769837be536f,5,1,4
874eef9a84653f570656bdb0f8519151,5,4,1
3055272ae721b2f3c8107ca6ce29160e,5,5,0
eee39147362c420a076b96cfe10c8154,5,4,1
45884a7283a93dd46695ead0cf9c0e95,5,5,0
5c12f254446ca6ab5edd195f6ca79d22,5,1,4
ec1fa684ca945b6c0f063f43d4506e9c,1,1,0
237ad2054a0b3375cc64b6a7e6e08683,2,5,3
5c458a0a24c83bb972feb57ab32e38a6,5,4,1
657453140a74ec1d5771142a82e09fec,5,5,0
8207dc60d7f55f4ac2b9601f02eeff29,5,1,4
7adfbf493c629b11e4a3ceb40c136d63,1,4,3
2112c4e4b32f421f701b405f05242c3b,5,1,4
2aee72588060c074fd45155346c97a84,5,5,0
8476e4daac5bcc4adaf4e56af42ce110,4,1,3
701784c754c8ac2e2a73dbbe7dc3a363,5,3,2
9b22b01ffdff6efa20736523a260060b,1,5,4
dcbb8d460d1c315bd4cdd96a4aaaf258,5,1,4
2d7242fbb71116bf37dbca71205bc157,5,5,0
78c13513d30056e98c389d49a5634361,2,5,3
639081c9007c810d12b3f0b01afc7118,5,5,0
43e967533a1c4a25bd90cd80acfd7950,5,5,0
131fccf58d5b636c232584f744b77161,5,5,0
0c66805964db8d43c1c81402e3433f9b,5,5,0
c3b620f59a689c3ca6b5884d2f6c6ac8,5,1,4
27c2eed354160283302f9d32d3448eb6,5,1,4
14c981a2e9e98dbc3eedc6084803ef1b,3,3,0
accc1fd1e3c84881e0a9b27f8b611386,1,1,0
64e3a06a754ad68d968eabbdf900399c,5,5,0
b10fb9234ad5eba5cbc090ddd8950c6d,4,4,0
6a3c507660b55ba44c463acc23cc8d68,5,5,0
11896eca4737d6de23fa36ce716f559a,4,4,0
b0b8a75fcb5b8311f01d5e12347d7e32,5,5,0
fbfad390c633c114671b200fa2979b7b,4,3,1
ce30373e8d97c7fc959631b6224af95f,3,1,2
214580954d7ba593f5d402590c80d49c,5,5,0
bd9ff9dfae49eb3a07837fd0bc16154e,5,5,0
1630676be03651738ab38bdd77ce6e67,5,5,0
4b1609677539e847e9d15f655ca4fcd0,4,4,0
d6ca1bec2f56a21f948613de255ac819,5,5,0
0aba00d509b25a0a90084c7137a8cec0,4,4,0
6da0685c82e8535a05cf6b4e4eabc52e,5,5,0
830bae1b14f630e9137b07c70940c0d8,1,1,0
74814089384762f3833de42b05c9c2c7,5,1,4
e71de1319c64de74f70d18d1459d270d,5,1,4
71a88ca55a16c100b22fa5dace71266a,5,1,4
90fc6b4369c07c92c129ecbbde6e6216,5,5,0
e87c331d21a3fb3085079a9b32f4a56c,5,2,3
75f377de08069316accd713c6f844f19,5,4,1
c3fea8c95a1b94af7d629c3c2952334b,5,2,3
6308e2b09c21b19ba8950c494a9468d6,5,5,0
f77d6449700df86a91049fdf2bb2e7f5,5,1,4
022cb45264ced2571bbbd8e231838100,5,5,0
a3675d53a727735e4e83c8e078666646,5,5,0
da98211dfdb21faaf9b5d67f11b7f50d,2,5,3
8726f6a81f4ae5a390e7e638a31e9a21,4,5,1
31a9ca81d056ac824459a57e784fcfe6,1,5,4
8275a8137ae9dfb14ecb5307ea797413,5,1,4
1181af08903c7e8cc1cd6cd5df586dd6,3,1,2
6fa7108940c47458d4fb891b0b6a8a21,4,3,1
2a770273775ea731f0a1f238f5c33a4f,5,1,4
f859266ccfc29caf67429ae86f081f7a,5,5,0
0eb6c6aa0923d0a671134710c31319f7,5,4,1
f36cda6db10b2dddb208bf63a6ef8dfc,1,4,3
36f34e0afd0f39f2a94e0988c4a5047c,5,1,4
821a1e7c9755a640a28554e2d777df92,5,5,0
88367c23420c866abd6157288f3c7a0d,5,5,0
d22cef32310bb1950b78612b7c15ae9a,4,4,0
d98a17b8648ea9e13d2899e366912c6d,5,2,3
510ccfe4dbd8df0f0b94b239ce6e01f8,1,3,2
aa8349da5e4a45c547cfac79368e930d,5,4,1
2cb414479754a8e1ed07eed0ccfc0778,5,1,4
cea3e6c11eb60acb9d8d4d51694832f8,4,4,0
23ab1be99f36d5bb2c599fc1c95829ed,5,5,0
7c9be012c84c629a1f6f9e7ad6cdb81b,1,5,4
9b09902ff42cd359909e5203a008a921,5,3,2
4f8bcc599bf25aa16aa67fd4ebf895dc,1,1,0
308cbbff78b182dfef86b37c94f10205,3,5,2
4fc3e7aadb8db1172a7c3bbb29d6295d,4,4,0
0a6941f89f53dc1f622f877b23601ed7,2,2,0
b71ba668b12da5320995cd74acecb2fb,5,5,0
d6fb3b00e9bc6f76ab18c1808677a051,5,5,0
3db2043174db8823618e67b7e2c8c3e1,4,1,3
9d5246455ad1fb521f263b356635f4df,4,5,1
64c4f910545582c5d0fa5bed30292b4c,1,5,4
80abbc325d8a084990586d706a61d534,5,5,0
150fb6d066c66925d51a48782deafdfe,5,1,4
00c62d05602c1ca8164b98746d127fa8,4,4,0
77384bc4848f77dc178f176c736ad7d8,5,1,4
c85effde0ed0992c84e040a55a793259,5,5,0
84d2098c97827c6327ed4d7be95e1fc8,4,1,3
17db3c7c3dc64b6f036bbe554a3520b1,4,5,1
e147eb86ed23b0e106ce62cec5c6df6a,5,4,1
b153954b30a6a686b88cf18a599b4382,5,3,2
e80b7d9d6ca2b46da0d5abe9c1d47548,4,1,3
728e6e20cca95cec41b3ff149895c6e2,5,4,1
0f6134bc3d92b2b091f7cab65b9f7ac2,5,4,1
f93af565de05d2427790ad8d0368a80e,5,5,0
777e1991a17b077dc363745bbaf05e2f,5,5,0
7621d265cbcc87d4845818b256ac193e,5,5,0
039fcd445ffe2e560443c34326f2b764,3,3,0
2709ee9d4fc363bd22b6bc782fa3668f,2,5,3
e42b4cff5d459fc447019421a3cc5706,3,1,2
6eb1445131218c4f6a6ef2d4960e4f51,5,1,4
906f4bc65b707953aee3d6462aa07e8d,4,4,0
a874eec5edcf6172ec6d8bde7bcccd08,1,1,0
e02513d56c28c7f7f0050e48ea836c05,4,4,0
d35a77135cb96df5bdc938dcdbd2d85e,5,5,0
758d8c3ddeba66a2a9cad6c8b043dd2f,5,5,0
b22b9811c2074480cc93f9e8b8e4c8b5,3,5,2
9ff8d80b8ab2c8a80a16ba4ed7fee203,5,5,0
bb4d8ed5280b97e5b48ce0051e664178,5,1,4
6732b3592160273b239f331a101494ff,5,4,1
b044b08867cd3b1d69a4b3c372321557,5,3,2
c67c3abb81ee70788591ca1c2691a14e,5,3,2
30dd13b35c665885d4e25450971f3fb8,5,2,3
ffdda91cd98d69f6be1cd352e4447b8e,5,4,1
7435f7bbb58d39e8b780c0e60e4ef3dc,5,5,0
9804b55805c8c19afdf0e9af3e494a0b,4,4,0
640cd45f7639ea623c321536c40314d6,5,5,0
099319b5b8567c490c01a857c6dbe73f,3,1,2
66039d5c09809a835bd5e6e34619efc7,5,5,0
b4b6e2f2f9dd2c4cfe524993ff72f49d,5,5,0
c531cb50fa0506125473379b2d74356b,5,5,0
bd18cc55469db99cfb36886d68bb3791,5,5,0
2b9f86a52457f652ac6b282b5dde09b2,5,4,1
9deec776b35252a1660b2439abeb9e38,2,1,1
0cd2469ab06e40b78aa617c57b946994,5,4,1
03b0f1587efe1abafd2dfd0e900b1eb2,4,4,0
ea1210816b91efb1908d9ba1bbcdbbba,5,4,1
c19eed4d32cfb9fb91c6966ce38f7aa0,4,3,1
92af9bafd80bcd2636471ac01bc77f60,5,5,0
812b6f6a1efbfa5beae8ac07617fa0c3,3,2,1
1f5c3d1688cbe7c88d82990250b9b244,3,5,2
b553c2eaaf7ce5f82361ae904f3dbb4d,1,5,4
7c0c61f5d61aad026c439caf370a92f2,5,1,4
192e538533b361520db4c0845c742114,4,5,1
80028e205983856e71a9cc12fe99d17a,4,5,1
f7ca7b451be2d25f6b0918320026570a,5,1,4
1f1d34c2ba3f3ae5f852175df49f079c,5,5,0
fd38d5793a4393e031ea8da57e094f88,5,5,0
5f12df808d35ea25be28ad052f4aa3ea,5,5,0
45714388825b2025b19af04c84924cdd,5,1,4
63523ca4619b9bf3e69631ca6a273e4f,4,4,0
50aa3e58985353eac3370fc8bba877ad,5,5,0
ee24d42e740ce630fbea0d9870d78736,4,5,1
78c0b2e524faf734fa7ecccff7e492aa,1,4,3
9026325c886e3d97e1fcd1b50ad50576,5,5,0
40d6baecd21b178b3115e0d6913248ac,5,1,4
0eca09e82535e22a903c3653b2c7eae4,5,1,4
78eda8cdf7d5a0f8b22ad393f0139981,3,4,1
c1e9df16ff9d33f95cd4e24e6e064c38,5,5,0
eedb09f615e5d17f4367396623933751,5,4,1
b74b01e1553f1129b7aa5c0b73016c62,1,5,4
5658e0c28f9e67db30ba9ec22888600e,5,1,4
72aeedf3697d876659fb6711fb171b26,5,4,1
f30d4b0d595c335bb07075291527f56a,5,3,2
2ab17daedbb4312627c61c38d20dac10,5,5,0
771760302216bf4e6a1e0a9e6379583f,5,4,1
731397db58924330b01248c031dc6281,5,5,0
5d3600123565a48b65ad1ae42b48ae9e,5,5,0
7c5c5961b54c4057653d3b72bc612585,5,4,1
67b47f35ec923e39f1203f3cfa80f5e3,4,5,1
613dd9eddeb3acc5e976fbd3066be456,4,4,0
c627fe35fce1a754bc5b812d0b8ff379,5,5,0
30f610db02d0880c9687dd1edd8b8710,1,1,0
99ea7632d208206d6bdb4a77aa69f4fd,4,5,1
09c8e71060b07326dba9db865f46881e,5,3,2
4b161afded0b38a94b63850c4bb48f91,2,4,2
eb909cbbd3171dfb60b6827c2b431309,5,3,2
df96405a326379bfb427ce857d3f2e18,5,5,0
3a49b6bd30aef5e2c1097738adee416f,5,5,0
1422538d5efc818dc7eca4d0b6eb58a7,5,5,0
e2861ca80cc6969b2aa1e179dd7ca698,5,5,0
9e4d464ffd49d8042318b1f24cb6005e,5,4,1
1de6e7f62ac6216f4c6b407eaa28d6e8,5,5,0
961a93eba7486b47946616baaf442372,5,1,4
324f3c3352916cbfee179bcbae1e8ce5,5,5,0
0bc16cf0c58995bbc893af2e151534d0,5,1,4
c5a36eecd2f518a638fc7a6a7d46f59b,5,3,2
d8aa886bfa7d140c2ec1c7f9a310e007,1,1,0
62adfd8a504d828f9dc9c184f2a236b8,4,4,0
d58bd8dc62db2951199683fcb7dc2df6,4,5,1
c45965834bc929b4242b82f924d52c49,5,1,4
5e98ca2727e44977e9f5be0d45a0d369,5,5,0
18fc3dd5faa2ffbb3d8c6b84e8a3726b,1,5,4
a0e10efd1951db4d6347c04f4c79a3f5,5,3,2
59e44a5b3531b9de0e55335ef6cfce2d,5,3,2
ad0094254eb3881ba1fc670676ea7c06,4,5,1
4becfda49755e3759f3bef6ebb43e88d,5,1,4
b6424e8ce7a66029b94b1221473c995c,5,5,0
3cbf16b8242e78d602909f15aaac29eb,1,4,3
0e766fdb8a5d5379df4c5faab13ce762,5,5,0
494fa4e20c0a57c2f565a2d43a41462b,2,3,1
d8159fecf6cf88c5f33174f70c304037,5,5,0
6b62da1e7a949271375c79105eb3c6df,5,5,0
5c4a271f7f9f414a55eff14221369bf9,4,5,1
63ed630173e589bf5897cc6eca5aa66d,3,5,2
ea8dcab0edc786ce2f0ae34a906657d1,5,4,1
5c88e946e28e122cbb26c630e2f67f58,3,5,2
6f03abb3b9fdecea11093c52dfd8155e,4,3,1
5ae255c95ad57c93f6b3a623b8b5505f,5,4,1
b3670dbd7176f89ca438f00d60d705a6,5,4,1
c2ca5bb314810bf0b90e5ee6cc1f9777,5,5,0
e3464b0baf69887817fa1324a98d0a91,5,4,1
36af5b0b0ededbf6f30d1d809f05536b,5,4,1
926c0265d29d0a2aeaa50df0a39851c8,5,5,0
19a7af33e44e10f9660d4f8e9d979651,4,1,3
b83fe0e59b384422cac91db5d32e1835,5,5,0
73b4137fe1a1e6cc800bd6ee7bde208d,5,1,4
141ad0192cfa16174e4fd0a1a7e7ba4a,5,5,0
ae6fa796d6bfcc527feea40286702f7e,4,4,0
361b25aadc736b36d30d7ecb84117c31,5,1,4
ab6ed7b021b48bfe44142b3c2b761e4d,1,5,4
8f36df2bc6e5ad22c4b9a86b42da5cd6,5,5,0
0989d111cfe79cf0bbdea443f1caf9b7,5,4,1
a2434744f99182d51db312b7520e915d,5,5,0
465e0536b29a94542aa63d8546a3981a,5,5,0
e2d2e04c2fbe085bddeb94e5196d51d3,5,5,0
4e506215592eafe8d7366eb7fa6cf532,5,2,3
640174dd3b1c33b00c0beab57f415612,4,4,0
2a7cb435d5ffc8aaeae3c4f08a181dce,3,4,1
cd1709e97dc100d3eea6e801ca6f3a29,5,5,0
df7c36238f2fe34a946b480a147a040c,5,1,4
42a9a8505ab685983ac28e300ba47c2d,5,4,1
1f21b2507e0c3918ef90ef86cdb2d14c,5,5,0
cb53f0b6e8f9082a9f5a113765dd1236,5,5,0
1b83b0cc5c4f25371dc567405ff773c1,3,5,2
312c7fd8a2420002c53fee13e15c8111,5,5,0
b240d7e249b17ae4e87e7fc8023378c0,5,5,0
baaa695d9615743d39f6a5843ee0a4b6,4,3,1
c911e05e122d374b5c4e8af53751f999,5,3,2
50016cfea9ee1adce87144110716aa4e,5,5,0
d185b5e82eb8f2ff1175d13bbbdcea13,3,4,1
b10944098c8ae5130e647d08da104c38,5,5,0
f5f810c2e855e43855a29906c1cfcfde,5,5,0
b8c672112a4b924d15cf410db2a8f955,5,5,0
f750e148543e798460383fda407de8be,5,5,0
fcdd373db44c238886a0ecf5ec332b95,5,5,0
acce194856392f074dbf9dada14d8d82,1,1,0
65a39f90b35161fae82145e9a9725bb9,3,1,2
40434e5872b0959c656496620bbe95f2,5,5,0
40fd2a55eacc12019cc034c4cc15674c,4,3,1
82474078bf3b19dd0e8a32f116334255,1,5,4
5895d82d31799f8d7ad6748c25e76dad,5,5,0
fc04841c5f8cf27654d943a830d4d406,5,4,1
deae638b4d60be5de34c13bf68b5850c,5,5,0
b0f5f856c7c8dc046531f164d6de3eb4,5,1,4
b226cacb0f9d03a94be963d2d8ceff65,5,1,4
de37b7488e95fba972323b74d3a0f68e,5,5,0
0cdc74fe3f18369cdc397f87a9c4a737,4,4,0
de3574da763e9c4950cfc27933332396,5,5,0
105a70f8a707fdd43b003271860132bd,5,5,0
e5b5f83f4369c413d3bccdd0a5a7fa01,5,5,0
0d09617395364c88c4ad7c457b439314,5,4,1
099e239a7cce8ed6ef0905feb80808c0,4,2,2
0ff35367e334d813e6430388f6769dc3,5,5,0
35d5fa2dff695764ea7c3785b6679c6e,5,4,1
008d9bf350ff02ed444b3452cf3f57e0,5,1,4
49d0ecc62e79de0f34766cb97df47cf7,5,5,0
06cd9d207dfbdde70cff4074b5b3dfaf,5,5,0
ca67981db1ad515d44e29fed8965d528,5,4,1
1a3f925f36cd0be140285b3a6974baee,5,1,4
447fbbff08bf51738b0b1f820b166372,4,4,0
83adb8f44a5e98ea2d58a04ca0b7fdc7,1,3,2
418b064f8c759c498dff85001d3428f7,5,5,0
9991f93b8033efb6a155363142504f5a,4,1,3
ee8b2d168886de97bcaf86366cf3e2b0,5,5,0
49c7df46784ee525af9f5cb40fc1d508,5,5,0
5daa05e23e3d4dc6b95c1fa49dbfab7f,3,5,2
cc8978e74f4d8907fbad695ee3f7f933,5,1,4
a67eb7e1e345d47ea191f88d20b02f48,5,5,0
40c8cd121d8e213fd48d0f30c9ed71e5,5,5,0
b838ad168e49e794a3ca0c60107a3851,3,5,2
2bae46553a029f4e6c9976e173d676ef,5,1,4
34d8085664591b6233e939572becebb9,4,5,1
8533051a3ddfba857f39aa28d5b7a8f1,5,5,0
a37a7ca4bfc323dd5c2466e609e4ae61,5,4,1
8b7b9c6bbef1d12f004035806f43996a,4,1,3
d105b386fa5b4aab107c43ba2760f64b,2,5,3
cba96e186e4dd8d172b398e01df4027d,4,5,1
1bab231e166587a2e6834a89ab97b32d,4,5,1
fa2327f446a561a540a3fe3069f99046,5,4,1
03d631cfa59f71c4a9cd31a6bb7467fe,3,2,1
a01b8c1afb8cc652c7d3b3d069951729,4,5,1
11f61eaa0c763460148326fd83749fd0,5,5,0
9ce36e2fe5d89681ffcdc294ea7363ac,4,4,0
f41f4f0667b69592fa5bef59e5ef7fad,5,3,2
a539f2112c00901f99400581d41ae0eb,5,4,1
29bf476a5068eca4bb2d21bdb684a737,5,4,1
1529673c10a3ace0a6a5182963e93ad3,5,5,0
b9a970bee0ad1aab9d4f291280670f78,5,5,0
12224004d3218865e0485410be6e0afc,5,5,0
cb183ad1472c27844f8e8a96ba2afcc5,2,1,1
d95cb2dcbf2eb01c15e4633df807d2e4,4,1,3
a29e1c93ee597410428699bb1e339edb,2,5,3
692f4207d359fbf24d641b1470721130,4,4,0
17229fc3b255deaf774bd892c1673951,2,5,3
c7ba15ecd1fd8d61a97c320e8d28f41d,5,5,0
8c0cf4e06747b0264127ced0718f8fe2,5,5,0
4fe26df981b8f298e0e6bf81c1d5ead0,5,5,0
5829e6abd78c204059d0dad88e6061f4,5,5,0
91f547a0881c0ca253a3822416926b90,5,5,0
2dee7cc9b658d444f8b66a9da62f8868,5,4,1
846b560326bf3574c22964443fe7c5f1,4,1,3
ab87dc5a5f1856a10640d5f42e4c2fd9,5,4,1
b9e3810153620449fc947aeb350f4d53,5,5,0
576fed147504338aa428f01cb08ab5a4,5,4,1
89295af77ed4ae2952f65f4f432f53c5,5,5,0
58ae1d454a356757c2e45298bcd0c9bf,5,4,1
911e42ae2c0cf7e1050b31ac36d8b2c2,4,5,1
dbaabdb0be80480bf6306b5e3c953017,5,4,1
96b205ed4ede615918071ef68a2f8831,5,4,1
bab9cd2eee074d0c97e7691c9418d68b,5,1,4
49ed07bff8d01accb7ead0923ee6d91d,5,2,3
bf7da01f9f2b27e2fc1b817b43504337,5,4,1
bac2a0865fcd2f0a6d08ea425fd888c3,5,5,0
dae9a522f4f4057087b247c231d21d20,4,4,0
4bd1c66907b2334cfdb5bc612d980f0d,3,4,1
9684771c67ce7f4d55956a92c0247e5a,5,4,1
490580980004a090d98d9d45064db2a1,5,5,0
c47ea271246fcfab187252dbabda3bb1,5,5,0
bf73c65f1e495937d0e65520f1bec3ed,5,5,0
8a11d6c9768fa4f00f1243ebf56d268e,5,4,1
aa60d116f345c481d434f63ffe565710,5,4,1
fb1bbde87c6437700f49e7c841f09485,5,5,0
0b9b1c5bbb14862e0e96660280048b04,4,5,1
a3b53b3e29cbb1eae203156848b4407f,5,5,0
bb5b7c37dba6e2ce0122da77dc538ab3,5,4,1
6bd3a60971ad56dc2edfe2873ad1c9b7,4,5,1
1e7e52793962988de8f2bfdf748387eb,5,5,0
ad950ca26cf8bcb793630d2d8652a562,3,5,2
0487007c18089d38f1492091945d7ba8,4,4,0
da205e39e5c9572ab09b0f2ee02e7c04,5,2,3
9f6bea24fd370c2775d47a3525a4c534,5,3,2
345f6867e8f97e11fb9f1ac091b18df9,5,1,4
f36d049775f796795ad32ae00310ee97,5,5,0
93497823840bdd3e28dd14bc07a3c654,4,4,0
1bc50e93f3ab76ab6677faad4dd5216b,5,3,2
034d69957b2269cb4e06b31561b64973,4,5,1
753e537c63c618f5c27c4a3a51182909,2,5,3
487e6e67e10e5756f886f5994439c22f,3,1,2
6fa2b34b44af3aa81c0b080d0c133338,5,5,0
57d81bf4762c3335d0c6f021fe001856,5,4,1
2ddda59cefbe161601082d0beee3cf01,5,3,2
8e6ea4b72f10b06c7c6ac53f274e636f,4,5,1
cedd76fc5747c4fe238fffea929a9672,5,1,4
3d1a669c8ccacd61bf065e1537d5cad4,5,5,0
a2a802d19d01ddbdbf3920d42a2e6a64,5,1,4
6004599e0ca050d5d2e6b6cc27616061,5,4,1
ef91e98c27841eead891942911000752,5,5,0
9d2a11bab82354e3c134c7212988228a,4,4,0
903bf628219e968e070f205a97500735,5,5,0
583d26399c28234b68343e4ec352842a,5,5,0
30fad506e0a3f97390f19a636e08894e,5,4,1
92fe9f93b7bb7a99f55be01fcd629140,5,5,0
9105267b46613c2a2957fc8fb48ba1b5,5,4,1
182499c96e47e2fa18c6d442a1fa6b1f,5,5,0
774948f6702fc1d316b81f28fea3de9b,5,5,0
0508c1d4ce32ccc40fc59d0592478608,5,4,1
0fcd3f7c5275b49cc83dd15129700b71,4,5,1
ee64d42b8cf066f35eac1cf57de1aa85,1,5,4
5103a33779a9aef136d6dbe242f779e0,1,4,3
ae6144c470984a7dcd32074f5d981973,3,5,2
d5db5ade6120da8525cd7eac0608d009,4,1,3
c28ec0be612e5396c0ef13b958a713f4,5,5,0
d4e84d2279af74e9336d0c786d6abb78,5,4,1
5a90df645c69ff1165894c2f2c11e1cc,5,4,1
bb18a7304967722c7cef28dff0a916ed,5,5,0
5c65f6e8b3825aeb9c088dc89edec2e5,3,1,2
75b96a3b1a4aa70f1b20c1e86020cfd3,5,4,1
3dd1232f9ae258b596e0189d82e2a222,5,5,0
57fce93a49162f50b73540052f2871dc,5,5,0
d134a745dbca5e4a22709d57e23d4f8d,5,5,0
314e4546a237e634908a80f2cebdf0fc,5,3,2
1bfc6a0fec1d7e511b040f474ced0c0c,5,5,0
42c74febe4e2c8abef75d91fc0bfe0af,1,1,0
00efb72d8e18533f736e86770705d094,4,4,0
4fcf76f4599c2d725c33ed838078c8df,5,5,0
52e0844a4571e7443dd8e575e7f33480,2,1,1
adf094db594ac7282fe50859f69cdb31,5,1,4
dd0cba59df3a0bfd6e21bdd9cfefd7bc,5,1,4
6091d0277963e5390a17a2eb5763ad1b,4,1,3
f2d4c5e2504657f6ee0b76fb979dd01d,4,3,1
63769bd918e5619db29316bac51cc4e5,5,4,1
38c69a1ea85be350abf04516e9527573,4,5,1
15a8c5377a1ec81646e364e8b6aabf90,5,5,0
31b398923275e2f66a56071ac111efd5,5,1,4
923c12ba1eb9e34963ef46a793e0891d,5,5,0
61af52f7cc6266b9aead2cc464aa48f0,4,5,1
97ad789b38d3d6a17bd34b3c19fe40b8,5,1,4
13d7a56c8538c342f96bc88730ef2919,5,5,0
b918857b7289075da14325e369374e4b,5,5,0
38f0291ed11ee2f2f0cf35ef8931e374,4,4,0
7bcffa5963aefdcd6c8cca5cfd6d0e32,5,5,0
e8c92cfd87f5f0c6d2fc5bc1df5f02b4,1,1,0
cf14f34423154c055c6677b22cbfbf68,2,1,1
95123e166ec553efe0364686f36d5ac4,4,5,1
34d03ba192ebfee7bb55fc8ebd151245,2,5,3
7bfaace314d5c68160cbbb20c50b1438,5,4,1
cb821fdd07b85eba7459df8a7859c65e,5,5,0
ff7ea91a98e1590d290e99bcffefa149,5,3,2
4647f189e31add16ebebc6f67a6b6dc1,5,4,1
44ec3a74b2c9dcfe0f2fa9031613065d,5,1,4
312bfb221da51864b9fc4b361542ee5b,1,5,4
34d981c2cff2bb39afd6bb3f424c2173,1,2,1
618c8ae12269b2fcb1eaedac90d6ed30,1,1,0
37050b29f1b62a5025ae49d6a51e5d4b,4,5,1
52409ab9ace8f52a885e05a9204b8aec,5,5,0
e1df06d2e0fcfed2ec12f002d54da4f0,5,3,2
8accfc040e66d8b4eac1ce4321c40911,5,5,0
4dea0f922f4dd1f6db6379f7ad64ede2,5,5,0
53c898ca05dd376204a04358c8dd0e79,5,4,1
07a4d91148af619890def9a1ac3de73f,4,1,3
32c89d9ac47125b85e72ba219a4f09ac,5,4,1
479d2226115d100c027f7dd83622c1ee,5,1,4
9da8ef7171b203799d1fac783097c70d,5,4,1
a297e4ba9ce71eebc150ae6ca85e1bcb,3,4,1
23d23296f19f96722556d7712d45ca0e,5,5,0
6ee3c291219411d6da1a62f056058fec,5,5,0
410cfb42b9a36728a695fe883df04ebf,5,1,4
b001bdcc006e151f53abb083acb3943f,5,1,4
eca3561eac6b93f245edb7367ed7160d,5,5,0
20c452fc8f22663c6a11508ec8ca0726,5,1,4
7e047f26cecb3f6373facac7ded4924c,4,4,0
77178560d74827781c4c0495c5a5abc2,5,5,0
5c39ea77aeff2cf75f3eb07b78d3c13c,5,4,1
2fe2b3f315aee60c3f8f15af8d3e0ab6,5,4,1
647435133861948067a0b68eb68b4357,5,4,1
4a0217620e6f7eeca8f035dbbd03a174,4,4,0
d8f4c65b2259adf42e2f7f51a82fc8d0,5,3,2
c7e60efb6feb0df33ec3cd61043dd39f,5,5,0
0919371859b3150228068cde3b07c122,4,5,1
124282aeb36f71699a910e0670c08769,5,1,4
ba75b8044f56f7a37a05faab18d7ed45,4,5,1
fa7809f6cdf09dfab24cfc2669964ecb,1,4,3
303537b4b88abe56ea3a5c0801709c36,5,4,1
02748e01a6356d0e5072ac06f4dd0bc4,5,5,0
6f20f9a24b084da22b90cb7a0950e43b,3,5,2
fcb8aa0e937269c1e87318bfc217d018,5,5,0
526298482ad701ff69888f90db67ca2a,5,5,0
45c653bdeb327fde86e2a52bd3d33e89,4,3,1
0d56c8e03a50b02483786818f4e5927f,5,4,1
69fd8982cce0c7b6b7c23513fc4c4754,5,4,1
1ba5772ca0ab24b8c21ec26537acea23,3,5,2
741c75a2bee4e666de0415b10cd0cad7,5,1,4
ec79ae97ce242a5f1ba6c9aa1dc902d9,2,4,2
d21d8f9968ef789ea10f2fd94c53e3be,5,5,0
c9a8490e7b2c76d2f9b22369314a9391,2,2,0
19e234aee52e37132b0b4fcfb8465f88,5,1,4
2d68cfa7c620233fd6bef3084eb1358f,4,3,1
54b189d57c850ca60b0a19d7e12b6d40,5,5,0
09836dd0df8891bd6cc20b9e651a6f23,5,5,0
f235384f00231b97741506296a4cca59,5,1,4
cfe0e21a3b8390e60daf26aa2ad9538c,5,4,1
1ddab242ec2aa2eb0c3c44bf6002dfe9,5,1,4
eb8bb2327b51442c991b414ac3bc397f,5,5,0
43704b87832e6d18cbfc465c207f11f1,4,1,3
c15766f615902f3b10ebce7da0113522,5,4,1
fc8a722f0277169552e46a0e91d7f0b3,5,5,0
61762cc32c47f742be3e930cac5d681d,5,5,0
3308880e8f58b1d2c21bd5b1bf64aad4,5,1,4
fa65d721b5cd6f9f0576b0e17c1998fa,5,5,0
628287e102c84327f95402d4670434d2,4,1,3
8c2228de3ce29abb8e11211b8fa27001,4,1,3
6333046a213dd2a7a2fa8909a8111bfb,5,2,3
a6cb10ee1e2b8d61f857c29323efa291,5,4,1
5e724a9bb565d4ccd9078fec28d4fdc8,5,1,4
f0654e0a53d2856f440bf6c3d7544172,3,1,2
58e4f337e6222b76df3642affa8a0605,5,5,0
2b473386b4243407da363718a2a382fa,5,2,3
0e6844f9954c0a475641b6490c3f9739,1,1,0
ccc5790acbda1b1992f4d1c46204238d,4,5,1
7851495947d26fc0c390eb65975d2428,5,5,0
897bec88b385ac71b7a32e9d9097164a,2,1,1
a509aa52e1b047594efae5f552612b3d,5,5,0
cf8a286791ca34ae16989098a84abc35,4,4,0
d4da0ded1ea8403f03239a9e2a64a062,4,4,0
ccc9547a7a8d9cced273a483d286f737,5,4,1
8d8167b4fd098163e8639b0cadf330ec,5,4,1
9036c3ce0a28353732668a2822a0a1c8,5,4,1
6e454623148ed5b186a1eaf35d2b51eb,5,1,4
23f553848a03aaab35bb3f9f87725125,5,4,1
aaee808634adf6a6f4bdd2354f43f448,5,1,4
f7485abcf1f560757db577b02f448bcc,5,5,0
d2081973563a03db3d71859a063dc4c1,5,4,1
715fcad4ccf80801995de682dd4be9c7,5,5,0
78ea241c511db7faf8d464cb4c58d87e,5,1,4
8e27644b3fd57af86b8b8367cea289c6,5,1,4
a4015a55015b0058b93b119716cb188b,2,5,3
94fade3ce4aef6f9a24bb31e0ff03edf,3,3,0
b3e00e1b523322d8cc200c17af55b8b7,5,1,4
7b70ed12304671aecd4d8fef24017f5b,5,4,1
5f15f0c533a12e29594c41ac50ce1379,5,1,4
bf6b2de2bb164dc2a23c23c554a46a05,5,5,0
08a5a57f90304e3e736623cdd8eb0166,5,5,0
270700b8be5da026cd758478b3ad2577,5,5,0
8c7375aeac2efc63f0754588cd9d29e4,5,5,0
97cd8f499c48c7f5ddc59d8e9d79f314,5,4,1
5ec8127f0e7abadc5ee625f266ee0742,4,4,0
3e33843f7f12a11466eaa521cad5f864,4,4,0
a710aa239bfbb253f2ecd578893a07bc,3,3,0
27f4eecc66d136a3781f422342dfd424,4,5,1
85b1e09d7a230790544ffb86902bf77b,5,1,4
d9cfa4b0f995deb2fa9758d5534e1d13,3,1,2
076f1fe978468db6b826f40f714da65f,4,4,0
805559bf950cf417d71f74d0d92b4302,5,1,4
667c96777c18991310cd8d38335962a1,5,5,0
94be6b672a642c5c33415e7ccc13c00c,4,5,1
f2cf45e30b7281798c16050559433fe9,3,3,0
c2100d40d4b85ba8fc3633a85df8af87,4,4,0
984238b9906320ee4e847b98f9f2c699,5,5,0
6e4064c4b1df562463ea9a75839db134,2,5,3
6725e06b0845f932b78f46292e937422,5,4,1
d37a4faa7cb8cd88246d73aee035a327,5,4,1
4da1780a79ddb7340ed2081b6c035d2d,1,5,4
6f6785dde266434130a2aa8af06a52b7,5,5,0
293654220ad21e2a3f268a874f6f0e69,5,1,4
b7efa2aa3802e7ec91a5dd59edc36488,5,5,0
f930a1f6247ed00d6fa9d8a09782c7b4,5,1,4
b0a851b41e096cd9cc552e15698c3d4e,5,5,0
ec65679b4c5a964591180c6066177c5d,5,4,1
85aa644b23efd808ba253a509c0b01f7,5,5,0
9de73f3e6157169ad6c32b9f313c7dcb,5,1,4
aafbb7deb8b53a1b559f530bd24ea506,5,5,0
0d55a4ad122b3601a52796338c4779b9,3,4,1
b580df301116ea504e6a5c6fd555e871,5,5,0
99998ce3d95cbd85b91c471cab8db940,3,5,2
1fd20dcd28f95b7f60b8b09212db9f30,5,5,0
89ac66241f4fd570f7a775df77518567,5,1,4
cb9a6504c8ba700db40dcf1442725189,5,4,1
9979adea9a6e9beb05f965201bfe6e5b,5,5,0
eab659d04f2bba5abfe11a2e6ef92bd0,5,4,1
b47cd76a21d19af864c8b5c8a255fc47,5,4,1
648e0ac5cc6c2c2f7fa83738b193516a,4,5,1
83449730f699ad6cb7c8ac34acf0ac84,4,5,1
bc21aafa31286566776854b064ed351a,5,5,0
4308e12e9ffac5a442e69838bb90872d,5,5,0
b2377b1954ac905f64a3797f58fc36d9,5,4,1
75c3993b743335fa57b1645f056b59d2,5,4,1
8deb64b979ba1e9e5325ca8427efec4f,5,5,0
e0a392ae82bc219375ace26ec32a6301,2,4,2
2ce48a416ec4c72a129f73b550eecdbe,1,1,0
e332eda82fe7ca4e86daf4f71ca785df,1,1,0
555e60e282181725debc9eb2d69fda3f,1,5,4
1bf8b5f1e3bc76dcaa6414b170ef3ae0,5,5,0
086700af881b71e5ef67cfc7ecf4a7a9,5,5,0
34cceecb116e314cb7f554bb3ee1db08,5,5,0
23547de53f9322e4e739959f2f0cc8be,5,5,0
636f73118014a54ac2fff02765918f12,3,1,2
f9fcece01e53f6127dfe56deebac3329,3,4,1
add756e3e5d6be09e93f4e5ca22d7b44,2,1,1
640ebd9e6042fa597d8453c63c19f6fd,4,5,1
d21ac314662db0838c14d8a6e6c0ddca,5,4,1
67fe9f5e9c411829a15755a4c9f56663,5,4,1
fa2f06a4a4f3bb8b8045087e4b3cbd3d,4,5,1
6c8c2eaa3f73e88dd6dec1b8e00648e3,1,1,0
c0c1dd37a8e883f0250adaa36b474263,5,4,1
3a3946583c464f57913a9df9c134ba0f,5,1,4
9ffb8109facce85e8fca8e404bbc584c,5,4,1
4e204da6cc8b59dcfdc532fb5a9281f0,4,5,1
3db26f82a9173b4f87df15e4b6028954,4,1,3
e80af3d621fbc7add2b8a64511f1012b,5,5,0
2c3e691445b0edeba4836606bbb095c9,5,4,1
cfa24f77a1afcf0827e88b162f7cf0b2,5,5,0
3290f39297b8a329b033a77a8ed856b2,5,5,0
97f2d3fa09c8f66f8d26e81695161515,4,4,0
be05bd6519a58cf3d3e4ca73c99f5395,5,5,0
1194afa31e54aeee123be8df42e3f573,4,3,1
79da3f5fe31ad1e454f06f95dc032ad5,5,5,0
1a73487544d0b9f2ae19eaf22e3c7462,5,4,1
faf590b30d6a5dd0430cf8713a6455c2,2,1,1
5b2f8cfd2fc117b59e6a0247d77f07d1,5,5,0
27f34f7957260b0d9e561139a5752836,4,3,1
968881fd0bc1fa8d068c381b3484223d,5,4,1
959ee23c386c94d0f7b0c514b4901e97,5,4,1
e65fac6043c523489698c681bde0985d,5,3,2
36252698cf1f3b91960c60cb2524ae78,5,1,4
2d69f10ad3b8448d288a26023ff5f977,4,1,3
713d50ddc8c1a4367d76bf00bdf4d150,4,5,1
2fdca5b7401ab483f6f3ef78f46f32f2,1,3,2
99695e8eceb2822d04f20fa0310f8402,5,5,0
1d71f1b40262fac8b20f5d792b1d1af2,5,5,0
fddf57c74b8cdfa31aacc5a974885ae5,4,4,0
d956b6bc3c18434daf20182e6a625c86,5,5,0
7388c6ff667e30b4ba78bdca9dccd818,5,5,0
15fdda39515f8ebe0bc8d067fa136a83,5,1,4
1b3f223f58c9bc6eb519696b4ac16cd5,5,1,4
b23fef1fa296cd791a57b465a3dc3827,5,5,0
5d60fb004df189c63dde348d81c6b4f7,5,5,0
5c37d6b170816f736bfa468714b2b41d,5,1,4
27f60f8461adbfd9213bd35b38206bfe,5,5,0
507a6db9c4fdc782cddab2d468782a97,1,3,2
5c5372ed5680de60cbf2fe6c15deb92a,5,5,0
2a48623a075ed7b21c8f9ed3ab513674,5,1,4
26466061ecf0630db081aea8581b871b,1,5,4
fe157fed1771944584f95dce138eefad,3,1,2
808b7fff91e537a5df90717957ee5bb1,5,1,4
816e49951eeb579e37e0e247a4957869,1,5,4
369d4391cc475b184da61af43967f197,1,4,3
84e34554c40b81ca0f4228e7c59179f9,4,1,3
c9eadde41242e71dd70ad3fb033940eb,5,5,0
b736f9c98deb53b03ac6e931f3373063,4,4,0
5b16bc6a09b0fc583a3b696a0e80396e,4,2,2
986dae5bc78169ebbf74f5d5f79924ff,4,2,2
055cfc7366f3dfdbca102536d95381bb,5,5,0
6acc8234fbe95cdf6e5e160bc5a23ad0,4,4,0
f99e3215de6016797bab522d7a8fb5dd,3,5,2
31d29a8c43bc533845fe7bfae74fa0cb,4,4,0
c046779e1ef14c11e325b9b9a46d610d,3,5,2
6779a7a489f7ad48ffd7ac5472345008,5,3,2
f5f04dd481f2adae96df163474755163,5,5,0
855302e009dbafa86035003b00a49cd2,5,5,0
fcef6b2702ddfbf4e13823c52d95627b,5,2,3
0a11e1f5811dda6f2921ea5b87f67475,5,4,1
0bfd90889de46373db5089b3bb941135,5,5,0
50af5eb21dfe120d3a7950feee50d90d,4,4,0
6a300a67950956af7a9e1fe6e85c92a4,5,4,1
4ee512b414a41f8ed0239751fc1d77bf,5,5,0
1432d48030ced821a4afaabcfc2a8b0f,1,5,4
2feb60b66471f9985b3f06df1f360f34,5,4,1
c2ef540e16617cb62d8c9d0bb874a498,5,4,1
d4612a92684490006e3edc89c89a7a2b,5,5,0
686401a87720135448e51dc4547c8144,5,5,0
a8c151e54e03b53004b0e1c8e7bc033d,5,5,0
c2baa2c68f42b3980566cf7f366fcd5b,5,3,2
3a66d09f5706316fe219b632a7ba335d,4,2,2
9b8e74aa515dafc41a1485ea61c6c3bc,5,4,1
bd1e1a304d04fa76626646f8efa12f77,5,5,0
b2b22e6b8ad71ac3e8d2242b8f49c910,5,4,1
90e0d38d1d5842547ebd5cb95069c1f7,5,5,0
fa2de0086db43d394d58f69a111f8f69,4,3,1
750732fef7a3be35c99c21fab182e597,5,1,4
dab084025124fbf71af416639b3c93bc,5,4,1
7dcd0f2215594d90c8a4e7cd57d06dbe,5,5,0
85eb2a6b95fb63038d835a7b235b47d0,5,4,1
805bde3649dd9d348ea3b77004f1c6d5,5,5,0
7788769c8b180355458e5f838cc88e0e,5,5,0
3e2a7096b199939e9fde66eba27073d3,3,5,2
c2103ca5d928d19db6fbac6e5d710b0b,5,1,4
61f46021dc3392729c54f0a596a63383,3,2,1
b81909d99454a0227bc01cc241ef921a,5,5,0
9c70736fb3a0b0f4432c9fa2798a2dcd,5,4,1
d359e2c7de603d9b72bdfe2dc3840275,5,5,0
6c066ac65ae3a217178d6e90f682be03,4,5,1
04a2b4ee7fcf9fa8bf25b8d5bc770152,5,1,4
f48f1f27399611e17088c57968bc1486,4,5,1
285bb3ebe7ede4496dcb8e7217c126f2,5,3,2
4c832b5c447f450474f8470737f7e580,1,1,0
756a455615f1d5b5c586b29c2ba67a89,4,4,0
d82b278ce974fb241a84117441013d91,5,4,1
8a02059055e25bfefbd27fa0d9d1a5dc,5,1,4
4d9d469ff1df648081f3e7648d24e82f,1,1,0
63a751ba03546afb43799a2dadb49ef2,5,5,0
4e41f78649da5383f210424cf0d04966,4,4,0
dc2511c427e70f8da90cb2db49c1bdab,5,3,2
7e8af96fabba7a99d5206b8db4b7b098,3,1,2
f62ff18c0fc73a78ebd80d0d881abfcf,5,1,4
f57c8a776138b35f3f50d2d2e6caa7f2,5,4,1
49df96b5d7690592c9cfc2c3c10e9a5a,4,5,1
b5e3ecf507a50073bb07d54786f46337,5,4,1
3941ca6fee43030b3a030be440e4ead7,5,5,0
5f2ca185b50a74d71d7db083f0d11b4b,3,3,0
c1c6a8e793edfe92994affd611b92aa9,5,4,1
f7445b0cae0fd4d05894171adcc55931,5,4,1
a44bccae654f637781e1918da79f4fd2,5,1,4
6af1785f8b08c8802cad476fa3590291,5,5,0
c1bc9f391d11c8c81bc4dbe49a6a892e,5,5,0
db7059aeda4a4b33b40700c87731ae15,5,3,2
859b8b69ff63d94b4c45df72adb387b2,4,1,3
eb752d7dd31fae34db80457d17e72ad0,4,5,1
9e02c4c728d01f48f6a07f6179cef325,4,5,1
6a25b525e1179f856694f3e632dd829b,5,5,0
8628004441d1bfed0eba2925c11f0a9f,1,1,0
6eb5748888c6dd2345d8654d18fef604,4,5,1
f683cdbdf58d83a900ba15a1df6351b2,4,5,1
fe5f4fa1c18761b398e46c402c067ddf,5,4,1
587359e7534c6f6cb987a31070b3171d,5,4,1
f77f2b95a7b6f7fcabbf99ff2c58dbe4,3,5,2
71dc1ebd78222712d79f728f038d06be,5,5,0
5e434db83bb70a40ee87ceafd1164700,5,4,1
c4d4442c9ecafb0e6611333eeefab2d5,5,5,0
4f53691b758958dca780dbbe19dad2ab,2,3,1
4bf076e869b9f6d8f4a470a9850ed57a,5,5,0
1dab6cb14267214f76fe292d1a79014c,4,1,3
0132fef017ccf586491ca3685de667df,5,5,0
bab2b00c7dda561a8e77047d346f36cc,5,1,4
27b21720ea6e7cdbd58f9948ec1be09b,4,5,1
ac056e19c77f2d10da3097371332da46,5,4,1
deeed712c83b155989e7ccf569ecc9c3,5,5,0
572c8f79a589e5ab2a0d8eec910deec1,3,4,1
6efa7ab74072ac5be10003b8ccf246bc,3,5,2
8c771415273e87e3770092962104fa65,4,3,1
3b81059fdf845de042cb9d6fc78765e7,4,1,3
a017bed18c5f129119f36a92642a1cc0,5,5,0
f1147937e588f3e556bf8b1d57bf4881,1,4,3
7446025306e883cf5f81d6a59b52a77a,4,5,1
bd1fa6cec6b4313ecd85584380d1804e,5,4,1
e2d0dc3c743b5c8af5b6d15458f10a5c,5,5,0
31b4e29d481ffee1ab729d2864f96173,5,1,4
f099d41ba0914d00926083362cea3299,5,4,1
7cdea6836b6842b3a1f5add3d236395e,5,4,1
de3f0819b6ed261f394af5bf809eed9c,5,4,1
53b686fac427f7a62d0f32047dacd2fc,5,5,0
709df04791b8bd393b34a58de3cf142d,5,5,0
ad3023e7d21d3ab26bd1d2939d18cd8c,4,5,1
52b1b3d6e18f1bf504f285c0a8f0d276,5,4,1
5b8e4e84a2e2822c4a1e704ef4b20f92,5,5,0
a512634a0377a863c1f77f2ad31506e0,5,4,1
0626a1c665314a1d0bf29ab063d5af74,4,5,1
581e402f36b377643fce426a28dc17e4,5,4,1
e70b63c3816d07ca01fe09b627e7d85c,5,2,3
84295d74f40adb034c954659df22fded,5,4,1
f3fe458f9ea7468f40f3c535818a7e80,5,3,2
c41d48eaf09ea5de1864866821efe3c1,5,2,3
605b6e2919387ca3cd0480e7d420320f,5,5,0
3dbe9476def7eceba5ab2cab07ac948e,5,5,0
1a77469cc9045a2ec0ddcb6c608e80c7,3,5,2
dd254408dc9d63326b2028c5ffe9e23b,3,5,2
6d0e0305d6f6df15685493270ac1d986,5,4,1
6c1254286aa56d3190235f7319a47136,5,5,0
9edf857fb745380a09bf319e39843439,1,4,3
772c351a74ac46cb09d3733ed52c8058,3,1,2
cfec583bec70f00c3a46676a88937f22,2,5,3
523f24867a34e6e564dda4898935e05e,1,1,0
e1bd2228c92c296ee03ec76b523fc5e1,4,4,0
1ac4ac576a3e3ef61ffbb64937ed1f62,4,5,1
bcbc83ec3dc71750aff96a593b9e280f,5,1,4
7b1ac4e60f6fa1bcc21cbd258f6ea1bd,5,5,0
f9d0e3b4c20495f400a845fa3aab20c2,5,5,0
6f61cfff949f6d2569a44327aaaca639,3,5,2
cf5e115a19c54f0457aa4c00fb88ae63,5,5,0
3c53e9578b571a4df6397b338ae76ae2,5,4,1
563374a910b848445e9d0d50a0d65bc7,1,3,2
18b284ddc56750a4971cbf512bab59f3,4,1,3
aa67be2025a314e506fb322c51d01d65,5,4,1
b54fa43051fefab27d1f06b71938062c,4,5,1
0ae4456639dd07164db5f2433c8f55e4,1,1,0
a9495ad773a18a329a4f9e514f5c1c9f,5,5,0
841f22552ef7bc21e205df35283025c4,4,4,0
21abec9862e40dd6706f0eaecb193f4b,4,4,0
5f6d7bc44eb2d1588b7cb6ac202d63a0,3,1,2
9198b4e581a0d75d41d959e9a161d1fb,5,4,1
4d81658706fc67d54b7160d156555cc1,5,3,2
b5354d8d292a97bc23838762d5c4bcc6,5,2,3
f5d26ce3ea53961345d0c99784d26c68,4,4,0
eb8f06a1cad454e1dd8dbb24de86a779,5,5,0
91b166cd6dd1eeedaae97f48691bf706,5,1,4
8d877170b83d13fb1a69834a815d0974,1,4,3
486970ef07e7ed3cce9ac167bc49e245,5,4,1
96a0411828c1774771b1c912e8dd813c,4,5,1
3f0cb8f5398fd5dc8e3b02e308391a63,5,4,1
561cdd2accb4b96049e2f85972d8bffe,5,1,4
3988b16758968e3d0683b0917f9e76bf,1,5,4
e98405be83624163fbaadf39f502cfb1,5,1,4
0e8af1a05e9022734d9794c079ebdcf5,5,3,2
95fa26b6ea476ed040e592e0a825d6f0,5,5,0
f55ebd23aed37969b6b05ae64bb1f034,5,5,0
862a507705acaf4976559515b7b78908,5,5,0
52dad0f7bc913b9f6bee5df584adeffb,1,1,0
d15a4add9a1af2006ad10d70d9a4b634,3,4,1
c6624907a0776d1385446872873d5fcf,5,4,1
b469d27d92d32ac0ddb615a295f2e9c4,4,5,1
8ea30b70e3e6d110ab6eaec18f0a7269,5,1,4
53d2ed65a0e7a0761bd6000d5dada878,5,3,2
d86359a45e3f6c6d8b35f7b13e41abf5,5,5,0
08c72944eaad657c973c51fba479d655,5,5,0
478627b306121470f39a3097aabbbc70,5,4,1
ffcb98e21b0bf085baf42b16a67732ef,5,5,0
abf6c7f874686f41f606c83a8e8d2a9f,4,5,1
8108ed1f76e87d696efd3b2f3729a370,5,4,1
f12e512d4a25a3aef0acba13d8860fd1,5,4,1
427bdcc4eb03caf53fde12f57a84d443,2,1,1
38776c227318fc6906defc2d197cb17a,5,5,0
ac3af18d419f856bb7346664d8bc6438,5,5,0
d5b8231ec694904371f3efcd3450ee94,4,4,0
022e89c60857b5c81788e7e09d04b3ef,3,5,2
bbad5d13167b7fc87a31a92251a6de88,5,5,0
ff0f02f5164fbb037a3baf913ba85e18,5,3,2
93c37018f6965594a445636285767c52,5,5,0
92ba7c89244ceee45a169b86da9fcada,5,4,1
61edec4c7086a5383dc4f5e6fca69e9b,3,1,2
77e18878827762954f8e0697901368de,5,5,0
b42f5cf7cbdab3df43164a7809d69ced,1,1,0
6cfff87e38aec01ac371bafe086e3f56,5,5,0
dc7ddd4a05f0c561ece12f352cc4cf33,5,5,0
e90e7c747cb478cb9b973c929c0994e5,5,5,0
56fcb6d24acb1b94dd4492f663187b69,5,5,0
075867c84468363ed47de8b38d904253,3,1,2
efba1a196f39b8f3451fa4a5804928e0,5,4,1
8a3ec851fda600089ac1c69ca40215c0,5,5,0
db1f7432d39759d7b2c5b46a2cfaafac,4,1,3
9fb1ba3c276b463ddaf0f78a653cde06,5,4,1
275d77a4c30d29824ec29e90244c95f4,4,5,1
87df9743b232127b4f035bdd0a472850,2,5,3
86603549dc4dc577ba20b693ecb5daca,5,4,1
73fc770f6cccde5fdd23cc5b127b57bc,4,5,1
c0a35c459a11bc0953c481dd80ec5fd0,2,5,3
1ff4c20b2df8bf57ff19a6914f21340f,5,4,1
f91dcb4d9c1f886ee0e187dba0de6828,5,5,0
6def446d620c67c66889bf68e0552870,1,1,0
d9c24e4449ffb647e94f0bf23388e4aa,4,1,3
8e60a511ac30aacb9ded963801a906af,5,1,4
a73fadc2e44ce205de32f57d09235dbe,4,4,0
f75666bf6c9e09f6b3f4bcd797b57a3c,5,4,1
eb95d20e65f92b47748faa2b93841536,5,5,0
87505fcc62d2679d048529cf9fcb6ca1,2,5,3
5d9b1cf79cdb606d15a2fe3dda0b38af,5,4,1
f481e2c2c039ab1665d048d7e2cf5e00,1,1,0
b890cb0243af4f8fd806a1429f978113,5,1,4
7ef259be178f9f06c72a57add85b71cd,3,1,2
6202fea10a6355e22332c7d5a964e401,5,4,1
db3da16505a1f133612db0c345dfaf4a,4,5,1
64cf90af2972e752091fa4a0344c47b7,4,4,0
555d7aa9a2893149ace06d73b09b59b5,5,5,0
79f7d697719bb0bd65cf1a1c5fc67348,5,4,1
6b3283bced42ff1c70f94eb1736fdabc,1,1,0
567cb4e829743d8cc4dd3dc72b6d7136,2,5,3
338ffe54b65a3b8124c81ebe6d1cc4b0,5,1,4
55d273b56003b6897fad01895ef4f482,4,3,1
3eaa38ceecb7aa8a13c72b571236041d,5,4,1
3ba5e1e9d44fafee8e7ec732a7503aa5,5,3,2
1774ba82c4fe803da714e3f5c48cbcdc,3,3,0
0b26649ec6ddf0ad51f419691e14a0db,4,5,1
6aad3bed746944c70143bcbcadb6c5ab,3,5,2
9fd07681f43c9216956e0a1ee8f8775d,3,5,2
91046b977c00091c0ee45b2e2478120b,5,3,2
2474ce847af8cf0b009c669d1896837a,5,4,1
8a30e60c68df3fd5ca4cd1070083c3f8,1,1,0
6e64502497aa34a598438ee5cdbcaea2,5,5,0
0544d7932387565226ae96a9ec8c03c8,5,4,1
741bffa3ccd9486d8050c172ea085d43,5,5,0
004ca5ae248069d68e8594df8abf6ce0,5,4,1
5f7fcba7792c39066e8479dea103be91,1,1,0
47d7bd38284cac71afd4fb618c810b6b,1,1,0
95d6357ffe41aa6d2998852a710c70a0,5,1,4
5fa3b6744c7d556116187d18de357c43,4,1,3
3c87d7e874618030c19e7e58d04556a5,1,2,1
8ec3ff9f474ef9e6324556d1fa434d5e,1,1,0
e4e0b1913652739070617b6a336a6ca5,4,5,1
9f58be0e75ed0e5862bd6dbf261a8b05,3,1,2
bb91c3b36fbe9aa9873d12ffb7371942,1,1,0
246ed527fc17d711f0b578e0bd407257,5,1,4
1bcc358683121573025279427dacc764,1,1,0
ea2c93fbb3cf79edecd5f993fe362464,5,1,4
0a3ece2f39e596ede61967326bf7e969,5,5,0
5ef687909733df8914b4723111ceb1a2,5,5,0
86df051b358d78a419a88d76515d6d80,5,5,0
cd0e3aa0b83f4e50e2bdaaaf840a54ba,5,5,0
cf4eff954b06c19d96be7d6792a1da3c,5,3,2
2a6e8337ac5b1fdb4aa243c834525f66,5,4,1
e29968d0d7fad6eb512591f25eca27dc,3,3,0
2232bf34060433dc7ae5f0c76a2e6cab,5,5,0
d9c541bd2935c8217a2ecb05c3162541,4,3,1
57ba835cf75b08c9d823b7eb67ca09e2,5,5,0
80e3ea9d65b89f8cbaa3d1f08f5dbd17,4,3,1
1d8213566e4ed04b2a4659f52a1021b9,4,5,1
cc45933a00838616a60b830294189038,4,5,1
de68ff91737ba366892be2067a2cdfec,5,3,2
a12362add53762f2cdf644889917fea4,1,3,2
6d14889fa5a291bfb158f84de31cc0e9,4,5,1
01cc71a8154340ae61126b5ee9b48fef,4,5,1
b196564f2fd79a80ab1b31dd8ba4e4fb,5,5,0
3e6c77a5839517805ed2f8f80e7d9054,3,5,2
aa27bd1341335b1891bbcc4e1967b402,5,4,1
b72bd7bf1e84a4cde235a7ffcc7542ca,5,1,4
ea0640a9f021b9f129b25d54e4c649f2,1,3,2
f8433ba8190dc8137e3409d466cf90ef,4,3,1
0ed7a79d6ed3dcd5dc6430339b52c0f9,5,1,4
d441b72d920571f8ac2d3c847eee6e47,1,1,0
7f922477f06db4ab69f6f173f439088e,4,5,1
87afd3fd1ec1b984a228c772b5dd2a4c,4,3,1
2f5d70ed755cd9161500d10f19737dce,4,5,1
7106145f3789df33a461a2544bc2953a,4,5,1
8d73d05fe1d2142179985e04712e8485,1,3,2
a4bfde08f83dafe9237a6f1890d097b1,5,1,4
f642a274a615b1034be368fac85db8e9,5,4,1
533dccc39b9e7286042aba868d574ecf,5,1,4
72adf8902a7ccd9b21ba70c84f2d53c4,4,5,1
245a8cb9d360630691eb4449b1994017,5,5,0
f9ff65718437270c39dfb38755a41157,5,5,0
7a4caa019e7bb13e8a2c00696be65ec5,5,3,2
4ebc7efaeb93bd3bdb9eccaf404cd53a,5,5,0
da3b1ce080ddff2eea8276700fc377a7,4,4,0
c528c7334f28e47ccdd517a9288a5113,5,5,0
d02c8608e14b940d4efee267ae23dc93,1,5,4
66c21fa04706b27438fe03e00ba596f0,4,5,1
167f04d11667c6073896de381fe051f5,2,5,3
e41e5861711a10524b80a63d022ae776,5,1,4
9b7aee2b156bb9edca9034462053c87c,1,5,4
c69f94d6f227f2384dc83c6ee5deff10,4,5,1
b4cd9b81ddf6c61fd05d5e2cdecd4598,3,5,2
15fbcfbb34bc49b1bd1cdbbb676de135,4,5,1
8551e4893fc1357dda960b1a7202b53d,5,5,0
e20aaa6862f849ed8fa3b602147e09ea,4,5,1
a9950bcd6b7e01fcf110c44611fbdf2e,3,5,2
9c63f9900d02e4981d36f0a782075043,3,4,1
d06fe8d6f4bdfe9cd1992aa3322f2f47,5,1,4
479118262cc4228b46c613b6b3efa669,1,1,0
4dd077c76e72e73742c4af14ebfbd4d1,2,1,1
2b509531faa45e6f3dbaa09e3f3eb839,2,1,1
cf82b80e79a66336306b0c6c151f64ef,1,1,0
883be96e55d6e19b2ceef5cdd735d8fd,3,1,2
82ea82026e50c602a0a88e158b8fa8d4,5,4,1
8572811ca6f313e1da609f4728ff2612,3,1,2
544b4461f9238642f3577670a6866ed2,5,5,0
bb5c56055a2362690b31944465465f8b,5,5,0
5c6d4d0bd50fd99821e4005e6b9cfccd,5,1,4
585bd8282700b362b4023d8fed406190,5,5,0
2fa0de151b7f1f86d97df7c2a0e11626,2,5,3
d72653b199232133a82a28e6e340133c,5,5,0
e0a7b1bed2f7b6ea6f1ad9fab878cb12,4,5,1
82566a660a982b15fb86e904c8d32918,5,4,1
5dc381c7b65e21b5912100c620d09615,5,1,4
6be980911f97172cafec8249a401450f,5,5,0
8bd24d561ec1ec5f12ca94ba62f44909,5,5,0
ad6375df4d400deedc67049cfe1ae46f,5,5,0
3a4d49c9ef72a561be7ce1df8d7493d0,1,4,3
ac5cedb0f5d816dd6ac33929fcfd1f00,5,3,2
2ae054ef2ca5e6edea18284d0fcb9682,3,1,2
564056ed2b1aba6010b16c2dc89735b6,1,1,0
3a554e98b0dc0cef33a8df6e1b687a04,5,5,0
2b0beeb414c4c929b10570f53441db17,3,4,1
ee230b38900d26f6334311714d502d30,1,1,0
9ce03263783d6de468ef6a6debdbe92a,5,1,4
4dcc004247da52d053a714e7af29450b,5,4,1
6ef401cf776e0393085115618d39f6a9,4,1,3
be7a8091a9dc887ea17ef816b6edd96b,5,5,0
9a613bed98997c9e9969a5b93500f491,5,5,0
4c0bf10a3238584fbdeacac0151ff12b,5,4,1
a503842ce2c01bf4bae8b9ed571f29a5,5,1,4
0c87dd1621990a460672f431810cb35c,4,1,3
7b734c5bc97dccfab80232a0efd694d9,5,1,4
7a14d9bbf5aed76152f4739c23cd7970,3,5,2
96aabbf6c7fe4fc427862aa6db301f69,5,4,1
fd8406e55cd74ad84a30ccca898589b3,5,5,0
c7f56d5704a91333798e6a26628d3666,5,5,0
e7541d63acc69eb0bffae073a401b6ea,5,5,0
de0d5d6bf2003cc68cddbcbb3783b87d,5,3,2
3a3ee9aa5c27f048575edfd6d3926140,5,1,4
06b5d30491b14242caca6d7090f29771,1,5,4
1dca2485fad83accbda87a3a319645df,5,5,0
15c73309f9a91be9baa4d58d1e02cbab,5,1,4
d3ebfb013e1078eaff4a664df869315a,4,1,3
8be3f8cf0b9c0840f7fc2d6dcd6b9570,5,5,0
1bb86f8d6d2967cbf88b8a487d536e43,5,1,4
f81cffddbb8c9cf0ccdd3a5a4161aa64,3,5,2
de76a97b93b66f97e060477621822a65,3,4,1
c785675f92b03bbf76fbbcbf2acfe7da,5,5,0
4e587ca33ad0c0f0ad2e445c30698ed8,5,4,1
9dafdbeb6a7b7240bc32fd6861c42f54,5,4,1
665f584a60984d1eeb1a0ac9c18585c9,4,4,0
25256c72510ddb7b4bd3b50f904c595b,5,5,0
2e1280399c65455d35233b8e0144d883,1,5,4
b867ed36fe57004358a5c654d886d389,3,2,1
63f040d4a7b09c928627e309f6c17552,5,4,1
284ffa157b684f496366615a6ba3201a,5,5,0
e0820022dc8f9840abec5c1057054ba9,1,1,0
824d9780d0313771024a0c70fe9dd9a7,3,5,2
b0c2a7d04b165525254254a728c50a4e,5,5,0
457acb24534ad6018f8a35441a118afc,5,3,2
cd9a4a2f34981d431266156f950ce0ef,5,4,1
ecbda892f221f0914a655563629cf183,5,5,0
be5cae366c82f548c9a28b353ab44dd0,5,1,4
348af6f0ccd66ddb6e724b8fe5547368,5,5,0
f6ffb29c9fc11f94687426f77bfb45b4,2,4,2
d01d398884a6cf22acddc973b81de5c2,5,4,1
cb418bb4b6115438d20b0141ed5bc9e0,1,1,0
b6054dd0191c75f47635c7b3512b780c,5,5,0
f91a6274f42705db22d06ba516968a56,1,1,0
3f510ee6758ee5af3f189cbf3a3393a1,4,1,3
0ddd8dbe3b0d08b247e46ff98c1b5f45,5,5,0
c2a6e9e49e5282ea4882c738f6137303,5,5,0
0dbd8f8a36f6705bcd98717af943018b,5,4,1
df75a2d753c65af66e3571e2dbfd985a,3,2,1
108041cfc40e06d2d7a97c426bc6b90f,4,1,3
af1d40f25339af66ca7766f6ad8401e3,4,5,1
a75a84b2908ea544bff7d2e015fcedaa,5,4,1
1c5072c286f0b04c4cbd03de8af6136d,5,5,0
11b99e821d37f36ac4b10aff65eee3d6,5,5,0
5026ddae0cd10e29c5d2f0f37f2fe917,5,4,1
28fb57d39d543fade1e8fa4804f7483e,5,4,1
64f34bab2e734411350236e1bb97c8ca,5,5,0
934583479bac4ab37120cace4120596a,5,4,1
1dfc614ac8b1f459eef53dd1c85c2e53,1,3,2
34af854160e7ab47a2b578f22dce8684,1,4,3
8e06d9e5843b8db91a450598c1c8e2b7,5,1,4
0b895f68e42306770949736e0210d0cb,5,5,0
92f654ca285e336e08ad955c7c5761a7,5,5,0
789f93d4c1a2b2a5b2341d5609532a6d,4,4,0
9b3aaef8e7908ab350a9de73399ca846,4,5,1
93b5be70ab423cbcff4ce9e100a8b595,5,5,0
2f1134015ad299ec4f3ae950c5761e69,1,1,0
123b5d3bf7618638f3e078a76ae46049,4,5,1
85c14f3be89a889592d53a5b8ff031bb,5,3,2
8173203a530c14fc205d5f87801b227a,3,5,2
f192af03910c3b4efec294f63201d0f2,5,1,4
b59f670683b3db2d966441efade4981f,5,5,0
b1997cc3c923edc41f7077c64c6309be,5,4,1
45d0086d88024df86e193e5bf86bc989,1,4,3
92e0e57ece13a66d7232aa795367d00b,5,5,0
14f70953c10e4a130a66e0fb1f039c67,5,5,0
17aafa6538c13ff8fc19c1a54fefedf1,3,5,2
15209a5ea170d24d393e34f8bd52dbaf,4,5,1
f9d852b1cf2bd8c89bc635849359cb4e,5,2,3
ce399271de0275f62753cadf440e3012,5,3,2
d48417cf367104ba861b31d6ef9d9528,5,4,1
dfc03c094a48b3fb28bfc70f937079b8,5,5,0
9b948dcaaa76c166e78628262127e680,4,5,1
140d98b96ef924164add7c0fd859992a,3,1,2
23d4f61b839ef6570d6bc7210be91d8b,2,5,3
b715cb1b8af49b3ceed29f8d3562d0a8,5,4,1
f807d9018684b10d06ca569cdd62c0af,1,5,4
fda6b3dc0172753cc6d00bddb5d4a6e7,5,1,4
7578fd6a092a59193fd6f529094dfb84,5,5,0
ca4b213fb1a9d596a82d6e343a6370fe,5,5,0
f48e36e6cb040456fccdc6b055be3ddc,5,5,0
010efe60bdadc9261d1902f3c1dda5f3,4,4,0
4986ad26a712831bf15208292d72e96d,4,5,1
13c275bb0585b060da0d45973177dc80,5,5,0
82e7b31d30a79ed1b15ef4949fbf6358,4,5,1
bfd3c0322478fe031cd53276e6927ac6,5,5,0
4299be2dc8847aed47c08fea1f55e72b,5,5,0
033c0d8e5bce8110d7900e088c75389d,1,4,3
1e30d770b3285a068012ff979103c827,4,4,0
7f43dd9ca3fa1b6ac3d26dabda86d82c,5,5,0
7a5b3f682886d750ce6eae941ad0d793,5,5,0
20415fe2d2bbc0e8cd136855c2d3f149,5,5,0
27dddf4ebdd39e9cf4ec26a3499bd2af,5,5,0
febbb5a06ba3e1a76d7074adb56ff587,5,4,1
e821a98683cf36d7fd5ee3e3e0b63664,5,5,0
c79d89949e9c0c15257737ad928cd954,5,5,0
689d9b46b0376ea4ebaeac46ebd6fc18,3,5,2
0f67e615d797da223ac5601b9b08b180,4,1,3
69cb0d195f5c4d7f9d4a13bfb8d65600,2,5,3
ee583b507900d107ab6b06567c758504,5,5,0
b84be81e27ac56e4160716dc5aa7950c,4,4,0
3bc480522832a0e93da7aeced8fcd9a1,1,1,0
99bfe67168d67b56c87d3c3ab8b4f568,5,1,4
a25d43b087190f76ed13ac240693ded6,5,5,0
29148c99dc1bb0cf8aa0a5440a583d84,5,5,0
6e1d6161b9c3022a013add19495f1018,5,2,3
90266667267c61999c7efdecc81f99f2,5,4,1
8881dc280b8de23e6913aaee6bf61bb5,5,4,1
5181bed0040bd00f63c9efd96c5527d0,5,4,1
abbfc7ae64d171744f8143a68e3cbe1a,3,1,2
f80646cba3e7522337da486bbc45d92e,5,5,0
dcb36b511fcac050b97cd5c05de84dc3,5,5,0
f96682f8b83bc89372ebcb2164502266,5,5,0
9a64165cf939b42867416b35f8c13649,3,4,1
87366ca73707125ffa59204926a728cb,5,5,0
d931b40ce94a288787de6e568f9a76b3,4,1,3
ca757dbebcac3d3bbaa4eb7ea0f699c8,1,1,0
efa916a75b5d88fd21c5e217c691e81b,4,2,2
ba5bea3d3350015cf0511a06893b7617,5,5,0
478f37d7f0b12816126177f6d325380b,5,3,2
d00e79f339bb76a1b6dbcc8cb41934e7,5,5,0
a091ad657d4d673814a9dc6b64829a42,5,5,0
2ea399422b697257c14a7f63c224c9f2,5,1,4
b07ccdfa28017f65163b05eaa308ff97,1,1,0
23879ed885740016a16a4cfc5420c80d,5,5,0
683eec123803850e3e35c40fb6d5dbf4,5,5,0
98161ce1b4bbf1427395e740ec410ebe,1,3,2
e28fe1201ebd15ccbbe9d7e18db98c31,1,5,4
0606be58306f48924f5b44a39cfab9ec,5,3,2
2a6d616eaf63de4f52782d2df79f405b,5,1,4
083ade26303c53b4aa1c779b67d44485,5,4,1
e62ce8112cc3ca14e60e08b4766480fa,4,3,1
0eeaf3619d35e90b2430da57d351dd01,4,5,1
fb782978193f7e29ff62d9b64c93ff54,5,5,0
58ab53aab8ecabe6b411fa69f97b8be9,5,1,4
d398dcdebcb172e3625236bee43da9ec,5,1,4
b14b0dde0afd46bc7023f812bccb6abe,3,4,1
0a06a0fe44df214d7b351f21a1bb31aa,5,5,0
f17270c61aed8f1df00b8dfff634d06e,4,5,1
bb1d715aef7774629f3b397e11807b87,5,2,3
867b894c187b59ff2425447c7c13c898,4,5,1
08119452a05228b9c7e379abf9622dab,4,3,1
9cefab6270eb935eb96a97c56b8e7984,4,1,3
b8615aa7e6248212cab23e120279acf2,4,5,1
5dd65924234c78a809ec526f2530259c,5,5,0
c8ff0e33e2f8df953767f28065a3a6e0,5,1,4
777fcaf946b6f903bc6549785d3b3c2d,5,4,1
85502150053b8714f53462c6376d8295,5,4,1
73563e5cad2305f7972626384efdd8a1,3,1,2
091c0f9393510fe12cc5409a2601ff22,3,4,1
4c08f008753759d67d8ef45942f1a891,5,1,4
9de7eebae641ea185618f1d11110419f,5,1,4
b1e17419a95b98d8710e2354fe7b714a,5,5,0
635c8d3ab47b7448b5d6c81dc9b7526e,4,5,1
477f748c749a6106d2abdcc7de0be7d5,3,3,0
5ed3cdc2df4c7cb624fc3ac0f66d4a02,5,2,3
8eb725aada1a0c4ee389c877da70d60d,4,4,0
f6dca8897da8fa613f0b91b742c58b54,2,4,2
ca70cf8792727da384ba1b6e384cfbf6,2,1,1
da47d890709778a462778fa7598ad3d9,4,5,1
c107e4232a2d4729ae3da1aede9eb1e2,1,4,3
17b374e5c126d99970336dd8a72bcb91,5,1,4
c0d9f365ee87e29a7b16a2c55e1a6d5b,4,4,0
ac1b50b62dec654637917462ef922bb2,1,1,0
098a8457920d6c63f0cb10ccfbcd369d,5,5,0
68051b9b65c4b30fc1252a2b69fe1d0b,5,3,2
c169a9e130193e8343151c84accb258f,5,4,1
5b7a9a3c182d3c773dfd622600c5d0a8,3,5,2
9c5da765587b0ee5c54bf7fb708b4659,5,5,0
13a244719c4545551ba9e65d3649168f,4,5,1
243e95f7ef35f86a258727975245bd4d,3,1,2
f1c1796688aff03e046d4b3cc90e1d3a,5,5,0
b36f6a292525ebee68392ea412e750c2,1,1,0
927b55d4e72a05e5af01fa69bea2a4ac,1,5,4
93d16f5ff7e2ae4320139a6faf1a2716,5,4,1
4888eb67727162d62e275521e8d6bf41,5,3,2
5e0238f4a57ea0c2a69aad35627b57f0,1,5,4
29afb9bd764e2f5be034429f3d6811cf,1,4,3
cb1d3422684cab64f603f1b70a68e2ef,3,5,2
fce3aaaad786e05cb7386b9274f5aa17,5,5,0
deecb63e53b1551c384f3b95913c1396,5,5,0
844cf907092829d721bd444fc47377b5,5,4,1
af6962e783e8c05ad856fde27aefc00b,5,1,4
a506cff68ad939f030138d38c2350dd0,5,1,4
3ae6c164f9e4222b57e95c67ce981118,5,1,4
5dcfd31ce05e7696a4c635cc256a0364,4,5,1
7d9bcfa3311de116da3d91d20236b5c5,5,5,0
33cfa9cfd39c08b8a0ba8a94850a15e5,5,3,2
6f55dd8ed6e2954105ec2f011346660d,4,5,1
0e78a0fe8a4dba7965080ad7c3bce866,4,3,1
e9edb54bb4120f4f69c7b036cedbc5a6,4,4,0
df7cf69b92e5ffc5ff57038ee4990f00,4,5,1
97924f1c7fa9c3a669ecea8534dfc457,5,4,1
5284adfbbb8324bb8cc6ce42f0ea43e5,5,5,0
e4309eeca1cfe3c6df5a187c38817a5c,1,4,3
c962dcc5dbea32a63325a3f4a0c271ed,5,5,0
80dda88e428c897ea6312859afee7907,5,5,0
0725ad25260ef550bc00be1179252efe,1,4,3
2d7aa84a54a8c03cbfbb2cfd8ae0307d,5,2,3
7403666e15b97d6e987f597066711845,5,1,4
f043d325dd5b6eeba051156b18d49dd8,5,1,4
d72897662eb03d6b058a063d27c6e5e7,5,5,0
2884411103e7fe124af5df8b85a8fb7b,3,4,1
cf5d7dcf1c4473152f3cf16bb9e6584f,4,1,3
46513a6be6229688ac9b3144f995f95a,5,5,0
07242eb6740fc0feb5044eda405a4782,4,5,1
5db7d9a0fc370ee9ccbf9dfb04eb2f66,5,4,1
4534a8dd8fc9a1eccddc2bc6a7fd2ba2,5,1,4
2cfad4578fbb3e63a43013da4edcf479,5,4,1
79d3552a484be819b6ada536cdd1c629,3,5,2
83a5318382fbbea998fec6417a9b8030,5,5,0
e3210b05ca60d10831af30bcbb351c05,5,4,1
57dbf0bb6156d7ab17e1af9223e06f6f,5,4,1
4e78772384a49c0cb9ec6c49530a98de,4,5,1
fd905a86dde23ea43876bd2c8f266221,5,1,4
c6b37cfa2d17a760c682701046e18e91,2,4,2
1c05a65d4250595c0369fe2e5771f5a1,4,4,0
c1f5702e0e110ad2380343449ce19887,5,5,0
c5c563437568ad88f8243cda53218d0e,5,1,4
656dbb4c6b66cb06a7ffd47823b6345a,5,5,0
64752052885225751d162ea92222d953,5,3,2
3745cc99bd10a2c16e31403fe9654502,5,5,0
2536e0f8936553b5d7c7de59d0dc4b0e,3,2,1
cdec249ae04873faf01079ca265d7f9c,5,4,1
50b8c557d8dd265d4417824162c5888c,4,5,1
f1e90bdf367334af6138b4bd29ab5f45,4,5,1
ca615b622988ea312e47ce9773bfc5af,5,5,0
01b06b4d63c340902dbe3d9f8b2fe821,1,2,1
104dbb8a46362208d1b4b3cf7a7c2956,5,5,0
491f193fc52075598871cfe6f19976d4,5,5,0
8d40f6aeb11aa6d03d17b3fa59b14fbe,2,5,3
6902f0d9d7309f56f50b8713c3b6a4de,1,5,4
dc8fb3af3f4e0969fc7dbc3128a836e0,4,3,1
b6e0e6fd530fd4d992e4e29014fbf251,5,1,4
ab7c89dc1bf4a1ead9d6ec1ec8968a84,1,5,4
fbdc60f79bd8d24e2c9187d3404440e3,3,5,2
17a97fd237c6bc89cb832bd70369745e,5,5,0
693c6ae1a1ab759aae8dd08ff9eff189,5,1,4
7d316b369d4c6b0a4ebeebbff5f65466,2,1,1
31cc7d918ce7e1580a814fb633e854c1,5,5,0
98c054318dc270816f8357351ffc4449,3,1,2
4b87488fb6269f8321508923b95da4d6,5,4,1
fbd0115d6ad4a47c2b80a49014956a0e,4,4,0
f08d7980164b1e1bf627217425f5efac,5,5,0
516e3648149f506769d0bd782e42e90f,5,5,0
ae4e0cbfa9ba0080cd373da8827352a5,5,5,0
2f8691a66c1a37780996a2479e8bea62,3,4,1
102a6b13aa973c8c169ba1d62ffa4cce,5,1,4
ef2165ddd56495b711b9a61098a7e6f2,5,5,0
80a9ad939bd816de40da5a87156a5497,5,4,1
c0b3a6ec68db87dd98bb317ea6835608,5,5,0
664fffdda32d46c6b21de73112d0a468,4,5,1
70756ed8114e7ea9fa7f220897cf934c,5,5,0
38f6298aa79584030ff9a7a12d4ef6fa,5,5,0
b17d1971fecd03b2f511cbf6cfab681e,4,5,1
23324e673e59ef245b4737662ca5f38f,1,1,0
ce0474c2f50a216ddec3b17b6852a5f2,5,4,1
28d2a5cfa6ad3fed5f73c66dca690d22,3,5,2
42746b2bd175a9a00d415b3bb3393067,5,3,2
50630ee90de1185d8ae34f8232f8e2fa,5,4,1
503a4b807aa2c90fcf93c3c5e85a33d1,5,5,0
f3824e1120311a6dd631dc92334fb0da,4,1,3
8512c3651a6750c25e333aebff60ca57,3,5,2
de0daebf5103477af7117c12c057b772,5,5,0
ad71363d48c02a2e93bc7f75ff187708,5,5,0
cc0efa9953cfcabde1888ffca500b253,5,5,0
aaddf267c922a9dd81dd0d1ba5d0459a,5,3,2
34c1d5a6ffd6f4ffe32502ec9c156d2b,4,4,0
83c0700d6e42c5b6cd1fbf3e593ea4ca,5,5,0
4eaac246ef696b5524caa40f105ca46a,4,5,1
b6daec0cfa9a03c5989e15db310e0252,5,1,4
e6ababa4e7ccd58b8bc7282d6bbd66e0,5,3,2
1263bf7619d0024e7a8b211924e1bbe6,1,1,0
d8f911c371592e1eb0dda906493c91f3,4,4,0
f184a2ee6e9849621df6792b9221bbab,4,1,3
de34a09fbecb667119c64e23d1232966,4,4,0
b9866b0dfe289f3a7f15e190b0283d34,3,3,0
2430a52e925b011feffa73dfd2426bf3,5,5,0
dc35c2c8b79ef8d3bd5f7e67ebc94051,4,5,1
ebadd982d8263f974539943515e541d2,2,5,3
7054ca2781439efaa9544a3a00c2ade7,5,1,4
082d9e610509b115a17045c97c207811,5,1,4
a5a13962daf17458e2139021d0ba97f3,1,3,2
c00b4f2c634bb01fb074795268bd1a6c,5,5,0
32f4f0673547f9e7bef5c7d24d8f3a87,5,4,1
a2fa22a393056c36e59fc9059b443433,5,5,0
5d0db9d992f9f02d3bdca8a7e64c2c27,5,5,0
b2bb04e94ed5f8785791697f33fce452,5,4,1
a0727c663f544d6618123c94c779f29b,5,5,0
d19e65e88e48b013c91b0e77c852d06e,5,4,1
af822dacd6f5cff7376413c03a388bb7,1,1,0
e67dfbc421e0d2908ef7e2c96d222f42,2,5,3
c7911a821f0816b0c1345016668c7752,5,3,2
f380f2af4b81c39da36a06a133dd12c8,1,5,4
214a42323dd7ec45504d319315a1386b,1,1,0
9205fa5e239eb69fa652c044d52f7c0c,5,5,0
b7d89d2142296a99fd213f11c9f371c1,5,4,1
7faf49d330e4e0fca17c5a17b339bd4b,5,4,1
d84217b494046fedbd03da87fe309615,5,5,0
5037eaa70390c5b3b4073d0aaac80c15,2,1,1
d6275af2a1ba682fef89898fec0e7636,5,5,0
df987254ccf34931126a2292eddf72a9,3,1,2
e208a6bd0e030c2240ec286633bd9039,5,4,1
4a7bd485a7782360556161a38c725e5b,5,4,1
252c40159f2a9ab94b552a779514e790,5,4,1
99d738d6bfcf410fa6924ed854246917,5,1,4
34fc6460f955b60d754d90d050024352,4,5,1
f24cd74db6ccacf156b3f8061a765a38,5,4,1
90c4f854c8aa741f36043f09790eb18f,5,5,0
3d86b76dd4cf276f21ad4c62da992b5e,5,3,2
1b5616e7176516b92c005cf30da4dd69,5,3,2
7b8587ddf04c07065740340e4753a9b4,5,5,0
8ff03a9b59885483e679e9bcbcc60ae5,5,5,0
aa82bf8e8ba0055114f0fa3bb009e87e,5,5,0
10670df5f8bf4bf17a02524ee39b5b0b,5,4,1
5262eaeb971616ffef822379ed91896f,5,4,1
ceb00469647175837056a5f7104b5fa6,5,5,0
010f223ddbec749e95ef3f5414f9c4ee,5,4,1
076008aa37f0393fff972b8b0121fd94,5,5,0
e6b1546a7ed77ba5ca2c2077aafd3c97,5,5,0
0a461e390d6d2280c86fa9a76b3a0e68,4,5,1
0e5864ac7bd0aaa12bf5e9eb866e63f8,1,3,2
00c4f17dcb94448f27a2cbaa83f10a4b,5,5,0
67237faa0d1a15c51811b4888270a4c2,4,5,1
0a57fdd1a42f86bd170a4623ca76676c,5,5,0
2591dc67686367f1aa9b8f09497f8bde,5,5,0
024319cfbf2156b9b8a0a50c3aef45b7,5,1,4
ea0ea2ab3f42182e8f428012daf9834b,5,4,1
a1ce0b73236e48ba5f0391017bcef89e,1,5,4
5869074071e0f56e9085dc3742c97b2a,1,5,4
282773acd16280567c37f4f31012147f,5,5,0
28804427b3bbfea6ef5a0e0de798c41a,5,5,0
315ee1669de8cbcaca403bb9c0f2e228,5,5,0
493698ce56fc7a2737d5cc7984627879,5,4,1
0216ea85f929ce4795f933573c6bb055,5,5,0
5874c5a855871e35bc123b521d3d041a,5,5,0
cb3ca9baa4bfda81f6647237988eccd6,5,1,4
916fdcba975b61d1b124bc2e79b2bf87,4,3,1
46756e8b057947b9f69b5a70f084817f,4,4,0
8394892177e59c9293914e83fe4c4dfe,5,1,4
fe11b81a5e03910e810cd1d5381f24bf,5,5,0
3d34e2eec4245acada65a41a949f2568,1,1,0
2b52151af87075998345ef238d3756a3,4,5,1
39088c337dc4bbb9ff7797fcfdeb6f3a,5,4,1
b9174384bd0bd9634f2de4476da9d1e8,1,5,4
114b047e7bac7728e93bdf39f7031875,3,4,1
425fcc243ccff35a28b40a54a506487b,3,5,2
477c5227ffdd6b36ff00bbc57f290874,2,5,3
93946756257ca00a0bd35bf9e162718e,5,5,0
ff33972f5d8e34bca2482d0c6bcc825b,3,5,2
46c3d7a39e516332b81a4841a2fae891,5,4,1
4970ecf64d47def5d7c4c4b39b7ce8d1,5,5,0
09268d8b25dd31ae78b464efd453d069,5,1,4
da8bc2d014ed786a33f34355399d6735,5,4,1
75b2ac15a31245a1ee2eda6e41c8e85d,5,4,1
4ec19b697aade053fdce351d848f2a01,5,4,1
48a957d6e7477f9bce68d7b419f91515,4,5,1
396a192aba5ce4ea3612711cf5d6bfc1,4,3,1
7f3be76847c89f58b912a7adf2d77f3e,5,4,1
aa7de25bfe161881a47a6e8b62ee4dcd,4,5,1
c38c9bc64c50852ae814ac2dc6bff45d,1,4,3
055da72c578d9094618ebb2712e161e9,3,5,2
a1f3e74249308258ba4eb2c22902d995,4,5,1
736414f61ce49a5c19e5b4700fa96d92,4,5,1
bd4937d306741b31e9a738f0ad9da78f,5,1,4
7e50d85d90ed82feaf9011470ce9e36e,1,4,3
8970b920e503f453e56c9778b25e8ebb,5,5,0
854bb7838a97e539dd065b30fc08872a,5,1,4
8883ff5e64a8932fe566679fb325988a,5,1,4
3e6e1b157030813612778573761473cd,1,1,0
5d4cc700b2defe73524d7d22320fdd34,5,5,0
bad2c5064380acc11819dde0237b47a7,5,4,1
640d4902b5f77f0c87caeb40fbf900ed,5,5,0
a242b157f059b58578956fe8e3b35812,5,5,0
087a5caa838085de4baa54e02f8f2878,3,1,2
bd1072cc4db9aa8b0a4a0188ce7254aa,5,4,1
05147da86ae779803eaa2a5480010af9,5,5,0
d6ef78a86ea5cdf1238f68102c64b6c0,4,1,3
2b7e04dafad49a3e4eb2ee14ad07485a,5,5,0
e04f0de943db189301c0d84b50e76e1d,2,5,3
5f0cbb1b71a81f142f6760c5023a28bc,4,5,1
8439dd6638771ab48a90444a6c8b108b,5,4,1
0cb67a1f07ecacac318a6eb35cf4928f,5,4,1
25f7cfff1655b5febaab715d36d2cee8,5,4,1
c0fc9ab7bf56d900f1456a75b2cb5ab9,5,5,0
3eca2d6d0bebdc75df61d60892caba49,5,5,0
dd8685cc92ade5d98e60812dfaffb087,5,1,4
305f4f2afe70d838e381fb7a3c973838,5,4,1
169ab175fb915582d84c0c5c95bb0fe3,5,5,0
f802bb2c1b7a364738b3f86a30148853,4,4,0
81e8c09d522d219a0cd01783458d450a,4,4,0
5870c61c60ceece3d575eecb68252abe,5,5,0
9a06f6b071c10b11ce8e6e8646dae224,4,4,0
978fe8370991ccebc9532f0add3d7cbf,5,4,1
50c40cfcbb6ce3fca8d6f93698f41927,5,5,0
e55094da7605b6e7fd370e4a4be7194d,5,1,4
020f64bdb28111d057f49277da918771,4,5,1
a81c8b86774acbd8736ec06f26772f41,5,5,0
5dee4f20dad15577d54e207b68b96be7,5,1,4
fd1b1552b93d46b554afde387322f286,4,5,1
3890fcf8a1670d214325e87baaa8c526,4,4,0
ded777e28f1667b9bdaf988fea71c2fd,5,1,4
81b3ad9d86770e51048835a0f288b162,2,4,2
8e3e95c75ca8b9168011d70008721a8e,5,4,1
917860628f5261ebf4e484215cfe279c,1,5,4
fbefd252743521f142346bb5fa7a422e,4,5,1
2542b194855edd1820173c2f2cf22e9c,4,1,3
50ef70ab0e17f1d235cada82f7189bbb,5,1,4
5ae3075070db2a1aff1e28c35a8e5628,5,5,0
d5881d54a4846fd1b09414dc09de1b38,5,5,0
109a35c1841b46949fe3d7858f67ef1f,4,5,1
57e2143bf55c040c9f0c9b8e41b6a545,5,3,2
657092a7391a08ae27775a441765b3bc,3,5,2
13f71b34070e465311be5e70a4b726ca,4,5,1
bb8b33cf13619f7da613f72bb3bbc849,2,1,1
416947793fcfcfdb8304c26bc40fcb67,5,5,0
59b052d85daa8efd389472b72406a88d,5,4,1
955ea2e3177592d909296220d7fcdebd,5,5,0
37575790ea3501cfd8c51bfe42e08950,5,5,0
a027e89cd6295407d6e1f2d2a8f73523,1,1,0
5765cf3a5fe5d5d74cfac532f9d48939,5,5,0
5942376062bf8180e22499a0bd422a00,5,5,0
13b7ea30bd484930c5868af93213d7ec,5,1,4
12bbc0dc31b5644e4cb803879306f081,5,5,0
6ab97ef7bd67ccdac3b4d3743bcb9503,5,5,0
b461f0f8c7be357bc05c14cd986305ca,5,5,0
263b107695b98c10b2f5c6c16c246c3c,5,4,1
7c4300b4566920906b3107048eabfcd7,5,1,4
3517e73d0edbc9c46ef7044cbfe14bc5,4,4,0
03be2f620301ed720f761e04f00270d4,4,5,1
3f8a96afbeffac6a35f3c1cb2d9eb2e2,5,5,0
380200769633ed3a7d3e25141cb84fb3,4,3,1
36108669803b643f152340b95c2220bc,1,1,0
d85553b6a0d18ab73d361def4c79d08f,5,4,1
7e3da8f7ef82afccb42bb25622099fb2,4,5,1
42cfc35f78bd1eb6e25d12d8920328f4,5,5,0
28102fcf855de00539e3b6ab0920648b,5,1,4
4d8333ce7e8cf1184099aeab819da7e5,5,5,0
d60267bcb613cfdcfc6cbe8c558c0104,5,4,1
1b75e38e0739ccdd08fb7e7cd6fe8342,1,4,3
fa80bac6d7ac4a52affb445c87f7c58c,5,5,0
d986aa907c05fe216b9b6edac260abe1,4,4,0
9120414c699465c006338cddd76e42c4,5,5,0
317e0cc749ea443d1b14522905d44dbd,5,4,1
ff49c0a826a9b21b12361deec89f4a98,5,5,0
112fa58c8aaa3064d45fca374120fd7e,5,5,0
d522ea055ceb7a828b6a82e266837784,5,5,0
63c6cc7ed0b8a61178a9ec1faa7770a6,4,5,1
684f1a4b6559236d68102d69a63c5d45,4,1,3
2c23a7464f6fbc39be8e3a13b9966c54,5,3,2
4d830da4d207262a3965ac4429084d52,4,4,0
3c3103a88bb7a7ec1235eace4515f212,5,5,0
a56e517e3e85ada615daf2270c2a9c48,5,5,0
8bd569b6ef081e577038e2c73038b191,5,5,0
64ff87188034c4f3dcd52e63db7d045f,4,5,1
e7e818ad5eb0eddc4d7fb9bdade265dd,5,4,1
ca13b8157cd272736639fa91c4d9eee0,4,4,0
e2047aaabab2869c1080a51c3e6b64ce,5,1,4
a19a5d98ef17292dcfde648851d16aa5,5,5,0
8cbe9120736aad9c8fdbf431bcd16e5e,5,5,0
523e4c5c14788a136fa42fa8fadbb06d,4,3,1
8e9049bcada2b3f54f57b50c14212597,5,5,0
23f8d85e1bed4bc79e3b7e9f7c2d6437,5,4,1
dbf27f75863393abd4a81231e007ac43,5,5,0
229e63c6692ae32cdc9c4ba2851efba6,5,5,0
ef0b0dd189a432d8d66f2856c5d3f28a,5,5,0
c34751f5d9af314e78959730157ff306,5,1,4
dbaa485d0f1b926d88f11b5c685d6bf2,4,2,2
9ffdb44f6b79111e57d86b61146fba23,5,4,1
913b2ec0a92a754a5bca7ee6169147b5,5,4,1
978c88fce8bfdad5559f67f50abfb7da,4,3,1
57e15b65e74748b2b3c1a146dc123d1c,5,4,1
24464b3dfd623dbde6ceb96af55eba7e,5,3,2
aa99487411b30032936831e56c42da2f,5,1,4
177f8b6f0cfd6ef224d0caf1e59d89bd,5,4,1
29d13613de8487345b1758b80b71a6ca,4,5,1
0cef0a9c1d74d5ec485fb3195191caa1,3,1,2
5ac82ecaa1e3713f2684dece00141c68,5,2,3
85bc57a3e811daa04557aabba27f535c,5,5,0
43dbc670fce72c601cf0064c216cbf02,5,4,1
4985a7fdb01bf57b6546b9ea5790adbd,3,4,1
525b219c8a73229f335cf7fdd97ab560,5,3,2
fffe41c64501cc87c801fd61db3f6244,5,5,0
3668a28064ef9032629644a5a53e0bf9,2,5,3
9608711e5e4642e06ddc2cddfe564d72,5,5,0
81260078ee8b33f713aa199a395e1a0b,5,3,2
d409a253fa6f530d0aa7786bd667f9a7,5,5,0
c05a01b6c9f5e7ffda5b8d367db045a1,4,5,1
ce8f65c6a6f857ba818c5ef5e7637033,5,3,2
0dbd48af8e89b595eec029357764af2b,5,1,4
8892506050e280253a0a9616a313731a,1,1,0
69253c0e2ec746a1f5a1ab71985605ba,5,5,0
27a90e8052f7030cbb1c892d8e59542e,5,5,0
0560d47b670c197def5674ae22fe4fb2,4,5,1
94d427c43b021e3554c0aae6436b57e9,3,5,2
96c26f94aabe1e27bcc5068044c5da90,5,3,2
88fc6bd429f0b065b3c80ec1e323c890,5,5,0
5d803a49d1f3d5b4ec4be2424a3af2a0,5,5,0
61b1dbc033920b4d291fe4a768eed1d0,1,4,3
cc69435b3a477ca3247cc9811da7f589,5,3,2
aedc9e734fd2df1c2e7b92ed30d851e5,4,4,0
7f2309408220014301685cdf123b4067,3,5,2
9b7fb06dfb1c2acd47f23960eaad40f6,5,5,0
a38e4cbdd87e8c456ad46a0c668a5c19,3,4,1
3bbbeac55063ea854a8b5d32a2cbf8b0,5,5,0
d9c720e3a638349cc85d8f2f1eff6ab7,5,5,0
88834299d278c558dc9d76e61f0c2388,2,4,2
f44109a5bdeb8222bc76288fe1751d35,4,5,1
62076e9aa47cedb799ddc84812264c9e,1,1,0
097be4cd83ab97b83a12738175758dc6,5,4,1
aef24fc9e8f2acb0fd975391c6be7ff5,5,4,1
415c8cb8b60f8371900c2abb3ce6a0c3,4,2,2
dd7258d04983f4dfe5cb98b1ca71035e,5,5,0
f9030dd093087acc37d712775c8797a6,3,3,0
917d8097fb3b7051788e281616e20659,4,5,1
9af102143a095d583da618988ffd3557,5,5,0
2cc24fbadbb75e8e8922ca2671262b0a,5,5,0
44ecd2ebe54e3c23da26345bfcf1c919,4,1,3
19549a52bf4ab2fd2bab7f190e21a4c8,1,3,2
43a23a9a05a87ff4d46b5b18829fe9ae,5,5,0
c7c8b7eca811b5f2d08999ad1c3e4f9d,5,5,0
8716d097800b4155b24097b15ff45fe3,1,1,0
e9e17d3f50c94ed095960540ab67270f,5,5,0
0d387b5d8e636190398548a221d4185d,5,5,0
b979990724c0c6accce90ed2a7bb04e0,5,5,0
30c6a9aa866d68119430c9679d22690c,5,1,4
6513ea5bc339ea05486f92db1405a522,5,4,1
e4cae0f91047eab49c97f44ca3a8ba69,5,1,4
3e50ccb3e4c2558e4235db553f8dc2b1,5,5,0
2e8644b6852a0e75700c764e182ddbbe,1,1,0
843f956709f0a664d816bee124544122,4,5,1
b6b8305352b7f21764d7a8e573f1e8aa,3,1,2
88ec70d10d0a2e45b46dc7fc335b56fb,5,1,4
ebe208c5144e6963534e6a772c6a6939,5,3,2
748f74ea0f5ee45bbcf3bc8121419da5,3,5,2
81a57f43681d0997118092af56f37ce5,3,3,0
74337d4b8aec7d9b18c016cff22129fe,5,5,0
82640416f7ea6860f387729e31d00196,5,4,1
22583f00089ad69e494a302349673c44,5,5,0
c1d124970fcaa7b1b9cabc82418f7fb0,4,1,3
47ffc77abb4af7886ed6c2e0871040ae,5,1,4
c8bb4240e56e924623f11cba58f29e8e,4,4,0
5d2ff43aa9d044bfeee7a47f21b05f8e,5,5,0
b7052b027c0d0f9034f466378c59248d,1,5,4
4246e30f95848b444d4b0a5e6bf3fdfd,5,4,1
8993ddd6e800f9cb267d42cc89e13f0f,5,5,0
c58478c0a746d4188108e2ec71001110,1,3,2
b3eec4d06f4ce8853c30510575513c07,4,3,1
d7ff97f4c7ab6c9a6ba9cfa8db9b04b9,4,3,1
f483c3a05f63d1b1c82df2e3a91e5d86,5,5,0
152d7c3d97e950fdb5bcaf5420a6e561,4,1,3
4c5e883786df8d555be4dc12f11d3fe7,3,5,2
ba353ad7c7f218cd458bde871ae720c5,5,5,0
1f1966428c44328b7f97baa1569ea5b8,5,1,4
e9e6bfa908df3cf8873ff387a5c63561,5,5,0
fd863d3852b0a9ebf6b0669312fb71b3,5,1,4
f98961e605ec96d621506161743643f5,5,5,0
c4745f711938c643ef4a604576d6289e,4,5,1
9f7b07e872a431807e81c38d6328502a,5,5,0
4a6f0e75398881152007f6ab2d3f5159,3,5,2
583c73394048a3ce0e1c455904dbaa4c,4,1,3
0c371b43b9718b0e9412b2b496c96178,5,5,0
9c6481009a4a4323ca90650c811ed87f,5,4,1
a1011d45b3b442fc2af90299beb134a2,1,1,0
ea0295dc22e609716e19683e24874c1c,5,1,4
317c1b8ef01e3a3f2cf00c255bf96d5a,3,4,1
2ae0d5789dfb9195d410a8b56f7cc75a,2,1,1
60c821245c90f135828d088e25c3ffb6,1,1,0
997428ea645e3cced2ab880385654112,4,5,1
a208f1b14dd7bd4f2830243124d9714f,5,5,0
60e08656ca4f79edbd050f000d1f0197,4,5,1
bb0165d4e039c23561d22f29114b65a6,4,4,0
51cb8de840f89dc3988470b2ee262f1f,5,5,0
7593ea1c0af8d1c0915e186ec81d236a,1,5,4
32f133e6183197d366f71e2d37f823bd,5,3,2
fd248e3e14c80dc42d16e6d75bd4666d,5,1,4
0505a29e827a4c609b3fd250c0313bef,4,4,0
e456f27f17ba9259dac72d24dfecc1bb,5,3,2
67d2ae169dba836bc9ff49fd88e1324f,5,4,1
39063491fa316afe415e03eeb554fb4b,5,4,1
0045f5225a96ef46630701167528fdcb,5,5,0
a312bb85adfdd8a06eff1dbd25f527b7,5,1,4
e67b282bce4a6e7095116b351ddb81e7,5,4,1
b311d7dd519074ae07f219467efbcc6c,5,5,0
b2675dfd21a0a28ce21911879651b4d8,5,1,4
6d0ef3c8cc6b6399e18942b77559dceb,1,1,0
5529ec8272cda325d9f9300e9bb09d5d,4,4,0
143b864e7d873503cfa334367580b6b7,5,5,0
78fe61feb61fcd8421082ee8888cd93f,5,5,0
65eb69791cdbfbd7bfee2c5f706af25d,1,1,0
9400d8dac20b5beae1c2833bf7dc440f,5,5,0
bdef1c734c8b9acb8b68c7ca2e608a63,5,5,0
6e35fab28a9f5bb616818cda6eabbd71,5,3,2
f90185ee34b0b34c876b408aa6a5686b,5,5,0
92c427aafb62360f8e6eeb77f851b7a7,5,5,0
3ccf4608263e69b81c4735e7cabd7aae,4,1,3
35b9c0045d40f9bf824fcfae2b54a645,5,3,2
4879204a6b45d7ba10b3d703ba460778,5,1,4
dc2e682924e6b1dcd20240a5a45f4b8b,5,4,1
2ce7fb3d9314c0a8e4e8c04eb1224919,5,2,3
77265921b538b8258ca73fd168e46ab2,1,3,2
77f514f9d88e4b1d04a34761994ee78c,5,3,2
a85b0a5e87b520e0315a4aa50771e9f0,5,4,1
11ea58a620fd9de597a9f914ee52d9c9,5,4,1
2e87d5b27ba52796b2b5250002426561,1,5,4
d4783ba848b3f01d54e6ad0fd20b5f0c,4,5,1
68d9dd6e86cca6554bed81e921495cfc,5,5,0
8c4a924fbaf8e5d685676b7a7269cc07,5,5,0
4dbf5de576e0e8d18ad0932e1ed8e89d,1,1,0
05d885b852158b0280c4abe2cd5108b4,1,1,0
a14d7576c8e4ff4378798287af2faffb,4,5,1
b8433dcc9c5745016d68b7ed9087e3a0,4,3,1
4294d6c2b09c5f2438c01b11c91ff7a8,5,1,4
5551af3c5c287246cc239e923963ef6c,5,5,0
a137445b2ef43929329761dadf764f5a,5,5,0
a6456e781cb962cc3f412b04de4fed7b,5,5,0
16e59b28d489ea6bc1f2f9a7057740d4,5,4,1
7a53fed7f9006ef9325efa365e6a1992,3,1,2
adafec3176fb473c2f0ad1d92154630f,4,5,1
82e378ade53cb79a30a29810af3fa44c,4,5,1
e2fb90759edabe8462da889ac54fb0b1,5,5,0
793511fa4797d5eb6c16b433ec622276,3,3,0
a588143cc6230f38d05e6f12db6e4f17,5,4,1
692fd4925e0a7e3c946566b4626f0f75,5,4,1
5a8cbabf9050846cfba3b3f011e2cad0,5,5,0
f8b40129171baf5eeb5ef5ea1af01386,4,5,1
d4236cd9c71d25ffcca42552d55db6f3,2,1,1
32c6a52142f2b3918d60c0708acfd7ff,5,4,1
e0c5a4a058c2160c2ac602072397c807,4,4,0
f98dc0bb1b5d1102af20837256cca2c5,1,4,3
5380e1df2075d96eee6f72be7d0a0b7e,4,5,1
ae9e4af9767b620b021b2952046266e9,4,4,0
cef3c3045c93eee043b5f3df78466d5b,3,5,2
b5ffba2e8295cec77424fe5dc22f2dd7,5,5,0
4a72d371229f317ace1d8e10f25f5f1f,5,5,0
1030193a05167a7f359eac22342727c7,1,1,0
5132d60eed6685d7cb062a0cd4655caf,4,3,1
7267a487cb9868419cf7109852e4ec34,5,5,0
7263a9488004df94487b7f970be3b91e,5,4,1
91d8a0827f2be0aa95d271328dbb930f,5,5,0
61898b3ad4d51459e014bc6d4c2e7166,5,4,1
3c29c49c27446d81598a17be68d8f19a,5,4,1
852d24d230e0038f83e1337c4ab06147,4,4,0
32b72e8b9ce039ddb7a5d884d7b4d30b,3,5,2
880769ba72966e66d6e8e1f1152a0d36,4,4,0
bb93c6dd59d2881e38fba9891aa63b7e,5,3,2
91c383c15a26a95416ca4de3d010d0e2,5,4,1
e8e4a765ce457977a526f6caa4de22dd,4,5,1
03f127181062ad98441893efffd412c5,4,1,3
20179c04ba0e2e024542349ec1d5d263,2,1,1
cca5b95a50a377212a9e834f2616c9ce,4,5,1
06bb67936cfa5ac3f449e4f6733de4b1,2,3,1
dc2b85f0ddea6ef19805bc5d4d599c53,3,4,1
4b272f69f8858f5a98f3c65fa40a8bf7,5,4,1
9682e213157788365257ba787969f33b,5,5,0
559dd36353b3c469b5115f4832333032,4,5,1
b887a2e34410f9ca015c231938fc3842,5,5,0
53e1b8f33e706e740dc7fb9005d242a0,3,3,0
fdae59a84d3050deb2efafd6b04ff6ef,1,1,0
0aaa175985080e11c7a94a84620d4016,5,5,0
e49e382e440b76f65be6ce311948835c,1,1,0
6db5e7f2c9cd83bcf07b97044be2c0df,5,5,0
cdbce2d8fe4479ce0b9bbb32e0656e4a,5,3,2
b3a32621fc0c7dc8cc99ac717fc61b92,5,5,0
464903700caac1e06ce732afb660cfe2,1,1,0
d22278809a8d70fd68df910e0396c39e,5,5,0
83924e024872f99a5ff6ba31d7161b91,5,5,0
d1841aabfefc61ddc63d1113e5f766e8,5,5,0
694191692801e9418ffd60b651623962,5,5,0
31626e2772bff2ffd92d111582296642,5,5,0
a684a880595e155b09caa69ea219257f,1,5,4
a4d70f0aec6cb2f3918729c54bb38538,5,5,0
49afa8bc01b5b6aa01e875a0785cc7bf,5,3,2
3549d4f44bac42a299415349e0fcad15,3,1,2
e29da678b1634c56e518d57a3354fbaf,5,5,0
3b45c3fa7862deec90565c3dbf6e9e8c,4,5,1
8b531c937807bb67b6cfb0afa1be6ee3,5,5,0
e21cac6666f9fd6bffe900a1d7cdaf11,5,4,1
f9c73363efdacbd9919d6c57e388c21e,5,5,0
82792f854bf7882eb02921129a2c8cb4,5,4,1
c8826f96345684006a11c8369cbc3457,3,5,2
47ced0a7515c9c759da126fad76397d5,5,5,0
3f47ec0b2559c907cfd0ba667d4674b3,5,5,0
0066a1fdaee16ad5022c5ef979d0b661,5,1,4
c28c74ee5fb4a731178895058c0de619,4,4,0
6496d07172ae780e26a3e57539ca4e5f,4,4,0
d4b428354090e5b6a8663c4c17976ac9,4,5,1
daa41ee15e241169ca681b61b93bae77,5,1,4
2fdd2e028b2bcf3930e37c1088ecfe2e,4,3,1
da877e58cc1ec4929dd9f252bb5bdc82,3,3,0
59d03af4f73a43b604389724e4bf2be0,5,3,2
5d3a31f4c1c7625511f6d9b2bdc3b20a,5,1,4
d8f309041b7d515605c0d4fd15b12db6,5,5,0
3c13ca3111b1b5f67cc6bae982e812d2,4,3,1
a77e9a2ec8b11b15d33fcdd305e718d3,4,1,3
305117a349bea514f1b57f0d17aa7055,3,1,2
e52fad87a8264c18cf50fd3cfd6dc3fb,5,5,0
f7c061a1028ca02063801272ba6297f2,1,4,3
741ec8db84b412611b43fbe607c884c0,5,3,2
3b61275de41f60d8e48bef3f42ac8bed,4,5,1
a5d7b9827699ed17c944d69a172c7820,5,4,1
a2558c154c13e3fbf56a48c8b364ba1b,5,4,1
de6a26eab8b3a87c4d4ec2e2a8c2495e,2,5,3
2067304dd97d2618d28b09e9ce3637d0,4,3,1
80288d8ccb8b1899f5377f27feebb1f0,5,5,0
e6c7749520fc49e6ede435a6996d5f0e,5,1,4
ed310045af9a0250f61f7da342d996b9,5,4,1
03b5a8a7f871d2a792f7af458fe13b4a,5,3,2
f6e0b0a52fa22c15d6784e3cdda6e953,5,3,2
9e675daa2924f26d76059123b4b3b20f,5,2,3
2bde77e41b9d794b0083541a36932a6e,4,4,0
438c583579006d43a6e9e624a3950dac,5,5,0
adf119c06ea77cd7d347b943780c37de,1,3,2
34cb1fc28cf67c101ee4d59b0c18da33,1,5,4
a740e70f022f7a928c360e7d42b0df26,5,4,1
893233a6a55e2f152d2088ab047ad4cc,5,4,1
9583e5c37c1a090275e8af994d6b3231,5,5,0
9b8dce6896a07b137779350966e11e99,3,5,2
65a99fa6dd84d361ae06b8eadf3bd4dd,5,5,0
9d6f2f3cd249678b19ac473c2e38bee9,5,1,4
251290bd4ffaeb9e5e29158f3ea21c93,4,5,1
ce5e27204460fb41a0a6122a50206ebd,4,5,1
96495a19c4e2919e467d2eb2de240ed3,4,5,1
bd7f6df012ed820ea52bf7f46da3026e,5,5,0
10440809f608f9f9bbec0bf06a82b160,4,5,1
38ef39ee8ebc5f492b0253bcd1213dcc,5,4,1
e5d6133b023d919f6aa7a4b3e33eca78,5,5,0
51de77120c854253873cebe912d4d46b,2,1,1
628365400ec276cda9dbce783340e906,5,1,4
c5d3cee440eb83e631a641c4da2ef16f,5,1,4
fdcafe63dae6994927f09336202f66ea,5,3,2
8cc50a1b31f5542e2289304e7d6b039f,4,4,0
4b5509e234ee8143cfdd7a1067f11926,4,5,1
4763e63db70260ac75a7df55308156f2,5,5,0
e900040d6974a5afa661621dad127568,5,5,0
5a36e0cadeb1361495426b6f5b8c01ae,5,5,0
5e6bf1bf3a918bd776e4e85f10672d65,1,3,2
be0f8b9e1444dc69d1288a37e32d2895,1,1,0
843ad442f1f401e52f43a4b176e211fa,5,2,3
be3516cfd69d1605c44c886aed8e553d,4,4,0
4b558bf5d439e084e8e7807e55a1b591,3,1,2
3b3fa4755e2966230cf01bf2899a7b5f,5,3,2
f8dcf163964a98422b218dd41bd47a7a,5,5,0
2b7c67fca0696d8eae5f3deb33637a2f,5,4,1
a04a09199fc0fc084effc228a81249eb,3,5,2
3bdf42bf290aa910a8df3ece52413067,4,5,1
3927ccce3a002f3ee410b40acac817b4,5,4,1
ae2f641980402067f94b8dae36ea297f,5,5,0
d77d1461e81c281918bbfa4c878bdcc3,5,5,0
b316b0217d77b6d04da5a3517a62461d,3,4,1
abc9c2786dc2f953a2ca3f812ab0c89f,5,4,1
7bc6b6f769b29b2e75c2699f915fe835,3,4,1
db8730baa35db478122207bf2b26590c,5,3,2
73c772511dcde525870ffbe869770da0,5,5,0
7eb4ea83c254066ebd7ccc9cf6e243ec,5,4,1
4e7ca1c32e075c6efd8bdffeac2be58a,5,5,0
8b8a8342831ee11cc7c4ae17d1e36c91,5,5,0
a5c523f7f14f85ee88f26643f9a99e66,5,5,0
734e7d1bbaeb2ff82521ca0fe6fb6f79,5,5,0
2a743fc30067036b7910663ced5a0b7b,2,5,3
fdb987001ececccfd2e9320c8115d125,5,3,2
22a4e269c7e62e9aab7536d9f1180d09,5,1,4
a44e76e7c4a14d636b1a30c76c9e9999,5,4,1
2d418742b39100d2fbaf280becbfe159,5,5,0
350038b23604468ee252b66f20af1443,5,5,0
0aee3a9d7c585888c61c307c40df0c0b,3,1,2
e61fbcff88b2b5f9097a31d1f3dbb1d6,3,1,2
6cf90e1166647c0225253a897567ceb2,5,5,0
20a97330a091c74984f7cd0018cd15e4,5,5,0
8155df3b8ca89f80f94f7b6722e750bb,5,5,0
704be8bf8fd6f9246d75c2e09734cdf7,3,5,2
052957b74548fe2ce95f70d3623e6eb3,5,4,1
87ccc531f16677e594f700b09caddc61,5,4,1
4598f231b79970cbd4afa2bc692068cb,5,5,0
82d245626bb050657e0c8b5402fe27f3,5,4,1
faaebc7c108d02eb661c909dea827370,5,1,4
7a1bca69f79d87467a917e1fdc8cda7e,5,5,0
50e1bd81c48e7fac3ae7246bd07a9129,5,4,1
40db427de195f02042ceecb84dfaa2f1,5,1,4
22e3c9bb71d3ba4287ea3efaf617ece8,5,5,0
5c3c5fb92600fb7f21312551fc1ee21e,5,5,0
40c5e18f7d112b59b3e5113a59a905b3,5,5,0
b6f7267c5de549e8079e23367dafd3a1,5,5,0
2a0c9271a9b5e2f5932bdcc2a0b89200,1,5,4
9ccb6719fa8bca71f05094ee18873cd6,5,4,1
3eaff0f1e83006a8d5ef491c01ab176a,5,1,4
70499645c2c89161c566bd7a2eeb8fdb,5,5,0
102f840f0c7fb82a5e0568624b41b3e5,1,5,4
4d9e31ff85efba399f614db862300f50,5,5,0
275116adf4704cb53a1108b906bd2434,1,4,3
c8682e224367b603f0ac144e77fabe14,5,5,0
1388a23b57206bf7673819fd3a30d4de,5,4,1
803d9be249d7c523418ceffa07d99724,1,5,4
c9af5ac1e116ade464741593ef70e986,5,1,4
90b3ad8bf9574cb0d847fca8a31bdb75,5,4,1
d12cad0b8ea6cca0ee8d2d4f4105cee1,3,4,1
97c1ad9812910864f063fcc01544976b,5,1,4
6f8b0c86311ec8c9e1558eff54965728,1,5,4
cf5e87e100797719b34cfb5855313b85,3,4,1
41ccd400a8ae7bb976125bc6c3053f77,5,4,1
ec2273b08115c75a986b4ac62ef029d5,1,5,4
6e0cccf352909a9f784049b8e9005e82,1,5,4
f90bee02f28c0067f1eaacdf188007b4,4,2,2
511ec73b8104809938ca0ee00706c0ca,4,5,1
2d776245a3529fd575b20e7bdee51fc6,5,4,1
ae3ecd7aadd6785fc80415c76a3ee139,4,4,0
b448af855d1372c2e0375fbea27782dd,5,3,2
0fdb6f73fab7005c84d4a43d8a93682b,2,4,2
fd98db0c60caa964759465417876e390,4,5,1
194ebcd816ac70981d451d2fe1eb9347,5,5,0
43f5b8a8303562c644185a6bfd2cf3dd,5,5,0
4135e423780812a949ddb2f5e3131e9c,5,5,0
5e7dc712b9b97639cbac22ffe7701945,5,5,0
ceb58b0818e117cb6dc6c1030b89d8ab,4,5,1
00d2559e61b9a0744a0552c35c5ecccb,5,5,0
7c61b9e90d1b0ab05a70d9651bbfbe59,5,1,4
a00e6f85d3ec7f1d81197fba0052db04,1,5,4
547b3cfe3d9a94652532f7e8bfec4f0b,5,5,0
b86237ab8ac8a32159a965fced9e9948,5,5,0
4e8462f123da7fae9cd5d28500ba601d,5,5,0
344711e5a1c4b5c82cf1ffa1d358ecd1,4,5,1
cd2e5a05dc8ccbe4df9178aa3b210ac7,5,5,0
e45620eb46de3b95c078fb17e75db83e,4,1,3
7ed1923ef9c8ce180035acd26a2d8eae,5,4,1
880d70aaacf9fc6f25e6f4f24debc2eb,5,5,0
47252c5b9ec88c714460e3e34fb08d5d,5,5,0
f65dd07add88e7040803c33aec4134e1,5,4,1
2fce099f5a86120f303904a36cf648bf,5,5,0
03ecec245220b63fd7f68c1737ba99ba,3,2,1
5a00ef28abf9645038a7d37c1639d2c2,4,1,3
09233a8391db7e924af12815e4c07423,5,5,0
de065b7e84000ca31be47aa282f6be6b,5,5,0
6a9dd97887fbcc5e5bb1e10c9b019acb,5,5,0
88c4fe503028fe735969053f5459584f,5,5,0
ca5b8e79b5bbdba8ba16a07bc8d2ca61,5,5,0
6f4c29759e17be1153ee866b44393853,5,5,0
5d1aca6ae03324b5398c241b3b402be7,4,5,1
96950a428afc9ab7a40003d030e71cb7,5,1,4
bd7f75552919919b97848081d4354af1,5,5,0
221dae1c9b60927dd164464fc6b17a77,5,5,0
fd489f6002a8893e03f9b3994f341148,4,1,3
9767627258a1be01a6ce44c9ab46f2bc,5,4,1
f9bde8c7ab97cb7d58a57997e1b61e0c,5,5,0
d9e882686a56edc2560a4983f10daddb,5,1,4
d8c4293616878e2f015351d8f1445880,5,5,0
c5da9ed3db42d9ae4e1938ebd9f77a5d,5,5,0
adfb9e0fb02034c05e4cdf3395bba600,2,5,3
5d00da307fb1f170ba75e37b6ff2343d,5,4,1
17e73283864f2c7bbdb6856a2b7bc13e,1,1,0
b8c3dd0f9bb856afe6bc212d407d20f1,5,3,2
b1b1b0b5750f064412720744d890eaf0,5,1,4
b2487e261162c0d9162eab45862d42a0,5,4,1
87c30aa444c21f77f5dcedb637f9ba85,4,5,1
8b8e2225e5e318a19d2d7a375b56350d,3,1,2
f8ce44a2b968fb3a529759c244a1ac4a,5,5,0
a80e8291d9f0e9b69b924bd10629b4e2,3,5,2
de890ca80410c861b4fc9d398bd4676c,5,4,1
9126ef9bac580112777f7cc8735b9317,3,5,2
f7dbcda3f48b607b8ed01b6bcd84b92e,5,4,1
7f78e1965c91c6922ecca587c78b4a2d,4,3,1
a10eaf1d37ed2040bb65b479fccc8bf5,1,5,4
eedde7b7971429b2b6ae01b53411dd90,5,5,0
8115c56b23b02cb96cdfce13531a5a7d,5,5,0
119060af27b04f5fae8b2b0e27eef7f9,1,1,0
e11161681691ee93c18b648ef563c05d,5,1,4
4940a0d55a6bbecd485a780083cf349e,5,1,4
885ba9cdf223d8e0f8979f8d2d6c36a5,2,1,1
fd633710bedbd308872a1389cde4bb8b,5,3,2
5719565c136a2498b696dba86c086251,5,5,0
663273652c0d094eb5880f00867434c7,5,4,1
df9eb91b90f72e0b73a3b71466a9a44f,1,5,4
906f47e5cb0a80530bf2e789e6e6a0cd,5,5,0
04955e4e1efe5837c88f3d4311a94fe7,5,4,1
c9edc484b6cfdb0c807507e683a054b9,4,5,1
888cd47e6e7e16e596224b8217f725d9,5,5,0
b545ba7b0bd67a3128185c7214704319,4,5,1
72d242bd537df6df087634f6065d7f62,5,5,0
bca45e92990f2f54a8aed374b160f2e8,2,4,2
32934ee250c2eb4a72f61dd37e4f5a81,4,4,0
11052b4dd49ca81b1e7c63d562759b40,5,1,4
e62d530c9b5d79b0b222e5a4542d71be,5,5,0
6a411c43a42ddb752d87534a423d043a,5,1,4
760312f5735ee281f01e56d5ddee05e3,2,1,1
f8b158fb8ab6cc090f0746a1eabd2e01,5,1,4
46bda15a7762d32270b8141ad9c27c2c,4,1,3
231c5fbb9dd6166904af9bad6728b5aa,5,1,4
9562a9a598a619a1726397eb5246e623,5,3,2
d3293a23682de796b404af990fe62f6c,5,1,4
8e213471c11bcad28837b1442a6f041a,5,1,4
af4b97d45b73e6581a7f25603d503efb,3,4,1
7721205aced0b3db1d1f721f1a3cdd7e,5,4,1
d4b5cba849d461dc065544ffbdc37463,5,4,1
3c48d0b1606cb9fd83fc2f50ecdcdbab,3,1,2
1b68a09aef174135ac2b4a138c3a1eda,5,3,2
ac239060ce7c4835ddea6c657d9b179e,5,5,0
9a142fefa71ded6bdc21817299f5ab7c,4,1,3
68799c633625dc15caa0419e5a64195b,5,5,0
c8c18df5a0fc2bd0c67d168dad34eeb6,5,5,0
fb817ea806c048bee0ee533d3c56f27e,5,5,0
18956b40b774d6384c8539cd61784bd7,5,4,1
616105c9352a9668c38303ad44e056cd,2,1,1
e277c65ec97280d2b8df16402f002bbd,5,4,1
2c70f2b99096bd1c7b05eede8e860fc8,5,3,2
6d9cc2a706027666e20ffb8e008de464,4,4,0
7b97a5b2bd022d2f4ced0cc6232616a6,4,1,3
45a42eb665413dbf310344938ef485a2,5,5,0
899577f2593c989a57a6826564281737,1,5,4
dc03f474e6aa58b6f44b644ebc988d49,5,5,0
38f4a7cbe99605d56e5ef45ab0547b80,1,5,4
4941da6e1a4eef723674c7148152c4f6,5,1,4
0f2335c85eae6c232fa46499d5e1e3d2,5,4,1
e96945cd2dc4e28e0089daf1c02476db,5,1,4
4b0643d86789f4338499288433e36b70,5,4,1
d30523a4766e8ea7e59ce35203bb73e4,5,5,0
2b0604a6abc1309c3b36f16367e6ccbb,5,5,0
847c66c29ee30c07503066b3d254f993,5,4,1
464fa85d33903ce6bbc98bc18223dfe2,4,3,1
bca0fe55e764250fffae4ba96e671a1e,5,3,2
43004196fdbcc54ae90a84736bb13afe,5,5,0
43df7d0ebdaa1d4df7b8f25e2fc50fd8,5,2,3
02f8584bbcb3aeae87d8e697737fb5b1,5,5,0
99500821b9a347353e010d41c2204481,5,5,0
d8650bf37d486fd6c6111210e5c0e282,5,4,1
7229c37246dd5343775180438d13772b,5,5,0
9433f58821239b782c8861534af7e5bd,5,5,0
e4df6dfaef8b7e7cc89edb8a6efe60c2,5,5,0
9dd72a3853b3514932140ba93b5192c9,4,5,1
a74e20d8cad4ae7bedf7ec5e8dd55c75,5,5,0
cedd3810c91978ce10125e88bb42e4d0,5,5,0
500e36e71ec5080f1935acac38e0f8c1,5,2,3
ac28767a818e6e5bc6895e188ef622ba,5,5,0
4c966c07e48f5460c75f69d0352a61be,5,1,4
4e74f6c3c70d626486d9b6b36f15c595,4,5,1
4c93b283893b057fe314b13138f01119,5,1,4
80ae2209916afe530e522f74fc68339d,5,5,0
b49fb5d1cf86975cf5a295431c278a33,5,1,4
611aef870c45d1ba9c852bab44e25f36,4,4,0
d6f81c5ff8389221e5c1d73ba937d7f9,4,5,1
1aa9e8f35ac38d8a10b41441e1faa0a2,5,1,4
09322de5d2e4e4aaac983f73fe652f24,5,5,0
64dd971db884055dffb6e94214b130ba,5,4,1
c282af09e5db227f93b1f3175aba57e6,5,5,0
071516a72b8a838c15842568d1b995f9,5,5,0
2c0e4f78d8fdd3b6921776078f2c8080,4,5,1
f6ab90c0e570240a38a460dd93384e73,3,4,1
19aeea45917083f03541b7d11afc8e2b,5,4,1
8bb658a8c9f7773ab13ce80bc87ccff9,3,3,0
af0875390f2817270f7f82048e3bc867,5,4,1
7ac7aa6251f124754c968e2a83346b96,5,5,0
a5fe635208239cb11b18044279ceebc5,5,5,0
23576700c0f11e7783cebff88823d10c,5,4,1
480aee4fedab58b9f471d24d8656d8a5,4,1,3
672a44c865b08663fa3f86a6375d3148,5,5,0
eabdb3245b41ac12ad9302904538202c,1,5,4
a17b0f920f100411c57496d41de7aa12,5,1,4
8850e4e99e29fa1d0b624e3539bb30ef,3,5,2
40e61df3e13139ca0731f9f2d68732b5,5,5,0
ee45dfe627ec3b1264901bd8b344389e,5,3,2
6e24be5a5995507b208981073d5b6820,3,5,2
3b1b1d0a19960310b9e033909f63f662,1,5,4
3e286b2b3cdfba0787bfddb3b98c894f,5,1,4
9e98aaea0077f59cf590a518e4df6af3,5,1,4
5b7c6dbea3e21dc6314451ed73907c0c,5,3,2
6c8dc9b7ff1a1e35349382fa962de9fd,3,5,2
135abbc3c51d35902766fc491caf6418,5,3,2
fcc69f39fe215a8ad61a1d1b1868d88d,3,5,2
9dff990dca94f688d5a005c3da5d9a6e,4,4,0
b8ee80bb6d575240f0b5f9f87987be6d,5,1,4
70b552ddd260593a445a635431384e35,5,1,4
1d682037f2c5327f76a76a18f8053908,5,5,0
7d2a9b5d033ed3eb9cdfe92ba882a621,2,5,3
caaf47e44c959a733f8665acac275e69,2,4,2
af6e07a86cda553646ea0f7039453591,5,5,0
6aad8a16f17436a086a9407258c150a4,5,5,0
983de0fdf98ff06d6cf1c379f7540f7f,5,1,4
a54f14e8c617edc690ea2b56276d6743,5,4,1
a37f5cc83000aea21c4efde29a20449b,5,3,2
22a0171d3b34d1bec10991aed5e9c967,5,5,0
319eacb78731ec0f85e21a220556e6e5,3,5,2
00130c0eee84a3d909e75bc08c5c3ca1,5,5,0
bf73701b5b5b3896c9530b11ec89e8d9,3,5,2
8171523911786efd1d91c66d69051fcd,5,1,4
6a3bb0cd9859ea8af859bd024ccb959d,4,5,1
f492adf6fc3491e8dc0076c2383e6afa,3,5,2
0cf68e3d525fbc20d4080a496006a8d7,4,5,1
e995849d624de031646bce4313b6d2fd,4,3,1
67d6c5d86ba37be6774ee81dc0bed780,5,1,4
499798fd04e5748ac54b4456d1b7995c,4,5,1
2ca4efdc485d435bf550022118cb95db,1,1,0
a5c3e339ecb35902c6bc09a876ea430f,4,5,1
0d16648e64dc322e5a49d8c912d2b61e,5,2,3
74ee0534d7473bc5eb71392e31b7bdd5,5,3,2
cbc1313784eb82530ebe4cfe63900601,5,5,0
c68ebb39f1acedc7b1b543ecb53194c8,1,1,0
3292455dce618c23d0687996cdc06d43,5,4,1
0c4284c2b4798ef2f308a6748fa63dc3,4,3,1
b6f0a8d06c025c6aed95229f1bb0421f,4,5,1
019d029f0b101343d44017d249b1f64f,4,4,0
0fb09184aa674879c67d933523a4a0bb,5,4,1
947ee6ab639791b5711558a7e55cf98e,5,1,4
f7f52d7843e579d62167f8afb3d1d946,5,4,1
7638719ed77aa57687d32db4173ace35,5,5,0
3ec09614b4f70768683f64a1aea0a3a8,5,5,0
513a94a0164453b4777d125b836f7ca1,5,4,1
90a2a9d4bf425c5a385fa319833fe1bf,5,5,0
9b7f6a07a07a4c0bd19e65f861f29f6f,4,3,1
75f689c38282dd59efedf0e5b2e130ee,5,5,0
19a446583991325bc207214763eea124,5,5,0
106c71d4ef1f6852e746ea021a62cdc7,4,4,0
e984ee2c3000147d2599bcb32aa66ee3,5,4,1
2d47336f7253464c839935f712a4d4d0,5,4,1
1870435c92e656773aba0cb7b5a49b26,5,5,0
e7aa8ec1453b9d7fa35da99ee0f22e65,5,1,4
f045a5288c6c147b39b28a8a57357722,5,5,0
7b84c60b417905af7d0237310bd48f0b,5,5,0
d55b88c264e0cacf41c8f8ce846bc1ee,5,1,4
bb83b0d50ebbe83d2d41514296baf238,5,4,1
c41156a66829f82ecae077059c6ec307,5,1,4
f3c1bb83e5aa29985d32f94e0434479d,5,1,4
3db2830b62dedb5fa0e6212cb1646106,3,5,2
070a8baa5e3a99e5eff94da597b78fa1,5,5,0
cf50674c8453f9984efb699f372e3113,5,4,1
800f40af9296b3b1cc4b669c08d68e81,5,1,4
7dc8379a32999985a71e0653836c7f91,5,5,0
a470f84c0f59a6ed8f6733031b7dbeee,4,5,1
1ea8fa159bf5ec460bf24d669396a421,5,5,0
bb9e31e54af342d8e3f32fc1cb2d8804,1,4,3
cb3e2226cd8c8ec4f82c8ee841db52f4,3,5,2
d4c73de44c6a4b71eb3d06d3b362d57b,5,3,2
b2c7ce470c3bc3cebaef61950a33f2f8,5,1,4
5038506ec2dd435985c9a1b5a092c82a,4,1,3
077a6d2bd20a77531ca2dcf84f5c5d0e,3,3,0
417753e7b9376497030b2f497535bf5c,4,4,0
958c6a70e60365b576dd696ad29bbca2,4,1,3
33315f815f0bf4c95cf6b4dbc3c89024,5,4,1
457432689bcc0d3db0742e0e8cf87aa2,5,5,0
92758dbac7384604fdbbd5e1715a1625,5,5,0
03a85a6adb776ffefc4a8d7f845b10a4,4,1,3
b266c12d9bececa3942c1bef84f13716,5,3,2
0edf80f575c9d85881267c428cbbd208,5,5,0
5388e2708f398a221ce222e9ba8ef02f,1,3,2
a4e0f89a82f1347a0ec0c4a2f3bc2722,5,4,1
38c27dfc491d9aabf7733ae9a163f8af,4,5,1
e3618dffd8f8f787a12ad38ce9b342b3,3,4,1
00ab210695a17fe10e6b23616ae5bc97,4,5,1
6b2e6953c172b21f54050c74b8b86250,5,5,0
0e5a29e23ca4bc3c197b355d9c170a6b,4,3,1
0ad81eec70d65880c30299b73ac7945d,4,1,3
1b764528e41e55c86cae49fca1d5bf18,5,5,0
fef460386535d68be40b5323a195b4b1,4,4,0
05c7aa3928dd1b25667ba59cdc277505,1,1,0
f6af432c1ac452ce563fa6ffc5e35aad,5,5,0
486fed80178943ecdec90413036af979,3,4,1
dc072ac65fce2a16ef5cc9473e91dfa8,5,5,0
bbd5315a7667b9537e1cf428fddf09b6,5,5,0
0240c9d87266e4cabc3bacdcdc6e77e4,5,4,1
6224dcb4ac2d679b4c0739fc060fa3f1,5,5,0
2de8cabf193c1a1753f62d87ac8499bb,5,3,2
14f1fe61fec0f60c84af122793ddf0f9,5,5,0
06c5eb90406de0ba873e721e9182ecfd,5,1,4
5cb4a587f7a1629930151748b4197991,5,4,1
81b15e9061212fc1a2e309ea9b494bc9,5,5,0
f4ee4273538924bda6212f5948e80fde,5,1,4
a42e9f17e34277db56eae85c479c8426,5,5,0
549d30fc0378a3645167a900c9ece399,5,5,0
bd8140fa5a6e24ece48b36114f0fda66,5,4,1
15315b01f91360542649d0238fdd4d71,5,4,1
4bbd33a0def862d1273f79f0fb4d597a,5,4,1
c502827b2dc9fca209db1fdd910ebe22,4,3,1
7bc17046c03d79b7224e16e8e75f9046,5,4,1
f2f5bdd435d706928f8210b650cd33bd,5,5,0
071cf21dda000c6ce3b50a56374b1b89,4,1,3
6fc237eec099504ef31e3f3896596be7,4,5,1
00bdcdda88e6b02977fc6ce3d412c600,5,5,0
7ac1f3de2cdc809de6aa1e6719451f53,5,4,1
13c74d230cafe0e3552cf45c74ed0ef4,5,5,0
661852f3da0209d0a351f28950878c9d,5,1,4
5881ef8fbe92b12cbfbe1a210afd221a,5,5,0
89516fb171dee556ef586436687315ff,5,5,0
6c32bbf8f06e00eccc363629a0ec6383,5,5,0
4da691562dbd0818d7655eeb6dc1de84,5,1,4
2033a4586b5bec3229ebc1675a8ae092,5,2,3
538be20e72bfe8506afe7be4b3dd4467,5,3,2
7d48e6b043ed5dac29ca0e41d3e3b584,1,4,3
fe7fd4c764d135ef92ab8e6f0f8546bd,5,4,1
03b31f549c27d03bed25fc42ddb46138,5,1,4
1ebdd8b42137496d813decad33fc992a,2,5,3
1636a9053d37c67f6463b90121fa81cc,5,4,1
2f2d84378c1f56a11a3c7e6329ade2cf,5,5,0
a2ef683013be03a1d7903ecc7d17d48d,5,5,0
fec086a14f64723dead262e2bfba3284,5,5,0
b219de816ac1fb22f2810734825aa76c,5,1,4
5ae1672c9ca83961989aad88b01b6e1b,4,1,3
b016b176ba1599cc8e192f447c432bab,1,5,4
c76d764d0f993151eb234c324e2b09ce,3,1,2
9e0e163a301e9e91fa697e0973e4a53d,5,5,0
43cf2ad64d9ba181030a47b6a7cad49f,5,4,1
99fc98471ba98d97152de5147e0e1a53,5,5,0
0e252f244129af793f666f4b89a83478,5,5,0
7def21d4295cb8526b988f3c693df9ec,5,4,1
ca5a59edbeb8c782bd62affe617fd6e6,5,4,1
1e693ac6b55dd939e50702b971446d71,5,5,0
b5b9596fafc9950c04548f635451d6c6,5,5,0
043ad325c92b4317f9ff48836a7a4e9c,2,5,3
9df989b3f2e35193ee15acb0a5c6964c,5,1,4
dc03cc1a4d22f8b8685cf1ddada1b85e,5,4,1
9303669209932e3a6996a76e56620d5f,5,5,0
668ad4f50b1378df49d039969a1e906a,5,3,2
fd2f3b1ef3f5448ff37c4e0fea64c1cd,5,5,0
754328c1ffda8a8ba227f2851a3772cb,5,5,0
2fd0c89b7b2becc09655a9e060a885bd,5,5,0
e55ccf4e8ae6aa77431729b1bf96d741,1,1,0
b86c548c0f0a5812048bcae563b28443,5,5,0
161e8319860a634de1d366b52f246f8e,4,5,1
7349428ccc1c563f452b351a461aeb09,2,1,1
b2ec82a4b2d9bf24fc1f5ba0e4883bdc,5,1,4
9e1c6d5149a241963c2e3a2ddaba98a1,5,5,0
fc6f5e6779d59926b0d09334f9a19030,5,2,3
a85c8521d3ad60bf120cbacb00e099ce,3,5,2
ef2ca7d8cb8ec4ec022a77785b6b48ff,5,4,1
92026f2f1b805cb9d6b1ce692ee38313,5,5,0
9b5852495fdc959c8d7d069b3c328502,5,5,0
6ba74355a0bd6d93ae590f6d510958b8,4,3,1
4a7fec8a4c23ee32ac7511b05ad44230,4,3,1
2bafb039d56c1fc02e0aba4ef03e0008,5,5,0
ed5ff4c4d3ba83abadb44f00df484f0b,4,4,0
15835b4cf971838ce051b97200baa5ac,5,5,0
5414b0e876b7427a7ba97bfe78473b45,4,4,0
a9b84349900ef15cb616e1b75b4c4dcf,5,4,1
83d235ec5b7a9b0949ad507ccefc16c5,4,4,0
deef67da55d66c9b90df11047d8b65ea,5,5,0
771d0ce9e2f9b65e92d4acec6372d453,1,5,4
8a096b1a1ab9573d96ff53df946afc68,5,4,1
b48b62e1c4a6ba9d0590ea31dc623235,5,5,0
01490a4bdacbafe6de009b317a0c8bf6,5,3,2
c9e32538a07ba70090d3943f2fad8d3e,5,5,0
aa8adac0e00cc6ceffb7b5f3548e5c9c,5,5,0
6c5d1e03493316b72304f07834a03325,1,4,3
ba6a0a51f6852a4e562acc5feb6ca75e,5,5,0
7af70833de99c5d7aaa2e6b76f1cb21c,5,5,0
233d763b10db673443077fb3090dfb37,4,3,1
69e1614e5770f92d02af5b0f875c11b4,5,2,3
f8e6ae30ab6c20f60adbbadd23f81ca3,5,1,4
0ec1e92bb5190cb24b2b414151894032,5,5,0
d454b242faeb348060250fcf92c1db01,3,1,2
02bf0154cffa7eff0ce73027221834b9,5,1,4
cab8cba54a55cc19762e10bf029dae6d,2,5,3
38bb14b6a1e128205c524b7efa8aa007,5,1,4
28fef81ab1df2696fb04a5353d4ad79b,3,5,2
f8414758c289a9ae51a5bf937b4f100a,1,4,3
6af5a09bae161896af1bd1d4a83a39ce,4,4,0
08e744bae85a55aa0143f7b41878a45d,5,4,1
6f35836667ade2d13ba10c2b18bfd713,5,4,1
179de2e682fa3219ba41a728047be96d,5,3,2
dade660d65ac835c39909f69a15baeab,4,5,1
3f5ff6ee2cdbae33ef3b6aa6a193f9f6,1,1,0
bf9ff7bda0e211e564cf059ef5649e4e,5,1,4
700070e69858b585d65a370ed6204d3e,4,5,1
91be51c856a90d7efe86cf9d082d6ae3,1,1,0
62bd1bdb09eaee292d99c84bb06ad4af,3,1,2
5f9a36af29314160716f48be9b146d03,3,1,2
c660221edd9f1170175ce048f14b6003,5,1,4
5261e92a08c8aeec62ad328bb2acda2a,5,5,0
9fe32da158d0f7c1adb336ad3b69839b,5,5,0
6c78a9434dea28ba5f0dc29840509e67,1,5,4
9de38c42ea4d33af19aac6c4d6c4b146,5,5,0
03a0b96d81d76a3214b7b49ec31e6eb7,4,1,3
389a9ea0a3b847e32aafa6fc297e2a9d,1,5,4
8841394958f24da011b72bf4739047f9,1,4,3
911c0c489bf4354f38fc64491075e8ba,4,1,3
bd086ca155971e41011456e63e94f36e,5,3,2
3dca6d9d8b512cc7f4b303e609b8c0e1,5,5,0
1a3bbdc45bf26fe719899c99c26cdc08,5,5,0
5deb9cf8f8484f3e136ebc956d569aaf,4,1,3
9951333a5f09b5c054baa1f1c43887c8,5,5,0
0a7d898c6305101e69e9f5a05cd0130d,5,1,4
3a5fc5a4374b66b42bae2135cfcdf9e2,5,5,0
7e054f9f05a6b366eaf1fe25293cfefe,5,5,0
9b336781d5b596503cb852a8e043496b,5,5,0
5ce08134a7e1f35b93fe223acef734bf,1,1,0
3a096d99346df2d6c043165967ff011d,5,1,4
4421a7200d8a1f6a0dd6fbf8c96d01d5,5,4,1
b42647c500cf637710473a668b0ff934,1,1,0
fd193ed03647595d959a3e351af74eea,5,5,0
3b981944c4d2df767cc524ebcb06d7e9,5,1,4
0a2da53685ead0fd45e8609cabf19f5b,4,3,1
a244dfc2d80e0857a17cfd3b58ee9321,4,5,1
8f702483ec7aee668f059ef71fc07a5c,5,5,0
bfd31e74ca682f18d424329f90be0c0b,3,5,2
bb05d405bed1d8f313ca3a2f9a8efd8b,5,1,4
d657b724ccbf3c04cd34c65f6bbadb10,5,5,0
d0405d0cd3a0ddba64c30a078681a88a,4,5,1
6bed34f9ca7da44775aa6a7c00ccbc4f,5,5,0
385ee684756196285e5450358ecf30d3,5,5,0
9bddf07b813124e63282b716df591c36,1,1,0
adfc15ddc7db115f9785cf9893d93031,5,5,0
38e68853613891ef987ac0772148218f,5,1,4
52952afd06db1fee0c2227c8a80ac7b2,5,5,0
5c6716058d09c774a733e192b5573e96,5,5,0
d860d32de96314e1c520c1dee7bbbde7,4,5,1
9fcd603ada60baefcd5ee37111b9d70c,5,5,0
fd74272535ad3904f7b20001968d5ad6,5,5,0
ec5938ea8d597f4104d05584ca8288c8,5,5,0
609fe250465553b45a01fc8de7109383,5,5,0
2e0b3b0ef908939d3218bc60b4ddb793,5,4,1
fa09bf06f137e4496f69f730fd93dcaf,1,3,2
705e297aabac0f1fae1db3971e90952d,4,4,0
eafb515f2cbb10b7de674ea74296f619,5,5,0
82acba16fc9b8ae5c09fc512b425ea04,5,5,0
932e09a4eba5fe1c7b8333f5b0d83d99,5,5,0
08b54ba8454bed7d08802bc62e33fbc4,5,1,4
63089c5f142cc1148a1d7799a8359e8a,3,1,2
f5dd51c457b73189d026d11c82ce77ba,5,4,1
b7f5ff286e187a25dce8803836bdc6b6,4,5,1
ad0601d72c6f5d20f194290cb517e6e4,1,5,4
441cc7b0d0e6268a3d544d7ac4f1fae9,5,5,0
167b62d7c79628cf5f36776281be5731,4,1,3
ebdb644689d34624ae893cfe690e6734,2,3,1
1f4fe628fee06334b3c7f4a99233700c,5,5,0
82b501d2951b0193d0960457f020aca2,5,4,1
b9a6c5f5df52c7226ac85aee7524c27f,5,4,1
7a47c118c1f2f25fe139e684610c3b97,5,3,2
ca407fb4d0b3cada058f453a973155cc,5,5,0
c55dca0234aa65398ed85315bcf5b062,5,4,1
6225935944047d4d3aa8d938a2988c61,5,1,4
c10f283ced7431fdfdcc159b12344b11,4,1,3
c267d7fb58ab601842b584dfd70de03b,3,1,2
09903fb2d8388ac463b7c269c099b6cb,5,3,2
3170de33866d3923448fa787230ef7d1,5,4,1
1f67d1f09d1858b5d12a7548b258fe95,5,5,0
9dabd200c58f609f380ecd1e44898086,4,5,1
b335cf4d393acc627b82e83b3b3711fe,5,4,1
49d82571c200aac8b226cae094dc8f0c,1,4,3
3611dc9bf1ef8467179a69e2c97f24c6,5,5,0
3d08a84829e314578aefc90c376dc3d7,5,1,4
0ebe4171b26283e6f9f3679033d3645e,4,3,1
a8998c981964bf8bac216e296e00b309,5,1,4
2a413faba9c53fbb45637b8e745f5af9,3,5,2
93de8241002c099c87029b0362e5c0c9,5,5,0
adf57a7b23c7c3f88e98a2fe2c22fcef,5,5,0
402aa244b88b67e5cc97b78f03488534,5,5,0
780a9cc080b68de71009118d45602439,5,5,0
a6bd51bccacef7aef150dd6a39f26e42,4,4,0
4433add7ec1811cbdb34a289d636f1f3,4,4,0
b0c1eb643cc230efdadc151753e940b5,4,5,1
d341bf71429128ec496e8012f3f8e2a0,1,4,3
d5440e126957d8548489716a186fa787,5,4,1
36fab5ed597c9dca017dfa0711e84687,5,4,1
c3aa096e341a72813ecfb834df16b91e,1,1,0
4baf4e226efff68fe5996f63da09745f,5,5,0
f2e7c5a142f10116a1e657090e50e83a,4,1,3
60807512895403580c67fa1fade73bda,5,5,0
a5e045a63fbea3842f888a42153c61e3,2,5,3
6415d4ce478df9002b52aab8158a1526,5,5,0
c08207456235b73fe23b3f65986d6856,5,1,4
2dfa14496bfd2a02b3ab479a58171bc6,2,4,2
e94fb29b3ede8e72edace56b9ba5f8b5,5,5,0
4acc7f665ca9273b5848f19cde62b6d8,5,5,0
602974d0aef1955c2ccfc90dd8c647a2,5,4,1
9b35de64953b2683c0bb358ffe23e79c,5,5,0
52f6d6af659ed5b3217520e607b84fe5,5,5,0
b2472725debf23eabcb392ccb8401a4b,4,5,1
c11a22a599df12f33da9a25948a605ca,4,5,1
09c03e22399940d7e6fb194297ae84a3,5,5,0
4320677b3638816c46bb7ecdf9533fd0,4,1,3
019440e41e276668d99d996d5d1a22c1,4,5,1
f1161a389865672e2d7e28e13809e2b1,5,5,0
71d7141d917163379d3bd485bb9a4265,1,5,4
433998f702486cfc7c5431db579a4d8f,5,5,0
dbade3512c5b746ad2732bb5abd9bbff,5,1,4
c1cd6f04d98968e420c3fd0e69c5612d,5,5,0
71e99de0514a59f2e5ac80e89773802a,3,3,0
774039c8407ab307e575f7adce8e99cb,5,5,0
3e69c99cf58356667fdbd6b7ab0c1e35,1,1,0
54e52a2c76449b9a634705a5ae9684a9,4,1,3
13a8db555fde78dd0b116b01b6515617,2,3,1
d83704206184936b569352ae7f704788,1,1,0
50873e5a38f623898b8643d008bb6609,5,1,4
6bc4dfe9abc405f51a0ea37ef8804b2f,5,5,0
cee1a87ab4ea96b3259a9e2d1f02589b,5,4,1
2bedc0d7231e504d0476c606108e7e73,5,1,4
be6e0e5aee2918775fc14dfe68d18a37,4,3,1
b1a88554eb1f7f68627549e26257b583,1,3,2
1d671f4aa75c57086215073b775c7f41,5,4,1
b74509f6609c9c346bffc8f3be013197,4,4,0
7337e1be328f68eb9c54cc01eee3e19f,5,5,0
f809dbd06c5d2816ae17cae070339ed6,5,4,1
42c9e271e2d5ac7698d3061451576d42,5,3,2
0ed85071f4330f23eb0a71d4c26ded6a,5,5,0
265144aedd0822b898712f78e0c3cfc4,5,5,0
3eee7c93497d482e7a3c335e325ea0ec,5,1,4
97442cfe43e743b8e7dc64c6e143a84c,4,4,0
c63d42eaa9f87b513dcf03cce7097bea,5,5,0
9f625a3ed898cbfe30b9f9ef44897889,5,5,0
396a800e1a64e6e4db379d941a4bc7d7,5,1,4
eea6beb3e8f3a7eafaf03ea844ae6021,2,5,3
94a280e9178a824b49777271fdf8e5cc,5,5,0
d56e764f8fe72cb1656efbbc36d504d1,5,4,1
ebaa42a79f2add158467770ca61a11e0,4,5,1
093c11a6b12993f96cb7eaa348a3cd09,5,1,4
86ab312ff20b032420f0320b32a37f12,5,4,1
88729db89bc700104cd5ebd2725e4d69,4,4,0
e50fcda6d7d9a1e22b4d9d1d65ae8224,5,5,0
603b717dcdee8679723c6918ab5585ed,4,5,1
92d82a97b257e7e81b567f8ceb8b89a3,5,3,2
470a0f13c7dcaed98920bf6dd918e09f,3,4,1
280ff9719796edf37dcfaf1e71d58d5a,4,4,0
e0918c299a0186482e345c9117932efb,5,5,0
8b1cba0bb2172087341d9dfdda6d39d7,5,3,2
f0ad79b0aabc7f8793cee5df723fcda9,1,5,4
5c8ce05c64397c5d1c67ab8ab448ed40,5,4,1
3d0ae335b47c67a0251dcf021047517f,5,5,0
e0353eeedba2f065dcb285de34e49f03,2,4,2
723941d77928846a4b2ec4612303bd25,1,4,3
ebfce1854c277686a8c92ad97edf639e,5,5,0
e61fcab8b96de0335adf7fd562ebb869,2,1,1
c88dcb67671acd5a7aeef76f77cc16f5,5,5,0
51897b5909b133e69594d2c560115a71,1,3,2
a69bb719ee2c8b4a25bf1a1a5f3ae686,5,5,0
d222cfedabc67eec700bfa61cd72216a,5,4,1
e05f1340b7ae14a83463bb4985a5eaa8,1,3,2
109294a0d68947b6b49c0a59a8f951cd,4,5,1
af18c8b9b0890d5387074340f9d39cc7,4,3,1
36de74432623754a27b12d81c299f10b,5,4,1
da74eb479a8368d212376158daf9416b,5,5,0
c5f9c59800d0f2f6124ea0cfa1ae8d1f,5,5,0
9dd59f7ebb5a498a78c92b880b30dcf1,1,5,4
ce2e637f27a33a1fd345f4844e866449,5,4,1
29658becd07b8b8ae3d13366b9cb10cc,4,2,2
f51de224914539ecac4ad066fcaa5a1e,1,5,4
f1102aaed56d382cca01e04bec7b9910,5,1,4
693571876f68cfd82ad0772a4fe8136f,5,3,2
a4c838975cfa8a5cffda389f44d58213,5,1,4
8eadc965ed4d6b12b39991aeeb09cd63,4,4,0
e399cbb0337c90fe1809b307fcbe5b36,4,5,1
fda36ee6617e0a93f9634040815eaf05,4,4,0
5ce5c77d5c50ab039bc32abe92af7bbe,5,5,0
81897e3300d655ed456f166e3b362b2c,1,4,3
e4c412c45813fd2fdd6e1fa72b69425a,4,1,3
29986e236b391de3edc9cf5a1fba4336,5,5,0
3fe4ba391eeff167bfdda2c590013b02,5,5,0
f6d2c5eb0b39fd69a64eb7c65a15ea2e,5,5,0
8957a41ab8f836a770913d537aaed222,5,5,0
e55e8c9f6f33a8562db1430444f22092,5,4,1
d89b3f3e37df53791ceeef1e4e653310,1,5,4
2353c3b67536350ec12490aaa0b01c39,5,5,0
5d2360b577af310633223b53506dcfaa,3,3,0
5c3daac471748ba7152bf6760e8c12b8,5,5,0
7d62060b2af9760b95067c966fc5e6c6,4,4,0
64da8ff64967de481400af6d6c0b059a,5,3,2
fbafcc549363560790bf2e28730a7f36,1,4,3
af267dd4b62acc26802a30eef78e7afb,5,1,4
e23c9dcc304042fa90d538be679fa68d,4,3,1
e58ac2a3d13a940b460ccc4299264f37,5,3,2
12e4fbad3ebed6412967a3fd5818c456,5,1,4
969c5d020e2a752154208ff5f31972ad,5,5,0
ef553ba476c9bf8051035dfc9fdeda79,5,4,1
4f54cd2c8e8986790a962e3657390e1d,1,5,4
68a3f6a339f98376fcc5983976802006,5,5,0
714d9fe4cfc8fdfedd10c4a30abd4f34,1,1,0
6775b950cdc4da0ce39b261032f92c84,5,5,0
73cf654d0deb48918d5e67944a773d22,4,5,1
fcab9e8b311ef84e1dce97a58af5b7c5,3,3,0
3391274af8aa8372225f9c42c63d853e,5,5,0
2486b2851078973a32a2ef92918506f4,5,5,0
0ffcdff33eb40b6ce4b6cef424e1c63f,5,5,0
857a663ea88d0f7a0bbd031f0903cbc2,5,5,0
0f63808f83bf11bad13ddac9234dc419,4,4,0
99268218a07f08ded2575058ffefb286,1,1,0
e138166b54ea9292f505d07a4999db88,4,5,1
75a9fc924db699a13c8d6176c3b16a61,4,1,3
6b6691a02fbc1d93db80af20e602b8e9,2,5,3
7c0ed8940b941dd6795dbdf0eb639195,5,5,0
771e9bbd641d86a4ee75fe80bdf61d7b,4,4,0
73b72b64fe9ceac200edede7e53ab012,5,5,0
498c950b1765883c2a104b8dd227ea90,5,5,0
d8620e7ce05898d127530e10ba2c78f7,5,4,1
966a9df285b6bbab1516a5776a4eba6b,5,3,2
1166119e8e94b56596501d609f810451,4,5,1
5ee618be393518b59506e4a5a6e6d064,5,5,0
b945375051aa88d28c30fb42485897d6,5,1,4
fa829c3fbcf363826dfeb1921c4f5c0e,5,5,0
e0f5bf74f8214bc636d6f1d63310577e,5,5,0
59c85bd55f3914b2f9b2d5a4d1309b51,5,3,2
5143a430945a2dd6f4fe4ed2dac0b47a,1,4,3
b52cc4919de82b4d696a4380d10804a3,5,5,0
00921e4911895b93c7b4fc0d80c0815e,5,5,0
ac71424a743eb11dd4e9bce21531d24e,5,5,0
9634a2f4e8ae92d44d182b5acddb8955,5,4,1
a5da3a396df7ad64a8bba4f78773d557,5,4,1
003822434f91204da0a51fe4cf2aba18,5,1,4
2c440021d0192a2432f4662fc27225d4,4,4,0
cad2acef57f845758b7d0da4ee76a3e1,5,1,4
61a1c28195e1234b1e16c4fc086723d6,5,5,0
153a49ded28e0fe861f537fc2b881f93,5,1,4
eaa57ad5c8ee40c146f63a96ebe98295,3,5,2
c9fdbe9ca5eec85c1f92f5ba3ef25597,1,5,4
f2007850ef091173797b879e61610353,5,1,4
e696067860c4351d739a8fbf197d30b7,5,1,4
13134fe6dc043430a875ece99381223b,4,5,1
6b506a5bc7adc856a6d3fac12bb3b877,5,4,1
654a7709a6364f1f2225033be8993d31,5,5,0
bc9c2fb123725ad0d99fb76888543245,1,1,0
ae742f1350cc572e8e8c752625b53829,4,5,1
c02e19b57ca332a2dd2e61ff8b2f07ca,5,3,2
b2b7d1ff3ff7568a1cfe9035e488c643,5,4,1
4c17c523dc7daa9cfdfb327f119179a4,3,5,2
125005c942aa889a867518019392d649,5,5,0
b143f3a663718a8544a62194bd2390aa,5,5,0
9711d975b961355b4b5d636857e48498,1,5,4
dc2ed1581975f94efea014272ace65a8,4,1,3
31cc37975a360a347c3e668b4893fec3,4,1,3
fb8d4fa3b150bb3a129a10015eeac145,1,1,0
bc1b17c4df3e09a8dd95e9db2ddd1772,5,3,2
6101d68c2fb03e7c4571839add1a24b0,5,4,1
e06ca49e4892725cc2a5425f4d39048a,4,5,1
9c70e1f41efa94eecfbeeb5f13217760,5,5,0
886ceeb29f5b123632b0f6149a1ed4bf,4,5,1
589673b4d98b5c40931ac6a6ff6f3416,5,1,4
518cc3d6b4d14d503ee41b6dbe4e1c70,5,4,1
4fa933d3af1ace6329bd375b0be6398b,5,5,0
3c3360c269e1a6ac43d1bd512056e1f8,5,4,1
523dafc7e66222e30a400621133aca08,5,1,4
ae1b14b57f98fbf9a364b91093c93e40,1,4,3
4ce4fb772277f3a13a61a93b7f19d62e,4,5,1
04c35d140fbc805e40f33f6902661c4f,5,4,1
d20d521427100e96eb0298afc19d97f6,4,4,0
37c5868b5c8845b91732bc25ac5c6fd8,5,1,4
905a97a2114f9c1e549b9f76fb5a8429,5,5,0
0fdc02a3d7f09a9d90181a8e4043aa28,5,3,2
6c2c70815110121a6d8183b1f605bce0,5,4,1
801fd091fe53f9ce56198949aee82afb,4,5,1
d857d0a4f3a11a5edda482cd70b6008a,5,5,0
c4f5e515c5b864e0f0cdea33ce83244c,5,5,0
52a0e677ce75fbd71b0644f2de4466bb,5,5,0
83b5fc912b2862c5046555ded1483ae9,5,5,0
048741d7885a7fded1de887eb956fff3,5,5,0
b5f6cf402404052650b6ca5f41f71434,5,5,0
64c04b1fbf1d65307ee77fa046ea3b7a,1,1,0
3343de372beb853bffdaa61da97a22aa,4,1,3
b2684c3e0b5cba29ea14a74e3c933a34,4,5,1
cc46818e210f019a0a7c59b03fc43c8e,3,1,2
9dbceabb8ca1d10023c837a1b30f852d,5,4,1
c9784c87841fb49ac88950030e64c514,5,5,0
fb39214284cf55a6cf26890f666e90a1,5,4,1
edd3d7495d5177045823010a1f6ac22a,5,5,0
ab9bec57955006309507e61f3bd2d21a,4,3,1
5051a95bc31ec72f803d5df48c2a695b,4,1,3
2452a055c236acef27397590cf35f737,5,5,0
52334e03e9dc25babfc8207b509b2acc,5,5,0
639b5d8bf7e249da69911af69ff9ec37,5,3,2
25ea76c2e1524d813d0a0c15bba57426,2,3,1
26c9c7c372a75607ecbff1e8253f0792,5,3,2
73550eb25b684cc23adaf231e49609d0,4,5,1
7509453843e932c3120d2e3c8bc4563d,5,1,4
e10b891b11ee700f47f7ce3284a25a17,4,4,0
35df3b4dd9ccd07b51ef412f243e1483,1,4,3
8356e1470c66aabf58e1d3f3ec25a20d,5,4,1
9123705653cde45a284e2d56fd973076,1,5,4
ebf86cef1e130ba03a39e9e1c73a9115,5,1,4
d318b798f415b925411c4b1158c2ca9a,4,5,1
668d116236ca17dc621c9088d7acfbfc,5,5,0
83e7d6f02761a2c17b9e5661a1666885,4,2,2
1c5dded30baeb7f5dabbd1e613c76164,5,2,3
b22331e9a36bc5d09bc4d29486765554,5,1,4
788bfedba1f3c6d71e9572fbf8dc033e,5,4,1
e375ee2412dcd70587fba05eb33d1f1e,5,3,2
eae24cebd959a3a88ed60bda0da68196,5,5,0
138922735946aa65c66ca7e7bd4e5980,5,5,0
e1e39308201436c191f69c423662c648,5,5,0
0d7839b143597f84b086c444ef9ebbe4,5,4,1
1cc90ba7cdaf9aa16996e79713f8c671,4,5,1
043f43899c67438005004d160d18f55c,5,5,0
fc6c2b2dc641e9b43804f733841f943e,5,4,1
e65d919c8e10d902b34ae4c8aeb57ae9,5,5,0
b27772444ff0dfa4484849857a81d53d,5,5,0
5dc59cf95fa0dc97fbe9961d2547b278,4,4,0
b7d3b2799f51cd6167d7931df1546f8e,4,3,1
16d353779b7e746727313fe0b83a5cb3,5,3,2
02cbfc1aa8d209d7fec3325970ca22a6,1,5,4
623ad958e8a30b32e7b64d28aac09059,5,1,4
bc0ce3adf08cf5e5c91ca98d2fa6f27d,3,1,2
589afae8e1396e2a2dc24a1c68223809,5,1,4
8929fce83f27ebe948da9c53dcea6bea,5,5,0
2e9f87abd0b9cb4737c51a8ed7a4097d,5,5,0
5bca61e411c4fcce08327a8efc371911,1,1,0
c327bf79ca9f0099dd58157ec2b71839,4,5,1
471a20066d4855e0de2359824437be13,5,4,1
e4020f274902a070b403d4f914dee557,5,5,0
74cafcc8c06b63eaa21ee53cf1678459,4,5,1
de94ca254bf9b37529386b685e498cdb,5,4,1
9bbb33e6918e2064e479c9bbeb6db909,5,4,1
b138a736fdb315dc4dc8e277caa8ebcb,5,5,0
ce80533c6ef9cf6f226eca01ac2cabb0,5,4,1
b51327205e6ff7ad93013ce640671e68,4,5,1
952b0fbb4e6916733377e53f96398051,4,4,0
3f13c6c8bb6e531e041cc02ecda5880b,5,1,4
c40b742c11a9df1f4d5cda8301dace51,5,5,0
431d5e312bed6ff804f464a5e0c63cf8,5,1,4
470eed9d88c44139c5ebdef340974c3c,5,5,0
f5909b82b8d450b4e0a75dac08752dc8,4,5,1
d709030e94d8f232fbfd24947c02a10a,5,1,4
0cc217cdcf3d4c3aec8a027679e21f89,2,5,3
990e3e00e06b1e57b3a48753fb244ab6,5,5,0
89b1385eac49c53b0d3946b29ee312a9,5,5,0
8c98f0aff69a4ac8620e15058c497092,4,4,0
85efd92a75055023d5fc1b29e749559d,4,5,1
8b1b41b9f2da33a80000016c2bb902a1,4,4,0
2e6d1a5b1078618ff4227f69b4b37e3b,5,1,4
9983e8877acbaeb33947e420587cb3df,5,5,0
2d3390e82fa2179935440626c58baf1a,5,5,0
2ab10ab526351fd3b05219e9eb4f7d9f,5,5,0
d69e91e2ea89d907fabc80d44be64734,5,5,0
2c9edac668d691947b1107b0b68a1adc,5,1,4
b6a006c82e0dea4214b534ced51eb9bd,5,1,4
8210bb31459a84e6b7e5c42367d1c127,1,5,4
dbd8e1a6d62bae210e6a42ed8bcf8d39,5,3,2
e92f3505810692cd4a0350b19e2d9045,5,3,2
3172aacd2f6930dd21d765190030ff56,5,5,0
b1d7c597db58fbca7060fcf79541ea64,5,1,4
e2ae500f28aab47adcb9f215fac99b5b,5,3,2
f52952f4c900a5c0295a392769f7538e,2,5,3
e124f7417ef3e8e007e0fe6993865f2d,3,5,2
c6feddf1f8ee767b5c7c65d5313dbc91,5,5,0
0b61dd71ead1e65e9d50db5b89cb5cc4,4,4,0
a2277bc3fbc7188630d4b36e34e8cc43,5,5,0
d773b2a09676fb3a1a35c45a9edda446,1,2,1
5810962e1a48530a03bc82a2e63c9f85,3,5,2
94cbbe30434a51f71837965608aa41e1,5,5,0
a18a772d7d1f17c95ee1689b669d3727,5,5,0
d749b12b674090063683ff90a811c2b9,5,5,0
9e68e57b1d59b0b5e5f9c13701af153e,4,5,1
bf2cb71b1f79c1f44fbd98358c2ba7b4,5,3,2
f30e745209cd648c475f3949b1adb2e6,5,4,1
c1c06053c21d197688b79b2dddbc0560,5,4,1
d78264dfb6f861bf1e46f2dd57e89ab2,4,5,1
f96b5be713a2dc433abc88d692ace652,5,4,1
ff85153644cf018d1530326b28743073,5,4,1
baa57a887ab6469f6e65bf75ce80b768,5,4,1
b7dfb8016d0267b96d13355723f96132,5,3,2
cd1734bd80ae0e3a91f16ea6e3ded326,5,4,1
1e5de131e124a28163dd61ca832e722b,4,5,1
0c734449f0a8246894a537f0d4355dc8,5,1,4
c47b001496a3dc2f5a48534c4816adb8,1,1,0
e480a56eae420b7fbb29dbca2a7a21c0,5,5,0
a25b078a7827d95f8366353a32c90fe0,3,3,0
fc44e7440e7fc16100498d1cc7d9c550,5,1,4
0a8b3b277ffe67981af7d4a14e7f98d5,5,1,4
e1c161cec46262db2bdd7b36d9ee2450,5,5,0
0d2495ab9ff55e8edc50bdc92b443103,5,5,0
a5adc464c559c26bf837f59ffaaaa137,5,5,0
9b75cdaf2d85857ef023980e15d01546,5,5,0
ba207c0bbc57d7da1d6ef7ebc895fec4,4,4,0
9358fba680f53876f817a00afdb320d7,5,3,2
6017d921a03cc5fa25cae72a855914b5,5,4,1
96b40b4538d0adf167b0e331257f7930,5,5,0
cb42f190850b7635860e5c9570d841cc,5,4,1
f53432b147736e0b2c2ee32ba00709c6,5,5,0
a54ab44ac042c598185c2c47236bd41d,5,5,0
509c69c52df2779cbec8cf7772c5bf00,4,4,0
97352341e218f0089a070b1be89f47bf,5,4,1
c456bd22705a899e7411a10acc06a0f5,5,5,0
df545fca1d6c9f96b0eeeb751a6f2650,4,4,0
c564e930a1736cdad54cc4ee07df2fb5,5,5,0
009838529bb913846ab6670d22865381,3,1,2
a297af9c433b5e1ac1290d8057386952,5,5,0
534a285e4e770b1bfbb710c8d45ea5b7,4,5,1
97fd93a5c9549a865a53d51328e01848,5,4,1
1c020c2a20a524371e81f9ef21eca0b6,5,5,0
54fb6d834ad868ddda6fd4562d4be5a2,4,5,1
e74059734326eb12073dc5cd441fccb6,1,5,4
ba1e8a32b5beea75e9b61b07255694de,5,5,0
0d80282817c88ed77c05a7e4f72dec4f,5,5,0
277006d8d593850cce4c18ce1c9a136a,3,5,2
5875e5804ca85e3b4c8dda7a7dfce4cc,5,1,4
4db127e6d30efbcbaa8d0b94c4c4b374,4,5,1
8c1b0b8e40f57cd4f9292d1fd328aad8,5,5,0
167966026c24ee96b8343a631634371e,5,4,1
5a1c439f628aa5c1a84b11b8a09bfcfa,5,5,0
5de90d869cce729c83723d147018c2f7,5,5,0
ac1d2f450b51b1b679146ec9877e7d61,5,5,0
32d710de2d82d2bd946b276c2314b5d2,4,1,3
e9bc7c86be84f95e01a59c247ddf6208,5,5,0
69f438e4cdb96fa1ed6bb2dcf499281b,3,5,2
7c204785100c09c72acb28ef9a1f2fe2,4,5,1
1a02b5e9d03ba5e359d175f5185555b3,5,5,0
46b911408d5f2c99a745db2cbe109563,5,4,1
6b0b9168bf15f093a0153ef4d51f60b4,5,1,4
b155e845bb514ad16d9cb7712ef9be90,1,5,4
7fe948b9f9dddf12e531b890540b10bf,5,1,4
187c20e7849e29f8582a8945283a6f01,5,1,4
31a8ce0b7b4441183401c55a971a7ff4,4,4,0
04031f8b12339dcc12fa340fe96f00a6,1,4,3
cc7e4905f056ded0f8987d5599129cf7,5,5,0
f940971157111a7fe49e332623c9fec0,5,5,0
2f248593ccadf252a08dc725c7ac467e,5,4,1
0acdae809654a2de1235d18a12cf73f3,5,3,2
39f91df7a4dc89c3ad5fc7ebf794f3d4,5,5,0
58f999d3fc97ccaa6ce17d0488658cb5,5,5,0
882af1e2ad3e4b132d4b23c429843dc8,5,5,0
f9621d2a09f94ab31f27e78a400642ec,5,3,2
1ff18ac87c2bd43b4a902ef5736193ae,5,5,0
9f10d04a296cb19c784bb4e4ff20d83e,5,5,0
d19c0ba4c4755afe2a5c8de1c4d52035,4,5,1
a4101dff2487b4a3d89330b9fe480475,5,4,1
c2c23632c81a919fa705b182eb5bf55e,5,5,0
0536f0244395bde3fde4212b3f4d64c8,5,3,2
e3c8ec2636b34ec7a41bf25dba83440f,5,5,0
7a422b767b8a7f3738b95534a89f534c,5,4,1
4170c6a8a42c20c1356a88bcbf187efb,5,5,0
fc0f0f4e61bb2970fd68bb32452f991e,4,5,1
c0418061e5a00ab846159a3cd0b86ce6,5,1,4
61e4862419474babad164172a0d6b7af,5,5,0
e3ed33286490140b86ee2ac0bebe917a,1,1,0
d41e624d982dbf17d33bb2bb41abe207,5,4,1
84a5898c018be5c7ee3e45969708ebbe,2,1,1
d1d58708c4e171bc6cfc3b36b7c5a798,5,5,0
2d40988fab171a085f1d1359f4d47d36,5,1,4
8f61fa1d4656d0e770c197ef9f28c60d,5,5,0
dd4961a65e030adb36dd50b4632877a3,5,5,0
55531bd6b11adf2791aeca35f0305e65,4,4,0
2cd1462cdfa4e911bdab5084ad3b7f34,5,5,0
37ccf51b0d53c5e3916005261aa8f75e,5,5,0
f59496f70e2c30c7d588903a7df7a768,4,1,3
a6b1a6e587eb5464b30a528f8631515f,5,5,0
7afe139c6b60ed4db2f7a6c8bdde0231,5,5,0
ee1a60d0930166de412a27e2af280f9c,5,5,0
7be91eab3dac2edd89fc7f519e1649f5,5,4,1
9acd6aac847c79db40c68153b6b4d915,5,4,1
448a4837b41e7f24ad7dabafe574c842,3,4,1
742e1bd3f538113e55f5bfbdf5fbdbe0,3,5,2
05522f28f3be3d5e7ef9f09cc0ac35ba,5,5,0
05547569f5543318997d30464eeb74e7,4,1,3
b17838c714aef16bc099010feb2261ba,5,5,0
8ecc75b89cac1a60578b65339ad6a169,5,1,4
4d288f2f1f3b59a97c364a2bf728b912,3,1,2
06fec3f6e9e72edb698e63c30a8f027f,2,1,1
aca87568f6ded0187314b892e500debd,4,5,1
2bb3da876b8f7fc4c82f55250303fb64,5,5,0
f29d2e7d66aaf2845c93e1fe45fabc8a,5,5,0
dcfabd43a5dcce53d1ca781b2efa47e3,5,5,0
011080783e02d05b26c8c158b3653a42,4,5,1
bfc6ac1464346333da536d44a2f0723b,4,4,0
92a327e7271313540958cf048ff5c2cd,4,5,1
e7198a668ebfb6c423e3ec0605bb0837,4,4,0
ae0b67266fec287e49a6bfa534e52d8c,5,5,0
565f87125e672e704933159acb9d4587,5,4,1
16dc31df327657954186535144a72e95,5,5,0
4c1beae7711b189eeb2b75d2e689a9c8,1,1,0
684f63e89a82f437747c1cd45a099f4d,5,1,4
eb3fabeabbe68b3abea891b6751aa77f,4,5,1
d5e9734f54e05a41246389d38b732a51,4,3,1
d801ba7b9484d3de19c2c002d5c668ce,4,3,1
f8ec8327ce5365e4a103b8a6a41841de,5,5,0
3503496573efea1975b7890f10679f9a,5,5,0
02d2fbf1c9a20d04ceab86eb736fa22e,4,5,1
f3f35f7be5c79d343967e86e9d47a3db,5,5,0
bb18e3fd27d453f8966cc3b57c5b75f6,5,1,4
6d384db975cc03a67526dcaa751e55fe,5,4,1
af516db8ac29ad210281b90ef0a33d19,3,5,2
59169828620034ef7061641d4a69fb5d,5,5,0
54712d4ca80b81caac326c16fafc300c,3,5,2
b1725d5a1b261c7db6941a61c14208f2,5,5,0
97c5a4acc0915c5bd17e5a3256693ef6,1,4,3
15b556128c60e476389b2957ed666cbe,5,4,1
18279a656ac308b75f99ed16ed347192,5,4,1
92c6a0e7135d80a425089fdd95362c22,4,5,1
dc30763d1665f5167ab925fbb51202f9,5,1,4
6ffceca9eae57a5820b52af281b58bbe,4,5,1
1bb74bdf991ecc937ab8901c6b412a24,5,5,0
afd0dbbab8e90d099aaccdd8ed7d5f26,5,5,0
a40874087359fab9b2c8a3aef56a97ad,5,5,0
510489aaadbd8f7064bc8f433b222de9,5,5,0
48fbeebc9d59b8f5b8c06d87af9626f2,5,5,0
4c1265c96a9e9859ce850f9edeb28f6b,5,3,2
276f870fc58da8199417ba83247fb93f,4,5,1
a859e7f761d60eec7984cab567f9e80d,3,1,2
f4a347787e3d3c1d8d4bea25ed38d222,3,1,2
79af690e1f308a4aa1052a6fc4fbc908,4,4,0
dc7a959594336f6171e4fddee0e43e2f,5,5,0
b727ad9e7a5b561a3601faa56d0a1aa0,5,5,0
ac78dbdaa55c30dbfb7eea9beaf31b81,5,5,0
50a27906921dc9ef4b7afa6cdb04649b,5,3,2
14320a05ad27fce607fa0c0c8304cb9d,5,5,0
4c460fdf49b517270b6258ba2d3c1ef9,5,5,0
db655922543a6cebb4a48f8290405a60,5,5,0
2eddb869e994d4a82873f1ed56297e67,5,5,0
b51858d1888f8dfa7ffe83f06fbcb3c3,5,5,0
3e05b487699bb38012c6b974d36a6a56,5,5,0
6fd8bc9e42591f17f566b1fba8bb912a,3,1,2
e32a6fa7755b372afb5f1bdd5f65b6b8,5,5,0
0e87c108dff0cd2a475fc00da95a50f0,5,3,2
5cd1e199b5a1a3c27407766b2788851c,5,4,1
99056b576413d18b9d5a28061e133dc9,5,4,1
5a91aca4cab56a1119249a6ab5d41318,3,4,1
27d59d6c52a0d2dbb8e2ea86ff71f962,5,5,0
38f6871a527b1bba63f4db9b0f3dee2d,4,5,1
5e84bf559fcc6a7a95c0d302a48c89be,5,5,0
c8567e9b03f16c9c4efdc8f8bf423204,5,4,1
9955a2f7fc38c1b21be304e49f22e58b,4,4,0
5cdbffacc3b645aab7040623006efe52,5,3,2
73596e67516934a7fe64cc6ca6d75545,5,5,0
bc281606ec7787151f45acecb5d48598,5,4,1
485eacbde792f619c98700dab1918163,5,5,0
397ce3ace09621efd4266efa5a17129c,1,5,4
fe60bad9c284d296c50b267f32a70da8,5,1,4
1f0caeab2e84048dd8f4d149904c0d8f,1,5,4
d1f24b02567e4b8b8cbfb799021ecb3d,4,5,1
349982921dd24028676e068b97e126c8,5,1,4
899499ccb61cd1525c8b04047ac70e0d,5,1,4
0847e79b172a265faa7bd23222c56222,5,3,2
a6ac4552716d0eff2649af4aa090619c,5,5,0
7f76cbdccae790b41d0c10e5734c384e,5,5,0
6620e428554c0be33f1fcb699c9d683d,5,5,0
6ee6c06bb9e001463d8eba71bdfc86a7,5,1,4
a297f2735d1c57d50a70246794d12c3f,5,3,2
5bc488a3de801a774218a89c00b5db30,5,1,4
0a0b0479c9e05814f250c7bea5b1a95c,5,1,4
da1d2907817d2c95b1f3e07c76d26bcc,4,5,1
581b53cbadd804220b785d243c6b0ccd,5,5,0
d2b37f806be7546de2ce1d2bbd5cacee,5,3,2
f3f3bca7aa8753f3fa88d29cc593f101,4,3,1
2f781724d497e0d63c12e8ece70977e1,5,5,0
0b06c30e567314a9dd1c74fab08ad81f,5,4,1
80d2f4b0e0fb1b8385d270a2d585a1e4,5,1,4
2192c35277d9138acfcb6a068b54b00d,4,4,0
0c8058646f24f81b942fe644c199e978,2,5,3
3ce7418ccb9af136b4937f069601ab2f,5,1,4
f945e05012cd4dcbf844fde15c96df3f,5,5,0
ae5956d043fe24a8f03be1b0a327621f,5,3,2
0cbd2fb0c897c82c6b348a62de100f4e,5,5,0
1810b37b35111f0cf8e99dc2e0bed67b,4,4,0
f5f6ede2cc27f7ef506cf14e38d1ee16,5,4,1
21068b8eb0d85fa340b2cfaecaec42a8,5,2,3
24940b9866fb7ad55814fd366494b280,5,4,1
ebdd8f60c506c9990015a3ec68997ee1,5,4,1
a4b60a92ece5dce086fa34fd28b20aa4,5,4,1
3e351fbdb9c27ebe3c34cb15c40b7e22,5,4,1
370b3c2ef8fa05039d7f93c4c9f66470,4,5,1
adaaf74d10de654fcf12afe727ac8d46,2,5,3
0f34e281521119381162d15a73510e3b,5,5,0
017b11be3048fdfb58e63edc5fc8f4b8,4,4,0
931e76c33f2109e760025ef697884eed,5,5,0
176ada94dcc6f5fa6091d19a9d1fffde,5,1,4
d2c42241f393fe85f13e04a3a402c40e,5,4,1
e71c628cbad616783246ac09faf8f11d,5,1,4
8d9de4f71359b674f9e16be4c40bf358,5,5,0
3c13a632eab1c856909bc8733878cf8f,4,4,0
cebe9a3966a2fc8ffd1a3c5996678283,2,3,1
f9f6e986125412f95569a18406c749f0,3,1,2
f65681ae52bf95372fcd66c697752f3d,5,5,0
0441f678672cdd5323a2cdf79004ed48,5,5,0
ba4c51e2b3f76361019f66b1295f2593,5,1,4
28cf0d3a2917f031ecf4715669a2dfad,5,4,1
cc101c96c9b05fb5b3ed39f35a15995f,3,3,0
60f7dee462ea29c73d75c9dcccf5d870,4,5,1
b38869bc2ba9d5776522abd4be60168f,5,1,4
0b07e7d1e914b970ab1ee7402cddd4ce,5,3,2
9fdb1b24653d3cc7364ea12176298def,5,4,1
e903b78abd758568d7597212405c6576,4,4,0
883b467852944646af1b7eff7c0f5d35,5,5,0
c26545d07aedc265947816ff58acf2d2,5,4,1
503c7d5d134281cbc25783a87057f690,5,1,4
04f94352a3c9730205d3fa72cb014eb4,4,1,3
ff586ffb976ab35817bd83f3ed5b4bb9,4,4,0
6c11290f82789339975290feb4a58983,5,5,0
aa0910dcd21e1118e710080991d23e75,5,5,0
6b44058917b7d56ae8c4ff52f9c65a2e,4,5,1
f0f0463959db12d5eb2663e9af79f0ec,5,1,4
6cd070c4e831393345297bfa86b24c39,4,4,0
e85ade63f3d697aa6c45970baeff0d96,3,5,2
101fa9bbc869f267953a48b0f659dc62,5,4,1
4db2efafa3ef7a9bb740073addef3f85,5,1,4
52077492551466732827ca46228dcc1e,5,3,2
bd9629bd5c3db3606ff891c6314be67a,1,1,0
7c5a7744669451871d2bd31dbcd8f80b,5,5,0
509be166b4a9400819808bea4ba08ec5,4,3,1
7e3154615c510971dc93f2d63397b3db,5,5,0
2f8a0fdae3cce1713cab2298e46c534b,4,4,0
1aef7a15aff34d2305b0e6994acd680b,1,4,3
249ec92a8757d3abe81210827a19f08f,1,5,4
e28cdbb369d8571cdbe57fae21bf91c1,5,1,4
ebcb12dc163784a4dad2cddb8feb64aa,4,5,1
887b1d05870ae363f160ab81362fe4bb,4,5,1
13ef6b72bc3af6724e7d53bd84019b24,4,3,1
dccb24d6f85976c77c64998e54d0f8f3,5,1,4
d25eb23124adad743154951c70b0367b,5,5,0
757ec717d8c5faa738a6393e62ccaab8,5,5,0
2c3c10e3041b454de87327e09b5816b7,3,3,0
5b11be6198779a98de48e7ad6ad1c941,5,5,0
798ebeeeb20c3abc17b6012098d1fa61,5,5,0
3c8c12fed1b69b5f25e8cd9969113472,4,3,1
ef246b56510668886f05b8f818e7bfc9,5,1,4
8de9841a58332c8955d80653bc19a858,4,1,3
9dd8939599e245883bfdcecb95ff30f8,5,5,0
899f386e0652a9e159d00cbe97836be3,5,5,0
b4fda650261665b8a8e0fd3cd7b00177,5,4,1
fe52ddd89601a213e982835b2e24e16f,5,4,1
dd7bd4b50d554cf0c41fb4c0cfccdedc,5,5,0
617b248faca8fe758da0640030f82f00,1,3,2
77831afddf2a5ebdda899a6adc91f88f,5,5,0
45e6fe309ebb856da45864abb8c53ff9,5,5,0
f1220f03c020da223e4280a3c8733e74,5,5,0
187bccd4e95e2d51f099e6174311283f,2,4,2
69aea24ee3243d0535ea6e03789bb5fc,5,1,4
e099b030dac1101edbd12206ce97d6b6,4,5,1
6232b520aa859c47ba46e5213737f418,5,1,4
f1a8e3250a46ef66707b6b0e103c3140,5,4,1
77b1fb852c170c3b7facfaf20083061c,5,4,1
25ec0f46ea6ac93c098212c40c6a7638,5,5,0
c6d8daf7c4eafd635edcb99748cd1049,5,5,0
1eebc0c973e9abb0501e146fcc74b081,5,4,1
3ed559dec69ab96d9074fedaf18650eb,5,4,1
ac68ca3267acd54af9b04f0b8f63b7e1,4,4,0
1f581d9e91f4d965a817a69d1bc25f74,4,5,1
0159c6355a4e32f6ac68d838e2228150,4,1,3
b0583ba2feafe957830cec120a4dbfd4,5,3,2
21130e626fd68f2df9fa4eccd2eec25b,5,3,2
e04227003e31c861c6d5953a9ecaffb9,5,5,0
ac3de6d7b9ec81af1efc301be217be81,2,4,2
5b33244d158adb23abb0d481fa052af8,4,1,3
e71b5af06924fcdd463a80a6d8bd1e3b,3,4,1
e73e3170000c0a93c0470e40aa0ccf91,4,5,1
b96d1eec0b6f42ab363018c8f68c2254,5,5,0
27791b643439f653faa711f08d8b801f,2,5,3
eae17f30c263c86c54a0e3e25bc68c2c,5,5,0
2cdcc5a4a3365e4e73abd4d0774f8636,5,5,0
84cc0b9ea8f19ff32dea95e790c954b2,5,3,2
7a7ce47ebeac8469117cd0b044c03d1b,3,4,1
629e289bf8013a1e9dcb5fc8cb9b377b,5,5,0
189eace082b66e404c26e75f43bbccfc,5,3,2
3d421d7db55efafc84d7e3a6d8bbe4c2,5,5,0
915e2d730ef38d45a41bad2a89f88950,1,5,4
7a1b04571b7a200f334cf7a4ab4c918c,5,5,0
41bf9e63c5e66515cd080325bdbc2015,4,4,0
e14b9bc8bd743ef2c1075fa8c73e52a6,4,4,0
ad133696906f6a78826daa0911b7daec,5,5,0
a4de5e12d0e969340cb9f32237c16772,4,3,1
10d220b706ebacc99c3de71db8c78105,5,3,2
76a0b6b419b6d31150e11eca6f2cf5d7,4,4,0
8b669c19c5b4dda001b9c7e14c8b0ce7,4,1,3
6637722870b88cebb4ab988aefcd1115,5,5,0
69141ed42ca63dfb205e837853313f13,5,4,1
2e7e996efcdd5363fe2dc812bf804e58,3,5,2
57e19d283d4caf90389cbfe35f490f06,3,4,1
6d0f81ca5d316d5a79829a1cfaf85237,5,5,0
188f31b5ce7e58114dc03f7d6289f9a4,5,1,4
03138c298bfe1ee7855eefc9442346a8,3,3,0
323f4903445bce21694142efa4724879,5,5,0
63e34693b60c3efb27b9cb1f3c61f9dd,5,5,0
c62746805b3e3593801b7880cd85c8f5,3,5,2
658d582168e73d5670b4aad338c16d1b,5,5,0
cf2c702bc3b60b945e5efb11e99c97ce,1,5,4
42a7750bca23818abc83ea9c3298eace,1,5,4
e61eef70c6a825396525e3f3d9a82ec9,5,5,0
c6deb8388ec8288e163d7b5ba4f06099,5,1,4
22473977c12e562a85b3713c75e36120,5,1,4
d9b690be37895a83c71501e629e0c2ec,5,5,0
f2614c602a0621707ca12e9a6cf3b112,4,4,0
057889a9d468c179e39e9a6cdb5f4f8e,4,1,3
1330f512f9acd289580909d5b7d1160d,5,5,0
7c7ebd74dd17f0b9acf62f5beed03aa1,5,5,0
3ee542a715481176869e6cf2772d202e,5,3,2
fd27a031c5f2efd93917e23822de573e,4,1,3
ed657707e074ec97427d985ed5c4d21f,1,1,0
c96a303a722b89bc14a23b7a2f0e68e4,5,5,0
a2c31cac6514866fed16c4aa57c6f773,4,2,2
dc8302e63ff9b2dc67dd51edbd8b537d,3,1,2
8ade7f8460876f64baec1e262faf6a94,5,4,1
20e8b3dbc61b2396969ef5c3d02773d3,5,5,0
4572c6711d139ed84a03b14ca9a6c76b,5,5,0
3be0ae91dc77cae9d86932b984c9d5f3,3,1,2
d069386dc9272623bf6734acaa0b5c74,5,1,4
de2fdea1c50dee1cb14d3e71927bf498,3,5,2
ddbcecddeac25c47d0e7fe54d81640fd,4,3,1
3a781a72374ad22c36cc60ffdbcc9b98,5,5,0
79c697a71c6bfb37a4c83d238e695404,5,5,0
80fbdf1b4754726acfa023f81805a91d,5,4,1
9798002938de9acb5883e90411ded034,5,3,2
c993fbf631d32622efbe959e03fa636c,4,4,0
b133041f435fb36b9569e761f56e10c0,5,4,1
9395d4c9e6eb2f40828f955c8bce1686,4,5,1
773995e26bad51964885520767aede42,3,5,2
0193517cd10a54473b6fd8392b58313f,5,2,3
66f4ba6099569fe5564621a8afe502da,5,4,1
95261f608a64bbbe760a212b4d48a4ee,5,5,0
dc2c0025f3f86a410c2bc10ba8f350d2,5,2,3
fc66798245e4d173bcc7eb36eb72a278,5,5,0
bf0c0d33cf9669fc42bb3846dd24bbce,4,5,1
e4e6269506ecfa4a94ac0188f2aa387c,5,4,1
43331248a781e8394ddf4779ca2e664f,1,1,0
336ef87a9f46bbd3c3f542af792c1644,3,5,2
74cfe3612876cb696af283e27298ebd7,4,5,1
8a0fb3426be7ed94d14c6b72cb5b5774,5,5,0
1bf38e3450f15beeafbebe6e0665d612,5,5,0
6e585d7418d756180db763b08c37e372,5,4,1
21d8497f62e0a7a9a219af444cbd2b28,1,2,1
51491c23fabcfdfc4950c9073911b993,5,3,2
c137d955d66546c460453c13ce560ad4,5,5,0
cc28b66895e0f6bfd7050ab5bc7b39bd,5,1,4
b9e021cd678385c5fe5e9ef35d5bae49,5,5,0
8e2f25da617077b46357076667867e87,5,5,0
cc70bdcbdc96a3800ea3cecdc98b1a72,5,5,0
0cb87161e7b8247087cc93117f44a6a6,1,5,4
1fb38614cb0ed2677ca1e558acc114e5,5,5,0
21cc735821fa5ceea85bbf778b86f059,5,4,1
d389978f75f6d3117c609815dc04b989,5,1,4
e54613f3313c396f77d8280b9121ea2e,2,4,2
d20ba57abdbb252ebfe1fad543a12751,5,5,0
c0452c14e00c9d8c3f5f30c189382329,5,5,0
f4b402f41d84476637560a1408843094,5,5,0
17c6ede699b320b43f35ab1311af0bf2,5,5,0
631865c63a1d2240a67c708d4b166f14,5,2,3
67b0499c2ebfc14f8d5f507ac029a683,5,5,0
bd7328facab3b5c696a8a685b0ddacff,4,4,0
5fbf0b33d959fccab26b945f15707bd3,5,4,1
44d66ba7bb976cfc2eece4ec46023143,4,4,0
b703337465b56b40ca0fa126fe39858c,5,2,3
14c83cf4b7ec24cf5e5adc2b8917eeb7,4,4,0
3f061223cd37b33b63b742cd2491d4f9,4,1,3
60a30f7ea15c14582856b8ae771be976,1,5,4
2b6347490306d1c429b6b911ea03f6b8,5,3,2
534e2b783c1e84bc830f3f372a31ba0b,5,5,0
c621519092fd9754777ee79a0680a2ac,5,5,0
74cd3a4e24efd2638854071049e97031,4,3,1
9272ebd4d3ac6aa5a0c21a6ea630574f,1,1,0
dec16dbd1d355316783dfd6844e61a2f,3,1,2
454a297f19c15e3f7a16c16961029402,1,5,4
1620281609b2789ef7989b3265834051,5,5,0
4eeecb9e657525024b9b538730c5f974,5,3,2
d75fa0f9d85ca4f5a1b29487cab3e143,5,2,3
3d4b51e124185cb134ebc4fad365dc85,5,5,0
2ec0b57f8588d1cc98ac3aee116d2023,5,3,2
bf21a9300d72af06297ea8782884a99a,5,5,0
afa4a5eb55c10c299c13478f1f092dc1,5,4,1
80271f9179f6d8df256f964fc2cc1c6a,5,4,1
acf29b3a5d8f9e4edbde7d332f4aab8c,5,5,0
5af267e0e81330ccb7db9a0e9bff5075,5,5,0
f294b6c586ebebae6fcdd9818f7381ff,5,4,1
6d3973dc513ec7f3894ef3d39afe52a2,5,4,1
98efe48952662e6a45a1dc51770039d2,1,5,4
180111fe748ab1e9a6bd88e0cf809f32,5,1,4
098e78dea9fc1a1e1e49c220f27dcea4,1,1,0
79484f19cc86692406efe3763ca1af17,5,4,1
0be284f82e07ecf4a437f85b82ba09cf,5,5,0
02f751c4c2fc8ca376b65c8847b65f4d,2,5,3
8672c44699294d90098cc4ba2441d317,5,3,2
b865bf62fce1552218ba53aaa950e1cc,5,1,4
a66a0d868cc06abee5b71f206da03f4f,5,5,0
04dfcefdc5881bd3db8f516999a758af,5,5,0
c130858ff611f05ccbfbac337cd09cdc,1,5,4
26cf5f2fef907ebc54269ab08ba4fc3b,5,5,0
d0d5164d91d59570247b483352eee612,1,1,0
c07ddbce3f94a335544e744012c52f0f,5,5,0
1d368a43ab595c909b1be8fa55d9fe9e,1,1,0
0a629239073738043764cd721c8ab2da,4,5,1
9afe140eb263e30124e4abeeb76c4100,5,5,0
c367cabdade3f33ea6c9ffcb5878a356,5,4,1
a4907d55de6b9e1bbeffd51d8ea317bf,5,1,4
20f7bd9604c674a8a5fb0e8673c5862d,5,5,0
6307a9d630a301cd0bcacd488fbd1182,5,5,0
c91e35b238a6f290a0ab89a40287fc40,5,5,0
dfa2cb8b0da3113c54e5a2109f76f7d8,1,5,4
afc3d36c156114cfae3aed5b536af510,5,1,4
3b93a7bb88f4b1160dc579d15c706a2e,4,4,0
adddc7adab7516dd578d700024245d43,1,4,3
b70c582d2629b16c2612288f487c3b71,5,5,0
2154126e5b702c936d6507a6c20bd73d,5,5,0
6bee12a6a1b3bc446b3c061239cd1e23,5,5,0
0191ee5deb2474bc1f4189fa709289b2,5,1,4
7dca0f77833367de0b5f00ffdd73f382,4,1,3
b89453b158d269f648d8a0185f16339d,5,3,2
bb06496dc2000dff076b93ef592d0a7f,5,5,0
71564d5e5450bf310e411bc3087b2903,5,3,2
54e4556bb09818e0efeb30e86c4022e0,5,3,2
407cc9b2c7575dbff71cb23b6cc26814,5,4,1
2a03326bc3dd548e425fafa5c7be54ed,5,4,1
90067425f10c56b57afe862b51284a29,5,5,0
cd239f71675e9f51850ea7da61cc3e6d,5,3,2
a9ae6eca3010b51cb0a83c46e7c3ed4e,4,5,1
104bc860b4c9a9d28566dfd1093997e0,5,4,1
75eea5833d9dc1ff4712cf962417ce1a,5,1,4
de8b8d147a2848da3ae69f51bda35bfd,5,5,0
3bd40e0c282b7b2b26cf8211b8697490,5,5,0
4f601391cdfe2a3984a4b1680c2c3d9a,5,2,3
5ba242824fe39eba234565e3f8c174be,5,3,2
9f80c79b3c2260ac4352d49fea965897,5,1,4
e734d2946014016191c36d3bacb36508,5,4,1
b95d64677c5c20bf3f29beb3c57a99b6,5,5,0
2c6ae86ae5a3e97baa148a17002e6684,5,1,4
d6e60ce7022a6600dce9d2601399219b,5,5,0
1f133ab6b29096670c6f0024ffa95d3f,4,4,0
38b85b28d1af68ede15c12548165fb76,5,4,1
ebccb7f0da7fefdd75130094a01d25ac,5,5,0
ec5a5d1ef3b5144148279ec0141de946,3,4,1
e441fe4a9a90a9174dcecd88671cd3c3,5,4,1
4bd891688089fefa2a88b0c0da2ce5d2,5,1,4
aaf067f5adccd2b8fdf1a9f651a9148a,4,2,2
64234b0749a3c2853676c704243ac626,5,4,1
a57d4debabea8a2d143b3d78e224d774,5,5,0
9f05fdb62980c2ae6d8ad1e15bf7ee3f,5,5,0
97be7604e2c6e1cbccaa1103dbac25ca,5,4,1
eeb5a5b729f6a175765204cb5c364ee5,5,1,4
3a2eb830e78193b5cbea62829ac7ab52,4,4,0
8cbfe33bcf72f61fe06f614058d37171,3,5,2
9b816053262f4741f9d0d314dff0a41a,4,4,0
ee6f7abb8cf6ea119dbd09f8cf6acbfe,5,1,4
37fab49f8fded21bb3c6acf1e09253a8,5,5,0
4b90aa110f5e0cb3e51453e858d17d03,5,3,2
0854ba21ce30d4c823d2822a698f5bf9,5,2,3
214cc0f5b3a0461874dbbc915258bb54,5,5,0
8526a9a3883c882acce72e212f5b2d17,5,5,0
0c2be278c997477b9910904d12e520a2,5,4,1
f2817b9b62f285df8c6fc08f6ee87077,5,3,2
152f562c8516765cdd5f868c22f3c96a,5,5,0
ba58944fed9eea8a43f9fc3b2cdca75f,5,4,1
be6415dd0ae6bbbbd1a4186e22ead10c,4,4,0
5a644293b3539f7e7876ab0b4536b320,3,3,0
0b5de0076d26726a10d457e57b93ff25,1,5,4
cff26b49480fa8c4917fed0c71a61e21,4,1,3
3972121d5ef0dc2053909764a4829594,5,5,0
6acc8cbf2b089aea1e6f6e7d512e1da9,5,5,0
3d7bbb0855485cbe41eca68eb774caeb,5,3,2
35e6328c980b8ff743074072b2aa195e,5,5,0
e8bffd810656b2ec376f2e724ed5d0d7,3,4,1
5c83723b6467f6729e47c640005cd148,5,3,2
86f408a9212aebbcddb41c1e8c65ebe0,4,5,1
4209568bdd63e8210d5697d19daa273a,5,5,0
9b21d7e7e61740911f0008fc81681e63,5,4,1
8b68aaf14ef89066544494482aa5569c,5,3,2
0a01aa0d779fc923be4cc5505b0c6dd4,5,5,0
73ba8619ddfc6efed5a3e4331c791f0d,5,4,1
4f62f7be75d84075c16a2a5f65938a72,3,4,1
6dc5cd36ae0ca772e70e387e25f032e9,5,5,0
98532042bd5c904d95cb1ae5acb4e908,5,4,1
42edfcdf41308ef5e7528789f082b336,5,5,0
3ef7c7b43ae449415675a6c34720b78e,4,5,1
23fe7e1e5139248d8e9e379e1a910860,5,1,4
0a191803956e2748ef8dc1ed7ed5e991,4,5,1
4ecddf4ce273e32faaf71a4a8ed4676e,3,4,1
40a53ec6d0f15a6e4366a5e07c5f6ce2,4,5,1
c05e92bb9bfed43c6e5b6d3723fbcc2f,2,3,1
b33710c706a29d2ee76bc234d77edd84,5,4,1
eeabc78605ac96ecbf5faa71117f660f,5,3,2
d80faf302bbccea1f0b613d440de4d33,4,5,1
6abaa1126b7b6ae01eb168ec3da96dac,5,4,1
da7025e8d32030ef1d9e4a200eb7dcec,5,1,4
965c963c874eedc47cd261cbe057121b,5,3,2
1acb85231edcc2f8c1904837bb11a3be,5,4,1
2e923e20cebdf4b6180a30475a3eed12,5,3,2
643254f7c3b88cd268ca4524452c265c,5,2,3
abb281f6fc9e025d48c27cbe5ae13c24,5,4,1
1c946a77dee2c18c44a0a63296f128a5,1,5,4
190a104710f7a653bd65f673e8f5ba11,1,1,0
31663706a4dce48b09b134795a339baf,5,4,1
95c6db0572aa00cdfc22e3419805ffc0,5,1,4
451a322d957b2d9d6d0b763bcd03d0b4,5,4,1
34cafed7dd8f5b67bf8411c7fda78f49,5,4,1
77304ef3716289811c5b5c9c3fe0e4e8,5,5,0
973bd34d8572bd529ef5b959c1429973,5,1,4
fc0b3be9d66d6db8d306c15407ece0d7,5,5,0
bc03012724b4db8837684e376b6eeacd,2,1,1
0c162a9eb881c1a8a2e5bcec41cd2cfd,3,1,2
d12d1afbf3c1f3356e80a5186ccfca67,2,5,3
ba32ca81e6f254f77b25b2959a1bb776,5,5,0
a5bf217065b7f8265a6cf83b22709c79,5,3,2
cb5e3bc1eaa293a7b2f0d73d90eda3cc,5,5,0
501b6d9a20b143063d1711970953fcb0,5,5,0
67b50899f52995848c427e361e10dde3,1,4,3
4356e7c55bfb4c23c67ebbd0b1365bf0,5,5,0
df71a04c6a6a25fb6a6a94f30fa7354d,1,1,0
71b9f09ef6a6f0957d9a0bceeaf7d97d,5,5,0
2e94b3f76e8e8c9aaca60e91b303c5f8,4,5,1
9d37855b28af22217050bb2877da8d3e,1,1,0
517ec0477360f210f8d3cfbfd5644a22,5,4,1
d74cdf7dea16668a34d57964004f0e94,5,5,0
ec0a8fddc4bad60fdede680f197bfc8a,5,4,1
7427527f5f871c1681b4729ca7f38b59,5,4,1
cab69d0a36811c4945aec2d4f744c8b5,5,5,0
3e40fd20e1f24da8d88521364c41136d,5,5,0
148315308166c0a08ca10ecf9d8420af,5,4,1
61b1a17bdd024a92f00d79097599f221,1,4,3
aa5472de2f22cca7b5a661f6fbc94389,4,5,1
7193174cc8337ec716bf7bef671ff759,5,4,1
40c5777021bd392cddf6bf40a341651b,3,4,1
81edaf58687cb71cecc077db78dd57ec,5,3,2
99dc6d9fbacb076c3843ffdc647b3c11,5,3,2
9b226b2f43bb3e7863264a6cd3836ab8,1,3,2
073632ef894dcb45601e326b8d97cd11,5,1,4
3794637715d8b081505b74d3274f9c4c,2,4,2
17bb28a9cd402cfee5ff64208ba89ade,5,5,0
a15d904c9e9cfb9f11a9752fbf1b6a7d,1,3,2
3c01ff78a2f337f911274be0d0338656,4,4,0
476e559ce686af69d6051a5d973c3971,5,3,2
9d465e0a985e7dbc3c4b76c71a479a1f,5,4,1
a8eec6cf00da15ed85f99bad34c2a019,4,5,1
a5a6776969179ec8c6942c432d35bf3a,5,5,0
042f96d01e1471ebf86650ae185a0746,5,5,0
0550f231a3ccfd0e87217ef2e816c7dc,3,1,2
c1f93f3729018caa75319804a59481db,5,5,0
81aaca55da8047141cf58b07e5f2e26a,5,3,2
3d124284515fa7130862f5500fd95c2a,5,5,0
61fa6d238ae5d2e7063f2df458609c91,5,3,2
a467400c8e1765c5245eb8c9839a27f8,5,5,0
777d025bd646af7e0278d6fb3c51a0f3,5,1,4
32906a7376b5ff689e78c67f25059b4f,3,5,2
1ab4ba2aaa118a756ac6f15764adb2ec,3,4,1
e77f560df130ed0c0170ca3c556ea1d5,5,4,1
ade2fdd8487010e45346bf5d70743ada,5,4,1
b55f0a21f464a77eddb6a1b485795406,5,5,0
869801fc99307b961a244f5828e568bc,5,4,1
908c02868bb2a9b847e64b23139137e5,5,5,0
7704b08260c0c712a094d67e7320688c,5,1,4
22d6af278bac655b75f102132b019564,4,3,1
b3111cd50c7a34635433d6a557a6bf64,4,1,3
fd846a883eef31061d47f7d1da654880,5,1,4
0865bf48f1aecd458a5a2ff3211dee8c,4,5,1
9f0c13b24f453a9e258b56bd898c90ed,3,3,0
6f6471df0c58534cf3912656d77d46dd,4,1,3
5545b19e008b4a2989c495761e53456a,3,4,1
0c077fbe69b84abe12774536d0904060,5,4,1
186bf8bd19e28345e618ad39706928bd,5,1,4
ff92b9f4c3333e0e977c4530a2e8d9cb,5,1,4
72d8c714f05cb94e5a15bab516100104,5,3,2
1356d83749ce580e0dcd124b1b024a0d,5,5,0
03f51c9adce893f63936c5146701aa2f,4,1,3
888145bee8f63a354c8b421852577b73,3,1,2
f0c266a6e7730621db921798f5bb9447,1,4,3
a9aef39ca580c8bf9b2bc2e2927ee47f,1,5,4
8b2eaf2b5f115edbb32a2578b1dcb70f,5,5,0
110bb98db579131adc6f4d8bbd97c673,5,5,0
259755d38865ba5eb5781ad6e24e0be9,4,4,0
d231fd01d6c8e36e503f1a7f8a9734ea,4,5,1
91744dee3192bc28caf20eaa3c2251ef,5,4,1
23304de05928dfbc015af4c7327fe0ad,1,5,4
3b070195d0d1272935abef5e1dcf0c9e,5,5,0
1f1eea532cdd1978a4a9438a5373ebca,1,5,4
22753d9142475a7d6c0ff3bb991f906f,5,4,1
686c221e73131e19a93a0acaa858b3be,4,5,1
13bd28c9fb3f72368af23530f1231cb2,5,1,4
fd489d6ff419b1fa8e4912b67adcf438,4,5,1
8104cba0cfe32e03aa870b61f6cdbf24,2,5,3
aa62e67d7dbefd7e1331d5975f61a404,1,4,3
cf35fcb04fe3dd43197e2c26498a983f,5,5,0
ee590d1b6e4571a2c03e30571fef072f,5,3,2
6e3224c4911f8c73424e7c2c7678c01e,5,3,2
c82b915d2c31dd0a246d87f85e8de5c3,5,5,0
c33d4d6f164d581e80ca8b8b11bf45ae,5,5,0
d4169a5053bce24dd44902b9f07eed51,5,5,0
08b7dbdd744f8be921b6e7f7fac199b7,4,5,1
3f2b4c236891942b9cb9f73c490a47b8,5,5,0
e272bce1552fb7974a974716274cac12,5,5,0
f6faf0f56f068cbbc7f0837bf82ced2b,5,3,2
a3fab749aa2a4eb81b72627bc894c184,5,1,4
f49f2ab05c53d4b13cafacf2cef7c266,5,1,4
def59cab0d40fb6e73cf4a05911344df,5,3,2
01a15ee6a1b9050e7678b72cb4c3b486,3,1,2
e8e3e98f7dda7c869998846e5cbb9da9,5,5,0
fdaa819b4c4dba8f7ed72e2d1102971c,3,5,2
6a35a6760900965a91b5dfb7460ea132,4,4,0
e3a71253e252d061bdc5e538fa1879e8,5,5,0
c239d27bdaa2e41d739d0497a59900a9,5,5,0
b677863ada4ac26c87c61f4e1ee78b85,4,3,1
dcad23c1f8ff76266e355d173380b1eb,5,4,1
69a67f0ee0c09223e7bbd96233f1d322,5,5,0
17186e8730668b50ac4582f8b54c815c,5,5,0
1a5bab5fc9814b7cc524a323bd4e80b4,3,1,2
613b35c2a3e40e64392c5d7e80123988,5,1,4
dad4408fb39e21cd4dd146ccf6c9d621,5,1,4
aa1bc9f5fb6999f433bcbf6990661542,5,5,0
63125d8bfcdf8566e5599d120f71eb09,4,5,1
ee2f0d39fe889731ccbb005ff2404e34,5,5,0
056a21113c096b87e87743862452a7d3,5,4,1
12ab522eccaca7c7be0e20ef475ea423,5,5,0
422582e02b67ce7dc6b05417796ee525,5,1,4
b879d0ee2d4d508e13888fbc78ef8694,5,5,0
1600bd49133bb733879bc4e6457945e4,5,5,0
5e305bce2589552e505f2db43aaef669,1,1,0
9139babf733ce09659b1ed642a48d227,5,5,0
1cc72bc4fd5f884840d38a69a4c857c6,4,1,3
5dbd736e8af7fa0c1c7528c53b2d2f5c,5,5,0
1621d8e6b777a7b525ed73c73ee564b9,5,5,0
e497f72041dc38eaa6794c1c143e8005,5,5,0
d7f5321a3029c895a6b79c1ebdd8a222,5,5,0
89c1a3d3179ce60a4f6debd3c0986711,5,5,0
8fbf517bc59cdd9b55f8237c4ee16cd5,5,5,0
36aa4db4428eadc81e109f8ffbc0b5d4,5,5,0
0e993f47872848e8a028a49f48de0242,5,1,4
5355341d3b3fe35edbd80e7c7898551f,5,1,4
2474e13d0d388a471b50fd455057300c,5,1,4
8bdbc426f547861538f7d59ac2c21c9f,5,5,0
5572d7f32284f0040862f8948d5a20f8,5,5,0
871bb7860901ad46c75b6082df7b2915,5,5,0
015a7c64361928a0782ec0e705174b6d,5,4,1
e471d6505cc20e9f3dbb8a6645eb57be,5,5,0
5c5a9b69f5432af8c3c978fef0d6b96a,5,5,0
3b5b8c9ad729a2b4109ed18e043e21d0,5,4,1
e992307f910844d84f796767fa1c557c,5,5,0
79ef4ff8ef06547d209ceae576bf9f52,5,5,0
707e74158c5b971316d037bf93366df5,4,4,0
4f248cce45f86c074a86cbf117d2b1b5,5,5,0
4cb0286c9f5805ddd172e00cef67ecc3,5,5,0
afff419a18c7e010d1e4fd0df0c45940,4,5,1
ea110ced6459b4dc6c73e0b2367077e9,5,5,0
5d1466f38183f13f22491a21c09982a1,5,4,1
b22b324b1e1fbc78c0f7006c3eacc3a4,5,3,2
7d5ba597429574dce3200b4b20686641,5,4,1
b72a28958acaa4abcff7b24c1b517c42,5,1,4
029c366599ce117100419a093b7f6132,5,5,0
25c570731859e7969527877f7d9375ae,5,4,1
07f83d154c11676890dc6275328ba6c1,5,5,0
4d8011977de9e1331ef6353d1ef622ef,2,4,2
cd1cc0b0cb5310080ed8f448be24d90d,5,1,4
bc54f31e7b469e9a92a649df95f54067,5,4,1
0479573b338446f5fedbcf76cea3bc20,5,4,1
2adb88df15a33d97f2990e59b1745820,5,3,2
f27ea04b349ddb1a82dbc871adcefe37,4,3,1
7659849a6efa9d49c5ac7bf7fdbddb2c,5,5,0
96ad1339a836acd49229ab6564bfba8f,5,4,1
d806cef0dbcf2273fe3d4a339e0c74f5,2,5,3
752fa58357e17806a310c0739bf909fb,5,3,2
d4cb1c0045dd65ebfe15e14c4d083281,3,3,0
74c13e4838eb5d8953b62b5f5feaf826,4,3,1
b97ba3fb5b212d01ef75f4f4131c1207,5,5,0
5491ab8eec3a104e7f0a3a4895c1621e,5,1,4
61db74d30d7bc786bf4d981764f3e4eb,4,4,0
3dc05c1c3ad454112c2ba597457029ed,4,1,3
72ff1979d455cff2167fc2b48410118b,5,4,1
6e1fdac1871d58f1e81976be36a2634a,5,3,2
f2d1a5c559c8046860d9dd51077d1980,1,4,3
c69e7e591d11462c6a11215e52c4329b,5,5,0
ab21d46cb0d123ea937d107425f82829,5,5,0
194f1c2a129a89001a71ac255d239fff,4,5,1
790a65965d2b4ee225f616bd1b7dcd64,5,5,0
f7e9a79b157a77f2b176767e16124553,3,1,2
4dca9eeee0f0444664e0bb2522fea8c9,5,5,0
022ba76c6e0c4336514521a8cd4b8fbb,5,1,4
4921567919029aa0950f3ebec0f91169,5,1,4
2ff5e4926327864448d6e63f2a7fea15,4,1,3
4d3889f52fc68c6517bc1c164c35ae49,5,5,0
c5c8bc5afd5caf252e62d89148e0d342,5,5,0
b777b4bfa1fd6d0c466cf8fd0fe7f541,5,5,0
d6ffe2b49a34a724f0b9bd6bb80529d2,2,3,1
ba70bbb6a514786b8ad805f1c2fb1f34,4,4,0
0ef549b2d7f694d7da546831e4003906,5,5,0
68ebdf4ab83f4db8218e13350dca6bcd,5,4,1
6d01825b57b343ee894db28383c782e9,5,1,4
3d965a3a3a9aae822a8f40ddf0184df1,1,5,4
703862e7dc38ba4cff60785988822c00,5,5,0
0abd009f16e89981bdb8ef51c8df289e,5,5,0
d4665434b01caa9dc3e3e78b3eb3593e,5,1,4
1c8e780f8b1bf3054b7f2be02ea4bce4,4,5,1
25e8002575a945e8d4ae84ca208daa50,4,4,0
dc2baa3641cdc63b2e1dece21f66c8b5,4,5,1
a7b8a73bcc7bf3850dc9f4907c5ee6f2,5,1,4
ac49c1eb805c27f524f4798a3142d439,4,5,1
62b2d948f0d2de4fe48b034bbdedf94c,5,5,0
812f5bd0b8bf2c0b7a1ca7589cefac73,5,3,2
87498922d23ddd027a9015ab6fafa886,5,5,0
774c28738e389bcd9622059c5a6b173d,5,5,0
aa797bbf394057d8028348d4197a4005,5,5,0
dd29c320fd584533a33b3e7dd1258611,5,5,0
3311bcf8b85d70179b7a3addec72e5cb,1,1,0
07f970754e737efe221e6349eeb5a8e7,5,1,4
840d56f863cce183ed7b2340fe33a3b6,5,5,0
56bafc014f8ed2f34cfe598592c65fd8,5,5,0
298b1dfbb58e9e8e2a9413528c1da46f,5,5,0
6ed1103fd0fa6171c6ecfb3622fef9d2,5,5,0
95ec9fe2e9c23dd55749ce07315b818e,5,5,0
358062b4847c9e2ce76ba4895d0f6625,5,4,1
fb987fd6c147ac8fa97e907cd973cc37,5,5,0
21717aa89515f9499d2c94578f7848f8,5,5,0
b22aa0e891fc84287cb67d41744f0600,4,4,0
3dfe0eb577ab516162663692576b50f7,5,3,2
2860a8f93184d56f89d3b2aebb912a83,5,5,0
0e5f408dbf29e3e4a1cbbf07e6dc04f9,3,3,0
f965447beec09309bb42c89aec32404d,5,5,0
ee04737d79939a0ff52a84c34c430093,5,3,2
3c528555482dd82c04d09832f338e139,5,1,4
652d3644d41874aa7f004a82c5b003c8,5,5,0
e8ac6018ea6a72532812adc8ec5fd61b,5,1,4
ab0e35dd7151f7e3d72931b940b6a335,5,5,0
0f62234641212cb7b178923f7820d1e1,5,5,0
48152543286e71de6452df5ae4bd069c,3,5,2
917c51358bf547a3796e4891113062cb,5,4,1
c06fb7e4960fb159000d2650602933af,5,3,2
9ac9a171c52c75836da9ff89487fc78e,5,5,0
261033841f1c6e15f180ad43e885d845,5,3,2
b46eafc0b21e1cddcd5f94167c67c729,5,5,0
00d0ff2017f9ea13dd7eec7470ca473a,5,4,1
786e317a02958a4345b7df21d49c9b3a,5,1,4
f3dfda8fe064d227cee42eb21b73cc69,5,5,0
64b1b04fd2e730b9a1343c10ec097c05,5,5,0
b871405a198da4b2817206ce2a13de0b,3,4,1
e0324d1696ac7872c9dcc6ea30afad20,3,5,2
ce8a175fec5e5e484e84b2c15cc91787,5,5,0
bb8f873e2d4e898546ba92f7febc7b34,5,5,0
2b10f34d131e31564821104736086e82,5,5,0
f9af40e68463ab36441bae99e215e3e0,5,1,4
16f0fa8aecf907e4fe3768af883f0def,5,4,1
73521498e1cc9800557256e1c744786f,5,4,1
603691890e2bc99b1ae66b9e7ecbe3d4,5,4,1
2462994fc67121ce4376d1c6baf63388,5,5,0
2fac55edfd9754d1a0e7ecc67d48d08d,5,1,4
0a2de338241b69893fc167f8d0970349,5,5,0
912ee91a09a8aa31ebaea1dd72a03338,3,5,2
1fc147ecded099d8acf876cfaf66f731,3,1,2
6c7ddb7af21aaa2a8ff9601aad32c94b,5,4,1
c16ec8e984cff6fc7c08ca725f3ea5d9,4,5,1
4b707ea4e7c08fa1180bf92bede67da0,5,5,0
434e8530a696521ae619af1a0072bf40,5,2,3
ef2570b7f7f75c08b117f1d8db2a030e,5,1,4
3713fe13d5a4c736c62e235af932a494,4,5,1
4ee6ddd150b08bee8f6cc827e8f211de,1,4,3
479374e6d18c89bd20eb4c80cc291fc6,5,5,0
897846300466b8aa40902abef9250b14,5,5,0
1babfee437780308ec561f18fe055a6f,5,5,0
79e324907160caea526fd8b94389dbbc,5,5,0
28f079a1f1568fda3a17841d6fe48390,4,5,1
60aed0a4eba0e424eb3cac85017fd752,5,5,0
1f27e2d6350fa9e6b5c41407098c025e,5,5,0
207258d556f9b9784b54de837ae49286,3,1,2
10fd0add9c8dd2fc964bbd79ce10343b,5,2,3
bf5fcdf1603bb35d981edec95d3ac6c8,5,3,2
3dc5765d7bb7f88008de8abf29320e5a,4,5,1
61b1a739fc2fb8f8efc10539082c16a1,5,1,4
ca2bfe1c1e0ec49a98d9e9f94a39c06d,1,4,3
ec28553b12bef4b538e5d7454464a1c6,5,5,0
c260d944a07210c4fabf8b7d67ac8d6f,5,5,0
f1557b51d80a217105b6edae448b5548,5,5,0
4aa3affa1cabce4defa1f592b369baba,5,4,1
b39c24b97fedca1cb67932d9864957c6,5,4,1
39d6c184d14f581569167a7e10e7c4e6,4,5,1
0d556f5bfd6f6a807960f7e971e8dfd9,5,5,0
21fee944dcb6831cf34d4e387e32f3a0,5,5,0
1388e91d7d43769d6bd71f89a48a2929,4,1,3
3f9cb2aa22528f88dafc9323f6925f09,4,4,0
a5bc722e653d42e3c7e1404d4779f19d,5,1,4
431478a35228bb7816df8336af000672,5,5,0
71284044cb3bff0706dff7234e8c4e89,4,1,3
1569f45f1967955e8e1a6bfd41e6f47e,4,4,0
1dbda1500ea9a7d9fcb18e54bfc725e2,4,1,3
67295f84fa8af9e57a89d851ccd9cec9,5,3,2
7665a43dfebf16e330953e78ebc5a259,5,3,2
a4244008bc97ae9cdc3807237fa83229,5,1,4
8e3da817420d855917c40e1b7e2cd84e,5,1,4
542e3cb5f8f6657a8822ad52a57552ed,5,4,1
fb025feb5409d5d084e05d995c0e0e7c,5,5,0
825318ce17c91088b4b6a3ece5aa5222,1,1,0
777f0ad29bd0edbbc5d6310b898685d7,5,5,0
ab668aaea7f0e48e485474b11f44c582,5,5,0
0fa2c93bbfbce2c287bb56660c3998e3,3,4,1
375d01d18f644eb19328130122fcc9ef,5,5,0
ee817f9b5a460a02a218d34e1b6ac26d,5,5,0
ab386ef8f4f634743e03a8763d3c6510,5,5,0
c83d068543c1af3416cfb5d519376c6a,5,5,0
b56b0dbbd08c4f1536eb93cf4814dcae,5,5,0
0dd85c67684153e61d0c14bf865103da,5,4,1
cf37a6688914645a71144b349992b4d9,5,5,0
3571574976e22e1323a30f5c04c13f33,5,5,0
c7474786cc1c0759264e3e6c464d21c6,5,4,1
e7a5b08343ce36f0ad6d18c46a7df5f8,5,4,1
79e843f791612177a6bb9f948f96f904,5,5,0
e746b487d30866b2cbd774406f2e7d69,5,4,1
4e000d94b48474ed259893d52b57d357,5,3,2
fdf60756868209e239918ee0264ef6d6,5,5,0
e9240e3e8bd5fbca3e55e993b597b512,5,1,4
296354937d156bb322d68e56f8e2729d,1,1,0
73f70b1295693613357885d3d46692b9,5,5,0
b72ec6f8875de6599a06f6bc2ca456f7,4,5,1
08d4e83325f02f000d2ba37961c0b8b3,5,5,0
68e48e68da1f50f7c5838ea75e3a20dd,5,1,4
f19c25c87bfad3bc229897611b142a7f,5,5,0
6cdc6614473c4e81f86feff55e54d964,5,2,3
9a1868b5b95ed88747fa160701bf6d8f,5,5,0
3dc2e037b872ca03f5b91028710abae5,4,5,1
b8d1bd1e3948db524e062b07ae141cc2,5,5,0
ea974c4643d1f84570ee374ac0b44475,5,1,4
635f576ffd2031b8aba271d85a739949,5,4,1
c9ad6eb320a7ed6a0a66b48ed02429b3,5,5,0
f3c9119e4b962a560061917775f912af,3,4,1
b2a33016c177ab9b6f09ca324bb26ec6,2,1,1
3204d768f424c527945af498dfdc005f,4,5,1
5f6499a6a16dcde4cd6fc183a2b26046,5,5,0
3c05198859f49e5cd7177ae4567aecd4,5,4,1
6d47bd16bfe3f754b853be0ba635ed7d,5,5,0
9ce8edfd64ca03e850463ed0b3d73de0,5,1,4
c926bd8d23b10840238793adf349b2e5,5,4,1
94d343eb93a8da737ff05484f33ea4b9,3,4,1
3f003568147c785083d014edfba38c48,1,5,4
2f128eca153029f4e0e1790642de2480,5,1,4
44b20f5d6219004069d1abcb71428560,4,5,1
30a2a8e6ef2552f025074bb8b55dbd88,5,4,1
cfac974a41d4273d522456d2840dc2a6,4,1,3
714d72a98db4e167095c024702d7422a,5,1,4
ff54387ebb9660cb3ffc874139e4bd56,4,1,3
323b3a9ecc47294402658286cce4f37f,5,3,2
41b0e2a8a395c2cce94ad53fca46cf23,5,3,2
87ca9106c9cd25cfd5d85ee98d29d0fc,5,5,0
dd31111df3c5c93d9be367bb8de6d3ed,4,4,0
d5a9bcd8e843bed6dc81287ccf656d3f,4,4,0
4b75f705b345b06e009842c77701f7cd,5,5,0
abfd18f163fb20366cc66f777f24d2d7,5,4,1
dc176963313df28e26c74cddb9ed665d,5,5,0
0aeae688def7b96d0f56187115a7a8cf,5,5,0
9b8ad49cf4b6a81aa48baddcc0d7cc1a,5,5,0
242858ac7189702187e2f99aed4e2695,1,5,4
a9342834aa696e06f0b243493288351a,5,3,2
6031ab00318c3f43e623b567c6073e32,5,4,1
d34d57040fbd8cc561fddf442352f8eb,2,4,2
98a09776f1286cbe1bfaa2379e33ba8d,5,5,0
f7467c036faba658648aa0f437a1bc62,5,1,4
9ecc5c5e57de488331667fb8c3d5f689,5,5,0
4df2b9c2c7b6eedea39ceb96eb54ad34,4,1,3
f810d2ff6e68d3a6f99b7f6da33053d3,5,5,0
12abcbedee4975eb8cb4b9c4a16a6945,5,5,0
a29bcf8d70584aadea21cb6b6f80ea56,4,5,1
49f0ab1be4dd7914c9fd7f8b0e7bab69,3,5,2
adc0c438fc69e3d7797ed563551573c3,5,5,0
e8b6cca7cbf957842422d0dca2d1e577,5,2,3
ceefe38963a74828ec008a3985a2c517,5,5,0
d9ab691cb8d49410e7ae590b588499d4,5,5,0
f6efef5d403a2c70636e3903f1ebd151,5,2,3
4c4f39265955100d527fe377ac3c0f55,5,5,0
64eb693e04aa8e46522872834d4dbe03,4,4,0
2806d068f5d3e46b89e663cb5e53236d,5,4,1
8b97c0c23ba312bae65d2f014d6700d7,5,1,4
493df4388d821e8fe154543cceafa20d,3,5,2
dd3d7dfdc81448f6cc4d3e8eb60cfb75,5,5,0
5a6688af028a842e8a5eefbf4d752334,5,4,1
77411858d5ea9f0dec6b071cec64349f,5,3,2
1dc7e32417078aefd90f48772816008a,5,5,0
df13face66b9408cd07ec0e5d9400668,4,4,0
b11b5fa23629054214fa15a68c0cfe73,3,5,2
eb4067cedddfc4c3f7e9616456fc70af,3,1,2
3ae6f437745a33a4fe67a0e350dadf7b,5,5,0
743d702ad0112c210a46dd80145e0102,5,2,3
84b33f3ecdf8f82df2db1517f0f44396,5,5,0
44ca3a6e88412fa58bacabe95656aa63,5,1,4
255384e909a649f030d466c74684ed80,5,5,0
90fec0e548f05b95e471fde56c7e98c4,5,1,4
2cedb157302d27f18d5648e77f92d56d,5,4,1
0988e6e21a5bd6dee0c95d3a85970d98,5,5,0
863a4a0cdd7648886a2e6a5c69df2c64,5,5,0
b1e602c4c179bc28b8b7acda8ea946d1,4,3,1
2e24aeccba21e9699a167d51dbc35fc9,4,5,1
5bd293c86326611e6604399e535f1b2b,1,1,0
b948b354fbf88e12e43fc0877623eef9,5,4,1
e5100188966a71404b1ac65f51487cb4,5,5,0
36581e1238aa28c3d912c1574ba976fd,5,5,0
d7d77e6d58cb59dcc4660ab21874aa3a,5,4,1
2045198a6e7202ea847fd4816f7dde74,3,4,1
81254dd1f66cb71378737f0036be0bc2,5,5,0
fbee7d34e8344a4c1775259e98e9a2a3,5,5,0
c11e1e377e956e9d5bec2b0fa2ddc067,5,4,1
7d3c4b4fac234f9e6d4f11b87cbbfeaf,4,4,0
f8bb4d404d187c79b86ccf852dfa345e,4,5,1
869a11332dfbdd33131c16f1ef2d75bf,5,5,0
2a717d97f9d41948b82901d96fb388ff,5,5,0
b9385ac2c4b80d5339b96a2593dd84cb,5,5,0
da7c8d10be75239ed8393bba1dcc4ca0,4,4,0
bf0dde6fa777fd2de6aad874b828a9a9,5,5,0
2c42da58ddeeeffa46d6ddc5e6725e31,4,3,1
ec6285d8109f6fc29c8238ce52f20b47,3,2,1
1c009b90a698d21d53fcda6aee401ad4,5,5,0
559d0bdf2fe83764fb89edea1516599a,5,5,0
092a7de4b983f4ee3e77af64e2f8c9e8,4,5,1
6ad7862e05692cc6d511bc83ee4669d9,5,3,2
a24de6b0871517bd5771e0b4781ad5f9,5,5,0
d83c6337cdf106c0818f7cd984240f59,4,5,1
e36614a2f40167f0c427f794f873f4a7,1,4,3
3cd0599300d9ec0cf571c875db7392b4,5,4,1
8e75defef52610477f8662c16b16498a,5,3,2
74e801561512a92bdc060773683b7a54,4,5,1
db4e3bec0b52410d044c3f9d6bd6f804,5,1,4
30727429f8337a76c80a10e0540ce073,5,5,0
ad832112a0196e5b8a13913809ce4bb3,5,1,4
5ba8500dac4dd5b631b8a82bce2400c4,5,5,0
4194efa7ec651ea7442c7f01988877bd,5,1,4
9a3581c4e55c2447416ca021ccfd98e1,5,4,1
96e080e0b5e48d6beb4a7faeb056f5ac,5,5,0
32638cca2927b1658ac8e3e154ed4a66,5,5,0
d7263798d682bd681fe67074ff6062df,5,5,0
6ede6615bc35ab422df675c8a25de420,1,5,4
60b95ae48ea59d34eeb4b8c8c6c3bb71,4,5,1
b701d65353872620da82e696574a589a,5,4,1
aa0950e3a8e609915c52b40444bf863e,4,5,1
ecc8938463a0c1e33dc2b5d4e1139146,5,5,0
7ef8671acf9060d60ac3eb8616a99627,1,1,0
6ff68e4d7ba469f258223a389f864f25,5,5,0
2db89d0e7f0dc38ccf1374a6c51b5b7d,5,5,0
cbb54b440099b6c4994d1109f3968b97,5,5,0
6d593e5622aab63ba5830ea1dbfaecf9,5,5,0
b3fb87dd5ffb58351fd40c4f9fe03cdf,5,5,0
64ba7f5f2b493323d5dae1634f812cb5,5,3,2
f247c7a7f6677c91066b72c033b635f3,4,5,1
acf165225c8558f60e21f75d7e1a3c30,1,5,4
2ed33375a2cee6fc56528d1753af71de,5,1,4
4a361afb3224a82115cdd08fb60b0528,2,5,3
5e38951c465ac4f3d14da15694710a74,5,1,4
71c89401f412b28f60a52e30f1691509,4,4,0
5761ffe3eb3586d8bce6917e443b3d08,5,1,4
79363f9fc08a1bbeaf0964557a3f2db7,5,5,0
c25e56c3d703fbb581c19346a9e58773,5,5,0
18898a06fcd1e440c28bd18943ea0e92,4,4,0
4b0c92c783fce531bb5b76d0bb2636ac,5,4,1
0412356b9ae3ad8db617e892afb02204,5,1,4
160420ae694e387c891a4443edb1466d,5,5,0
58d6b7ad12ad08c7c8031d623ea2219d,5,1,4
46484009102069e531f34a424a500982,1,5,4
e128a277a345197ba9155d63c2666f99,5,3,2
f791b3e41bbd74269effdae85dd311ef,4,4,0
4686a4da19a101001bd53960ae99feae,5,5,0
c36e554ee01d62169dcff7d661d80922,4,5,1
945552359381c20f8e692b034ba74c44,1,1,0
111dc64700f0263f8001c38215036c92,4,4,0
948b0fc24560214f3ef7ed2830a5ff54,5,1,4
fffbee3b5462987e66fb49b1c5411df2,5,4,1
ead893b6feb078f2a8f88787db56dcc7,5,5,0
633a7a968ccf6b62a1ee53461794613a,5,5,0
3a1f0844864136aa18f6710238f40e6e,5,5,0
ead4a4f0272fc900657829676e8d963d,5,5,0
e34701c5837aa96777ab266393a51537,5,1,4
8371302dbc6d728923e1cb35d318565f,4,1,3
22bd0b5dc9f8dbddd22aeab8ef27fd85,4,5,1
d7883101fd4d6a5b0dd411c2ec79d5ed,1,1,0
5770aa15c9085d967ec2a3ffe34b64f9,3,1,2
f2a150c813c1eb96fd1883c1ed8fd9e5,5,1,4
6574317cd3327f737e39fd9a77969ef2,5,5,0
49e16a61a02330e3982bcb6c57f39377,5,4,1
e6fbfeadc1ab2b90921179e56bbc6e3d,5,5,0
9c5921e983142d2f7a3416864c6e64bf,4,5,1
9484a3055b7d1217496689d361a9edbb,5,5,0
cc2ffb3f5021c120c807461757f214fd,5,1,4
44da5f6639e6db4190b643017e264022,5,4,1
99e2c8721dc8a9be03fc0c395a7ccbf3,5,4,1
c9af854c75c421e3b6f3de0336c7fe65,5,5,0
c6f49d29ad6cd1c719dc77e8a432154c,5,5,0
0c2ffdbbbd418a6e9f2bb7fa8ebd9b35,5,5,0
f930f5aa8c609a7550c8f7bf84548dad,5,5,0
87da08d67c30edebd4f29e0944e0808c,2,5,3
1d45f1b6e12afefd21dbbe53c2b858e4,5,5,0
7ada2c142f3ce316bba23245026e5807,5,5,0
5d93a32a25ed8f8e884e5a1d283c43dd,1,4,3
b4fc7a3f3bf7a4c6b5b46291dd4be977,5,1,4
05fad97db96406de1787c7a532c46a2b,5,4,1
1ed7a9f105bb93051eb43d410118a2f1,5,4,1
16dfbe3cde151f6953d7fe801622598b,4,1,3
c8375e79155a5bfc564dd3da053bdd15,5,1,4
b7dd6e83a855d2ed0804d8ff84535092,5,4,1
76d5f81776bd863daf8fa0a5a59b7f9b,3,1,2
72fd9a44c510d4f0d8049e791ad3a073,3,3,0
79f5e74dabe875d72cac7b0e80b66cd9,5,5,0
e595c2cc81bdf6d7ce5ed8da16846f3d,5,1,4
4db8f00462910a1daf07bd78e151c075,1,3,2
8651a94589a7baddf5213b1703c98ad6,1,4,3
fe49c4a1416840f8ed6bd36daac85aae,5,4,1
dbd7699191343e1c3f7a879f92dda7a7,5,5,0
69499ad287db14f2ca4ccf16a67536b0,5,5,0
c02aa26d0308ee2afae3da6c46e16b55,4,5,1
6d9ce5b5461904a50d649dd753f6b5a1,3,5,2
f4b9868b45403be3ef96c4f41744570a,5,4,1
c48353f98f3f116ad6700f2b9539d685,2,4,2
d1e6101240177b6312dd56545b949286,4,5,1
defeecb4d53ab675f8e434c92d4b7900,4,4,0
f1a616a394737d1454797dc162758454,5,5,0
9c0cd6efd7dbee62cebd70b38bf5d5fd,5,3,2
fe4a38f31cc342320f3aff62e8219a62,3,4,1
081aa4722ec9005a164bb9e2c2090911,5,5,0
a4431cbd79dbddaae7988ce6091cbc3c,4,4,0
70ecbe22c2346dd38085cba820c9c462,5,5,0
c9802358e22624de37bfa2d8cee30297,4,1,3
8f1a2266f747c7d0e62d992a6b411c60,5,5,0
fd28a6dfe413804d0b89b7c9abf5b1f3,5,4,1
64cfb816b4ac2467e485b923dc083ada,5,5,0
618f88b3d95d4901c458b985187be809,5,4,1
d5b01c154bfa35f8f18cf115336714f4,5,5,0
a7ef78c3a5df5c8ec972fec1bda6c55c,2,5,3
dcb4a1d21593a108db61f12a4b3d61db,2,1,1
afd45bab98f18c383881df9850a519fc,5,4,1
c27e67d45b0f2e372f04e62920642f26,4,4,0
d02d64a92b368e50d9d1dd6093514a5d,5,1,4
bf7633822714776cc60f51470f805b92,5,4,1
19174c55645d3a9ae7167a4446606b5b,5,5,0
9ed3a86e08c45494a997dbf45beba170,5,5,0
4b4badb2df31e851262e8278b3a02871,5,1,4
f804f51ce462b9e8544ac8db4b43362c,5,3,2
09e0e42eda6d72e0bd2a2e232d1c78b2,5,4,1
8d7e588f9edf5e801cf455bf1961cffb,5,3,2
3c5aee0b13a653e1b45178d5239dcbc3,5,5,0
be3f2215558f0027b83b3a51e6454c3e,5,1,4
f8348a1010449c16817a418fbb9e3620,5,5,0
fdff9c6a7acb0e02d1cea8d18811e251,5,5,0
fd46b456c10f8d438b9dcaeb69932853,5,5,0
f02636ac66025f7eccc065c1ed939a7b,5,3,2
73ffc7dbf151bdb28ff40c4206968803,4,1,3
cfba3a0904b40913ee70dd7cd5ade673,5,5,0
5800503b12aaf2c73a545e028a91030b,4,3,1
8575bcda52558e232a65a448dd7deb5d,4,1,3
d6cfbbc373ed608382eb737609c4c3d1,4,3,1
711bc4b2d17a37baad63799a2ce92de1,5,5,0
8e74025444ac9b16544fc2fc74c39b48,5,5,0
2ed3eaf0bd65da1480c9017f211fa315,5,5,0
bd7f8a8a67a2c07406735945fc28b4c7,4,4,0
03481652329171ff571df2c58bae0167,4,1,3
d34f898378d4f1f59f6a5aa731ecc983,3,3,0
9b683f7f0507153adfb34ea74f6fb19c,5,5,0
9b97589d5c9eae3d4c7a24687c866a33,4,5,1
434e81e3dd3038e858046831f20c479a,4,4,0
c1a3c19dff6500babf78f097560b3107,4,4,0
2cef7c298050b8d6865e77d071529770,4,5,1
96c3a40e38272781dd5b3dfc4797e8f7,5,4,1
6f27ae84e8f6ee63438f59c04830b28a,5,3,2
c27718d838f42d07a94941a8d34843e4,1,1,0
221551c6f382d4a72ae787a2b65c2ccc,5,4,1
bb3164e0236b64b580d475215f1004d2,5,5,0
fccbac503695b663355702609c925bdc,4,4,0
1d168d043fa86715964cec5b45433fd4,5,4,1
f904e1484a374e9378ae90b2f10c8639,5,5,0
4d8a2d9a0da9e6fc1c7bf59dfde5a697,3,4,1
d7210728120a19b1bdaea9b513008881,5,5,0
ec185b109151e5f34dc3fd3cbb3398ad,5,5,0
88222a046146c4aab763e90b35ab4799,4,3,1
0a4105b08aba021f690e79d8b9810885,5,5,0
aaaf314a8cf0d0da71e52c6cd4184cbd,5,1,4
b3dd5b90145b576a279167630eef9def,4,1,3
f90aa72a8cc03aa3c3f50789ee872c13,5,3,2
24536ae68dcaea969641d76fc4cc5e4a,5,1,4
5f63f81968c1ed5835496acaa5b63434,5,1,4
9ec184faa31b594424cec063d4e4b4d4,4,1,3
68675622f4933bcfe998090c4e50e4fc,5,5,0
47930c4ab733d975d31a997cf4727396,5,5,0
db219864b2403e1856929bf85948989c,5,1,4
771a3c809e079dc89392a34a5d797651,5,4,1
88ee50871d29b82810c4a8bac33aa004,5,5,0
33c395f5b7eaa637304434e553d45cf1,2,1,1
784df479a4539ae049540a6578cbb39c,5,3,2
6cb2000475274ad7e94d1e64f840e907,5,4,1
eb37544121736af22008931c8e3c30c8,4,4,0
46f25e7d703d3c2141818cd05b8819d8,5,5,0
f5505d7f1cc35295b499bba485a876f3,5,4,1
6d87523e95d5670f7bbd10a46d5d70ab,5,2,3
6d1a52060faffae010ab6d691f913b7f,5,5,0
8a7096900fa8a063219b9edd1a9e5431,5,1,4
b001a9f70c34cbf4eca4e48875de711c,5,5,0
daaf62a15bd3c9f093e0e1f58413c8c2,5,4,1
70aefd12bdd5391f02011072c16e6801,5,5,0
98e54035aaf4e7a4b0464f9e6066febf,4,4,0
3783fa21a4b027e3da0b6b3db6e1dc3f,5,1,4
9c5f3018cce3b5a74df31586dae02c4a,5,3,2
d0848e46e16c282e0590623021ba6940,5,1,4
e3a59f0c0070cef211194f618687ee20,5,5,0
02bee300cb834a5d334ae42fdc325e7a,5,5,0
d905ea9eb4e5000a35cbee306bce1935,1,5,4
e116eac042ce23ba779ba603da515b4f,5,5,0
d02a5a29d82eed1f82be00c04745ea7c,4,5,1
ffbcdac3da2c2f23b699666818b0d38c,2,4,2
8010be962c553ac2ed4a5cf591ccc971,4,5,1
83d75e259ccfb20c073dbf2a74dc8fb9,5,5,0
a795d23a5dda16a79cabe752ef263cf7,5,4,1
c5d16e3d5c24cc5fa2200d448d8cb4d7,5,4,1
623906ceb400510974acad2860500532,5,1,4
fedc85bb24209961b595782f2c259c4a,5,4,1
d41ebe858c1aa2cef4e728fee0b07230,5,3,2
6cadbcdea4da5368c7a801ce027f23f1,4,5,1
e16a85342c3b94f91ab4233c71168786,5,5,0
09fe7a287eced3280bbc1ca7759c4c25,5,5,0
fbea1a61473aa3cc30e0a617aa72b70c,5,5,0
f4a9268b9d93be241636096dc063596c,5,5,0
fdad9ac63eb92d4413a159106156cab1,5,4,1
437af138254343c9da834bb2a8eaf540,3,4,1
ef303518c213c484b45e3cd59f745bbd,4,1,3
a6f9a160004ed7b4b20bb24c1eeb5871,5,4,1
ccb3dbd615aa85a6ee4e6002b025fd31,5,5,0
b2bc998b56f86f7a3ef8b749c17506e1,2,4,2
50a58980b691ff7dee971df1e77476e6,5,5,0
4ee9f75e09a75657760a8f88ee1da3a1,4,5,1
69097064067ca87a7fec01db107c5af3,3,5,2
3018cabe571cb8d2600f671021243e3e,5,5,0
abbd22e94f4b4ad624a8d362399d7c09,5,2,3
ff014de83d667807820e68d8ea975281,5,5,0
d768ce9a72b741097aab143d6baf890a,5,5,0
fa7b7f7ad0c4b34047663becd141b09f,5,4,1
de83643596b6203d717e77769482e476,5,5,0
4c72d41ba4c2afa336f5f612bed714a3,5,5,0
b4138bbc55ffe9ddeb824f7e3068fc50,4,5,1
5be92ef6cf4a42ece07ad8bc3c00c70b,4,1,3
a9cd231f6c06e66f3a4f7cbafb0aa5ea,5,5,0
d12808b99f819df3b30216808d28259e,4,4,0
f8269b176544d1f16f51e785046d1785,5,4,1
53622f13efcb7f159787ccafac6626cb,5,5,0
ba6fe5e92a31200b06b69c99171eacf8,5,5,0
41b3c9e5e85309a0ddf6fdf03c906b26,5,5,0
5ac68a35d9480fc7de1f9b16df5d7847,4,5,1
952733b92a94a4d2817cbea6afbc4011,5,1,4
351a62fa8409254743dcf169fd1d9abd,5,5,0
0815bb5a3a3289fdf7ac65a426cb553a,5,5,0
303a73983ac1421570602e1812ea3bbd,5,1,4
581b6c8cdb4576b82d9066c29e9d2e9c,4,4,0
0f7ed09b98de20ce43a56ec76b674951,5,3,2
b378d3979dc4d1d8bd701f93e8b7ce6a,4,4,0
1d67293aa79feef7aac612621d710869,5,5,0
1fc6cc3c8938adb70a710cc1b701337b,4,3,1
5cd8853b4ec297e801336f317f9a1912,5,5,0
cc6581115f5706e74610adf4449e5899,2,5,3
5347a99b50c4d33d2959dcce4e19641c,1,4,3
e4ad38b7d367f170920f47916776a66e,5,1,4
6d78521e00f69cd15f0a4f73f9f561e4,5,5,0
0dc7533a0c0ca1829f5a42eabed32f0a,4,5,1
669833f6af7254475316c8960bf742fc,5,4,1
d1d768d42cf0f3a2effce95ea71e111a,5,5,0
a66a3c75736a9fa41b2e36a663a42c56,5,5,0
50c4d73707f3154c08eb85d0fd1e5149,5,4,1
66396f37a00b742094e5bb7fa7398ea7,1,5,4
57490284e3524fb4b1c4112fa966cbde,5,4,1
dd33f743f8af5bb74051a4e3935388ba,4,5,1
54f060705abd4a776a48a28f9858ca6e,5,5,0
d6292621d39936fc67116695f6f8ee9a,5,1,4
f85421868fd581e082e37edf4762cdb9,3,1,2
bbf99c13cca74b92b287695076073f09,5,5,0
bcd870b88eefdc1d8e5fe731f5e7a4a3,4,3,1
ca7f087476abd2a0a52b29410dab0939,5,5,0
e73484c0c2a3c82b81f0e333e68d471d,5,5,0
1cd0c408983d3898972c78f60ec9fb6a,5,1,4
508f1058f7c9037c12fa29baf78dc417,5,5,0
c190d3402592ee86d5e9978ced572730,3,3,0
685ae4bd7f1b98a64ab9b9774889b621,2,4,2
83bb596248fd091d99fa8d5aadde8fa7,5,5,0
8273fd6bf6d04443265e6f244f8a6fe9,5,4,1
763267a38e350372137bca040ef8cf66,1,5,4
44f77123c08b319dff9a40cb561a6169,5,5,0
ed31c8b147c3a1c2c9e0eabf0f441605,5,4,1
2f0edc89820744d9e9ff3b7ef7c936b7,4,5,1
e857ba066536e2879870375314953dac,1,1,0
f5dd62b788049ad9fc0526e3ad11a097,5,5,0
904b5a31ae9ef2b1a3afa6c13b15c2cc,4,3,1
abf0f8d4869d920b5c42d4766c4e0712,5,1,4
357f7b414f17d6c711ff3cd09b44020b,4,5,1
6dd0712b5d9d31ab2b006f7b510e8720,5,5,0
c80521d90ae69387548a487d1cdc516c,4,5,1
61c6a9da54016bc445060257391cf4d2,5,4,1
977f92d98cab7bb13fedbec436375f8d,4,4,0
2330997bb48bfc161534281ecbda1739,5,3,2
b9ac97245b38bb678929cfbe68a37a5a,5,4,1
f5e257a07a64d671c3c8116ff3462886,5,5,0
9bb59416dfd657888a4df2ec6fbc3b17,4,4,0
cd073a09b3f9f8f60fe4b7aa998f2ca0,5,5,0
bb31ece4e45d4374e78389359b01f690,4,5,1
086cb9cd0cf7067d77fe09f31620a52b,3,4,1
fe71d9b4ef984f61e35b85a483b82769,5,1,4
c1a3ddd24fa595bc9977071be7eab467,5,3,2
21207148c7a901f242180548ca68698f,3,4,1
532726afcef522ad5dea18b26279e955,4,4,0
c55598e281f3c63dfffd8cd0376e7232,5,1,4
b04860f9f7889ebd859a225e5fbaf743,5,1,4
9db4c3ce35bd9bdf6b8eb62c68eb4415,1,1,0
263ba12390d0fbce329dd16da8cd20f8,4,5,1
15be0c9cf56bcf3cfe7c453ca50f7c38,5,4,1
830b06516f47e7336e2cb585284dfeda,5,1,4
51122623ee1ccdaadbb6fcd95f077d8a,5,1,4
6332fe107a5380313f3f40acc5823b90,5,4,1
a5506a6537ce4b4529845b534e400848,5,3,2
3b7d1e0e59ead2c1080ad04f835423b9,5,5,0
e9b0fa065e571c5a22a09c8d3b7e8fe5,5,5,0
c99c7b68a239931777d626071e46895d,5,3,2
e033bdf3c0d77ce6a7c7ee1235c8d051,5,5,0
69a75bcc12d792875fb4551caca0d35b,5,5,0
9b0b732f53d928874444e095071631a9,5,4,1
67756d84a71c958f3c19cd41a7580d9d,5,4,1
0f9a932982d1a4ee6f2b4d9a874a5fd0,5,1,4
54082a3f0c13598bb5c2b3bb78bbbee8,4,1,3
df7560ee1b8ee379664de6e7fe290baa,5,5,0
46aedb619e3a9e3883a8d51d58269e4f,5,5,0
f0a5eb092cfa7806badb010098ab646d,5,3,2
2343345152ce9ee61f54b2dae18561c1,5,4,1
7c97900442dd98ddd06bab55a03c8564,5,5,0
ccf27ea35dc842ef81bc07ec33164b56,5,5,0
a7400d3fec66a843cb54bd2396f75df2,5,5,0
1c748687e58d9c5b30aa8ffff5747fe2,5,5,0
0de08476877eca848f61e9e236256b3a,4,5,1
5cdfba01ba3c4b8c6b31ac8573b2432f,5,5,0
a081d126973c9d0ea499b22774b035c5,5,5,0
c3988689891767f65a1177f804082558,5,5,0
6df6e5a717575661689cad7b3828358a,4,1,3
8e5a0e7475967e4bc50f2ecc4e4f26d8,5,5,0
9b6bc08776a513504b50d1da33d91847,5,5,0
f9b709a84c50f277996aa9f181738b73,5,4,1
932da4ab5c1239381360b912976ef417,5,4,1
39ad0c5033f19e6afaf54885158b5aeb,5,1,4
82a4f87180e14e53d6b745317841196f,5,5,0
52d5bd7c9cfb54cf72f3c9ac55bbb0dc,5,1,4
f1abca034cc2b7c0f679e551dc63f6bd,4,4,0
2980c5c6838667e778dc37ac903be54f,5,5,0
17af00a7d6a2c7f01a870122f1b2c92b,4,5,1
a5b36a263c9692d52e2243b9ef05c6d6,5,5,0
6c903ab037ef7aebdda6d9a9aa9d6851,1,3,2
7a0698ce87fc4cd3e171e7361f0bc0b5,5,4,1
51f0c74a5a4bb9d033837707f629b9b9,4,5,1
bfd3fb2d31cea2cfad3a43b7bcfe00b0,5,4,1
9a07b32ac6acb2734d3da27111fafd4f,4,5,1
a854d06f865577c1a097985385896d42,2,5,3
8ab1d03fe8066ddf7b1882f20d699db2,5,5,0
31995e0e4e63c77d8f5cf8970cd39a7f,5,5,0
9a602e9f9b1dff857011b7aa548030f1,5,5,0
45af011411986b48414c28e5be9b3632,5,3,2
eca1299602d0a75fa60546b5fbd28d07,5,5,0
bfd0c2d2890d1ef6f525a21ac63bf5e9,2,4,2
f615e2f340afc051466c50c06d4a453d,5,5,0
4726e333b8605a51b03b823f5021f3d1,2,5,3
777f086f57e89ea16f5b49fbcb4a34a0,1,5,4
39463e03ee1cf3c0c36db7d3dda89117,1,1,0
719beedd6c2193b3e1e1ea1d2706eaf1,5,5,0
181ff95f97fee531c4afa9e882186f18,5,1,4
90c12c43daa0435fe23b69ff3f76d8ee,5,5,0
3efdbf51c992266c11eb3938e67e77da,2,5,3
37ea512c7d290de34e4dee7964f5dee5,5,3,2
3d0ee541428b71a2e6a7039416cfa675,5,1,4
7036c2b99dc75cd8d088a8e4475e2658,2,3,1
3272770f15ff5da42dc4973b1b179552,5,1,4
2af90e72b95362d3b1fe9561ebb3c142,3,4,1
8d3cd96a636e59a3a47b52cedd6e9bbd,5,5,0
488a016252a949b46cb0ac82a597d663,5,5,0
57274bbddd47fb5bf2f1d08edb906d18,5,5,0
4c23c4164a5456caf473aa274df8b8b9,5,1,4
b1790ff077b7630f790bba65c012c64b,5,5,0
47a0dd64c37d493b6979b404f36ccc6b,5,4,1
a4d363763931c62becc396e8255342fc,5,5,0
acda113f032ffc47eafcaad99a617bd9,5,4,1
2e76a5ef63f6a5a14ad1de12b201dbd2,5,3,2
5285adf1727ffbee7efefc81c465393f,5,5,0
3b714b1a7fdd3fa6787c2e5ecce9977a,4,3,1
97c404dfeae6c85bdf1e01bee13dddf6,4,1,3
41e12d2c0b4b336d20ccb6d37cffdb17,2,5,3
22ce839b4cf363dd05a5cde6a91e53de,1,5,4
9ac05114800f02bfaa783bd76842dbe2,1,1,0
287c1aa07bb73d458030893e16ed9312,5,5,0
64a0f964b7b91b348c6cf4d3e2deb256,5,4,1
b2216d1896487e630240917ecbfe988f,5,4,1
80c8d87f9b745f9d1a5480d9c936c4a6,5,4,1
c5bed3a385f406c503841fed148952b9,4,1,3
25c2eab805f9b909edeed8b42bd4a0dc,5,3,2
6f4f0d429c1e1ad2cf84924fe07ffd71,4,3,1
67ebab4ca75954aa4385f837044a65f1,5,5,0
7d8fb4d046d76c289bd66eb341bee09e,4,5,1
9885b9682bcb820c6a33464aa0bc683f,4,5,1
fab81f2fc065871a42ac06b9bedc78b5,5,4,1
1c4a92d82c1b0dec18bef12da3fa7756,5,1,4
0b2ee90d3a8923635f74af64e78d2335,5,3,2
88821a1158691d3d5f4e35004aeb2aee,3,3,0
c3708e02f3ae7cf8e715ce16e826e952,1,4,3
1fb31b7773d88f086276fab17700ffec,5,1,4
08cce5e2a4a4d08e17cef053da98254b,5,5,0
7e64edc21c29eb4ab27967e6462683b3,5,5,0
476984a30a6929077bedabbefc98ce38,4,3,1
0900f1b09f4249e09ce4735618757707,5,5,0
22caa724849d26dec4cd73ffc70bc133,5,4,1
22f963cdff9b03259d2eaeb9a023a526,5,5,0
aaa4edcd1e7753b97a9216234d93e1bc,4,3,1
c4142556a994ea3382c0b8d954c0acdb,5,1,4
82e9cdd567caae62a6d0e4e9bbf28901,4,1,3
a29c6282a6e4ec30881051cfaa99029c,5,1,4
7ff6698abef65b2c5105240280827312,4,4,0
8290b671acbc8848d4af959f24bdcc22,5,4,1
52124b2a6a249e07cddaaf1950ce0620,5,3,2
5659543f2c384877607595dab0690d5d,5,5,0
092de8ef0dad90862e5c0dfb15a10790,4,4,0
dfee6abeb1d68f04563ff2499a4dccfd,4,4,0
50361b5016be065cd60c76a7f14b3750,5,5,0
24914fccbca3abf70528903ab2af4bf8,1,1,0
a61e700a88111a17f8158f275c06631d,1,5,4
4b7a7eb6b477c63b872d57f9f2782269,5,5,0
92e84486f579af569ada10423502d997,5,4,1
ae24b4bd36760cf8c026d52448d408f1,4,5,1
bc86e3292b57c1f04887157a40cccfc2,2,4,2
d2b0a763647d885d0d3db2ee534ec02a,5,3,2
6272bdc9e3d3595dd169c8e393525c7a,5,5,0
c3d92b59600b515ee287044dd4a34985,5,4,1
3c84ef58a24b36acb52aef0fe4200d4f,4,5,1
ab001f825765f185062e85eaebc010b5,5,5,0
7a778b7745be3f801b6bdbd8d54da6fe,2,5,3
565a27fae0aca550060e0f90a54495ef,5,4,1
539e4c852e657b3cdf03f83c371853b1,5,5,0
6d34c087b843ae0fdb296f15d948e45f,5,1,4
f31100a2f631a83441d0fcd3de9bb098,4,3,1
8ad33f5d86f59bcd9ba668dc2f9eeb71,5,1,4
f8ea2b5a1c8d2d8eafa5710c3d50d0c8,5,3,2
690a2092d1bf37549b9850423615d32a,5,5,0
9dd961aa6268f666f626787499250308,5,4,1
e23252bcb975a2302c451aedc2e24ab9,5,5,0
7746abd9cd9de029b5abc83ade0304b9,5,5,0
c17d3d6c480b09300d8daa2eb502d060,2,1,1
e8f4435c1db6d7bf9e191fd9bd6a6682,5,5,0
f32569596f879e74fced40a4bab98fc7,5,5,0
d1129445a7d52481f5cd8c9198d4957e,4,5,1
46a37629a0e29368f654bab0d2a6cb36,5,4,1
f83d61ff63b249ebaf932dc3e7e2532a,4,4,0
f30b5e94b68ee195b6ec2d817e5bef0c,3,4,1
5791377a72320ea9128214180b17c54f,5,5,0
03d08548bb620e09cd4821b96f12a1e6,5,4,1
45568ff3230e563c29c9176677dc9557,5,5,0
cf650037c918409bca8e5e67ee7dcfbe,1,3,2
c6e183c4386da59878bbec724d046491,5,5,0
a9983822091392b3700f9e9ae39e62ae,5,5,0
f1f8ad6699e72bbab0ca848700236de8,5,3,2
9731b9dcecf4024f99c9faa130acc841,5,4,1
e56f72c9203fe285a42e1c21888e44d1,4,1,3
671ac88df4b1b29a8c7a049140189bcd,1,5,4
235bb7c712508e20bc5544e90c7195e9,4,5,1
42bfc988bbf084b1a7931003522a3ba6,3,3,0
f5fcef5d7789fe60b872effa519c61f7,2,5,3
4e233b40b72c7a074309dc423a0320e6,5,4,1
ffbcbeeac5c9c9495cd729f896bc1d5f,4,5,1
46cf76e5f4fbb3641f315f903285ce9f,5,5,0
65b76eab1b7bef2a037efa6611e3b021,5,5,0
7ab921e3494bf8da3df2175e4370f87f,5,5,0
1fffdb579470269dbfd6b5b5c0256473,5,1,4
1efcc6ba75b519535a510c53153a9256,5,5,0
b30f6677ba659390857271ffd12c0d29,1,1,0
e17d3302a2923d0185757dfca4243419,5,5,0
8e1a9d039dc1c61d1fa663266a937cc7,3,4,1
709b96657091eec897b90173afb0b84d,4,4,0
aaabf43feb9498d9de4588eb73231c25,5,4,1
bce6cf2e08df303c7ad2f89e5a62083e,5,4,1
ce1102192008032289474c932a4c241a,3,3,0
d01d40156285b68a07581c2f2321ca55,3,5,2
53b052a1e5fe93eafbcb8243e9a71b4a,5,3,2
7b048e5d7912932ce90120efc3f332ac,4,5,1
521e3a4e1c2be8a5c60f57484240f136,4,5,1
08c7ad853a45735072fee2be62052da3,5,1,4
34b426d7bae7fa280beff9a3cda190da,5,1,4
81ed84aeb6c20f643158b0e0ec587bd2,4,3,1
28fc46ceb57ddc6e17500a9482d694b9,4,5,1
fdd770b5f85e6ce0b1b549e331d424f5,5,4,1
e3d29434a9fb1992b5fa63ae0befc0ac,5,5,0
75af1e1795850c2407c73221960b3d1f,5,5,0
b9bb7dc5b3014d158c4d61d500c97a18,5,5,0
6154476750769677d2c6845cc9f4a13c,3,5,2
a1370d5fa6508c13787ae000e5d2ad77,5,5,0
b7705b2fe11703e8b7e9cf02ddea50f9,5,3,2
bcd5c88a0445f3748d4118b587d4cabb,4,1,3
134b66d457b6eb43c7fa8519fa0f8870,5,5,0
039ab3369f399f5a3ac25e99435a8251,4,3,1
4fa41cdbfb5a42afeb905dbc0dde893b,2,5,3
a70e674cb417d64ebfc3ea9493ba90d8,1,3,2
c270c617b9a56cf86a0751f237f567c4,4,4,0
0a584a18a05ee90c0e3793bb14a9ad3a,5,5,0
ddc7c19ba9ea65183373ed66beabe356,4,3,1
f8868b8046c99c3b68a17b935efe47a9,3,2,1
c94047ec162181b78322184f7a9aee43,5,5,0
a1e378a1da5cdc55c7edf4313af32f8a,5,1,4
aaf68eb5c1c10c9c1586dfe62bde2991,5,1,4
9caafc4899f9ae1afc02c6fbc8936180,5,5,0
a418dd8bb942566e566d2eae0ca55f10,5,5,0
5bdb3afa1eb436b9c3de3957a486980f,5,3,2
b3b54427f53d13f6063ef7007bf7d371,3,5,2
374289395a111a64a05644b1f59ef07d,4,4,0
3171f1efdad00e249ba4ba19af1726eb,1,1,0
56259896085ecf2a38806e4f171032c0,4,4,0
e4471c01969de94c38f855a80f807490,5,1,4
6507e6d141c37a9f7813b5432ba24844,5,2,3
777446e0a25e3916df8257965158c82b,4,4,0
ead4584d779958e7605fe628d3f253f0,4,1,3
a77da241d61b2939dba10220b807d732,5,1,4
73f9e828566dd0de47c067e6ec94c989,5,5,0
4ab1a1bf9908b4d876f0706c742fb14d,5,5,0
6ce317b426646bc2042821d2428dfd2f,4,5,1
a96095e939ac89b2ee0975e7c5300a68,5,4,1
6233c53ce8bfd732fc643c0443741c5b,5,5,0
a5a6a37b03ab138756330778a96a5e3c,5,1,4
19b99fd79d81fab77d8b7ba4f7a5c799,1,5,4
15c44e9d99f042b11c5f0b4d8a7d96b8,5,4,1
b552bf4c093b6c4804fa08eaee94a786,5,3,2
b4c86abf900a8e53f4b9622532c87ea4,5,5,0
40674b7f0ee237bb07702a45f2bd7d9b,3,4,1
f1bc2e9a22c1bd86a33e5f04595f1bdd,3,5,2
d3ec40731fe6a0b60cef4f782e7be160,4,4,0
b2a075b61f56f754745f60eeca7c0f63,5,4,1
63197f17fd0ed6f37890886192ccdece,5,5,0
7d5ff38bbe8e85dd2a181ff339eb11bd,1,1,0
6a98aeaf1d45d8129756bdf2a06744ed,4,5,1
e7ae11a316ccfd7689dae760479ec0da,5,4,1
d924b2f481ea43a95856d604e81f9219,4,5,1
477ee3f21cb7374ecfa12433c30f53f5,4,5,1
85f7f388139247ec5874f8f9661b4a06,5,5,0
10d44ee4790bc142618db5b1e687d8de,5,1,4
683481ae11f5f4ccfd9263a3bd7f25d4,4,1,3
abb27b3995f56205b2545e3dccf1aa16,5,1,4
1def5208ea4cb393260ab333be753296,5,3,2
869fbc1490b3463106241d10454b6eab,5,5,0
63a7f803612d7247f296ef6007668c5b,5,4,1
4b71d0c2069bff9ed09d410833e104c0,1,5,4
dacfa847106ee5d2da9b2815ff4819a3,4,5,1
bd157b8dd30d3e44becd90b45e6cfe9f,4,4,0
6c42710103edec4820898e5084c770a5,5,3,2
f82fad0f66275ce506ed5b5c48138b08,5,5,0
415163634b075446172210d1b9717e2a,5,3,2
b85e1b372d0db7f012b00a46dfea2423,5,5,0
6baca7e224a54a0323eb003e011c9b8a,5,5,0
7c48889642a4142114249d57bb4bdee4,4,5,1
41683ad54cbd17bd932eb623e0ff7257,4,4,0
8f2a08db3e03e43afed993c3f247a449,4,4,0
ba0bb30d772cfeebd2419935f389cb2e,1,1,0
1fb42df5f777c1b9bf5790d888e15075,5,4,1
26a25b8924d3410c6237cef523646975,5,1,4
343784c8ebeaaa9505508f89e3eea256,5,1,4
7c7a36eb998ff964a38dcca485c7bb24,4,1,3
ef3845484f82e3b6eed4a579e3c1063d,4,4,0
21a3c351610b2487460c404bbbdbda67,5,1,4
ed04068c75edb94aa53d146e07e4a67b,3,5,2
9e4cbed5d166b9e8857de3150c2af79f,5,3,2
fe1db39ee392d14b9d8b00c17e02023f,4,5,1
96f2c3b92eb876c71d228377a641c6e2,5,5,0
0933fe2645eef2cb8ca4aeadb9d3834b,1,4,3
aa57296ceb0b170f4823d71a06a43037,5,5,0
1782119bc21f8f920e4557c56091a68a,5,1,4
0166ae6ff6d450bbac3eb4ed2885c0f8,5,5,0
c6b0115592f584f15795ca244bd83fb2,5,1,4
c6aae003b7c6c4c197112467858aa37b,4,1,3
39b1f85275dd200066b0ec1a4b5e09c3,4,4,0
ba7243ecb3b63c80579ba1d4c34e277c,4,4,0
787bfd3b90a91fda23d2e58665f5e1ac,5,3,2
497dd86000dbe348d33b6fa239f2521b,4,5,1
ce3c0e0e8ff8199031c7539eaac530e4,4,1,3
6b8efc56f3d4b9f43045ef4efd3a5e76,5,4,1
1fba59812d94723a89e83c562c775750,5,5,0
4644c8e42b3f62ea4f683927c2e1a988,3,3,0
6853ae5670c85a2bff0f46a53ab4c966,5,4,1
18a9c1f948e1b0500785565ef4041b85,5,3,2
4ba6cf8c58812d65edc6a67cf37c4aeb,4,3,1
a9c6522843143edb2599748ae6aef2ea,5,5,0
47906fd263e2a0253d9db8a730f02abe,5,5,0
9bfe486cba6ba9af52af7bfe86ff9859,5,3,2
4b9fdb48eccb25686cf34b966d7f0292,5,4,1
48300f948ed1d70ff6e5f733e30e5816,5,4,1
1255820c3de35d95c502602125ac42b4,5,5,0
09a1022dc99a8046b87235a846062035,5,1,4
fdcd5bf547fed776194fe9a3b691a324,2,5,3
b9a466084b46a9b6c6bbbfc102a6aa56,5,5,0
cc6ea33cb7facc9aac284d88275e24bc,5,5,0
64f2b30c7d2cad0b1b608642a0a84e25,5,5,0
2067e6809c31a615c37a470db2e6bf89,5,5,0
8d3b97f37bdd7afa5d348afb305858be,5,4,1
f84ce87db546331194264e91b87fe84d,5,3,2
cee3292f46ede6ea1dfabfcb200fcf47,5,1,4
d12c3951e6642988af6886426a27cf1d,5,1,4
747517fa441ebfa91a5cd254702353ed,4,5,1
f81315a9288555238f4f14f53669cc4d,5,4,1
1f80f090b1ce8bf6ca20871df5391523,5,4,1
148a81c053082ad749e6ab0997a0f25a,4,5,1
3a6c27f9d9f17facdd07d9d8a275dd15,2,4,2
e5858127da61f07285827883e605254b,5,5,0
502b576f4d6a7091842c83677e13013d,5,5,0
14a33a96125aa5f732d96bae3c4e55f8,5,5,0
373a162c0f4500fbe4de8017e7c7197d,5,5,0
d5019697adae49bc605b362a5647971a,5,4,1
a19c1dc4214e26a8fd902af45444240f,5,5,0
fa73021d06471826a5740f3188024ce2,4,4,0
36df29e4671cdc14371883d209fed7dc,4,5,1
fcd82be3d717a53a9227f19ba3dfe2bb,4,4,0
f91eb2806b28dec82d98c3973af406c5,5,4,1
54bfdab89d1d282e8d79365aa32a86f2,3,5,2
1d73d3f30d166ae684a1ae877edcead5,5,4,1
1e87c390d13bfd98cb5d56ae28b3c86a,5,5,0
5d7ebb8135efd1d4b10062c9237915df,5,4,1
6fc21c5e0febcfc2d3e3c13d8fcd1b7a,5,5,0
385ee6bd014c3ca0b3be6215f97349d0,5,5,0
996a763f13df13d00d9d9fd94f29f619,5,4,1
70b29d983d411a9fa6a5f8c2380baa90,5,5,0
b5f3769de78cc3dcbfce6616de4e266c,5,5,0
99c68c77790ea4f61df77b5a84cfa80d,5,5,0
bab2cfd3d45cf84d1d283c632aa77517,5,5,0
45940e007848875eb181bfcf14ea51a1,1,2,1
033abfda50a317e7664dc789031fbdef,5,5,0
746bf6116b629631553f1a94a3054139,5,3,2
d4575d5b52616538e99ffe90f8931f81,5,1,4
d7bd54f86fb31296fb1517486f94d888,5,3,2
d8eaec04332d52c4a8376881e5af91c8,5,4,1
4530ebf341c28451b56c66fc4d70f8eb,1,5,4
337d06bdab986563a27e4f5c1885e887,4,5,1
b64e487c58e0790f34911fc9b7939827,1,3,2
593854837f11564ca02e6406198b42c6,5,5,0
eb3f33b48e3328516737e05964ed19a0,4,4,0
070162e1ae6ad420c0766af516a31a5b,1,1,0
b0825b6fea4f0e1e60bacfdc2a4d88ab,4,4,0
69c4079cc7549d7c6da19191cc158d3a,5,5,0
e35fda43bb9963155d19ccc348e92845,5,4,1
5737a407d0873429dc88768c131fc671,4,4,0
4f0ae5e0706a3e90f9f36d0f34fe60aa,5,1,4
a8eb3317a6e30f715193be7f69b02a77,5,5,0
927b9b53e41f5c821e1ec7d7f8b01a16,5,3,2
b93b11d71e901cb13e0c8a5f80ee67c6,4,4,0
21bf30b67562ae46581be368cdd971a6,5,5,0
b579612f258cd7fd3094cef8207e6f07,4,5,1
6eac9b191502f0f4d373dbbad5aa7253,4,1,3
a54a12a470f9a5a89f1a1f19607959ca,5,5,0
6e308e3bac5f39d88294995e5d60282f,5,1,4
9a3cdb1a52eced27df0e93f49f863014,5,5,0
ba227a95d8ae1abc30bda3c6c5c08c1a,5,5,0
3ab51ff55eebf63d3c2635757c61b5fc,5,5,0
24385221c8f9f6a31323b73db64f869e,4,1,3
a558d36bc6548afd19f3cf6728bf7077,4,5,1
a25b9ed9a3a53f53489c105482625129,1,5,4
4b33e7ab86ba5f28513f84e4d75c79fe,5,5,0
7e6e7f8c90f49906342dc848330b3961,5,5,0
afa891fe2077e4e3301629891009a47d,4,3,1
4c43459211e81f383114dbcc328b7ac4,1,5,4
6b8e33e6751e356214e7b35ad7df83cb,5,3,2
5ec380985852821300051ef687ab6254,5,5,0
30dbde4bdf3bc12594c469bc67159a8d,1,1,0
97d9d1b260af0792ba6514158fb10195,4,4,0
968ba56969b76f24ea8b93d8a5bb768a,3,2,1
9cc4ea682d63b102c5b7d5cccae73748,5,3,2
cf511b6f35ecd9bc09d2c35ae9d0cfc7,4,4,0
4dbc1d5924e76da8223695d76a439653,5,5,0
ead580bdf680588f049074cfa8f03a42,5,5,0
3375db82ac870955bb1bd2d561eddfd5,4,5,1
5498ba63a9af481c25f2f0b98b6b264b,1,4,3
bc382cd676f08eb90614a59793568c19,4,1,3
9d2bd341ec5c535b3d4192f609e47185,1,5,4
ef1470cc5437e2d2d5e2ad587712a406,4,5,1
cb7c837f8c5240816176dc115c21a746,5,2,3
4643426e1efe20aaf5f5a7b5c159ee96,5,5,0
37193e64eb9a46b7f3197762f242b20a,3,4,1
afe88388e4101e5724c27c83f0aca398,3,5,2
7e181511ff53e1cfd1f9f73f5648e1e2,5,5,0
99a9646b3ae55969f333cc36747297fe,5,5,0
f3ef0ddf732dfd6a0c31fe3f8cd3b948,5,1,4
304420b2003f38e05acd16b80728e66c,5,5,0
95d3fed955a6724308700ab281998533,5,4,1
7e85dd5c64bfd481355a0662f9f9f777,5,5,0
9aba5a261ecd7b4c4d324ee1ab55cae7,5,5,0
353dd28caf3128fc754969ad49548d6b,5,4,1
5c17db6907843b821b755f261feebc5c,5,5,0
d2b4a4076a8cb3ca3b43a1ee90b4a0e2,5,5,0
fa4dc5d499f35cf8ea22c543c6a36c10,4,2,2
2d379fd375e20b1de683fc90bce504bc,5,5,0
58d2daf589cf891698126d1b77ed5860,4,4,0
fd4109dbc7f1afb126fbcac13ec4f5b8,1,1,0
f94b388e21753bb4b820f0f4436bbd8a,5,4,1
d8665f349c8a92546c754a7e84627c52,4,5,1
f62bd55133b35f243bfa088d581b4e4b,4,4,0
258d79062482663262a46174dc7d38f8,5,5,0
26fa952896224ad19bba5529c49d077b,5,4,1
7616b4fdea3c711ae88b43651afb6ba7,4,5,1
2d83d958baea20397308a058ed0bc186,5,5,0
2ed2aef2fa258dd0d58efbaf2eba622a,5,4,1
387ca56ee49ac7729110f669eeb9e3cf,5,4,1
4460329ef6417ef6f526adae51f4a7ad,1,4,3
415029216b664ca8671c17b0be718a0e,3,1,2
687fae09ac6fa7c5e99990afb9ddea3d,3,1,2
991822bb734dbc3bbda5554397c3d957,4,5,1
ab85b4f1004139c85b34c049131c8030,5,5,0
031a7dab65c3430d325ad35ab8a95277,1,5,4
be79be86dd136655ce16f35875950995,1,1,0
7b5f89bc09d40a73b09b4724e2680fa2,5,4,1
68b52a722cedcc13598a7fedcbe5a784,5,5,0
994a9a6b0c7666ed14dd7790ce98bd39,5,3,2
4f5310c68c4e9a2c3d5bd708df07d212,1,5,4
e65c1034a0e40b31a10fb6ac79277ee6,5,4,1
35bfea17ea4bd00955284e537d942995,5,5,0
3aebf099badf8a95a8c1831fc2373eda,5,1,4
215a2af7298ced2c65d785d397e04880,4,5,1
0ebf8e35b9807ee2d717922d5663ccdb,5,5,0
e5daa600c317dd1854619b456f89fc1b,2,5,3
966aa877aacb92e9ba70a4c8243945ea,5,4,1
f974be4f3b9bbfd12587321f437e77b4,5,4,1
6adcecbe14853c4a59e88f497152d83c,5,5,0
46ba2cde3624acc8577b0e45af4c67b9,5,1,4
d11fd4395b314a358cc155ea5c525c07,4,4,0
c05df8b616137f63b7d902415bd94490,5,4,1
484dca40df3d3e143c32574fc87387ca,5,4,1
15a4f6c29cc0499b69ef5c763eef4d9d,5,4,1
ffc97f5975c4aa1b3c9754d83050c73d,3,1,2
715d1b25b622ce303939e77c3aaa03f1,4,5,1
eaa862b99d06a963cff6699021d83f09,3,5,2
60ad53dedac42939d7f388d9533d29ed,5,1,4
2130488399245a8d0444111813b29d86,3,4,1
e5ab0577510f6cf1d376b14deab49b24,4,4,0
d98078af880d3b6f9254693dade63983,5,1,4
1755f2445de4dbedff7644056e446759,1,5,4
8a8fe42973aacdf0b83fb915d722aac6,5,5,0
fe456fd2155744fb9a7180989d61c30d,5,2,3
c576c7d1b3c8437dfb227e02746d74e9,5,5,0
81592016a877513bc82acdf4a27dd987,4,5,1
1a5eb6a556b01596eb34c82baa91e160,5,5,0
7513aa221a63febb0ca189d24474e893,5,5,0
382b28c2f9fa93f5bb38c304ea11d6fc,5,4,1
759ef6eef7b8279539f81a2663c2f500,5,4,1
ab5ff8523a162735e1d5ce37a2e4be76,5,4,1
dace8fef361782cc885129d17c2df11f,5,5,0
a07589bd08c0f6f6e01dad0a425aa352,5,1,4
0be098c4a208559b0e6c96c3254481a7,5,5,0
28b031abc340760284a1398ab8f6fd4c,5,1,4
c64f6838f531e7b3fcf588d76d60f9b4,5,5,0
cf2ba525f5b1e06b1a3fbb7186b0053b,5,4,1
364ea3582bbe134bec58a6e192aa6390,5,4,1
3e10dede8b18c0d08dde472a87faeed1,5,3,2
08f33b9700f597f74ec8fc4f1d56eda7,5,5,0
7cc4f378e3ec48d51a94b7d0da4dbc31,5,5,0
db19c4c4fc744a146595fee399782716,5,5,0
dd38e720f0dd8329b600d6395eb9a4df,4,1,3
d12a47d442a17b323b1a2cc05b2c217b,4,5,1
6319f0da31d079b3614f52149b1632ac,5,4,1
a2648b8081fc5413a6e533ead30d6fb3,1,3,2
bf99c65e08505b49813ebded6969d109,5,4,1
460bbd1de438f2781234032226e45461,4,4,0
087f003cb486254f7454eead9265e992,5,5,0
0675ebb5c8a8506766f55599dd95c74c,5,5,0
1c4bd62e77652a8a266a0b0f1b49b0da,5,1,4
26bc5ef62b82a4329284e5b177e34e9c,3,5,2
8c17e98f67708928c1b03bb705c14b3e,5,1,4
05a61d016706110ed3580eeba84e31c7,5,1,4
0f20a3721e8997ae2f771ec8cf0c4d3d,4,1,3
634a0c518ed370679d33e5e25ab3725b,5,1,4
8dbc85d1447242f3b127dda390d56e19,5,5,0
69e42c96a24341d71f2e4a4bd04ec4ef,5,3,2
2b558556ef2c5813bc84e3739392e44c,5,4,1
88f96737c1207235275f60d28574aa9b,5,5,0
0b461bff8323f6fec51ec6254a81d562,1,5,4
1617de4324c46b195f0be6e6b6fcb3fb,5,5,0
3396c76572477649afb42b741f245a12,5,1,4
47d11383b93b217d96defbb2ef1a209b,5,5,0
43dad3b15826adef6cba40d7aab778d7,3,5,2
19ddb42a5be901faf63f0caa5cfbfd38,4,4,0
4ddbc8366d7b18e042a35f6b4b5481e9,5,4,1
201c5ac9debe4c98c375ceaa9172cc87,5,1,4
aead5f6413ef9943082b3d3cfd37ccbe,5,1,4
40123a82aca2fbe9a11c1d53fdd2a679,5,5,0
7e093cfcd0f2a3b150e15125356fc4d3,2,5,3
fbc5af15d5085c218e6b1ee0b94c3620,4,5,1
df08d513a0f8e2fd9822effae92d84ca,4,5,1
9fbda7367628952bc36c3512c46d887b,5,5,0
234d54f2c7e5f1b3fa99a853ee8a6211,3,4,1
8ac2a7536043523a10fb4d60487a7a4f,4,5,1
633dfa0c56ae5c0c7f2e90620ad55b2f,3,4,1
36b29d751a3c14a1b9be3bf8321412ff,5,4,1
77787bddc1466e4041a18a6109163e72,5,4,1
1030e192e5193c364dc4ee6beff830aa,1,4,3
e12b47202bb4acb32f6862d4d9666a6c,5,5,0
a1f360ba8499a15b557819850f54b9c4,3,5,2
4f4713c9b445b523bc53cb7a472b7a99,1,4,3
a1ef4df483e27aab8cfdb7841f0fe317,4,5,1
e05c70b1a907c3b1dd902acddb66b5ea,5,1,4
aed8a6355c72e229dbe6db611871f210,5,4,1
e02da1929daa15fa492dc605bdad4896,5,4,1
153a29136d63c03e64ebd73c54ccd3c7,4,4,0
d6e170b889c3bb4770d46aaa63e498eb,4,4,0
0b704d9bda1b350e1350d64af21b3411,5,5,0
5d9b03cb14fe4fbb8f4e9f3de26048f2,2,5,3
06f0522e3c0dd8f8ea7a738176844f04,5,4,1
517764046d20478235016a57ee3d7f4f,5,5,0
68c7b161c0d53a4f67058ca18e0ae6c0,5,5,0
caa18d06d1387d719412906fd4cb2063,5,4,1
05691e7046cf3a798bfce39b35377b78,5,5,0
25674393f73d73aed8ab7758052b7ecd,1,4,3
58f6630e08902025bfb3813a0774fabf,5,4,1
54521e6dd0340104a0e8f835da53d9fe,5,4,1
349b3940d239cbc995c0664d87629d93,5,4,1
ccb6252838b1f9b4df467fe221e1f722,5,5,0
3a598997a4e99228c41bffa61709b1ef,4,2,2
a7fdfd7d7ae7a53a8232d6d0d7db215b,4,1,3
20dd46ec82721cbf25cc9ef228943bf5,3,3,0
44cebed0f8ff5a7a11ea39b4ded680d9,5,5,0
bd5ffda97fccc263e7c4f0f4f3f42b88,5,5,0
bc444369eaecdac2463e2551eff32463,4,3,1
a238c4b12e353d643594bb92d9385e1a,5,4,1
5756666ccce49fda0eaf8b9cf57a9b74,3,3,0
a0f980e432c8f9394766734266ed753d,1,5,4
8048d654b51cffc429b4e7121a23f7c8,2,5,3
4f40b7b437c07599a6f77c6ba8977dcf,4,4,0
82c6decae6063a55c184345746b1a269,3,4,1
980b9d90ba2a50d790779e0d8d6dd24e,5,5,0
e7b51cb01dc5e8dc9823805f84f98aba,5,5,0
7725825d039fc1f0ceb7635e3f7d9206,4,4,0
b0087bdf94b7aaab2e0fb914d1d99d9d,5,5,0
d5cda33c87a415a696188f2f71799fe0,5,1,4
2d7bf1651f60d1ac9e1be74a075ce01f,5,4,1
add85850d87ec9b2926443c2310561dc,5,5,0
6d78e79c696c9f3be8ef263ead6a119b,1,4,3
6d803f43262441beabcb27db6c78a68d,5,5,0
c4f6c401115a8cba8c3be4ad28abeeae,5,1,4
bc955a9c03547d89541386d8b5105b75,4,4,0
e04cf90ef64b387df946d2ddf4542605,4,5,1
c2d61723f3e69b1e2bb9cc9c638c0b5e,2,3,1
c3f4cf75877b9328cefa436b0ea4c725,5,4,1
5d169e74fbced395f079ddcc33445dc1,5,1,4
7a5472f7c8cecc2e1cf43d12271e4eca,4,1,3
abed2a2ecd907630587f0062063d3df7,1,5,4
8f078af5f7dd54fad5abd423dfb4aad2,4,5,1
30192988070ccc8d5f5d40aad62b8ed4,3,5,2
2a6d1505d28e5a6956a20dcdaa6e0464,5,1,4
4f887591abea8a000c18b3837a1f505f,5,5,0
94140a08f88b5440f7fc0e4b0fcfc3bb,5,5,0
cd5ae8a80997eebd2b1f2cd4f24518d2,5,5,0
03211eda276999d5eaa8a167a4b6286a,5,1,4
54130db48a3d7ee5636ba18659ab73a8,5,5,0
b296d036b48495bce7720844aeb3fc8d,5,5,0
c7a8ef5e5c0cbcfc28c0b4a4959a2daa,5,2,3
0509b3b20635c8d54544dc048d95318b,5,5,0
e0f5cf952d89f08c137a437a70f1a561,5,4,1
fa3bee504523342f3e1b29cfc38a91d3,5,5,0
252ccbf5764c53809f99daee8815db09,5,1,4
a45007bebe435ae6fb3637ede777476e,5,1,4
3dbcc6a75a92370a581e5b39efdc1b0d,5,5,0
aaf89e8d7cbbf9a40432e9e1a9c880c8,4,4,0
066f62cf2a2ba7b1d0012bf6d4f5f0b3,5,3,2
07946e40cd8c6b2ab27f0fe14f21f7dd,4,5,1
046022868cf3fa04a308811fd6b0b282,5,4,1
8365144952c18f57c7a84e62d664d2d9,5,5,0
2a53c58e80c62fc4215302f6fc4d3a4b,5,5,0
f24616037f41893b85ebeff4018c6933,5,3,2
26792a0dac4a86edaee496f4690de6a5,3,3,0
801c9ccd75e8e357c127931aea53345f,5,3,2
7304fda5565ebc9a2dccae6b9bbcb034,4,5,1
505f19ae28f4c808af9275206b5b7c49,3,5,2
cd450aa54feae01d9315612b1965c20e,5,5,0
c22a47117b6a87c967b0c278488110c1,5,5,0
613aa65ab0ca25bcfc8ce3812cafae2d,5,5,0
efae23362f729d2c5bdf799f883d086b,5,5,0
d001f2789e0e5c936aecc230eb739284,5,5,0
248aebbd996d29fa9e2c5fbe3d4bfd38,4,4,0
fe151b6cee0c332491549decb948f94e,5,1,4
fd7d4eb658279656ec6fa1ff66620925,5,4,1
e6fc62ef4617437d265bd9bef92cd9d3,5,5,0
44af3ebb46b0fa7f9ec19a2a3e49d3c1,5,4,1
82348f1b5f24ac795fa9320e02c49553,1,5,4
949fd5b74015f9f17e66d3d5adb033da,1,4,3
3b43489e5e595593e63470f9e524d325,4,3,1
935d6aae386503723d2adea444ebc781,3,4,1
36750bfd3e70a5f8f95edf2e28f1d60e,5,1,4
fd188acaf0be6dba0ce1ec1ca5005ceb,5,4,1
2d8a0bc4abbb7bbb3a420f2219f02f93,4,1,3
449ace02554618b2b893aa7a8868e7ac,5,5,0
a5e7e590a77dc838c0311d33e0c88abb,4,5,1
591776df8fe679d1406cdf74040ba972,5,5,0
db9b4cdab80e02f16927194367fb377b,4,5,1
3404eea1f2d0725e85f2b793a7e1aa4e,5,4,1
2ada8b30eb972328779ee8f9ffe37d6d,5,3,2
38bec8cea5e040be0ab60e3415a27572,4,5,1
2966209e856b37a6b9be138d6d7910b5,4,5,1
157ea8293c9bb4a4fbdc68be5e4ac5dd,5,5,0
9029ce944e85e8fd1f64bd03d9a36b9f,5,4,1
ba1f4cf892df702e9b730cb54d9fb063,5,4,1
4ca31d816ef051b337c5b2ecdbd58b77,5,2,3
d220d9ce04a20db90d0cf9b2ab34ed7f,4,5,1
936979ce0687947765e88fe5fe1b741e,5,4,1
5ebeafc8671fe60c04a814565386de2d,3,4,1
2de300305c4fc64802a63341e5780c24,4,5,1
3525c1f0c416e65d601c6a9b2ecc9e96,5,1,4
abe81b8eb8d846d18c760f8430a2ed55,5,5,0
497d0bf310db54cf903becf62f8ac606,4,1,3
00ea33f994bec0bbfda582074083ae12,1,5,4
b382d7235f663379d5eb74493ca12981,5,1,4
2e346f2848b0263dc1775fa2b5af2719,5,3,2
a2c95702477a50387ec1b32968bd9d40,5,1,4
3ba7bbd7b7686df219611578ece6918c,3,4,1
e97ffba03b587c280382be712f1e3478,5,5,0
434f7a628e876492870a0849b88e007a,5,1,4
b6bcb5bd5e05b11cfde23235152ebc56,5,5,0
8aea472a57fff07c40f9c6a4caaa3234,1,3,2
01c1644529b18608f086d2ff0f3b8181,4,4,0
af19170492290aa8663d820e73d09524,5,3,2
b445d4e5a6d99bba5e51592e7263b560,5,4,1
d4ecf069cf056cbde7553bbd394cb753,5,3,2
da21b6d40ed0dd45f179419f72f5816c,5,4,1
5ba14648d0bf31758b80a144887e42ca,5,5,0
62b0218b2b5a838f1aa7f1fcd11a59d4,5,4,1
926b3a8fc7e78353dc3cb0ba1a06113a,5,4,1
a526fe23020ad8b0d2b1081b7f769452,5,5,0
61bf64d7b02245b6f59f471a6ca6ded7,5,5,0
dd25b9c9ad6b58c1431edea24eeca196,4,4,0
cda39e972551602661cd5e8908ee82b5,5,3,2
90275eeca491639c0cc2d4095a60b2c2,4,5,1
92013735c1ed554505fd8ce6ea7695eb,5,5,0
6704e7402168366c804f2bc1cf9c2163,5,4,1
5fbf74426609c2706727d1e358652e36,5,1,4
fc3ff005fe8350241fc153d6828070c4,5,1,4
c13e96ee541f8f115bf9a364d29a6169,2,4,2
e6fd9f0475405c18cd73f21ec473814a,2,1,1
3d69b8fb75425d68773abee98e5217da,5,5,0
61b99e917a3da2c77c1a3ef38cdf38de,5,5,0
80ef7b40d74026eaedfecd11cf473a65,5,5,0
623913f52c2dc1270020863558ca9ed1,5,5,0
0c23e216707906b2996b9e2a5bf5ca93,2,2,0
9c32ac1b13a37b06f03369ce3e4bad5d,5,5,0
cd9b48fbcef64e5b838f5026ac43c776,1,1,0
fb8d6e92e3a08fe6485d4fb08d23ae0e,4,5,1
5ec0629d25d2736b943c5607137c5182,3,4,1
2db42ea65de6f21be729a6671b074a4b,5,5,0
3fd1a0108718230e45ed596af3c04ab7,5,1,4
5d15ec992a829ae0c5a53d8e6030f08f,5,1,4
296752c5e35a99dd06b9100ab400c8eb,2,4,2
71588428f9341618a05bf69e1aba5128,5,1,4
b13cadb185f2bb978f8d4395bbdb496a,5,4,1
caef45ebcbb19b79936b20d0bf662db3,5,1,4
d09ffbeb0a9095250893b3da1ce411e6,5,1,4
73eadd2f34b77806e8edd031b0bc427a,5,1,4
fc8c2e8bc069aea361c41c313464993c,5,4,1
6f7485cc8c52e561303a255ddec82ba0,3,5,2
8e111be7da8066764ce7894bc1623c69,5,5,0
274a7f7e4f1c17b7434a830e9b8759b1,1,3,2
66bcc2331cc018f64c7be44b1f9dc767,5,5,0
8e2b743537ff14af3c1a7713b7d4241f,5,4,1
38a76f00d5b3c97a558f376ff43a1d15,5,4,1
d97054c687bd818d4f7b78cda2eb4f01,5,3,2
60df263fdbe0ea250f1b4a381778d7d4,5,5,0
eb2407826087507a6c67c9329bbfaadf,5,4,1
4bb9c2002502ca416276dc1ff5efb1b3,1,4,3
95ab576c40cc5e27afe26b35bf6198eb,4,4,0
78b271a8afaace85021c40cf6adb61a2,5,5,0
33eef7fdc8d66d56aec3a027f087f8bc,2,1,1
e9a88f18e874c214619d73691f41ce5e,5,1,4
5a6e89bbd9436596a727dee37c59a9da,5,3,2
fdeffd68ae417c6344e590b1f672da56,4,5,1
4fb04008f96cb74d5bd6bbc8600cb3fa,3,5,2
51dc4d44b3dd650e6e1ea0486819e0c2,5,4,1
5ca64dbf0d6d6aec2ad73e74b918de04,5,4,1
bb67cc66d5cb19032b1cfbaa4d36b371,5,1,4
a8ad28f79779c30fcf9cfbc6c74c296d,5,5,0
674f118582ce68f137f8a355527a1edc,3,3,0
9892a9783f6e0c59081ffd81ba011353,4,1,3
71b725ecf0efc07cbfb6fbc0d5f894af,5,4,1
70ffdf594d9f10774b05b0e2f55b0eac,1,5,4
89a6888756b6a8bf9cf5c81f13deccdd,5,5,0
5351f503c54ee55d453e848ab9b922cc,2,1,1
ecb29eb956683b4c0a93b0a6ad9da2d9,5,3,2
abda295410da87e6ac0742ce5abbbb9b,4,5,1
0573f0fe44a09808d06e716ae1a478ed,3,4,1
62a4fdf762d5c41efd4bb2418f236e9f,5,1,4
6514f4ab77bfe2791416987c6c136b84,4,4,0
73c67371d275029330214fcd2b439fcd,5,3,2
68eb31d36231dd3fc97baf5cb6f73103,5,4,1
438002557b0a579c8ac15486c9512458,5,5,0
c80cc9af6bd1c32747e2f79bc4ad031e,1,5,4
ef814f60d8d32909ecb19879c24c1f53,3,5,2
764bcaebe1a019d6c12165f67656db9b,5,1,4
6fe061963af4f849e89ab8a704bfbb23,5,5,0
7db6028d54d5921d79f3cb2b95e63a73,5,5,0
a7684eee10105bc8c5a8e3f2f05f5253,4,4,0
33fc60c6e27e2f4a0c98e95b5c0bceb9,5,4,1
6dc17e936c09215edf6502467ebd5eaa,5,5,0
6248558af11709756b658f25195656ce,5,1,4
35b7d83c8629ba8d0f718d9d293cf436,3,5,2
b53a5ae7a42c37159e3cc26b92174246,5,5,0
ce3f08db12e92209931e4bff447392df,5,1,4
420011ce3780f71ff75fc9d705144a9b,5,4,1
3c042ee4b8b597c3d265a93a21bbf99f,1,2,1
f2f137f9fe17507557ca6cae0804094c,5,5,0
e39f9d87fd277163f36c3d929e0a8cc8,5,3,2
178b5b0a92e0eb145266afde0c2fb50f,5,5,0
fe386506094fadffd450e5754b5d9c17,3,4,1
cf099a8029312a7454ff616d5fb6b33a,4,4,0
6334bc047d9d52c079c55aa36e1ea593,4,3,1
29f6c8fd6605fb62cceeb59ce698bf75,5,5,0
ab208b143122e9e71bd46dbe322baf85,5,5,0
72ee4a26e767e55282ac10e63c7b1227,5,1,4
4cd9478b63edacb631dcf780b036b157,4,3,1
070a62ae87136bfbe6ef6d0e2883cda5,4,3,1
2a152286cc2026c2332455f5b2ba2980,5,5,0
17f6822b66a6bb2281a02c2c906336a8,1,5,4
a454983d73207579d61a09fb40ea7ae7,5,3,2
6513d58f817f52bde8e49d1186c1f1f9,5,3,2
abb72024277f9d7ed4a0dec9cbe56e03,4,4,0
bbed43d93838be47e3a0b194063660e2,5,5,0
469c8cf0bafa84bcc6a10629bc4016b3,5,1,4
dddd0246e8f6c9ac3de26c2b11f53189,5,4,1
25d0b5f3b18171a316c74039473013aa,3,1,2
1256a493fbf2d6047d845aaac3ddec81,5,4,1
ba8f5f6ccc272ef699a870b21ca9f9cf,4,4,0
36a924d21368a46d4ed120b8adb1dc3d,1,1,0
9b9f25096c0717bf6728bd6d56a1d1fd,4,5,1
13c352b184f81a5ef34fe2d204c2a968,5,3,2
933b8ec7305b79bf5057f495364a7f20,1,1,0
f99194329617b84446bef86322b39b74,4,3,1
15513623d17d4fbfb1fc871c176e9f75,1,5,4
c24b8462503bdf22720225bab4a5fbc3,5,4,1
fa9b87fd80f047ab5016c45aa05fd748,5,3,2
3faaec4beaa1aa546c251ae06e326b73,2,5,3
bfaa65d09b9fd34aa36a23ad90fa7db3,3,5,2
de3d4c045bbe60df44e296c60a50bae2,5,5,0
de997de62f053c73ff6c2dea94b124f7,5,1,4
0dfa1a2ce4218fe50a09559609703829,5,5,0
eeae538503aa251c060d45ea2ef3fefa,5,3,2
7fe55ddc45e39704cbd15147aba7b23f,5,4,1
3ea393b6b5c82e62aadb0bab29892bbf,5,1,4
5fdab414c63ae3857866968ef3104328,4,4,0
9823470255ccbe326173868208d9c4df,5,5,0
f25f0fc51351ac9fc1dac7f8fbe59470,4,5,1
a4486566a4fefd15e310cdd38490bd05,5,5,0
3eabaa998b43c58b0d27b9afa79060ad,5,4,1
9ca4233f35ec6058f6642a8124c8f9d2,5,5,0
a9d3d5644ade0a1e4724dbb4df266a21,5,5,0
42df71f66e653cbe9e87913834e59873,4,3,1
2dd30e05504d2714a28029f29ea95d80,5,1,4
5f79591dc99f5f8850f6259c80b83be2,5,5,0
2313fc14bc3187d0691674f1016242d9,5,4,1
a6c198c8e63125ae81a291223605c872,3,4,1
38fd8252e151b8a2392e7fc051a94240,5,4,1
4d1469bf66cf37bc18f5ec280e25cac5,5,5,0
797d09101d970843eb1cb6e491b4da0b,5,1,4
5eca045fa695f7cf941f1c96d8a96a78,4,1,3
0b1225af9b8d9ead4bac8d07f4da8130,5,4,1
2543c6a3c6b09c5f720768e3d6f464d8,5,5,0
5485b7aec242643d6d20665586e616e0,5,5,0
54f17a6fb99f59adc37b22166a7f1871,4,5,1
54dd1a0a63644a70b3a1ad75cbdbcede,4,3,1
cf3d593f97ce4a58adbd6b488579fa36,5,5,0
4e4b558e89e904e0f1b7f8de516cf529,5,4,1
f7a20a4ac3d03d724e4676315f5e2292,5,5,0
b0f28e04b65e78eb17834ffca7363fef,4,4,0
e3d8160bbec52fde1232633f278d8626,5,1,4
3ecaa8212e4afe6b832d77f3d19a4932,4,1,3
5570d1c57d34b326bef85dc8ddf0c986,4,3,1
b1973248ff76d9a24f6a8888662de6bd,4,1,3
c23ef0b7332bb9b0b8e3ae45346a364f,2,1,1
20e871f0177ed08afbde20c48b9ab83e,5,5,0
4fd59975900e997c6785ec9da06787aa,5,5,0
d2d67eee0f617d4f903febb0279cd805,5,5,0
adc2f0c9fd838d820339f8220c1adf08,5,3,2
7411e80d3c6186c9bf63c006a63c2217,4,5,1
fa4ee681ec32520f00735c89736b5d41,1,4,3
3c6956bf8f0e149d42761d50bf2ccb84,5,5,0
23f563c1e12c5d6d279ecc446b5f933b,5,4,1
01882618ede11253381513166b49429e,5,4,1
ad6ee9479111c0c9b69de241c98009df,1,5,4
28f94086a4839218d5499240eff0d805,5,4,1
343ad65d4499c28a305a205b8ebc0cd4,5,5,0
3b729521034317529479f3501a6bd163,1,5,4
382b9a329506a02938a67de41483aca1,3,5,2
9e2b4837befe1f63cab8e26686e848be,5,5,0
47cdb12caf2067098633bc9a0d3679f7,5,4,1
aaf164d36ed493530b104e9e76e44af9,5,5,0
45dbfcedafb7b44504dfb439ae973db0,5,4,1
0e4b1ee38c10f79bb6eaffa7c60ae724,4,5,1
63324a20b5f0324063118eb12d4ff9c8,4,5,1
f5e2da86d5da6b3c66ec9f76a8c91bb3,2,5,3
33adf242c9c30fa2e16fc97d70845487,1,5,4
67df019d84e04f3b626f8ede2dce4517,3,4,1
cc38f8f9071f47f557c40005c7884168,4,5,1
ae103e0dfaa3fc6e8b8c9cf179c7a94d,3,3,0
34b796020f4e844c32a2be513b713f4e,5,1,4
2927bfd9342aab183f5fe48c4a8a397d,5,4,1
ddba9859eaa6e81ea4f2ed0263d29291,4,5,1
621d4b50a57e7b6e6d047671cb86cdc1,1,5,4
8e037d22abe0755825b4a5bd17135b23,5,3,2
1f8fd5fe13ced0df2d9b93995534e59e,5,5,0
366b4b0bfae819ac43feb2b2ef5821e8,5,5,0
746cc121ac6f89db74a5fd4561727252,4,4,0
4a43d3c22320336cee933c3b90a9e55b,5,1,4
38971812f1db9e4a30885e5574dcbe53,5,1,4
db4154596e2ed7948afb50d3fb3dccfb,5,5,0
13831f5b4e64bcef58f4a1b4cc8748d4,5,5,0
ab0e3f0ce09583e2bb01c40b6b4e32b5,5,4,1
ec646a938d0bd074a2df3d54d13f8176,4,5,1
2c6017cac50e6be76810bbe9af615005,5,4,1
69051fe25e4f0ea3d9526680434bb1e9,3,1,2
b92aa81f74ab98a2f1a9cc5659f6edcf,5,5,0
fb699452d6799cc45801c305bc0db749,4,5,1
6e4008bddce63615856554f94e5233db,4,5,1
2430d337cd4137d6647ae1afbcf88719,5,5,0
f3b71bda51bcde2c100176e4932c4492,5,5,0
ec042ef0cc05d098905c4383c70f9132,4,5,1
f19173015566f0318e6e12ea9dc36b11,3,5,2
a01edf5b15e6c1a5cf9d9c975e23b7f9,5,3,2
7ffb2f75de37b73b297a0923735af96a,4,5,1
db34c05a3a62253b75d21d5383f7f094,5,3,2
adf766a719fd52b485fa2127fa0dd9a7,5,1,4
8c950d9b4adf24655fe399e36f89cad8,5,4,1
0a0e76ba55e310fd24657a1f532b97c1,1,1,0
2bc18e49db20b51c4868e3a9ae25ae3f,5,4,1
0281b24682fddf0c7efcaa299b066827,5,4,1
62b134f6580231f5bf280f239b6f8ec7,5,5,0
fcc9c76cda1ab5637e8ada986e1e3cbe,5,5,0
80e1772e4e695fb8c74ccec030acdaa5,5,3,2
61d903b9af9181717baf3abd115fbd71,5,5,0
377fd6b04bda10a4cc4e37e0adbf1706,5,3,2
4f6d9a586fd193f129a604d6fd011177,5,5,0
67801f243da7ba900390b8be2515605e,3,4,1
b00b03aa8a123e124b6c8674275138ef,3,4,1
c8f940fbc25bac4ef4c6c97047d59899,5,4,1
7ec3006ab91bec3ac4ff2012d50fd8ee,5,3,2
c4f67dd915abee56ff2c2bd41bbbed24,4,1,3
6e86dd87eb30b6b70932e528415ff5c3,5,1,4
25b5682781766b4b351cc1475a5caf30,5,5,0
33e9e7bf59600996dd1a153ce751753d,4,5,1
dbac48843f558f3518a3214cb9e818e7,5,5,0
55c2859a526d3cbf1df65ee601139c3a,5,4,1
98c5b3461f699d417f26d5dcfc210e1e,5,5,0
627e47b61d377f25bcbf4528f2f4c78a,4,5,1
3bfc35d4ba7683a65787e6be78b670f4,5,1,4
d6b59aff700e82a5581e74b3856fbaab,5,3,2
94334c434972d5f591d2e72330935d25,3,5,2
95d58200aba7137d350ed9a168c84421,5,4,1
40e4b27fe658a1c1e627e503b29ef734,5,1,4
dbc6163631edab2e963462a16fbd7e8d,5,5,0
08f27a5ffb706cb79c10365101fe6791,5,1,4
f2c1189d5573ecb3a877c91242289b4f,5,1,4
3a13ffce1e0ef24cc710957be4cb9054,5,5,0
7f9452c3eadefff7f345a339489937ef,5,4,1
346b2fb1fdc9e25b67e293bbd5fe9ec7,5,5,0
0d33a1e4f7c4426e2adf540cb219baef,1,5,4
04287a84357d7a29361c0948ee9bb4b4,4,3,1
0541ce103afcdd3940e866e3cbf7a77c,5,3,2
25991ff9d06bf9a881b1e293b7187065,5,5,0
6b6e94314b51fb34f0f7724250d70914,5,5,0
3f0371aa67821598a57596f091ac6ba5,5,1,4
5ee25db3905647605d30aa9aff44782b,5,5,0
611dbbe94f5a41ae2520035297b02b3a,4,5,1
5aadbda0877e0d99ba07f785cd29c362,4,3,1
508ef7d543f489f3a281d9b0157edce9,5,1,4
0c41735db7b9b04cffb97ff1309cbee4,5,4,1
e0e86ba567043fd48c98fbb535105f00,5,3,2
0240111ef6f94ee97599bd002acec1cd,5,1,4
0625530241d6fc5812c0062962c29a7e,5,3,2
50cc713127f0c3035445fd5fc64460f9,5,5,0
665e56cc29529e3f1c50ab201a0fdbfa,5,1,4
b277cd83cbc203702ec0b15ca86799fb,5,4,1
63a2b4d7eada51b13286108f3dc29b3d,5,5,0
17854cb973394948ffc171595b2ea615,3,5,2
4fbaaba9d91872cc7286e3475e6d6699,5,1,4
ad6752c93490621478814d2383b62f89,5,3,2
d0c4a5b064e0ec72eca6b1c01ade0181,5,5,0
cbdf8cd4ae312edc69cf3452d01f0671,4,5,1
8c5318153ba4cd0a91405a8733338fa4,5,4,1
b2c320c0cf7961caecc4a7612d3f8ece,5,4,1
3e361d7bc7d141fa6c9930d4f9572213,3,1,2
14e6e050a57912543937e93051cc7b2c,4,5,1
bc9bd5e4ac265b0e6cac08b3019798eb,5,1,4
8bad870bb86e0b67f6db07bb5e3c55c5,5,5,0
52d4e964678f749ad4f638a329d88954,5,4,1
f86f46ee31cc78320b5970d106ed26cc,4,5,1
a75fdbe33591254e4e2affc92886061f,5,5,0
925d5a139c3c9f4e3f028685b9a95617,1,5,4
7174ecbb9386dc1387ffb830640d7411,3,5,2
f6222b0551b7a86b06483e58df64df89,5,1,4
c7100b00bb5041fcbb2d386392c7d2ac,5,5,0
553cd2acd876bcd93f9d3fcec45495ca,5,5,0
57c33fcace2177cbe5a1a1b7295434b6,5,4,1
fac55a13559083574f22e40e7918420d,5,5,0
60a501a373300947c27bfdbd0b0532b8,5,1,4
885a0c426d02dfb90c496f1c0a52e687,5,5,0
5cef0136de603dac5471ed33114164ed,5,5,0
e8f5f9fb65db20f08e707adec28407c9,5,5,0
5d97e5c1271e63ad96d16752ee92d4ff,5,5,0
9040dcd14cc032f8abce25f90b9739d8,4,5,1
217ec7b7a29a68b086c07bda53f3f6b5,4,5,1
de001e88a16cecc089b911816d0cc818,3,5,2
3c843728a555b7e433f4a128b82d6740,5,1,4
589933ac523b325d3739a6540f7f6715,5,4,1
c6cb31f8b07b595bf517c4bc1e86d35d,5,5,0
dc1bfd548330a38be6064d8857ab359a,3,4,1
46ac11dfb657fb82eed780478f2936c7,3,1,2
1dfe1249fb9a3871f918c37f1e5f68a6,4,5,1
465e35e9d79f4b18d9c506b78cf86c62,5,4,1
e1b92115b451b872f99427e411bce52f,5,4,1
1541c47057fa62778f2f86eb39a329b1,5,5,0
0644bbc829f241622c4c83b08436c465,5,3,2
3da024a05d8a0394947d8a4dbfacb15b,5,1,4
82e3a65003da8fad958036c94ad785d1,5,2,3
29d3feafff91c156f661f3cfed630f1b,5,3,2
08e33dc1bf04d3cbc2fb5e93fbfcd6c2,5,4,1
e8e92186741794a0da48d868267ce635,5,2,3
5a9091e3b6449a23c5b751f426945acd,5,5,0
cdf0571d960505817e8a525040584ae9,5,5,0
21fe49b64fa913953b308f40345336cc,5,4,1
43d0e984f7e7256bce2b8f15fdfef0dc,5,3,2
a807e37413ae762568568100e439cfb6,5,1,4
80da866a2f8257c4878f249ffa36390f,5,5,0
b76fc14b6f5d449d3abad25a2f13cc2d,5,4,1
c8ad107bb7f36a8bbfd791d3650ca446,4,5,1
8ffd7451dcd8c7f8dad79450d7f4708b,5,5,0
871eacc5e01425943ac0b26298b0b899,5,5,0
ca2faedbd7bcfa72032e1063fcc8ca5d,5,5,0
a3935e4485cd7848426b3c0761728345,4,5,1
2f54db7250b3463f57049dc32ce4ff93,5,4,1
a394b2199baa9280c6febcaf0b35ffeb,5,4,1
d2586b48628c08153ed6ebcc26dcb208,5,5,0
16d8aa6e57efa7fdeec700d10f671bf3,5,5,0
d567c76cfa5212048dd3be0f0595b358,3,5,2
67cfccdc9f8cc58dc90fecf42712731a,1,3,2
014a0793ab3d930d6f3b206cee474af4,5,3,2
122e1fa741b4749cb51d77c6a3f8107a,5,5,0
e1f07bd016a804b8e38ba7dcbe65d663,5,5,0
329818399e3d2636cd3618c0f52954eb,5,5,0
046cb513a5ed6d4f7506af8f88636609,5,5,0
466fa6875c92ccd8425b0a91a8d1a771,1,1,0
989c69b80eadc79ccae5fe89c92a35ce,5,5,0
f626e77f9c9ecc457412d1dbb20dd314,4,5,1
b46a585f4ae96d0dec633727953055fe,4,5,1
7789aa644b371ea2081e308da732c567,1,1,0
c12dc1b88c47c377eecc9384a4b1c7bb,2,5,3
c6f232800bcc02894a679417a1a93822,5,1,4
1dc1a1e530ccf4da96b6b27494cd652f,5,1,4
a68c415df0747ef11512919344831905,5,4,1
dc66d02aa72baeed7ea19e8d5bf9531c,5,5,0
1b00c25be45a0f9ab100986981fb084d,5,5,0
305f5b9d60b68527059527234dfd2b9e,2,5,3
1d74feccf8381303587104e6f647a189,4,3,1
9a7ccfdba447bdbce4d18b72bd69e594,5,5,0
813bd43a2ed21157ce6f32346a63e01a,5,5,0
49feda914c01f29c2cfdf7708278752e,5,5,0
0cdc9c620e68547b5d7b5b5d974b675b,5,5,0
7c704545f1306e9cff9216e6f34d5111,5,5,0
354fa109f2f8c98606b21722fc02433f,5,1,4
501c116653eaf88cfccc776f8066c13f,5,5,0
3757a57cc9b1a53aef763138d192f7d4,5,1,4
d2f2ce56e25363753d572f7b705070bb,4,1,3
886e9aa900cc918c87009fa3bbb3a493,4,5,1
df78dad0e4ef0211f5622cc26f335900,5,1,4
0ff22bde315f6d0807028be76d9e736d,4,4,0
3d989e705eac70bfb1f4a430924f3402,5,4,1
0417c9ab9d789459e660e8d325ce4a6a,5,5,0
90a5ab921329e3765b29cef31994ee5c,4,4,0
0930df388b21f34fc3f0e3baa9a73016,5,5,0
991bf1c6e96eaac9da55927eda155d99,5,5,0
1bc4cbfa417cbf64682ad0f639f9e58c,4,5,1
852f03ee94e792bd908883a245f246a1,5,4,1
330e33c1447ae3b325c4d6e64302523a,5,5,0
1a555b0344dc27a6cc184ba866597cde,5,4,1
3891818a949d667ca119b3567b52363d,4,4,0
0866d83668146dad766bf1a583207b19,5,5,0
99c7028b41234ebb47c132aa3c6a1b47,5,4,1
3ebc89671e73c92c14dfd3e9d6af7bda,5,1,4
622313cbbf2c6fb616025bc038e3bba6,1,1,0
04dbc8d27bc4a29787bbaf068607aa76,5,5,0
9a0e3af5d24c8ff2a65b4fe715ca4618,5,5,0
9cfa13a566f8072bb6af2c225db04e5f,4,4,0
c5d3fae065a8090bae39f4f34b14cd06,3,4,1
68354b9bbb79df0863b0138440c9e1b1,1,5,4
90d56ed46d2ebca29d7bf65e65b906e0,5,5,0
cfb27c26476975225263b55ce04d8aed,5,5,0
a17d4b0709e6ac90ab18c03c61224c26,5,4,1
f2991816555a193c68d97e39cbc85277,5,5,0
61478fcfdfbc524f57df31651d8f38c9,4,1,3
099d62f80912acec8ebfabeed29585cf,3,4,1
741657e2b9b6c4ee4cc84d86abb64158,5,1,4
6413a8cd79f9720426fd12968b388228,1,1,0
566bd20ab298b6bf2a27edc5084545d9,5,4,1
f538ab1833873a6a10bf9e563867c4cc,3,5,2
b13d41f7f58e83efb42dde0657777b9e,4,4,0
a8c02875c8391d968525088da5fce5a6,5,1,4
ce54af4e3da631822ae6be14ed5bee6a,4,5,1
b07bd6d2317297a22b80a9836b464d59,5,1,4
630fef4cb38a0f9fce00a6b096243942,5,1,4
788fd52fc975c7697d2de726a27d4146,4,4,0
b7af6b8813fa3bb23a67f2fd8284db1e,5,5,0
9b52c70d4fbddc36fa8c5e4c94c66501,4,3,1
5d062811114a1d4fa25eeb314ae05bb1,5,4,1
6854fffdfe70d857523100e4364518d5,5,5,0
dcc18c1162f298e794595e33e3822f91,5,5,0
bc6e9624c0238056251784cf956cd10d,3,3,0
ebb74d4849355d5e199da48333a12ac2,4,5,1
268ccd28fb62008e06398dc300d3f0bf,5,5,0
4048feff4f2e6e394bcaf4981d27a9bd,5,5,0
b8197dddd8d9e9a9789a8573d6f84d7e,1,1,0
cd785ff917fd0d23a0ff435cb39c037d,5,4,1
c94206a6d6698d5852b7e9e14bdc2e79,5,5,0
107e9841427111622a645103d621ffeb,5,4,1
c61c1f9b82891118ed6fa642e362331a,4,1,3
9b308ef7d3e9d1bb7fa93b12b3d04c1e,5,5,0
1b96de55f67268aaa1052ccc6cd7f831,5,5,0
fe5cc94bdaa0c8c83b6cfb74d01747cf,5,3,2
d0b7e763d0e6a967ce3eab75dd63f912,3,5,2
a1c6f504575eb7ce4a5194a3af7316e0,5,1,4
275bdc3d32ed65dee689eecaa10e7a80,5,5,0
be6bc4cdcfc38b102553d294d1ba4725,4,5,1
b6658ba6ace73d4a24ff0b48662ec452,4,4,0
343289ff41523c04e591262e4af6a288,5,4,1
ae938042ee33a2f3048cb2e4d25f9bb8,5,5,0
aceb1960c578f181bef6f5981235eb3f,5,5,0
0c75e71e90c568ddf98a984598c228fe,4,5,1
9c9d2097d4c2b46f2963f34e32a57f35,4,3,1
4f6c9a6e90735ece5281f9ed8b5d9b10,5,5,0
728aef02244c36e1fc4ccfa9c0399c7c,5,5,0
0113c9989fe6e5007795daec0633b405,4,1,3
70a75c42b1a46c6a84e3c4ec64edc900,5,1,4
a250092009e031f3162f9134a40261c2,4,4,0
fd5f72be11f7a4426a3cc9778f643272,5,4,1
fa782135148e65b22650c993a922eb41,5,4,1
5d1af85a51beb3a9787bdbe3152a024b,5,5,0
b647b0e8ecce1771ba6f6a0cc30d3f99,5,5,0
648eaf43449457fe1ebea319e2fbb2a0,5,5,0
586beaa2e8ffefdedcba61bfabb0c9d4,5,5,0
e1bef85e8803340d03472e920d4a7ce1,5,5,0
6b8dc65729f47b72edbe497fdc431c87,5,5,0
39ffbfb6ec0947fd9825777cabd10c0b,5,5,0
aad88050b26c8f49d2bd3c87af5b7b19,4,5,1
3a5cc35f681bd421b9ce2600aa48b4a6,4,4,0
70ee39a40074e0c39dda6d286a77d5c5,2,1,1
84135f650b81a3dad8babdef22952b7f,3,1,2
49549ed2d115e970bfb52d517fe0e91f,5,5,0
e009b6b041176283c1422066465c9080,5,5,0
cb71dc72237d3c654e1ac60c2ea343e2,5,5,0
9c03be1087488bc61d88e75ede43d760,5,5,0
6304866866c7683271828d0a97c0e2a8,5,5,0
fe206005e41f89f9759ece7fe7acc9c3,5,5,0
98889198028c9110a7e574e3969b96cd,1,1,0
f1a0e55a47be518c4c52510abb60bf22,5,5,0
3124a5d54e93ba5ff18e0b1db8737f08,5,5,0
77197d80101ec8ad66a1e174eea411e4,4,1,3
43f32fa8b0b6eaf74033bdb392a481a7,5,5,0
554647072788557163baf06383119edb,5,5,0
8135d95a571b0c0529ad5624a7f72ddc,5,4,1
cb12723b588f7153304564e192985477,5,5,0
5561adcb0fd46da4cad3048fa4e7fc00,5,5,0
d12bc53f5678ff02dd4b2e82bae44705,3,3,0
c1e09d04655160d6d54de41e9d001c47,5,5,0
f78fd0f1675d338dbd4702e59c15222e,5,5,0
d949d4dcea6ae27ff040b9f9f40fac7a,5,5,0
877e77fa066905d1dc21d9677a649b85,5,2,3
6fa76c8ed368d55189c8b0670e28d6d5,5,5,0
eb5427f4ff8a102106b236e05e751851,5,3,2
9f40e393aa9198eec21f6c89f378da4c,5,5,0
c4ff30289b48ee374152a8c534ee686e,5,5,0
f83c8acd504b93200d7313d293a35f31,3,4,1
ac0804adece431f14e99d82ab558c3c0,4,3,1
d015219f23681e41543e3db6504a4865,5,1,4
a0ec2470862d2c4a1e6a4059cf80e330,5,4,1
29bd5d4c7f91a9952f98e09ff439cc2f,5,5,0
4a1e1c50a0cbfcab27c770fa8e92545e,4,4,0
7fd5523638d14a53e83d0a9557082002,5,5,0
d93ef0caa7a160caec60b4d6833415a6,1,1,0
c582a4926632a43d138711ca8b412ef3,5,5,0
a9949021920356d13455f9cfdf3cba62,5,5,0
0261eac8b7b097ab1e28579b69e6ea90,1,3,2
978f2a08eaa3afb7a5989fb6c7a79431,4,4,0
20887fa4e0df7ed8c8d252ec5e9d4551,1,1,0
d41e97a225fbac25a0a54dda976cd7b7,5,4,1
7797e37c568b84182c813b9b2492b384,5,5,0
62a7bb29522188f4c6467125ea02e867,1,5,4
11658ef3bdfaf6a5d20927c19404c1d7,5,5,0
8de5dd99d488cbaf9ecf38e08c08be10,4,5,1
82121ebedf0f27bfb35630958489c7ea,5,5,0
44dafc587781c6925a5f4f27e083d75b,5,5,0
07f56da421233e467768e579872a0a9b,5,5,0
af98e1e5421477499fbe040966fcfa0b,5,5,0
57877cee20b0b56f383bcec5069c48c8,5,1,4
1308ad90597fb922916cd20eda3d53b2,5,5,0
d59dab0bce1cd6bf2c2252459973397a,5,3,2
10f0137bf8918dbe09b3744dbf5d6644,5,3,2
022aa0edf94712a82983961b98e4a9a1,4,5,1
062d3e3b803bd3e569cf8c165602f8f4,5,4,1
29c69ae727d8bb736031fca3caa080a9,5,4,1
29667756c1c215acb0eb87fa48bde75f,5,5,0
a0b3949913dc87721a55ccc60e96e8da,5,4,1
acefa886e54be2156f0d139a106d063e,3,3,0
c67e5216a65692a116a99fa61da0294e,5,4,1
f300600f6249f0d8040644e6a39d134d,4,1,3
eb20fd7b3bccf8d4f41a18760a129045,5,4,1
69e8ee164e944cbaff1691440ed94f65,5,5,0
1b8b5038e6822fac27ec53fcc6c2cdd0,5,5,0
4568bd0a9ecf831c2b27743ccf0f2015,5,1,4
f41fbf3e30f0f79822348910ca2009f2,5,1,4
d614d13ed2aca6884ec736b100a96c50,5,5,0
5e8dbd59abee490ba3f319a92089c668,5,5,0
f0a855bc72e2b9252c598b6ca1c609cb,4,5,1
94c1ff18eed8c1bcedb78b7e0c27da55,1,1,0
4a39a614e7c288237aa03883c20965db,5,5,0
80d96347e69c438801f589825dbf0d66,2,1,1
93b4851a0e1121b652d1a222c342dc71,5,4,1
ef34fa79f2069138c745dba034f9169a,4,5,1
5b06c269c3a2b80e54708a2bd3ebebf7,5,5,0
5076401c4f2f4895fceef67a44144242,2,4,2
f3759e04439be59217e3d2bf21ed2303,5,5,0
11b5d728cf646933ec26e0457f67890d,5,5,0
2e25edce866b2fcb977f54d25a294b09,4,1,3
8fc32fd1d663bcad34398d254fcce471,5,4,1
beea13c1c08f647c1ec5b6f204002516,5,4,1
ffbb04002876c95ff079b7b4df8eee28,4,2,2
926f43ab78d2296edaf16b2a06af3078,4,1,3
068ef03abe39323450b52f486b34bf3d,4,5,1
ce234859d0a65f93cc464a9c1424b5d7,5,5,0
53d6886c41145775a6da5200aab4344d,4,5,1
f43d93234718239094d891aca09e73b0,5,4,1
f3a9533be7d4d89807905327d3d9a90f,1,4,3
8cefcd4d626074f8b6fa9c501659da8e,4,1,3
d80b473a1e39c2640618ae7d6e181f4d,5,5,0
107184b32040eb4fb9bfad381805d105,5,2,3
7b421b7b2a461b494f9b4e6c43b1aa87,4,5,1
ddc18af6ae773bf05e10a4f26aaf0b33,5,5,0
0a7f55f1119615e9adba581bc94ee02c,5,4,1
ef65b956d32f49ca2de73231303e80b3,1,5,4
5cc1c83e5cf3aee8af42167bfe2a7024,5,5,0
2385d136c16c57565bf3b41bc45e6551,5,5,0
323d47b2350119b2f1da2f6fe63e1e73,1,1,0
6beda2e83cae415b15cbe66e53e39f90,5,5,0
ee34f36dac2c39b91cad39b9c8d74be2,5,5,0
bc3dd54a59fb99e166087c3525c9f189,5,5,0
92a60576ef193ed1dedf55ae74b293f8,1,3,2
d9137c81bf939fd8a1934f77b701422c,2,4,2
f1691c39efe4833d90ffd3a9eebac207,4,3,1
e317f41180b8a6fa3ce86b6fba6ac3fa,5,2,3
9d2bdda2af62f91df2492e397af26e09,5,1,4
62527ffb0a777fcc82e4796cb9cc3583,2,5,3
9df16fc9c0296bef63c2effb85d6969c,5,4,1
3434e5afc6505a2ae4ae9300e35fb818,4,1,3
dd67b7acc6c65e92fd2db3c8afd56b2c,1,5,4
65fc00880e8ad49374845c44e5993a52,5,5,0
02a0929986b1647b2df9bb303b4851b9,4,5,1
ff1b05d81637f0904e3dd85ca4e50180,5,5,0
00949655cdd8d0465e433a5e6c9643e5,5,5,0
7f7b3e8f848e23fbcd3d2e096d12ef94,5,3,2
11112c53dc1c411e991ae06fafeef392,5,3,2
436a9aef30267664e39faf27982b0921,1,5,4
b28aca0743b172fdbd3cde1f703e4067,4,4,0
2f9518f273a6399fe8a94d78129fe404,5,5,0
147358ddf9e49b36b1e82b648678d1f8,5,5,0
d162b6f63c6d0885e7b3fac7f1f23b62,5,3,2
77c514940a145ab624fa7ec202ef6dae,5,5,0
cfa3ebc822bd859ba19fa0daf5c77c9d,5,4,1
0629053d0e1e598c7a5048031e19e31b,3,3,0
ac0453dee118265767bf9c26966ccbde,5,5,0
7a275273bce174382bf22826d9150592,4,5,1
2a005820c4272e5679d8174656fe4e96,5,5,0
cc8454f08599794be25a95f691617e11,5,5,0
9290f6ce796b33b287cc5e48674cdbb7,5,5,0
e895bb1a02c9624c774e8d314d4ad0f7,5,5,0
3a1ce4053005d669ac4e0047a13573cf,5,2,3
aad86d958ecbedd8da621bf570b1ab1a,4,4,0
1226bc7c4bdd186e5e12d4c3ced73cac,3,5,2
36b8a8489ea76d561b88cf2d22bd965b,5,3,2
d97c11eb9b8f2f16f9b40432c070c8d3,5,3,2
75e7a7873f5f25594624a750188facc4,5,1,4
73b6421eab18b6b987243919b98675f8,5,5,0
020aec76c43508e4214579c52c1133f4,5,5,0
81c79eab1c92dee31a9a5194bf6098a4,5,4,1
81f2057c0c9128404edf9896a9269d23,5,5,0
362cd36939c1c4638bad780d01b3fd68,5,5,0
b7a7ac8cd7f24354a07b090362fbb6bd,5,4,1
37657bc9d98b4fc611e6671d40daa83c,5,5,0
a3b803010363e5ad20664a8853b1056d,5,4,1
8791ee44f46577057a684a381d2ded13,4,4,0
95aadbdbe739cc0dc82c8ae4594c0840,5,2,3
0b1b823864373547749dd203c2c4adef,5,5,0
b2ff3ece711737a6009cbb7513ab9ac4,5,4,1
0bd94afa88fb4a4ad9657569c9cc9ed2,5,3,2
779b99958efa89d25b8c9a64164cdad8,4,5,1
b35ba23bb1c421765752e07fc9a4e891,3,5,2
f3ac1ae368056ff22ec4aa00b35cf351,5,1,4
75979ee68f846e2cb2439240380d5291,1,5,4
c08a3a0b0a729cc378e7a36ebf5e9a95,5,1,4
7f2401dd864cb66d12840ebff7581231,5,5,0
626d1cc366da566023f1b3d8e202d568,2,5,3
faf914d3d1ca3436b58cc0140842310e,5,5,0
87c1c6290f9a38a66bae906e0d230d3d,3,1,2
07159640598ab46b708279254ec3be0f,4,5,1
11b7adfd63537ace6ab5ede1feb62610,5,5,0
5e8b4aa74976e14d93bdf32760b2e1f0,5,3,2
1ab07c303a5312d4fead8ce3ef6fcdb1,4,4,0
46bbd69cb8d68f6c34fc754e569b4630,4,4,0
95ece076088bebb7ec28703a1f378214,3,4,1
f38e0a45ef125f0214a3edaa9ea48098,5,1,4
33c72b5830923cd768fa76c738f6d402,1,4,3
03368cf33950e57f7da415d43f792e0d,4,4,0
bb787d6e68f079fbf94e8df39219086d,5,4,1
c139edcf8b223915f78d5a487a6b5500,2,5,3
08e678b21510aad65dccc928f6599921,5,4,1
736949a08413c4ce4af7e3f75291fb64,5,4,1
0bcbcc3e0a09b3f6a9495de35f452616,5,1,4
a09b9e1d3f95afbb8d9e0f8f87ab520b,5,5,0
f35e557434d42e2818e3e8b3c4bbf1e4,5,4,1
36e78e784a4d494d933d65b28b7bca99,5,5,0
a8f7154bb991a05d09b8175c2e50364e,5,5,0
9870418401e8162564e7a71ffd9fd4ad,2,4,2
6f09086a54ed13a7f152d6339e2ee5a3,5,4,1
38aa97b92f4bf145ebb05ef8fac968ce,5,4,1
2c3eb0fe0135ed9d71065de1e06f8e01,4,4,0
d07225e5c85eddd7a69ea4c13650de38,5,5,0
1a2056a1d6e8db71b7d777ec36f9b1b5,5,5,0
bee237f3c574c7e3e0f415a1c7a44566,5,3,2
d1c064261a09ddbda89abe658558d56f,3,3,0
3975a2d7a39b69a8af9b8433ad7a4088,3,5,2
83b8d224a811027e71f40747004831bd,5,5,0
acfd4e73993d49708599a826d48978dd,5,5,0
f8718b67f7469531acea685ab46722a9,5,4,1
9d9551f39ab1dfc1287b84fe2da6f55f,5,4,1
033fd350afad5c65be91a385733af4eb,5,5,0
d06755faae98d8d12f395a11570f10ec,5,3,2
1a7c68f8b0d5a140d89aa6ab7f7b4409,5,5,0
4a91ab50eb21ac9d39b0a581487fb252,5,1,4
7899f1c17f7910367d21b9821e228538,5,5,0
4a202f407d179ddfd8b58bba11a48809,5,4,1
02950daa1214da108fb29cb5a0a3f74e,4,1,3
6f5a2dbe5ccce73a9d053a542baabd1c,1,1,0
a9810da82917af2d9aefd1278f1dcfa0,5,5,0
639a1c4782f8e67202d43d0e4b72e721,5,1,4
1688c2ea4929b519cfc4653742e736ec,3,1,2
d62e59ee0c5020813dbe50f9204b9a26,5,1,4
9737e3c834c45ffbacf7736192be7d0c,5,1,4
d1fcbf740c2191cdbe2378522690d12e,4,3,1
5b9075f2428968c2587dad5024af0f63,5,5,0
cfded93c357af3d14aa46a32aeeb48db,5,1,4
5b244cf7290c20fb5ffbdefa2845cbf0,5,5,0
4550006a45ae092d4214e3dc09b89194,5,5,0
f717c2ba5591ca0c4dfc970c3762fd43,5,5,0
1104482c287ad0fbd25ba14b7a848e00,5,5,0
40654581b4282e70a554c9eb51fc8a91,5,5,0
14f81abb54984ba116bc1994d6a34b9d,1,4,3
ab2e482aff4baa52ec6da817af85b981,1,1,0
ff3d6fd1b0c2dff1989ae3e6841498bf,5,4,1
d0279b35becff27d8de5a2278536388c,5,5,0
9cd6015fc7c3321b8cfc4459af284790,5,5,0
281eb181e6bdbdb242207fa323ffe58a,4,4,0
d99c72513d6238909b57399c840fa8ef,5,5,0
76605cf925ed0ddb1629abe46ecf0fe7,3,3,0
c6f02030f6bc633b8073c50178eb2833,5,5,0
7a48707977aa3d886e8410784c5e5cb2,5,4,1
b94733bd6f62e2b5e53a30a2a27f109f,1,1,0
7282809524b9b429bb37460b46596293,5,5,0
e96391d1525cec70f0a1e65c2ae0e4ec,5,5,0
c5437b7b7a52d4dd0ed6fc0a1f18f7b7,3,5,2
fee65893d04eea449ea85e69ddef8e1a,5,3,2
05086b5a715c97d1971784b6ae899a6d,4,5,1
b3ac86bf741341789a0603dc5f8b0ecd,5,1,4
5334fbbb18fa16b1579236c773a1ead2,5,4,1
588493b85f6219865d7ac7193880c0a0,5,5,0
b45e33527c11959b80ea6d7c471a34cf,2,5,3
21a47fe1418ed7200936d8322e4e36e1,4,3,1
112909cbca6ebc18ce400189ea165cae,4,1,3
06fc554a38ed6385ac2b121049b5cad5,1,5,4
2e95196ae337c5a2956c332bb1fc0a7a,5,5,0
f57b72afcc4b452e33507898aa140ff5,5,1,4
47aa4816b27ba60ec948cd019cc1afc1,5,4,1
5fb7722468335f3e0c49814fb820fff6,3,5,2
ec61ed5b0c3025621b3c2f416ebbcfb3,4,5,1
30bed8eaec2c3cb8f77fb3da3b9a8e45,5,5,0
32a2a69103ff2fe1402e4d61c624c5b4,4,1,3
d24be64fd6aadd3a06ae6afcf8785cc2,1,1,0
4e0e3013defc109eaef2c4cf86b66a10,5,5,0
a103bbccbbeb3e1d8354f83f08ed2667,5,5,0
c765302c18a92bcea0bc5c976bae0174,5,5,0
c8cf9cd92734a5803265426a94989d0f,5,3,2
d0506b5ff5f73a65977c2776c1bac536,3,5,2
a85b39b522ebdc78718abeca337444a5,1,3,2
3fe928b83cc39792c59deecc7b14bc20,5,5,0
9588842b04b68104582a11aced293fa2,5,1,4
b6ab1ce66f41dbbd8e998bfb0eab8bd5,4,5,1
78dd4d44bbfb0b42767c327d6d8783b5,1,5,4
2ebd51880db4914916604caa280ce024,5,5,0
afb7c0f7929d4ac3b13a200b2137d90b,5,5,0
deb8ce115f74e504ae38e7db9bdd42e6,4,3,1
2baf80a0f30b1660ef1d0653314c04dd,1,1,0
a4425e2bccba621150a07a685cf063be,5,1,4
bdd09f356f1fb252571e6834bbea357a,4,5,1
134141b15902a79a3932a6f486de499a,4,3,1
179a6a5380b863ae5aae42e8eb754913,5,1,4
a5f860aaf6a3c35399495aefe92d363f,5,5,0
0c557a5449164d3001dc41d9bcb3298e,5,4,1
246e2c3c7b7c4759966d8a76513b0ad8,5,5,0
621be24850f6edd2e8dbd75a0f19668a,5,5,0
9045c310fc95c955a99b9a9298366a64,5,4,1
9e56ad5aa7b82470ecf52af83edbe7cd,3,4,1
995d87eccd226be9b3c4b980d2728eb2,5,4,1
e0017093576ff7e25777c2d023eb1cd9,5,3,2
b05a3bf231027bb3e6dbc25a078400af,5,5,0
239f380355f65dcb68551f07d16fc4a8,5,1,4
e64a2f940c322b57b24a28636cb83674,4,5,1
64c1c186ea1673374b460f9bbfbb079f,5,5,0
eaa950f3b3db6c1a8f5d884992a997c0,5,5,0
720eebfd126b48c9ba768e0b74ed00d6,5,1,4
2146afbdb82c47a7d5e459bfee91e760,3,4,1
91e725244b1ed72249f35430530e8bcb,4,3,1
a3870b955884ebd4ac62ddb02b2ff255,1,1,0
8aa1afb8d1b71222f421533a81af7aba,5,1,4
0909121693cdb66d170b212e65c2bf59,4,5,1
d73ddd98199cde252b1c0ee783374da9,5,5,0
a14cb0a59ebadf133edc5ccb9ccfc0e7,4,4,0
5d90c606cb92f1bd781a311d5ab61a75,4,5,1
8840fe9b713ea18e25ae020becf99e52,5,5,0
b1c09ecb8690220efaee5aafdbcd520b,5,4,1
3a44d06429bf2c4072a00c216aee4d04,4,5,1
3fd344b2cb1a8468576b09b34e71bf2f,4,3,1
17bd2faca1fa39213be29ec02c669925,5,5,0
f4862945a4aa6be4ddc6473ea51970b4,5,1,4
f254096e9b44caa1eeb5852c743cbcdc,4,4,0
ccfe85ff3893b9efe8d101891fdd40ee,3,4,1
50ecc825e3d7123a626c7d466eacb616,5,5,0
48f8621793a7f3a199cad88137acbb86,5,5,0
5f19271c1eb0a8eb0a1efed995df752b,5,1,4
debe2bcce0390332d250c9a0176a2888,4,4,0
5d09cfbc4fad0ff520925e4b6d6c4b75,5,4,1
388fb3c827cea2f9e0a3fe1efeab7935,5,3,2
cf6af03cfe2aa7ce2b23c2b77c1ff722,5,1,4
ced669a0f18cc433701f1011449b80fe,5,5,0
01b37f50cf3098b3dd9d0450a188348c,5,3,2
7dba3fad5219968d9c9d8e03aa43bb35,5,3,2
287ca65e8ec4a4f782833a94bf514341,5,5,0
931710bf1c2734343942b71b08db7adb,4,3,1
f785d080775c235e41c1bd3326841a93,3,3,0
adfc3673a2cbc4c987d02dfdbc8dbe53,5,5,0
e312ba43fd734e1f7ef7a68593aec5f5,5,5,0
f9ac6a2ab423a15620d4ae10b33ce854,4,5,1
43fa6811f75be13f1033939f5a6b9ca1,5,5,0
402004d06d37321d07ea462d07df9947,5,2,3
6d2f0dccc294bd2e21a2c8c93d0121bc,5,5,0
eeacc2219efa996957aa46ab696afbde,5,1,4
d266e87fb98640ecbbe91425c76e72f3,5,4,1
7fc5a454137fbdccd41c504de3b62f71,5,5,0
4ff9568983067986fb26a752b22004d9,4,5,1
2a7829351028a2cb2ef2af86148cec49,5,5,0
98efb98b2ba4d80a561ae49d4525ccac,4,5,1
61e5e014747f2bf650ff99a3d8578caa,3,3,0
5ddb18c0837af203e55bb5273ad3fa60,4,1,3
8b378967566499beb14fbb0fc0edd2ed,5,5,0
e388ba23a7be5ab887a1ee138de9e8d3,5,4,1
fa99f9d0ca69a5d2bc4c66f71e31918e,3,3,0
49d10d709e14496d0d1d8d6cb556d2f3,5,5,0
87f53a70fe59ee417c9cb654dded07ac,5,3,2
41262f14e0abde70b2d3683fe4b257d6,1,1,0
cc377f50beca76eafcc202f7f770a627,5,4,1
f8385fa26ee1a262ff80d5a3181a63e5,1,4,3
a3c2dfa534b942bcc28371fdec7702d9,5,5,0
953f6ced48912ca83c01cb13092c2fe8,5,1,4
5a80deaa9345a15b0b3807f17aa299a7,4,4,0
aa20a93ef3a47575823a475a8dd8399d,2,5,3
e4b774f7fa2c4ce8052731dfeb5cc3f2,2,3,1
72440dd8694d68e0ec2dd68e3fc3cbab,5,4,1
045e848420a12f1b3dbcb2e6e375852b,5,3,2
c3f2643fac2837e3768d0ce83771e322,5,3,2
c0850e79daf52e54ddc594485a4819d2,5,4,1
e5dfa353d229de8b9a6e25cda9b03130,1,4,3
16fcb558c864b7eb62bfbf4a55be23d2,5,4,1
e0d4f16621f76377959e79ecd61f69cb,5,1,4
b8d8e7c7fe850dd45f9e3762c8b4b940,5,4,1
3703de7642fa764089c3bf77e41870d7,4,4,0
0c7eb5879f5e105bea55f6edcc70659c,5,5,0
f60289290979b646fe61caa50ee1b3f1,5,5,0
88e3babdb4772c2fc14b52cee9cf7da7,1,1,0
2eb868f2f7abdf4284337d1cdeb7399b,1,1,0
bb6c4377932cd3f89a92ec9b1f1f37f0,2,1,1
60f4d3b713c3f6a472d13f238818775a,4,3,1
a4841e5f06a8d3ab2f2bea2ad95c38e7,3,4,1
40e1718e2f960a6ef0a449a2d62c8684,5,4,1
e71fb243240c2fd8fc69d520aac8bccf,5,4,1
64a812d3c23a4c2da0e1fb5a70e2a23f,4,5,1
8339b608be0d84fca9d8da68b58332c3,1,1,0
08bc3c916f77ec2affe03716dd076af2,5,4,1
59f87094523d9fdf75be312f4dc19303,4,4,0
16f4331c56f6c5c76a5ea85c7919f087,5,4,1
4ed127b02fb1ebdaf9a0e4be8ca000f9,3,1,2
7f4543ed4571a4dba6f757f8d0669756,5,5,0
0e52eaa92a794742da29c413a23a7b80,5,4,1
29e51ca4b5b37a60b607bde44f24d37e,5,5,0
9151980bf2e61bf804e48072ea9652b3,5,5,0
9374b5aa4433ce60115973a1ef0b1541,5,5,0
dc765dddeedeb445940e0c8e9049e665,5,1,4
6f756900677a981dd764c34ad85c4b4c,5,5,0
d10d423267ce9757b2dca711dc20fae5,5,5,0
721ee49ca54fe5b73b1871b5e4cb1f57,4,2,2
8fe3c4dff68cddab1e0b9291b683c1fc,1,1,0
875bc8ca828e1c5856dbc0b30da8cc34,5,5,0
f5fa6cc75eb7dc511bb4dac263fd05d3,2,4,2
0b372cdcdd4134fc5f7695426339ce84,5,4,1
f85b47957bb21d303dabed9052490610,5,4,1
a0e1163327a3941a5681a1e948ca7add,5,1,4
22fee62c2b437df078309d53efb2ec30,5,4,1
920756b1d71382fbb42a0e9fd5b7e31b,5,5,0
1905071c46575209972c8c3e9e8d2ee8,5,1,4
88afc72ed244948d6e29e7458db590b7,5,1,4
e907b53c6245de45677494c2348dc8cc,5,5,0
f4508bb7696cb9597c0bdbb0fba901a9,5,1,4
43aea00688432023d9379f16ecb631b3,5,4,1
ced1aea35f3b1e1474390a452a02d750,5,3,2
c9e3d29ede6d60999c59c8626757ec6c,5,5,0
caf2048fee4b72387d1a2903becb1e60,5,5,0
2cbcb371aee438c59b722a21d83597e0,5,5,0
b25c87440df98e833f8cec6ad163a098,2,5,3
c977f4831578bc1ea3d13592827eb6fb,5,4,1
4689b1816de42507a7d63a4617383c59,5,1,4
46bc29944be88ef9dc8d7223421577d0,5,5,0
6638ad71e30623cf87cdf58a9a0d4d15,3,5,2
6ebd87c68b43c9ab7c98930b4492dd1b,5,5,0
b22cc8e3b1816483e416ad127720fc76,5,5,0
0510f632b86f01064ebbde67deb63bb5,5,3,2
a4285d97aac2bc967bd5b9f50db5b3c7,5,5,0
5ad6b16f8a1d20ec9eaf8f9340406f0d,5,5,0
02c13bb9b84866055ea2074cc6a83a16,3,4,1
f7a94ed5a5cf7c0680e0d3271163bb3f,5,1,4
6b72ab4c6bc0454a467b4771bd9e1828,5,3,2
53e1d3495e1dfc693b4ed16c06b15877,5,1,4
178f052377fd9d56a7218ef98b945378,5,4,1
55f305618744bee9d9287fa844807280,5,3,2
0a56861d762ee1f82f5cdc2de2b1f71a,5,5,0
55a54184af6cdb5cbd95d124883c2dbb,5,4,1
fcca6c3fefb03709360cbcc79f2ff73d,5,5,0
ce387eba3b0e5a8145a79db39394f728,5,1,4
aa767f19bb0117b647c1934f348f84a8,5,4,1
c4ee04fd6b5632ac5b0b3c6834a9f3cd,5,5,0
47c195b6b404c1fa22f04b99a37a0b29,1,1,0
03fd1ecfbee7068edda48a4ad8b838e1,5,4,1
49c6d2d936de699d0f22a5b66451200c,4,5,1
8d2d0f8cd26ecbe01fe9b2820bf45836,5,5,0
e570b7a982fdedf52878701b861610bb,5,1,4
9f3247c16b13602a3113cf538e9b0d2c,5,3,2
459966d40a5da1b469e57a0824ad08f2,5,3,2
f40af969fcf3d71db248ca5459f0b7ca,4,5,1
25746e647fefb656cf0fc3a03216e7cb,5,5,0
b573a7a3724543c6604ac157a2194699,5,5,0
fff0db5573c78c1cb5a2b68a2bbd8d4a,2,5,3
7d1815eb5b915c108c7cd16f13c41a37,5,1,4
334ed4f858d2361daeaf939cd365c42b,5,5,0
cccb62677b6ed93ec68f4428a0ad81ee,5,5,0
cca0fdbe32d86d386a95c02433412640,5,4,1
59ca2ef4d5025945db26ac0c64c718c4,4,1,3
b3b663af930cb86b58bbebd928832b4c,3,1,2
294fd0f1d32fff9fcd8195f1d778d192,5,4,1
3776ca53eef7dc944d1b615e9ec3ad36,5,2,3
7ff9920174c1d74237a6fcb73299c0a0,5,1,4
c0b467fc5a41347b9e8e6000e3526d21,5,4,1
741653b1b2d0d37c62f1a1f90e93f02d,5,5,0
6b790716c732ae58171749841011d3bf,5,1,4
fc6909c54f7a6688147a7fd0a29cc30c,5,5,0
27b6badcdaa36a93808ac126acc05329,5,5,0
1c7c202a0cbbdb86b7613a8f2b0931e7,5,4,1
3d217b7bcefc3bc37d3fbf5a1b7fc009,4,1,3
469a7494ad77aec29dcd9958164ecfda,3,5,2
30f95ea478d6e49bbf813ec20e149cd2,5,4,1
ba0a364cb39fced1809a921478499aa2,5,1,4
6952971feb0ed948e482e6aceb1e3921,5,5,0
7ae0a608cf19552369e575b5ead0c08e,5,5,0
4fbef147dd3264b3b8764ea9ecdc462f,5,1,4
701f27990d1bec0c6210837db886ab90,4,5,1
8784fd2fe0b3a9135334c0e4cc81b1f0,1,4,3
fdf8844cd505f957ba4349c95ad5357c,4,1,3
c4641ce744fc935456a95bc0c628a43c,5,3,2
796af24ef8fe72445e1c739fd272ec14,4,1,3
dd38b886d39ef65944147719095164eb,5,5,0
1004139d05100b9f27b8eda1b40b516a,5,4,1
407ee2ab7ff5d2026801ff24b7b7cb7d,5,4,1
0b2861128d87d7a2b9c85eb25a514d0b,5,5,0
de5518f86eca3ccfc00bb9ba13cdfffe,5,1,4
b712ecb07ab1acacb5f247a01198e6b8,4,5,1
27bab736dc987e1f35c6d4140797618f,5,1,4
2d5a437d439fb3aed1979b2e5f9f6b39,5,5,0
08adcddad19d3acf37d1fa01cb9ded1e,5,5,0
aa5ec03eb12e2017cc575a2fcd0ceba3,4,5,1
e8ab4523e5661e8945b938ccc4d89553,5,4,1
5bd1a9bce151c7b6f014c44d3bd1dd08,5,3,2
6e8e751584b3e3141e3e3c39f71408c2,5,1,4
7ce9cf4a278e42edc813df45af48caf3,5,4,1
d431779bcfa54dfd8bb1beafd561e63d,5,3,2
9256fda5584ec43f6212f63bdf17b2ec,5,5,0
4d018030375b4b3ff3510d0c869c7b9e,5,4,1
e995d882ff7b28ef28cd7e87737fccec,5,5,0
40507eefcbacbd41a411bc1f99177286,5,1,4
54536bfd6c2b325ae1b6c94e14aef912,4,4,0
5608fbafdf5afccc1d6582215f9a0400,5,4,1
bb5cce57f8d80c481d1beee24eda6616,4,5,1
d411b203fa5c4b8dee5012ebe23cd3b4,5,1,4
d2dc9089cd9e68c5a5d69d6884550ac9,5,5,0
64811ed51b1fed65cc4c71da8a19a826,5,1,4
f655ae6fff7b523b34ac845cd918b87f,5,5,0
0d5cbb8e4c1c7a7fc26899126197a6b9,4,5,1
e0162395d367ee9b019d565333294e14,5,4,1
cab5ff5f1347330a7576a8aa80bd1774,5,5,0
efa967efa40217c320aa7aa2954ebe52,5,1,4
a8ddfd6f6316a1c31da18f179981ecc6,4,5,1
e00bfbddf86f0a755d3550dd87962824,5,4,1
fdef371165dea256526258defc0b326d,5,1,4
4024e82961bfcec0a71869767cf923e9,5,1,4
3f35998ab9e335d4bbce362585565265,2,3,1
116dccb1dafc4a6bb0277e499ad96fbe,4,5,1
b471104714c9175e7bcec59e18af5302,5,5,0
62db325bc32b729554e4fd9c793ab850,4,4,0
aa62e1d89af0554cdcb6a75d86ddb961,4,5,1
c58f135d215cadb93a6648e61849ad15,5,5,0
f29cc3f249ead9567a70f592ac61f051,5,5,0
48b2a7ba18f76dcb8be971239e41746f,5,5,0
260db02d1a8b410b7d61ee150ced5caa,5,5,0
346c7fbe1745d3fc2a5012e93d121652,4,1,3
376ae7556f341edea2995422a5fa74a6,4,5,1
d8efabfe9ad61f46b19449da5215e3f6,4,1,3
c369bdd04f3897a7c27ea9f5aeaeba4b,5,4,1
91efb21be6a9b69ab5e7f13f7dd74b3a,1,5,4
5a395f4b4dcbc42442cc6c5945c6ee0a,1,5,4
3dc295e279315e7e81cfed73795c77a6,3,1,2
c3c0e95fc6035316212f1b4e2c7bce3d,4,5,1
55fd9417304208e5b59e67ff2e1c4ae5,5,1,4
1d93bcd12780547aad1ea6a06e64b49c,5,5,0
ecb8849b9673c0bc2a510456938b508b,4,5,1
ebb7f99f3da056facfc31f1fd9c56b99,1,1,0
79bb5d4973c99b7718ed109c618f85a0,5,4,1
5dc1a8731fb465da89c147b358e409b8,5,5,0
3153710333d5f537679eb85bc07bf953,1,1,0
27dd4c7bb1266a67913f51a0e923fd7e,5,5,0
a0ce637ae9c3e3dedcf9dea3715b7331,5,4,1
7e8072dc0f35ebb0c1b2a4743e0f179a,5,4,1
4d670bfb2b38280f2d62f1dc5807cb8e,5,4,1
5492e5f6cccb69b3bfb5b0c1242e69b4,5,4,1
776a4baf188ac5bceac98950a0c2d0e6,4,5,1
9dff7bf880b1277a4bfd5181d5a09ca8,5,5,0
f0ea34d58a86eb887f6a0dc005d6d80b,4,4,0
3ad157ca74c35f0e167f7c21cb6dd3af,4,3,1
9a6a8b514f1317683ed32c9775e2cfc6,5,5,0
c2911ae423d7c8d3766951c51723af34,5,4,1
371dcdd114490b436dff8fac7d52a928,4,4,0
2b62c1f2514954fe162667774af50ba0,5,1,4
597233a841339cc9249ce67709f68574,5,1,4
a4e65d48cbd25e5dd19d906d3cb180b2,5,4,1
20edc82cf5400ce95e1afacc25798b31,5,5,0
66587ff0c6d1e3575ffb58c688ef378a,5,5,0
4630b9ea86d473a936d6dd589cee8b22,5,5,0
fab1440d1e4a7690b4b3305b07de5414,4,5,1
42c2a157693d131ba7b7a4388ff9c21e,5,4,1
1c4b050b03674a68df8780c156a1e117,2,3,1
51ea9bcaebefed721e498f8fb39c8911,5,5,0
4f2dc4a949823819bfc75b784fb32686,5,5,0
f15aaf3f7b6fbea7b5a454a4f9a38170,4,5,1
5e3deee52f0090069220e1b64e531dee,5,4,1
b7bdc34249124db0a0637b568f5afdc1,5,5,0
110da2b3965b649ac4bb999200ab9133,4,5,1
ea5297250d0c2563b690058187a05981,5,5,0
28f0cec71eeca821990dac072c20cb12,5,3,2
9f9163244dc37358223b3534a4013807,3,1,2
2a8c23fee101d4d5662fa670396eb8da,5,1,4
df506acc7ef7a1311a4602005f0c982e,5,3,2
6ba0683fc45576a6050dfba5f9c41bb1,5,5,0
036ca0743763d04fe093cfecfa2b2e14,5,5,0
c41c7711e8d92901517c702f0836ea59,4,1,3
81432ca9258f8686f124fb774cefa7c3,3,5,2
aa86c4bcf478e2b2ed682466b6ee33c9,5,1,4
823fe1a57db195a2e5cf3e1297d831cb,4,5,1
6800d99c79f85a09a82645ff194ba86e,5,1,4
837e3c0c4c555ad4ea0e6110e7add004,5,4,1
552c8124ce312cfc961d6ea0ca4387e2,3,5,2
f697d75c89c805baa9e171a20f34a58b,5,3,2
26884dfc89f32e105d001c993035c55d,5,5,0
05424cc0493d8fa049aa508505e6c773,4,5,1
be315a78a8989c669993c22b50f3920c,5,1,4
9d1cb025d19b5ad3a5bbd1fd6bda4aa5,5,5,0
c464355f722adad51476d92a1182d3f8,5,5,0
984d4e0bbcbf4680816e91b76477a8d1,5,4,1
36902bbe975a558efb33459b1cc8eb5b,5,5,0
57ecffc3a29fb1db005184b46b5f655d,4,4,0
227881fdf69e55ab7906b7a818dd5e39,5,5,0
f885c80f891a4e49ebff85826610e6bf,5,1,4
400d97d7e7ea05ffb7cbe05507ceee5a,1,5,4
e43abf9982299e5688c4848401c0fe83,5,5,0
99a89fd45903c4a9d6731af6ca4dd5c4,1,4,3
6afa05756faa49c6485547d727669dbe,5,4,1
4d53d6e4655f67771de54f3c8d414ce8,5,5,0
7dac325f7f1f94784e6bc6af3b4678d6,4,4,0
bbab2e9b3ccc0a66fa711c81e21821f1,5,5,0
7cd9f4c5a26e353b50e10cc165ef40d2,4,1,3
f64d3fcec2473409b404374ea0ce4ded,4,1,3
91dffa2edbd51a725ad5a704d4635b1f,5,5,0
9c37d94303e95d233a4608dabc34f802,1,5,4
602a793bc5e2389ea3184fef278d8b0f,5,3,2
bb6b4db9c25c8ad879c8e64055f89f93,4,5,1
c8190ec25152e9e725de81876f1b9125,5,5,0
6c5cccf873a409e565ece5d56bf5a49a,5,5,0
9476149aec45b9b1774a161abcce8631,5,4,1
8adc844e30dc63531a489163134ad405,4,4,0
cce13fe134ba73a890b0d0b98c97e02a,3,5,2
6aedb9d0c7138abf29b31866635b4c69,5,4,1
1190c532678dda01871241a5e42f0527,5,4,1
9fe9c3069432a6611954d1e0d51d6873,5,4,1
76a8a2d403c21555c48ffd596ba88b14,5,5,0
7f79833225bf501001f20621188c0849,5,1,4
05fdf5f17c4a8b374e99ed52416d8766,4,3,1
e337b8ea5137b4759a1261a1599d122b,5,4,1
bf40c06bf172145e8d7d468e6de69de8,5,3,2
d66fe524b24e426e1f20aa7358ef80db,3,5,2
231e08dd8d9fc8f16332da72a3375893,1,1,0
ad4725342567809f8d0b8230394585d1,4,5,1
bf3071f4f1aefac3684ec879711ae109,4,5,1
01d2fc3e47376926a97ae795036db093,1,5,4
7de07ec95928feca2cc51d11d2561f3c,5,5,0
3fa77b110b9ab22eac07c61566e1370f,5,5,0
059c2808fecc4ffa815a20bd7a12b3bb,5,5,0
458c6e383ce04c24b3033392e56c9283,5,1,4
73fc09cb2735860973151bca6dbc4169,4,5,1
fe008cc13679ac6992b975115fe63cb5,4,1,3
6c8b765ca02b8c8f1bdc3e8491d8c079,1,4,3
c83bfcbbc1e49ea80f7a77732efa3d48,1,4,3
dafe7fe42ee9fb39d4c5f957e0799cf4,5,4,1
2141407f2e7978c2b3404404c6485515,4,4,0
03104945dce5c57f748dbb3dbd62daeb,5,3,2
e684eea8e657e070728db7f897e2c6ab,4,3,1
4ab7754a33cb42f911a6a351017af4db,5,3,2
01029b44abe6e15c8df48b1b759ab437,5,5,0
37b6a6302848e0ce3dfefef7716a70b7,4,1,3
fa03e623ac862f8a010b31c379fff90e,5,4,1
28e269302feb6f72832f8c443652b8a9,5,3,2
4b5b18aa8c223d77755f02dfb2f3a1a5,5,4,1
9be6ae94773e11cec0981a4abf939445,5,5,0
454ecfc568c4d964048236e91a42bda6,2,3,1
b630c986ea5c14749196132407a05589,5,4,1
829f21ada22c20b2a15c75f8b63a0533,5,1,4
7d20c79f25c64f2c7feca12d01677c8e,1,1,0
8f82857f5a738c96bb40a551c4c0bb40,1,1,0
f019a5199ecd85292da1320f0389a05f,4,5,1
8e5069e21f8244e0ce57c82063f8becb,5,4,1
f18eb4af9b5b05f1b47b1cb4e4abe4ba,5,5,0
cf014dc8804713618176fc95af41b221,4,1,3
ccb1046449f1a494de800567e7cb5979,5,5,0
767cc814433df2750747896ffc066766,4,1,3
96006ddb955ba7f1a9e86d986f6149f3,5,3,2
b34ad58b81cd238099ff8a4bc5ff84de,4,1,3
097255cccb9ac174d481479fae72556d,4,5,1
a2fbdf69e552d9fcdc7b072c4a6d228d,5,1,4
528bf8e17d835da2b2716f8884040e75,4,4,0
35066d34d3d361931bd8dbad2a94bb0e,5,5,0
efe5d91d523dcb8acc12b56d74523979,5,5,0
f3a47ba087f05d39a74ed1b653f0be1b,5,3,2
98eba1be3e8237608c66b2e0473786ef,5,1,4
e0a45cc3c593cdc760688f91ab70bf49,5,5,0
d11c4164f4abab90d9262e2f1adcabb0,3,5,2
d7033967b0710c2c3169fa2649bf6576,5,5,0
937b8c2c23c033f63b1b46e876b2c385,2,1,1
0710ec94ade6724b0816df78ee4e689f,3,5,2
bc28dcffa1198da2f880edfaa2a9a4bf,4,1,3
d3725a5d528c84d571a62bd91f388bda,3,1,2
d4e413e096efb5d9b209b28ac79c62b7,5,5,0
8705d42adbcd3182c575cdf862302836,5,5,0
5a31618943d04d72b8c0762b43df48dd,4,5,1
8b834cd52afbdf1c2837ce5b7e9c6f21,3,1,2
1b3e96e0d9948e7a2582e092b3ca9ac2,5,4,1
03225b1b0b8897aa43a745d14fde3c87,5,5,0
b8e74d6ba55f8bb7f2da41273cd42fe5,5,5,0
7ec00b7266a2e8826ba86a7509fb7939,4,4,0
43b2b04bc7aba79e72acb260d116466b,1,4,3
e2eefd0600a39b014ea34b3f4196d261,5,5,0
503b1d55537c749ca776d67d0d765cf9,1,1,0
f815632f08e4f2b7b05794c0b4c60a74,5,5,0
b268bc99a523c42dc0bfe0149cd1446f,4,3,1
adc253f1977c81c2c29dc7b9dd23d538,5,4,1
f6159858215d35950f9f4270d7828c88,5,4,1
67816bc8a83ed1ca09b99c2512cbedb3,4,3,1
4cd45eb856471e6d7d1f85e585b81041,4,5,1
62ff10e32649e2f8d65d3acf35c67580,2,4,2
7a0d4292964e6d5c0fe0fd4238ee6500,5,5,0
816d8c857c3f15aa8b8dd70be0744d20,5,5,0
03cd43eb7c373b23a0b55c1c8f76c861,5,5,0
dae4fcb62b78ccf2ff3ac4d49113a8f5,5,1,4
4d315c56f2d8d8d27bf1a1365d41c923,4,3,1
5d3a8d8e8b6ececb6cecca1da56f46fc,4,1,3
b49298f3f28ff2194633444aa6b08cb4,5,5,0
e4272316e0c554e6648e2148434abd44,4,4,0
e4f554199fc4df9e7b805b6a452de525,5,5,0
9ae55c8f50cf083fff3ce944e72f93ac,5,5,0
ce76730f41d857a1d10c4953cb1b6454,5,5,0
f13e2dd2c1c2f64bad1edb05bf4f241c,5,4,1
0188ca1fe398161f0f310fec985ac155,5,4,1
4bb6e6f5af26e1f5951d934386615406,5,1,4
f62d0c0343ded060890ac3b257706521,3,4,1
42d79478d8d834670fe17dfe07f5b581,4,1,3
72ec88002ed159da398333164be7f876,4,4,0
a88a37e74e1ba099e646450f9f0d1762,4,3,1
673eb223ff385f5a14396580692d36ed,3,1,2
62b22cf8987a8a48d638c4bcaf7024ce,1,1,0
3bad88adde3b0947e92cdeca75800f58,5,3,2
b76914fad8489589b7eca037a01c7dc6,1,5,4
383e295c58b1b5e923ba15932359ad38,5,5,0
ebf144597fc5b016fb405d0fea5c9e2d,5,5,0
aefb6e25e51048718af6f447c7fdfc47,5,5,0
5dacb51b4933fe7d6cf500c8e576e333,5,5,0
486624a60deed853a5e30a50fd5df762,3,5,2
e95c2973b9be01bfe69bd4e1f33346fa,1,5,4
fb436a0beef49b493351afe287150239,5,4,1
6082358a7c7ac731b66ba978a6bb4442,5,4,1
9d0f0078c553c192aa8fc946492dc08a,5,4,1
613ea91cb4b6b072a114ef3e5e9b6227,5,5,0
ed8e6636ff843d46e3b40fcd46743130,4,4,0
847ce38c5fcd5423e7409a0f9314a19a,4,5,1
9200a54888acfc3e1a74a56b7ab18c8c,5,5,0
316af200f0fadf8a73193434b9b050ed,5,5,0
277f0bb8cf28ee39feee7825b5578c34,5,5,0
f32227b3b1feb07ef88fec29e87d81cf,4,4,0
4491133fe7689c9ee1c07d32b52ac113,5,3,2
5060197f7c574e4528d505af5308c386,4,5,1
477d8df8acc3c2b3f1fbb4e41c4f7f32,1,4,3
3b4ad687e7e5190db827e1ae5a8989dd,1,1,0
af88e18cdef0e6a040d51ed74427f9a3,5,3,2
d1bd3c7e3b0b992fce5f869db96e3b81,4,4,0
ac503eb8068440b8eb603d5df863dced,5,5,0
8b287c802866ec3b7b594e5cbc2d5acf,4,5,1
a40c4b7cef76fa945aaa465b7d13c1ae,5,5,0
e408dfd94b7e8c99fd27de19a3f388df,5,5,0
db3d8c47002a9d03c4220a0a0bccff78,5,4,1
29b9902bb92e1ce30edf00a712585365,5,5,0
f71e06568edf59fbeb7f65cb4cec3215,5,5,0
c588d6fe9640b6198171ed8c30981057,5,4,1
3744e7b8effd50b00d69f3d094842760,5,4,1
679b69f80ba6fa25ec46803b1d838bb5,5,5,0
5486a5d84a1d6dcc94887f6f2821a4be,5,1,4
eb6fa782d366bcf155b957687a9d602b,5,3,2
685f8172db0440c031fefe2081cbef7f,5,4,1
70870c95b39ec198376912f2c1ac8aad,5,1,4
b1d6c125e1ba110f139e7dfa4146f787,5,4,1
2356321f56c436e5108239a15643f42f,5,5,0
832a53069ed415d634cb5924a4fcb3e0,5,5,0
f037c28c7c878c3d1df3485872d3b63b,4,4,0
6d480dfe6a776cc015ee944f518a966c,5,4,1
7fbcbe13cc35fceecf99aa3e64d9dea1,1,5,4
edfb49082a74314dd99b846ccd67b2a3,5,5,0
c6952ba78d5adfd24e93300fc30718c6,4,4,0
612e4c9f0a4b338dfaae8a463a518e5e,5,5,0
39ce583d015282eb748be465a0306f85,5,5,0
38087366c0a89663a80cea26cc8c0aba,4,1,3
6b0ac1bdea322c7060eea92feb9e9a6f,5,5,0
9ea96bace1093d93e7fcbdfabc1dc830,4,5,1
f349cdb62f69c3fae5c4d7d3f3a4a185,5,5,0
f3cd1f125e0e08854ac5e58ab441cf67,5,3,2
5f9a1c89de3d5b9589622f33ee136871,5,1,4
1161d05f0e6a5950019ca1707ab080bb,5,5,0
84ef655de633562e82760bbd2b1a1b63,4,1,3
73d180818896fc261f4c0939225b536b,5,5,0
dca8882f789c3caa5ae444cd8cdd1cff,5,1,4
ad544f2096a222f549ef00e32dad51ed,3,1,2
6cd5b34948dea7baaf9c2dd4f429c611,5,5,0
6c509b69d13782c154a9e4ab698f5605,5,1,4
2a206d4997fedfb60455f2a06ae3028a,4,1,3
2834df5b9308669a563063234a742910,4,5,1
e35e63b98848e494f75ce91dbef9cf11,5,1,4
f41726f3a7dc9654767a9c5f80089ddd,5,5,0
5dba08d21f1386085c1bdd47548f34a4,5,1,4
f203fbfc9805fb8324cc79559932f6be,5,4,1
301313444187abe8ef32ccb2b73b484a,4,5,1
2beb6e42ebac795d47860b9e7afdbaa2,5,5,0
a18a3d5f4d2f4c8c71503ed2bcf3ca7e,5,4,1
42bdbb46e62e202dd52f6691063aed2c,5,5,0
98a1fffc0c110af1abb9aa2d4af96dd3,5,5,0
66e9e616cd0bcd26b05c6b4694016939,4,1,3
877232104402e5403db953da2a2fc9fb,5,4,1
93ad4e26ffd4ddd84ce5656128ecfefc,5,5,0
3a310073a474b253b473c8c5695d2a51,5,5,0
d5a809a7a258b9196d2bde32e7b9546e,5,1,4
f8164ab157d2fa8835750d2249e9b1cb,3,1,2
67273b39a82f449a02c95a8b28fb0037,5,5,0
1c2f555edfc445e72867c301b68ac512,1,4,3
371ed9cae9680ffd6905f4e51f6a469b,5,1,4
8db8ac0784a54cf5f37a83fdc88fa2fa,4,1,3
62c2d78676c10f5c78087b70543d2b16,5,1,4
2f730a899936d8cce7319fb4f6d0cd5a,4,4,0
f0e888236afb66e9bfac24a6100bbf53,5,5,0
b175558ffd938e94b83e3837637604fb,5,5,0
0bd8d3c647ff6125dc1689eecf809a90,5,4,1
21a3f15754b759c91fff4535aaeb3486,1,1,0
f797c7f21e67c1f4ccca1caf68287ba5,5,5,0
2354dc9068e42c3b75c3137f572566e8,5,5,0
4cb686f61b0dc1fccb62139434f14b44,5,5,0
8e38e47818413e295f5b4c4af60bf0c0,5,5,0
7fecdb45a98a2b1b32535d5e97788cdd,5,5,0
4f1e72c86c397722120a1cb409714f5e,5,3,2
ee49aa5583df0eaab10299357d126386,5,5,0
202fb00e8ae54d41adf6e95a39e6e024,5,4,1
e19274a19a1bd491db0a6eede0c09846,5,4,1
cbe171f29dd9a2c2e2aa929bd4cb2646,5,4,1
01d90c5856f7551e108f2a0864ff6e54,1,4,3
a585e716f1acad90ad2c2ac0cfbb1e3c,4,1,3
efbba0637ff7fe0491ef039d3cc3d586,5,4,1
6917e117776da5f60f8403c2120ecb68,5,4,1
48f1b67d362a1a223557ae1dc34acf05,4,3,1
38f48d4adfebeacd5c07311b4502498f,5,1,4
9db26e22b48776e82e3c9e0b30f00a4d,4,5,1
5aa30c6fb7069f850d190ad8cbf80c20,2,5,3
ba4088023bb3056caca3d40810844bf6,5,2,3
573131fe2b7df5e3ce4d88bf7702f6d0,5,4,1
3f331b00c595c7954cd8f704b2f74056,1,1,0
342d167b1d92106f9aa3dc7c963bdefc,5,5,0
dfc2d4a62f7c1fab64145cf82dd95665,5,5,0
9aea5beb82a36ec0003d98ea8d832e2a,5,5,0
c8f74736a2adf12a4057a4c97c8dedb1,5,5,0
6e41c1b023ea08cb4744bbe97eedb35c,5,5,0
bbeace003fa084aa3ecbb486d76b6766,5,5,0
0c7c52a4d8b572ef9b01e3cdd38288e6,4,1,3
bd43715721b5a4825d7cc544b97e5b78,1,5,4
b70c2a4797319570dbecddc366fb25c0,5,1,4
0f6ce0bef7443fbfd5076ab3abfceaa2,4,5,1
89daf16ca38d1dca141ca4b225351c02,5,4,1
53712f2beff3a9f5bc14e79f68023ba7,5,3,2
9c7cad7063cd09133cd0e5a5ee540de3,3,4,1
f374cd1f554940d83076f51951f456ac,5,3,2
d5287f2880a6120bfa31fa3b327ee941,5,5,0
7063524166dbe4d1f15029bafcd95070,4,5,1
af168723acee7d4de0144ad5361f547d,3,5,2
6ea34077e85038c0ecea08593783a1fd,4,5,1
c6b9d9f3b3e711c1cceadb55a9e02db9,5,1,4
c223f0dcc8756ef3523ed32b46da2218,4,5,1
989743292e66a54cc321fb16076da4cd,4,5,1
e752e06086626026b152f99c6f51fb65,5,5,0
0ea948e1fe88f71d0724adcdf03f3a1a,5,1,4
931873d5376eea7fc2c35b2d4724abb7,5,5,0
e040525fe5bd72959057d9d5dcec81f6,4,5,1
bd6b1316314a1f12d58ebf467f3f2d80,3,4,1
98efdb0084c7e2b9fd4e49729f5215ff,5,3,2
addf0ea6869d5d39c736e7229ac38ecf,5,1,4
3cd800ca7c2571661a5d8f0fe9053536,5,1,4
7e9d429736ca906b27567eceda90f4b6,2,4,2
2e44eed06964c4f013319b7ab0eeeee2,5,5,0
7fd922efa924f2c7b4f65128901590fc,4,5,1
b77da58943f12a6562df928e821440c9,5,1,4
c5989f8c23c011b7b23df896a51fa92d,4,3,1
295f4fcdd903a38a61769f73799049c7,5,3,2
5f61c5e12b763af10b4535483dde8beb,4,4,0
6935b759d76562923a21746fce73fe75,4,1,3
1ffa782d6d367937efeae11231132a6f,5,5,0
bd78f91afbb1ecbc6124974c5e813043,4,5,1
65e004516d71c3c2e5e08910ab872a08,1,5,4
2825b66153661bc8d4d8c46d4dca0850,5,4,1
67119966e190b3d2f210b4f9117395f1,4,3,1
97cc8153b2e7c816783e0ba60083ea67,5,5,0
ffe146c862ce518ad378598499bf9204,4,3,1
12d8f84b2205c7654fdf6768718d243d,1,5,4
7e405814c829cafee9c827024e3c714d,1,1,0
688777dd259c99e7554f3901ff653a54,1,5,4
d1846363415db8171f834ad2c5ad25d3,5,5,0
351126ee473c51592cb591efea295181,5,4,1
79fe183c2c4f23688615d54004cd3f2d,1,4,3
bbbc78f0d6afd4eb216b5760d0502070,5,4,1
1e0aee4255436f5ae16342f9ffa9f723,5,5,0
d5d287f2402efa84433646638d83ffef,5,5,0
c75a90e6201220dc506387228d8e0e54,4,5,1
0558d3449b449e4da4a5793f542d0785,4,5,1
ea2f3998dc7f04567c3addb938e148f2,3,3,0
e07458f57b68cbe6f13c8b6161aa48ca,4,5,1
776e5572d4969b8fa5b72b0fde398f6f,4,5,1
103298c1f34006ce17094246325d0322,5,4,1
7d1e3a395580e827eff45e47efd8017d,5,4,1
55ac02b6b194b6cebf53799310fb63bb,5,5,0
1347a24fc320c48fcaf6ed2bed66ee30,3,1,2
d413cfcd1406d2d501179c9671b727fd,5,3,2
32e48287f7d1ed208755d25cc12077bc,5,4,1
b30a09b85513a03dab6e86a547a73219,5,5,0
622f88a1cc651ffb9ad8640298fb04cf,5,5,0
737c93fc3e93b56ba3055202da5b219a,5,5,0
69824ff52b27e9069fe9094a18858548,5,5,0
8fd853ced43959cc63ab4c1e06c6e7b6,4,5,1
642c50cb8d316db5333548a2c0fde4c6,5,4,1
c998e2a47c31a541308c5a5529a5984c,4,5,1
ea2a094b786d1184a3b3cf0e5f549d04,5,4,1
59c51bdf0c3270d962625e5ebbe22fb1,5,5,0
a9fff775c01f5c2af9b79817fab57cd3,5,5,0
bd1c5f97d14241d464813493f158ffe6,1,4,3
f3eb66a4129d33fbc7c1077f39dffe65,5,1,4
1f39bca81bb7accc56f053aa773a89ad,5,4,1
ad2c67f915af1e2fe2e13bed8abb9108,5,1,4
93d9dad77a7490e2f2618470129d8f83,5,5,0
1bb460f1a118ffc0218e3c7e61a59029,1,1,0
5de443f7adc75b72230b61e63ce5007a,1,1,0
3f5ee98124031535645a99b8c198833f,4,4,0
85a08640d88815b0ede472adb059d337,4,5,1
fe16cd489dc12547d392b20401886aa1,4,1,3
3923f314508399815f3a29541ae99a2f,4,1,3
f7dcd88b218022d33734106bf56e3165,1,5,4
ecdec61b6acfa5ba6f5050cb64d166aa,5,4,1
8cd59737a938a31e140272aabb715543,5,5,0
f94b36edd3bdf9e9f9696ac9c8cfe2e3,5,5,0
f795a37f40d58c4385cac618d078f202,5,5,0
0b5143acf46cd4dd573604b449451bcc,5,5,0
84002f994c72707b99788fbbc6f72f3f,1,5,4
9847fce753aec51f55dc5f6a5bc3e732,5,4,1
3909acdde3ea5641fcad856ebc2b5867,5,5,0
40b726690a12c5fa40e3e0727ad87835,5,4,1
448e3433c1fdb3dc2678294be291a7ec,5,5,0
b08f744110f2ee72a38a3ef7a9a3fdc7,3,2,1
afef03e9561e4321c46c94c6df9c6827,5,4,1
630c3cacbf294ed8c919a0c6a90bb1fa,5,5,0
18dc026cdb7d39abde1489c336528961,5,4,1
2f50a3b610253bede0da1b660bf560b9,5,1,4
8bcbf632174ddf3a193be1b60335b40c,4,5,1
41707ed875aaa6861979c1a2a8dfa9d5,4,1,3
fcb6580ec29d157ac00337b604e33d61,5,5,0
d1c6fa11a0fb958619647d438f9e4849,1,4,3
ed11bdc16e2933132c57eb7c0cb4d7d5,4,1,3
ef6f8412396e4df61ff53a81e1c6a4a1,5,5,0
9eea7815889d95c5fbd5d314ebc40fe5,5,5,0
397c0e626cd53023d629b5053d222ce4,5,4,1
a74a66237984e5fbc84b4900fb3cd430,5,1,4
64afc403cfab22312fa1fac557a7cf20,5,3,2
d14319b7a9ffe116c1ba706238d3cd27,3,4,1
122db42cf230e496258825c75d544c15,4,4,0
9c3ec2b1090ff630e2ff9ef49f962734,5,4,1
04221a4eb2e1a30903ffaaa72f8b268c,5,5,0
f338343b96ced9d8ba7f84a53fd69a40,5,5,0
b50045898b1f2d9c7c9b68f8902e1d45,5,3,2
3b0ed597b36d966d85b2ed8cf4447f80,5,5,0
3f6a06dd65ecc8c3c8bf73dd9f5ade29,5,4,1
2d5b9f995250ca7846c437a641ed99aa,2,1,1
3cbfc1637c7e8b1fefc098ea8220a57e,5,1,4
c0a8c5b9536ee81202e0c08ffd9abee4,5,5,0
5575cc86f17fbd16ed34491f6d50aee5,3,1,2
b65e9f6d886f2fd5807096ed8f4a72fc,5,5,0
9c9c501f71dcf81d14d006826972733a,1,4,3
fd93073bf4bfd856573cfca0c959483b,5,3,2
943dc313319b98a46f1aa70d59b68715,2,1,1
86e3cd758798428e744624843dd7ad04,3,5,2
38422c08f54da1ce80e0a5eb373d7d82,1,1,0
8113e5717c966d7abf2b6ebda89a6e08,5,3,2
42c9a9c778ca94f01517f4abb7e6df31,5,4,1
66673d07632c70dc8a9393c230b2e275,5,5,0
c8fb73e3313c12aa7978cd59adbd0a6a,5,3,2
ccb984d3f0888287bc92e0b18bb9527a,5,4,1
119f5a78ea23b1b012dfe576225b5d10,5,5,0
033dac2c6721b55b4323f622ea5c1500,4,5,1
7954d26fa0d387724ccb30d846ebbd9f,1,1,0
4dc9ffb13707b820e05c71f5a0ad967f,5,5,0
4b99a000045d86380d5b014642fbc499,5,1,4
1c92d119b3e5c714c4265d02746a8dad,5,1,4
231f6725cc4f33c7d2473e21240e34fe,5,5,0
5f4488ffadc1defe6b015c8c6e128c46,5,4,1
9214a22a09a3f31effc6384f1bd44604,4,5,1
e119563a850008c9337df0d017458e97,5,5,0
b1303b12e93f925254918495e630d0a2,5,1,4
f6806cb575dffe2dd24873502bc0b413,1,4,3
4123a46501472ba0fa021d7532462e27,5,5,0
5e2c33d2f30f75167981f86a98b727cf,5,4,1
43ca8748a71977b9d33696cd909f613f,5,1,4
4ff4e765fb57ce1bc954bf8138e14013,3,1,2
9cff15929217597cae032b555b2bed95,5,4,1
ffcc17a2f3331d4d25cf692060921690,5,5,0
ca726b66fb5a8d36376b73e09e4958b9,5,4,1
d598cf8c9a25d482dcf98cadd21713e3,5,3,2
88d95fe1b916ad9ae117e52dd078e0fb,3,1,2
47fe026fd2770231295017afd4c0084c,5,1,4
68581be5a169aa794008314a3f641b71,5,5,0
3aa2600d02e113fa1145a76a2e90185f,4,4,0
30fe274ae9909568c501af6539d4306f,4,2,2
8092a1edb9b302ea942c2671edf4737c,2,5,3
df9a9799d18fea4a40cc802a44f7c400,1,5,4
793bd6f3c3ce5f97fffcf62f2755f84b,4,4,0
150195a0ae1d6d4d5727ff6054fa709e,5,5,0
1b5c8fc44d61c185e5b3f00b73cc476f,1,3,2
fddcad3001f22880b74b21a7fd8fce1b,1,4,3
5fd9fce5ad52aeebd4a05717b2990ca4,5,4,1
add0a7ea74e3048026fb192afae91c61,4,5,1
3e71c6639efc622b22bea76bc198841e,1,4,3
52907fff3c74ab7c7275c83de3d7ad17,4,4,0
dadc329b35c6c0dcbe7c3ddb1923f51a,3,4,1
724c7b9d5d226631f82c0c09a9f51685,5,4,1
800287d237dce4a18b42741b52bd4390,5,4,1
186e84bd74bc46e35d08618b33f828f1,5,1,4
b1b6f4555a67701822ee36e2d35d7043,5,5,0
0a84606bdb8331708400882d2e921524,5,5,0
34eeeb0f3dd806169c5b90f466d37cda,4,3,1
069448c08929653f9280f77f9d746ee1,4,5,1
f7943f103569d2bb8a79fe584fcd07e5,5,3,2
10a59a093f3cdb6180f929e3e5637728,5,5,0
28fba8f2991648a76b354b784394b466,5,5,0
884082cba8cfd079bc60c7b66d252aa3,5,5,0
275725b6f36bbcb5524f2f7b704cfb3a,5,4,1
32efd401773730f7d0d1c5ae2b841465,5,5,0
0f4b2457d1334bf89f2227405e775293,4,3,1
27f61642eec62fdbd86c81f7fd1320e7,5,5,0
9a1d09360fb93ff8ae57b066fe14bc62,4,3,1
d5497f2d48ae06c4841d41e5ce965d00,3,3,0
a91c3d9045c21f1f101bfc28c30fbef6,5,4,1
91fcf25c1cc5ba3a5ddc26f394a74138,5,3,2
378e4ea286514bf3ca1356670c708ac2,5,5,0
ffe48cb3d8485e0cb0405e21192e592f,3,5,2
09b6daf7c780e789668ee3b7f4bda1c5,5,4,1
9fa4fbddf06979761ad62c2cb6fcd315,5,5,0
606c3603f9869041c9af20d3fba49a8c,5,1,4
f7f0c94ab5756ff0b74073d9d0187f37,5,3,2
70c63ecc0f8619ac9ebb83fd52466e64,4,4,0
5e57ff5e1c008db89fac24b76655dbe1,4,1,3
aaf493c617a22ed7648c239a820ab74c,5,4,1
dc31605d33a65a68258480700bc6f87b,4,3,1
c256ab3bcaf77d9695562a49f8be8a26,4,5,1
2f64f730b534c45e97b887c36a0ea0fd,5,5,0
46095dff98fab25f0cb4306a0430612f,5,4,1
fd2b355e216e132b6c0f3f1b18828c95,5,4,1
e801a92e69dfa7a3134a15e17ef1573a,5,5,0
85bdbf544abea637f0ed3c856bd0a0ca,5,1,4
1a1ddb5980f9699031296734e1b01187,5,4,1
f057c0b69a9b64e8579f7873e9d04cd3,4,1,3
bbf8658c763a5e7e4d2be2e05b39fd42,5,5,0
9b36be8204e21a5c4bb5be20c404cc1e,5,4,1
453e9cc0ba76d38f0fa1b213787a92e5,3,5,2
10ec043040f8a284bba89547e8a49cdf,5,5,0
0a8488f892c3e8631099327c1ec55d08,5,1,4
806a1957ff8cbc748448e062ac9affc5,1,5,4
565ab93665748ea6d06451a9181b9dce,1,1,0
3322def88876cefd455c98956089a062,5,1,4
cdad365333623e415b8afe922b97aef9,3,1,2
7c60f6fd772cf7cc94b55c621b78c8e5,3,3,0
74d91ba3a172d733579d4b1b56c9c3e9,5,5,0
114b220ff080617e99d21cb8549b7433,5,5,0
b592237b8cad838d0ff4b33fceb46a01,5,5,0
58f9ab98b542d84139dda631d9e257d5,5,5,0
c67eb6f352d61cbfeec214480d5c6baf,5,3,2
0e9f9f05e9d249728b37d577ce0661da,5,5,0
eb55f59a44f8ca8558eb570394b598da,4,5,1
60c9450e414b5c1a71cf9034cd62ae29,5,5,0
d5a6117da9e539f1a08e0443644788ff,1,3,2
b82cf5fe4911adae1a6d2c4b171ec237,4,5,1
1e89e2312f1a1fd948c615602f200480,3,5,2
12950f3d9bc12065fc5da141faab5780,4,5,1
82ddfc248f8af440bf04024cae6bde72,5,5,0
c9a7187610e0bf2fb8231f0e278795f3,5,3,2
75b60fe8ae4a01ed4c3152a11651218c,4,5,1
745101b25a8cf56c6a666486d68096c4,5,5,0
852ec507c9db5b3b1086cb9e6d89c697,5,5,0
de1a445fab3d857cdee059116823e175,5,4,1
b6c4a66a0d34a8b94f2b9ab96147ba0d,5,5,0
d6ad33876be24f1d737a097da6dbc920,5,3,2
2daee070f2042c8b7a8e9fdde778a31a,5,4,1
1536003b9af6a526e0d02b8cd13fd2af,5,4,1
6d2a7ba931fe7a8117fc382e5946832d,5,3,2
95e6c94960f10f4af53767f027c9eae5,5,5,0
679d28292ba2c51a735c96d9e8b7ab8e,5,1,4
d0cbe4010369ff1b911352d8d99b162b,1,5,4
b2642502bf8864ede538c80b67275178,5,1,4
4e790ef1ee5dca2f0de38704d806e45d,5,1,4
9c9caabac80e005ba36cb7c06afc0fe3,5,4,1
d087c8f0e290d4fcac125fa8bc527cae,5,5,0
174b81b8891c8236be516fb8097f729b,5,5,0
e213fe5e5d434ebe5a527624543c0ee0,1,5,4
0d8431891873947fe9dc5b7e980cbf39,5,5,0
42d23fff3eee93c6c3b0ac65d3ca1e93,4,5,1
39eb0a2c097fa14b378cc8a8005f4121,4,5,1
8c23a5662eb362f46a3434c07e30f009,5,1,4
2f18fee7e09d77c69bbb75054b8610b1,5,5,0
991703c45ec0cba840f6623e6912b2ce,4,4,0
a80574415edf9f5612a5a6d5f8cc0bbe,4,5,1
2ef3c9464dba683f9e1375f7b3416465,5,5,0
3f3f8127c7e0537f9f74550f3504f93d,4,5,1
01e662008f03009eb9b97f9333fcd6b4,3,5,2
44b375387a05e8986651d12dd9fde735,5,5,0
52e6c4a623a7050f454f4e35dd99af9d,5,4,1
545795e47c9e134237b256ef5b98857b,5,3,2
1c4f77cb28067456e266e0660dd20bdb,5,3,2
661373c8e08e08ebfe43295b3c0cf457,5,1,4
69b0be01136104a7de9c37d9f0a69c32,5,5,0
a4c100660bd4f8af58cf90ef7641d5e6,5,5,0
35396f77ed59c57d4b0a6005a7cc23c0,5,5,0
0b8c19c0cc7dce8d3706d6f67008d18a,5,5,0
37ba9866dd63f644c50fc7a9351ccf8e,1,5,4
a3266d5717615919b50f2d1f62d8c0a8,1,4,3
e0f3b3fba41526eb8feea1da8123fc20,1,4,3
cbc7b0f111cacfc370868186ac364edb,4,5,1
1d2c5463089cdcd251914b1c08a4d103,5,3,2
7a92ce27fd58082e708b8eb1eba5f678,5,1,4
008f831b7185cff7ab35a46c37d64cd2,5,1,4
67f9754feffe51587eed05ba198d21b0,5,5,0
a29603735d5063717c14b5f074b32c99,4,5,1
7cb67275a494651008ed5b1f0353ddce,2,1,1
5409caeb5a9baefa9e8316e7854e532f,3,2,1
fd6ae3b1149c4a3a920086befc628e3d,5,5,0
553ba7f2b59345ea057f5a8062784dfd,4,5,1
31f8ec47a5ed8e8e24f730ccbb66baa4,5,4,1
f3edc53c0e5bd4a11ddd437dabb01c6b,4,5,1
26968873aef9380ae17bfc3717c8cd7d,3,1,2
741219cefb77a5c6acbbecafb6d0e6f5,5,4,1
59afc6ab0cf763fe395e0d2b44990904,2,5,3
d0d2bc60ab96a5450c4182ecfa069ed9,5,5,0
1ffb3c1929b16d9c1aec1958e11b3e9b,5,5,0
0250c3964e5ca77ecac2db28d78aa89f,5,3,2
a9a6410866011c623a3ff44ef92be1ab,5,4,1
d579a51c897e8a3467e71e4db5a88b29,5,4,1
1b49bc4eb1e79ddb7c7c8fc764432dcf,5,5,0
1fcbc88015c88c1a14d4b8ec35ea8ed7,5,1,4
f8d0d96aa37dec6d5889d28cf88574b5,5,5,0
3c8aa4e17d7d0b7a6b3c5f8ea6d36038,5,1,4
d7c30fd6882d8cfa35a7413682542c87,5,5,0
c568b098d9dd03c22f387c2f0eb4be8e,5,3,2
f4ce5abb3bd4aac9e9c5f5685604cbcb,4,3,1
afb45414100054ba4a61c3fd695ec72b,5,3,2
6c9d8a503389b985fe15e2f6c3b5f7cb,5,5,0
1bfb2199760a3d5c410cf4fab44e868c,5,4,1
0a87254b512c79f0943355540a189d77,5,1,4
47f127d696dedbcc985921e3304db01e,5,5,0
10a00d04ca3504e6a7804ccc87050e81,5,5,0
12ef95248b875f8d5b8816bd3f281cd1,3,5,2
2c953e7c7611317da6160774e2129d64,5,3,2
975f28e09eb89fa0ef85557c52aed6ec,5,4,1
6d1941372f0503efc3953bd3b24bb512,4,5,1
3e1088f1c96e2b55ef9a070866bd1f1e,5,1,4
ce9f7803d130fb5f7ce39962ea704afa,5,5,0
739ee3ad0ec77a3a878e07dd15508f4c,2,5,3
ccb493a84cad1ba5ce523d205f00d987,3,5,2
fe64ddc89b78b25109183dfb7fbc2629,5,3,2
a29d9c2b5d06b98ba0b5eca57feec6ca,5,1,4
b9f46930a49f91a659c2f17c92a13746,5,3,2
70125414483e2ba226fd0c095bf5b802,1,1,0
7bbaf5678aa799c667b939cb8a8b0294,5,4,1
0c5f42741cb893d18fdbdce191decef5,5,5,0
c2a9913d397112443fdd3676baea3e98,4,4,0
c8912d4202b55b07362de0e1d8ab92a1,5,1,4
ef442e129f56ec1234a402fc824686df,5,5,0
c3897336d5d3d5a54fd2203ee9483312,1,4,3
cd143ca82dbe97242de86f5cb2c79ff0,1,1,0
ecd1661658d34312cf9ac2bf34ba3b6b,5,3,2
89f0460c9010d52281a44ccf5a287526,5,5,0
da2ae2d46fd31dce84161c9dbf64331b,5,5,0
a7e1fc9c679ba035ffc78b021f142edb,4,4,0
d8917c684fbf577ca5d76423b29f29da,3,5,2
e5461a7d20e6f38be093afea98b3af5c,5,5,0
212754a30f758c661afd6430bc7841fc,5,3,2
536dc10adea685bee0cb83614fe3353f,4,4,0
5c85debdfc8ce1c52ffca18216568be9,5,1,4
ea7895cb0e61c16f3121758d67031529,4,5,1
8cd5a8ed660d7c0a352769c18c7b8f9e,5,5,0
2d21065be26736159d37305af015d63c,5,1,4
ed2c99c57389c865c573a025e1d6d34c,4,5,1
29284fa4927edef7e2917032b560d0da,5,5,0
81161411335afb1d9c6dfd1b42a63eb3,5,5,0
2ae87534d2afc8b5a768988977c8d582,1,5,4
efaeae23ce63af9377c93a7458a9011b,5,4,1
1475f5ec3a992c94a397148561439873,4,3,1
d152d9b39cef5941978b389e5ffee780,5,5,0
97e06bd20069c56c504675d16bc5e657,5,3,2
1a713382b46a79377b949a677d232162,5,2,3
d026317579e25a9dc30205ba3dfe5b96,3,5,2
736fa605c3ae7ebfa61d3fc8caa49b47,4,3,1
063de687a6d9389fb6f6934d19d447f8,5,5,0
2d4f87cbbe8820ed575c631218efb06d,5,2,3
0b3f84ce012f341897587c6e4e73f68e,5,1,4
15565b9ff1ef637e3216ebf24bb05c31,5,3,2
ee00fa5093eb96d8573403b382fb60a8,5,1,4
c228d309379c3ae545cc6ca2d5aae1b2,5,5,0
16be2f6d4d5feffe91a073ca17ab52ba,1,5,4
1ce43b051dce1e2139a29c0b64b5df53,4,3,1
4bdb3af7b8d5db206e5ea7b4f964ba4c,1,1,0
81a8c2a67e03e35119afe31d8c1d7b10,5,5,0
9d8a3b882eccfedffcd196e7d1e4cf20,5,1,4
6adf72edbe32f7b03c39edd4b0b97fe5,4,4,0
d8e436a94b1158d6fff244c9ae75fccb,5,5,0
b7f9c9109dcd289ae63ca77bfade44f7,5,5,0
7e64c6b0a855acecee3ad0225a0e1da0,5,5,0
bdaf84a41035ac2fba8b7b3b7b75a626,5,4,1
9166f60cadc480c3e5de21ca8daf2fdc,1,3,2
9d6a4798ca60c057f632bed582e5b0c5,5,5,0
3a05c5202070d944a10db60144ddf04b,5,4,1
37c647851a4d30342bc4dd9ec8c95861,1,1,0
5d681b5588723aa46f699b097a563a60,5,5,0
e03e8192ecbedf3c6493ae3c01ba21e3,1,4,3
46f3c8f0f9ca12fb198779b7f99a0e0a,5,3,2
c3a937f97910c3602c1e4cdb4b951b1e,4,5,1
9888a350c98263705a75ee0a82e90e7c,5,3,2
a6cd7cac7ee11538a78649066487e0ca,4,1,3
03bb0baa2f30152130d3d5df8e44507e,5,1,4
3c082ca49aaf1923e87b34e1375a1413,3,5,2
047ea1a58aad923c2c108eafa2c28192,5,1,4
e803d4e56a315a38eb3a6d339b02278d,1,5,4
da01eb83df2aafd16872ab0c5f24d5b6,5,5,0
519478e4bc7d1ca7d93f2fcd7f9e54b7,5,5,0
1b6a74c497e59ff5342e7a1adcff98af,5,4,1
c2af11ae3f61ffc78a1997289b07d497,5,5,0
1ab38815794efa43d269d62b98dae815,5,5,0
a994ff8265aed38e21cb63b2d8402b09,3,1,2
8f0518f5d4437b43c4849faee7e6dacd,5,3,2
f638d34835b2bcc16d7c6880954bc00f,3,5,2
5d4c60302689f1e23d80b19eea938bf6,4,4,0
2ff28727dd7a3cbb51cf9b8053a7103a,5,1,4
421bc5d68665463cbb939db50847894d,5,1,4
96ad8ef0669dc53c0830b44376e975f5,5,4,1
c75eebf08446545f765d7cfc1ab89342,5,5,0
55bb79b4227dafa41a25a45e8462c7b5,5,1,4
ddcc0f4f6de9d30500e9e39e2127046d,5,4,1
3146e5198dddba5ff4a7843339a58226,5,5,0
e1a9f566dc38eac4f78556976596a43f,5,5,0
f6f0b540e89f9b3f6f256e9c5c739f6f,4,5,1
c5dc3239938cdd5fbaa0dae29b966d2c,5,4,1
d6934136368e34491a21bf8ac9f59aca,5,4,1
da7edb9956cbe0ef5c50126e1bb784b9,1,5,4
89d6544684b9cbacd492feb38abe4fe7,5,1,4
a0190a8aa681fe129b9a9ae80dfd9266,5,3,2
6d1832bd42dccbd91d1ce32da7f54492,5,5,0
27d4565688530c96555c05e21f6740c1,4,5,1
54243ef50fa7c7f650224a26f43bb90c,5,3,2
cbbf61b366cb1ca7a9f9b954e8f345b5,5,5,0
7c9b63669cf62dd8d1ed4d40d5bf953a,5,5,0
3ff4d494b9a42e38f1d11a11cac925c6,3,3,0
24090634aff3af5ea0cbdbffc4a3e143,3,1,2
db17cc060cb420c7dbea80f797f010ae,5,4,1
eb3def506468a28e922792bce17156b0,5,3,2
1d4f81fabfc6dadb18f166298fc6aaad,4,5,1
484f11db440188250fec53abd4283294,5,3,2
2eb8d7103527b48ed39070bd8cb2368e,1,5,4
756d62fd1519d390705464ab14c102a8,5,5,0
4d72fbd8a8a12d4012b8578725c97a06,4,5,1
e2101b7f68035b709716010fb28abb99,1,4,3
3475576ebe7b1d8daf3201dd20dbc98d,5,1,4
83ef337ab9aec7423050b7ecd0260399,4,1,3
af00499b52c61ba01c141aa619499861,5,2,3
5e703e05bcb502963f75e2a2a2eb7b73,2,1,1
6d1f16f4ed292206fbeedf3b44e0ceb3,5,5,0
70ca1c80e14fa0391a567797dc294938,5,5,0
ca9012a0bc23f8c1b5be9b7e4af8fa5e,5,4,1
e0145369394f83a5210ad16511c6cf33,5,4,1
ee3392ed69b3aa71906d6890c571cf81,5,3,2
f575b5125a609778241c26809da9ed2b,5,5,0
51fea792e465500a842c7325adabf0ad,5,1,4
a75677de97d29dd137bd7779428d9aa2,5,4,1
036e37b0e268e6087e88d3d7a676c13d,3,3,0
430cd6b6d3066421a8bc48ce72541ba3,5,5,0
b6276d65b997fa8398537cac9f42c55e,5,5,0
ec6ae689bec92fef124043f61f553778,4,5,1
4d280f7e02765cbee0a2ce0359dafb2e,1,5,4
ff4ce1bf027da9b8b1eaa0c10148cc2d,5,5,0
23c8185c60bb06f217a2437ffc73e45f,5,1,4
ab344aaf7040ad7bcee8c7ae7db9e87e,5,4,1
dd804880e8bbe570f05a48fe008632e2,5,5,0
a61b9456778de69d35a9addadfc57ca8,5,1,4
ee3565d2a50b87870c5b752412c360e6,5,5,0
f24cb1ef5e87e5ea09a1fc0ae135c186,5,3,2
d47275f7c8f1c128471944cf03903a2e,5,5,0
2e1b96bb2d8b0ca7e4a6c3d0c15d68a3,5,5,0
ddbbf91a5dc91f4757ad2ed77ab9616b,1,4,3
2ebdfc4f15f23b91474edf87475f108e,5,5,0
eaac284918a0bae18197faef197f83e0,5,4,1
0f34156bfdc1f9ea431eebf0b9343d42,5,4,1
29b71dc3837a954158a1d1b30d0605bc,1,5,4
98106dc1817ee224a51dc63feb059126,5,5,0
443f3ab34f06d2d9124cd153812b4ba6,5,1,4
d896771c13346a1152e08d268514f544,4,4,0
3083d0620c7cc835cb4c90a8b4895eda,5,1,4
ad65db823bb3d24954abfc66ee67b165,5,4,1
fd3a02bb749359b9e6a4126cd8a50822,4,3,1
7ac0ea1aae0c98fd853d0baf7108099c,5,1,4
0b0809b2b64511c62fb745fb8b465cc9,5,1,4
731eb375d1d241e31221637ee6e5ef56,5,3,2
3eae7531a136877d61e1aaea2684fcea,4,1,3
0dbcaa88e213607d3795e96eda505c73,5,5,0
1d1f85267347878da2291cbb1bf6ba84,5,4,1
b0e27a07c49f580ee1a2c6418cd7a5cf,5,5,0
188e0ceeddc1fff39d55d96545c912c2,1,3,2
87c6169aae0c57897be7344931c2839e,5,4,1
727be733cb840c05e9fc14028a1892e2,4,1,3
6f30b59ca40f5851d931d146ef6868d0,1,4,3
2899952345d332e41b79ece6d0463e9f,2,3,1
529803de3fafe0402da504545ed10047,3,5,2
413acaaa6c5aa063a17bda2ee7e3690a,1,1,0
5000d08e089db4f432f3982d25f483de,5,5,0
e46cc1d437cb15e5f95230f2eabaca67,5,4,1
41ecdff9b0271b1886aecfab66d5a75a,5,5,0
399b46458951afe483b41ead035ed9d6,5,4,1
bafb7839993d401fc28cbd78488ea03a,3,1,2
96b8b6e55e0d6d20bc63d7a6b6633510,4,3,1
0fe8aad910ff05e73b0ddb0a89e61b21,5,3,2
ccaa7f476eec8a9922ac7193691d310b,5,4,1
2000818e65ff6ebca35463a38c0fb42a,5,1,4
cb59129e626aa76c4e74faf4bfba07d6,4,1,3
0300095becf10f9b2993706759522741,3,5,2
4fb104ec6918efe57f7e105fe598d96f,3,1,2
0b137ac032763829e728afcfee3ac3f2,4,5,1
a40c9f4f47639e167fa76a010ae10667,5,1,4
e0eec33f570971dd8325e85fddb084d8,5,5,0
a08e444c29fa117e22e5408c3ffd6646,4,5,1
ac5191d38d98b832e91b416ce1b61e3d,5,5,0
fa28c489b6e2a232b8d4512a06ac44f0,3,5,2
ca6e9fb5f1a78410c6e1a89640efa8f6,2,5,3
9217f2cdc9ff59c50fb2542e2b1f31a1,5,4,1
6cb134bb285a64b0425d1fdaa00d4214,5,1,4
f8d1f0c2928f268becf4f82b181295c8,3,1,2
8f22f06e256ac729f8a1850a4a36edf6,5,3,2
69bff117da8229936027f2bb1024866b,5,5,0
25876bdef3cecd304a7be7b88c6522df,5,1,4
4f4648dfa78caa119b66bd224242c826,5,4,1
d4922affdd87d3e42657243354c7acd1,5,3,2
0d3268bad9b086af767785e3f0fc0133,5,5,0
23b1eb268049c1d2a04b22784867e75b,5,3,2
d561072d49eab548e70aab56a180616e,5,5,0
dd38bb2616d4486d83368c43f16e04eb,5,4,1
e4ef0775ca01d0f6839f7d362041abef,5,4,1
761635b00759928f8a05278ed264f8bb,4,5,1
6fc1f769bfeb1481960874a33a43c449,5,5,0
e02e028e7d2ce34852594cbb87cb7629,4,5,1
5e8e7ebdd5b541e43630e5095c5416a4,5,4,1
e23156a0a06f554615d0ea438a5914d0,5,5,0
e69f75a717d64fc5ecdfae42b2e8e086,5,4,1
7a0e460794b2d836da856ca4c3db095f,5,5,0
b0df2d550f7ba78eb5042f07ccc1b08a,5,4,1
d300dd2390d077cd2c2ec2861db15827,5,5,0
58ded2fbeab30e8d3f53d888277f6b2e,4,5,1
09be8ba0b5c0e3195ef77302707a192f,5,1,4
ae101f141494b1098855d1145e80341e,1,1,0
845f40ca6f1b315562f20fd125f93330,5,5,0
83dcf2f6e29abb1516047b414c52b004,4,1,3
b74a684e587b26938063adffbe35f41d,5,1,4
2c9f6a7c2d93b5c7209ad4d1155fc325,5,5,0
6d53ce2b0f6fad419567b5753de43a2d,5,3,2
08a19256bfef2a2b1f0fc654723a9c71,5,4,1
03d9b0241efc2b1690172701f6800f21,5,5,0
79c886043a847d8d2e58c43a1ec1ebd2,2,5,3
0ac37dcbb2a733a4d81866a91ff65965,5,4,1
43e22b919baf176fe28fb243217cc90c,4,5,1
e2f77cbc6c09acfd09a1b89f50c095ff,5,5,0
19cb995d1cf31c1a9c3d00b9f9e7e5e3,5,4,1
00e6bc6b166eb28b4502c1cad4457248,5,5,0
a0325a9eb3a1eb5e4a83facd8937ebbe,2,5,3
e2562a436f07f681c4074d4337918677,5,5,0
d93ed72dc9abec13f2ad4ae2e531fada,4,5,1
f76a62e24ff0dd2fdb60bce08e50f30c,5,3,2
644e4fc3f5cdee08df44f2534319fac8,5,1,4
924d24dd7c6de024d96e25d4812d65bd,5,4,1
a0f8cdef3a3387782a94be2247a45238,3,3,0
6a6fa48abc0fcbac1c94531785b8024a,5,5,0
27dc874d0fc1a19c74ec77ca706be968,5,5,0
0a9a43ac5fe59c6c4bee2a8f9b9fcce8,5,5,0
7e4781e7b053db140ebba2ed6e3fde99,5,4,1
a37ed53c21eec1edd358833c1900aa78,4,1,3
b59907afa60164e884ce406116efc58d,4,5,1
6c425fa161548ce6dcea1ea86b1a65d8,5,5,0
a605e090234561f97bea7da842220f0d,5,4,1
d31eb970bb1acce19ffa95359ac4de15,5,5,0
cea05d3139cd44136f17235b6f42969f,4,4,0
f5eda04cf77ec4fc17a1c7a4e8984afb,5,5,0
f5234dc943e266dc8922b4870dc9d491,5,5,0
47016aad5e46195be82ac5fe39b63483,5,5,0
55471a53555cb61d9cd2ff895a278033,1,5,4
68e662b62c58ff7ef4002836145d6461,5,5,0
58fbaad9a29e6929f8e0281886302d8b,5,5,0
b1b9a3b7e5a69074065f547c1e98c8aa,4,5,1
b90edb88aa8235216b0f06e1a8ecee43,5,4,1
d08c7396fb82ad39db681f6692a7e112,5,4,1
7f1159c14b23fc83c21b4c3af15c092a,5,4,1
e39fb9d49443326e7e4db4321c5ca18e,4,5,1
72c243506754c2100a51831b0bc5f891,5,5,0
5eea7c72a77d6f2129a92d2d82e79410,5,3,2
e112dc2744c9e024795bee7be6ff73de,5,4,1
dde8f1a1964c338a90b168c7fdfa075f,5,1,4
b843ecf0468cd0f373c436effbd6f37f,5,5,0
acd0ff1b0e910297101c81d7c9602232,4,5,1
908fa8f2c6d9100f8efb75338167c8a6,4,5,1
3fd458f81a4ab505469540d26bcdb598,5,4,1
35c20257f4ae4439e4560d6e5ad5c658,5,5,0
b91ca0418b6f2ae549bb6f356eee80cb,3,3,0
9a838b8807fdd90c94d08ed164db0039,5,5,0
ed9ffbb3fee532270f819cae7e6a87eb,5,4,1
c66b4d4c8665330b53721d0f84feed9d,1,4,3
fa4a23d3eacd4f1794252ef37ff4e999,5,5,0
06f38dfd220e723c33a775d36f5d2756,3,1,2
040b9db3ba0a38c2c2b139d6604576c8,5,5,0
6a4e7db21066dff2d18a84059245c6d1,3,5,2
59e53c261681312bd398bcac254262e8,5,1,4
6b0e4ed8dcbabec5410a8b28f0405cd6,5,1,4
bf06a474d6806d10fdf9cdc8c428b993,5,5,0
dfdd31692e32c3a31b5fd289a244339f,5,3,2
697dd6059b52ae362ff66b900faebc21,5,4,1
40ec3ad4f08944421d76ad879ca56b64,5,4,1
ab478182632e0212e5edd04806d1238c,5,5,0
e3c3b6a76ec80dd699ad25f02be1a504,4,4,0
2cedacf09b697a584a5078a5002c7d5d,3,5,2
08f77a9d173ce275845e91e81500838c,5,5,0
8a6687e2edd62edc2b9c1de51234bd98,5,4,1
c40ece9c7721bdfa00fd606bbe7b8464,5,4,1
eab03e7736b6f5822bd2bf48812a57ae,5,1,4
0e958d055789e054bf7483acea302398,5,1,4
cac424e74cd7f269d55aecca60a99333,4,5,1
3ae9e8770c3e0d0f1248cee90d8f43b2,4,5,1
cfa5f05fcf442b5faa1cffd73b4fd9ee,1,4,3
988601ceae0e294c4482e8ef89e4bfd7,5,1,4
cefa8ee1540139ac77fa0c1b4ff1f04b,5,4,1
b8eddc75e14deb94310c124b0458c626,5,5,0
fc719b274382a0834f125796832ab9a5,5,5,0
b4767da9668302c3be3309b51f5600db,5,5,0
38855925f815a5c3f4ce58f6c6f9113d,5,4,1
197edbaa61a8a349f382553fd2180ee1,4,5,1
0005f50442cb953dcd1d21e1fb923495,4,5,1
e830930ccc3850213c092565ba5b99ff,4,5,1
d205a43c0e35aacecbf9e14c272c7d20,3,5,2
44fdca9e41cfd8248c3ac1e369447eff,5,5,0
0c3d62f1aa70d604db3bc56082aee4ca,5,1,4
325cfd48a71240cb16c9f50468478c92,4,5,1
f5090f33660f2488a5358a5694e0a64b,5,5,0
d5d91beade5592a7f19b57ef4910572e,4,5,1
2ecc68b349bb1dbe198e18f315c4889b,1,5,4
28cda4e2c431cbb41d153d52ba95f894,5,5,0
f0d367f04ecab8c00411ee7320a5ca77,5,4,1
65d009e49beeedab2b25830b9e69a6ea,5,5,0
9ea64f21920bb6b6972cadb024eabee6,5,1,4
c873d67cdcc79e51c21b47d8c69ada68,4,2,2
028cad58dbd393e348c73435f8192919,3,5,2
673005b4d67fb096100f48d7a6cb008f,5,5,0
66270801492d7434e9f5fe3a6ff89c37,5,5,0
4ee4c7c2fa34f8e2a66accd827f53d1f,5,5,0
725bd1de71d306a7803aad540b487fae,4,4,0
5a41aefdf8010bbd69a5264f69213b73,5,5,0
d232a4685c8ddfc98307d91978aebfa5,5,5,0
0e1501cd30758f584d1fa67cc6f9493a,5,5,0
23d0e1d4771f03561178a0997255ec3f,5,4,1
240ead1a7284667e0ec71d01f80e4d5e,4,5,1
5dbdb8a54c3c54da706c4b123ea075bc,5,5,0
b20c46715ec04f46dc345b698d989f9a,4,5,1
be0c74fbf10fa0f9ff71d978fdc49fe5,5,4,1
773632f583feeda7d9b063496b6526a2,5,3,2
cf4659487be50c0c317cff3564c4a840,5,1,4
19d1e5344936559f5f7b21099fdadd0e,4,5,1
401de49ffa73d6f2b442357b6c84beab,5,4,1
8b4bf0534cfd5d9ebd380e8ac3df9c24,5,5,0
79e0593968bbc9f0599883ee0266dcde,5,1,4
1abd0dfe27b9146f0fe7ac0e4d03fcf5,5,5,0
b8739e2347eff7c8473c5b9568fbb221,5,4,1
002f16b7bc4530031b7d90f791b12d8a,5,5,0
23b6026f4aa837ed95e0941208f31434,1,1,0
caf12c43defcd1c679e73f2398192965,4,5,1
9340ec2a1f243ae60a2b70696db3b202,5,5,0
711394bfbb9d7d943d8de2ddc5f59f23,4,4,0
92d3d3bc9e818292cc5885e18c2d3437,4,4,0
b9bb886788ba323922f55f604ba5ff5e,5,5,0
fe9d220ef122811f6078f92ee189d144,4,5,1
715e85b2a8ad19fcc56605b9904716e4,5,5,0
187014511c3530fd1ee56733d975f14a,4,5,1
de45539c23bf4e084f623d8d339c00ea,5,5,0
71035ba1aacb91b34786a7c4647e6486,5,3,2
61c3073707aeb0763a028eb696085d02,5,5,0
1397417a57ad1bbfe8d639df8cdee908,3,1,2
6f6739449b027efcae27be49edf91911,4,4,0
60a33bdbdd12f868ce8db165ae533c18,5,4,1
faddfb9dace8ba5f745e2d730123b885,4,4,0
a62edb6b5312cdc742089aa7c336718c,5,1,4
b17c8b612641d44b16b1e306763d33fe,5,4,1
9e9bb251429e37919252cfa83702d18e,5,4,1
6a83e5c040d9fc9d14c1035925ecee1f,1,4,3
3e5a5f26a57dc7918c951081887b0e88,4,4,0
ae939729c93b0ecd65e284740cb48997,5,5,0
188d4eda8fa5f046fce1c7c8a309f61f,5,5,0
18b7254a8929c73f21d6f0387bbe9de5,5,5,0
53aef74d5e95ede5ab3a78d696eafb6f,5,1,4
0f581e286111b6b5e757cecec3815151,4,5,1
5c30ac49014e51744e821a352437d1ca,5,5,0
1a868fc0d0328d0e1415957b16f8a63a,5,5,0
dbebf60e0907d4124719fe7a872e7694,5,3,2
5fd5c981a4232eaced70a8003d560243,5,4,1
07d395244b58ce72bbecdafbb1b60ace,1,4,3
dd162c4f0d3abff78621372170e9c19a,5,5,0
1a5d26539a8b09797d607fea0d449412,5,5,0
eb0aa3dd66fc926068964d23504f8426,5,1,4
b271c938db8f7fbc62ab95a19eb2becb,5,1,4
82d2162edf841b38e563dbf4380daead,3,5,2
f3b0e97ac641a7d5658fb2b26fff0ec7,5,5,0
04b7151492b049661380a47e0449f9b6,5,5,0
f7f3e95cf456d7a1ebede3e7c3cce324,5,5,0
b6d8b094c9a771ac0f54c664f5651a5f,5,5,0
f02c97921d050822b79ace5646299e12,5,1,4
17a020262f659ee7b1103f36824ee2f6,5,4,1
3cc9d3f8dca39fc7c29d082e1197b488,5,5,0
34eb84795617859f326a6615f0fff940,5,4,1
0f75a37d009ad9d4a48e51e7cd1dff46,4,1,3
e2ae0065226927a2f9a53f2f05b12c72,5,4,1
3276afbd4fd6d9c1909717750fd3135e,5,3,2
f8d1bd3e890e8a6792efb7acfc9a4853,4,1,3
45f016f4ad553379b5e7e9c0d3fff18a,5,5,0
cc2a815c27056f7c5770b6a14d422863,5,1,4
e1d0f82fb7dcb6e5efb48ace3c44734e,5,4,1
55ef1695189508c09b58080d53d2b32e,4,5,1
de45fff90798d4416b9ba1b7aa4ccd7b,4,1,3
181f3a2409fbfd9640a4e017c3b9971f,5,5,0
f29d63dc20fad4b72cce6b486876ec3e,5,5,0
c77d53942cf14c381d5740220f9c784c,5,3,2
3c4401b17854071a9f4cf7a4d017fe3a,4,4,0
58ddcc041323f47709f7e0b0a461c466,4,5,1
afed00b9cae687f1f1a07bad548aaa50,5,5,0
30b3bd0e05a2c3cb7022f019e9798a57,5,5,0
bd1e486b080a92e66f91c5486282422f,5,4,1
83a748270a134df5ad432092f4e26e4d,5,1,4
b364399a0c864ced54841697ef73235b,5,3,2
2a797f1dfd6274ca81b660f4c59d0269,5,5,0
02ed129a369c56d40549270ac5900864,5,5,0
b351c5d27be59a2dd430f7e536e5d09c,5,5,0
9da2b22e3f25c8310d5e5c36084a97ea,3,5,2
e897fcc9001681522b0e07a8ce043a54,5,5,0
9b015744ffb8748e8888aa87144186a1,2,5,3
311f11836437bf8950d50701fb64fcbf,5,5,0
643efaf4eddc8f0b4f71b1674c882fa4,1,1,0
6b2db6289d13d627596a319150551fe2,5,1,4
0de9012381a06cf0b025e60e60c7dbc5,5,5,0
7046baacfed62d117699e43e9cc8ee7c,4,5,1
614e6a3e3a3c1ef48fa89ab1e15da0fb,5,1,4
9de375e01aa3f39d32001e75abd82b99,5,5,0
e9218bd99902f989cd719d7fd0c97e8f,4,5,1
043e7f7cfe1fdc68f4ba3dc83504db83,5,3,2
b3f1a526de73a85b4e83ac77cd483a05,1,5,4
2408c82f4d0bc3152844a50802d332e3,4,5,1
0a0d25405f3880fbd46619f0852c250d,5,5,0
b4afb7b9e849ab4cdaa2bf9994ab7829,4,5,1
3805a46a72cba13fc8a3920d6da681c7,5,1,4
20e966193a16a101f6a264df9dd92968,5,5,0
8372528167731e5a127082e227a47b09,5,1,4
aef44b8c84ba0725db5b3c5bd7b29200,5,5,0
9baa5b4e68d86c9f1694e1598b543a93,4,5,1
d08c879188638eda44ea5da9dca68d09,5,5,0
b3717753b7626004c921e350a7638879,4,3,1
27704e7d86a04739ad6b19bbc202cd4d,5,1,4
30f1c325f7c1c138e27a82ba984ee5bc,5,4,1
b571f972f69a2f91ebd89ed09a6ebf42,3,5,2
7ac8109e735f29d8982f4503586fe59f,3,5,2
7613c3754c405759d9fc074c35a02b3c,4,5,1
aa466a92af916f9f68e56fce7d3a21b1,4,1,3
be7d02ed4f9ec9a43ac0f6adade17ade,5,5,0
9a0ea28810c690ef91b1a70c0ed9703e,5,4,1
81735ad6dd715a3327f0c2faaccfd559,4,3,1
77fbc4cdd3be2594cbb02bac5e3ce914,4,4,0
2222dbaded2c9c8406d1cbdeae118948,5,5,0
6d05d2deb6a51438e65741cc19d715d8,3,5,2
049fa9a29ba386943ccbd0954fe8b8a0,5,3,2
edaa372913b1dc07209e39b2f15f605c,4,3,1
6672ea757b340c6ebd644244a2c982ae,4,5,1
f9acbb9c41a974fa5fdd57e6bf85846a,5,4,1
61527d1d8e32b98b5c185fd4f23a7876,4,5,1
cf1748350d5972bde01008c436083c4b,5,4,1
5fbb36c2e55d34d7799cb74e65d73a62,4,4,0
c8fa48f1b2af19f06cd1ca3b5533bd0e,4,5,1
117db2f85d3f438fa92b5e9cb579e7a9,5,5,0
be68a2bd0ec703cf10253c611bfda5d4,4,5,1
4f3a6e28d764cf896b1fceb0028422c8,5,5,0
4dcf36a6420bf67ae5326a294ef1bcc3,5,5,0
a4680fb98fd4f2ef703c815a43e4811f,5,4,1
73b1defe09cb47bd521306b506af7d3a,3,1,2
d6e3732aea036f7d71b44db75163e2f4,5,5,0
7be2814aa6db9f9f8652edee423f5863,3,5,2
6cac054c444c98466bfa9af759df2f8a,5,4,1
17f71a234f74de0e7c52630aa272eb17,4,1,3
93c781a8790c89bac596f6ff7d924c73,4,4,0
a8a2f97bc403ceb2bc6c142b4b4add3e,5,5,0
161e053585557a1c61af92492bdb4f21,5,4,1
12b14ff427f6ae44eaeda7943fd08eec,5,5,0
ac17f36b9ec35c47dc44e96558d33dc7,5,1,4
d0a72f8bcc1f2045167eaa548647e77c,5,1,4
872b07190c0c9c0f13475d2141c4036a,5,1,4
be555543375e799bd0f439ffc16134ab,1,1,0
19a870c81a3ab57258a090b0976ec5ee,5,5,0
f74a620e4d4599312c1832ca0afe0588,5,5,0
083fa2fb9d3de18eabbb3427045a1a1f,5,1,4
0467205a89711e4ec8e70ef2277e3287,5,5,0
6b66feb014823833433d386dad897fcd,5,1,4
c4f7d1763350c3f18548294c4beced5c,5,1,4
c0064eb733991511a78ddc2fdba0effe,5,5,0
7916e8283be68b0f8c475ec68cf0f333,5,3,2
1ade3ab91063ad2d577331b0258b1120,5,5,0
a64faadf772cdd7147ed00192cbf4ff2,4,1,3
790adedc3b5b66b16b14675e794382b3,5,5,0
5322755defeb2e8863500740172a082b,4,1,3
db70205a4fec901db7c957ac7d335064,5,5,0
9a1be11e9a732a340c3bec3b390debeb,5,4,1
1237476520c90c304e2603af9629d0e3,5,4,1
3843764d4f30d3653388f1b55c3a9ac5,5,5,0
d836fc392b89243c807bf3366c68fbee,5,4,1
c809b7fce9716f7f28909c7d5aca9eab,5,4,1
d946899ce911ebb570750e694994f812,5,3,2
4fab84dd561f10bb9c98293f34d749fa,5,4,1
62d3343ff5b8b9b2465b68369d7dce80,3,1,2
b27ffd98b450ba9120b7ebd8d6bb75db,5,5,0
b8a33fa5ef27e365f04703b899401762,4,3,1
67274e3826cb110f3d0cb45f33c2275e,3,5,2
b0018957adea4b9acded9df77514b844,5,5,0
f09e36e258656850b92657ac5f67b6d5,5,5,0
f2af7540e2b81731609d138b17191794,5,5,0
fd52bb09b1cce1fa4ecbb721e934727f,5,5,0
982727416ef47cb3095b02dfccb621bf,5,3,2
b360e877916b9d6b03877df56551e4dc,1,4,3
c144b68c70e421786c9b664b23a13210,4,5,1
b5b79bbbc8693953906951dad6a55f07,5,4,1
ba7517020cc8cdda51bffbd30bb1b781,5,5,0
78008d03bd8ef7fcf1568728b316553c,5,5,0
380a3824a3077f718ff3e99534666bda,5,1,4
77ff811b9df5550b4691cc8b4bb4902a,5,3,2
4d513811c3447933c3472defe4992141,5,5,0
f07589f27657a39d2d7cba90c38cd654,2,1,1
d32e51406daab72e2dceefb08b096e13,5,4,1
85d142633f7411ccb6c6af60c196b8c5,5,3,2
4b6e439f8ebc7348898173190aec97e0,2,5,3
1105262adc6ab25e5b789a33ea9e977b,5,5,0
f47250cb6ba54d6506935dc2e409b914,5,4,1
bfa6db3b1ea85796d80dabdfd83b9d40,4,4,0
0e8f35f2fcf52b21069856048a64a929,4,4,0
f2ec7f6dc805433a2e8552ab56ef33bc,5,5,0
85c0ddad95967f361fd9cd9e3d1886b1,5,2,3
8e2180a4fcb4cc57d8e0737c95cd4d28,4,5,1
890e7120b669f8e79df87610b80b3b91,5,5,0
d897077d0836ffdc2178d70b3f680baa,5,5,0
2e1d942dd860482d56fb7b9e9f507cc0,5,4,1
e9d2f8cb1275cfe37dd531ac43bcb2b9,5,1,4
0eec617eceb2ecbaec84cb904530b048,5,5,0
ddc904ea8bd4313e136beae61948c20d,5,4,1
b4eeb5f8b01e30cfea0247dfbee0d054,5,5,0
5bda85803d5b100f4a2c1aea2f89c40d,5,5,0
cbe9e2376e5d8de3c057ed58a638403d,5,3,2
d3fa993cd95accac6c3d0b7e51dffcda,1,5,4
1f8e863921f1d0daeda98b603a956954,4,5,1
fb3d9e762ad9fb92971864a84c619fec,5,1,4
88d55d6258872b31bf45ce51a6675c2b,5,5,0
3a41d0e227b4c6fff055561af5eaca13,5,5,0
39454163ea6db630f644e723c00f7da3,5,5,0
d0444c65949d9cea920374debbfbd723,5,3,2
411282320ee1ea91c2fc8351aee73b05,5,1,4
a12de642288c88d6a5aec20f46a12fa6,5,5,0
33c1911ef3652a03c6cb098b9399b1d3,5,4,1
6726b6ce39bdad195755f019dd9bd4fb,4,4,0
eae696a5d4f36a048c3c1e78d611253d,5,4,1
5928d420527d13a50a884bc80c6ea676,5,5,0
3b2d986d88e983cc12154191391193ad,4,4,0
6f56545c88b148da4e1bef1bab6c7007,4,5,1
45060534aef780077c10103b60fe71c4,3,1,2
64a22766d8a3975ba61edc4943501e24,5,5,0
b038f6ae89bdd1fddd3b51ace3ff8b30,5,5,0
0ecc4db762e9de55ecdc2f22e468cfe9,5,4,1
fd3fbd86a0ccdf3ae7981fcb539cf942,4,1,3
2a0f332fd6b3b477c16619a99313d29c,5,5,0
a36a7f2219c828e52cb094ddc8d89b84,4,4,0
a31e3f43f9ed2f1d94b0748bc723b899,1,5,4
6445a8b97a5e66d5c72eec0cb6650141,4,5,1
3ccd24b53560c0fe294750d98a057584,5,5,0
43db2bc49fcbe07b3ee17f03949557f4,5,4,1
c3b1312808b5e55eda5efa7fcb111b00,4,1,3
0bd166e72c588bcc71cf432b653c1667,5,5,0
267519bdbe13b2f237af57f3f1b86a9e,3,2,1
70e534acd4ff3f46956f7b4b36418474,5,5,0
a3270f2613a807c71433dada7bf3876a,5,5,0
34ab0cb9a828372a0c1de84088b216ae,5,5,0
8ca43faa3b964d5ef9d833123b3b1d2e,5,5,0
be0c42b7b7e9edd961e7d70426720a0d,5,3,2
dbd32517a2d3acd957e41d6c4a8a8a49,5,5,0
505b77e04872f9f03ae71d4f75f43af4,5,5,0
fbd969aaf28de4524d590d37fd10b894,5,5,0
0668d086b3ae41adde3aed3dacbc8fae,5,1,4
d9a9bc50c9da52930374f4884e3175f0,5,5,0
7bda7db3336fe81423dded5d342d4115,2,1,1
0b2e6b4673da2264a5318ef4abe1fd44,5,5,0
6a0633b045fa76bef36ac14dd4a3f165,1,1,0
36fa9568947553fb83c9ad0726737a12,5,4,1
438b46304b3217ea878c63aeb5b98f5d,4,5,1
465ea0b7e27f7e09d3667cb42f5d8648,5,5,0
6fc7f8b453f5c366762afbf392ef9b37,5,4,1
05ddf4cc62efcc6f34b8c693eaa2db01,5,4,1
4ac6cfb47c51ac043927b84975d1a62d,5,3,2
ea2568234ef491f3b42d83e8bc5f06e7,1,4,3
21df2b96ea32eb3b985c7c87a398b8d0,4,4,0
c700b407cfb9699e423866878835f42b,4,1,3
2e386010d72473c60bdae32edf6823ad,4,1,3
45acb6840b062e10dd63454b19ce5212,4,1,3
65c103df35abbe57462ae508a41fe3a3,4,4,0
6898d4e2dad0e7d07e74cbbff0a796e3,5,4,1
89d5f92a293efac0b96497f3c0ad19e5,5,5,0
c0a8ef94e050fd7fb74a3757be5b3da0,4,5,1
c69f7508f4c5846fed84591077e583c1,5,5,0
ab2830d9aa052d7aee54359bc3f61d0c,5,4,1
e9aabb11af0ed0b77743b1d0ddd7591c,4,5,1
766033ca0a01f26b46dfccd2ee59cf9c,4,1,3
08fa939ba176d6eb8430ef2990a68245,4,5,1
308af2adf367ec45187f929522f6b9ac,5,1,4
a84a0bd528e053f6b266e21bb1111e3f,5,5,0
4cdbb26aa0dc8e7179f33edf59722fa8,5,5,0
418764469a9e73f76f56783c1863bd05,5,4,1
12f0d35d150a1645900980264e766cc6,5,4,1
986dfd5411cb5a65f3fe024bdb0d0745,1,1,0
249004c60a9bead3bdc73f4a8d2f0c11,5,5,0
c0567ba9f6736e00d05c404aac7c9430,5,4,1
ceb435f46d86d2fb2890334c4862315a,4,4,0
312f43273284b7ab987d5bc4d880d5ef,5,3,2
95807754346c1a01b8040f29f42f74d7,5,5,0
5c9c7cfebd7a15f81479083d70636f51,5,1,4
c54a7eec3c60268882826057b1f7f31b,5,5,0
93f610a3cfcf2420d96bca828098c8c2,5,4,1
f75d04d7bf218d0026ebdbd703d70fa0,5,1,4
7a43439d03078dce6fa291258b5d9796,5,5,0
d2c902f172e80f22126d53d9ff7871b2,5,5,0
3ff3c14b693208d95c7a79ad6fe5c117,3,4,1
7c6146547d5509c612ec26867d1cd47b,5,1,4
084ce670827e3ebb5f585818b985bc25,4,1,3
0782e07a7692b86e29c3fcec805b3bfc,5,1,4
c6d80ef64d3bab44528b4f5b30b257fb,5,4,1
af79819a5f90540c8d9a0eb9a4ed589c,5,4,1
bd365efbba0dd1eaba5184a340fb1178,4,4,0
f222fcfc65ff1398b47dc51ab30d8d60,5,5,0
9a6a7ea0e1523950885c7b716b1766cc,5,1,4
b3c2fc7374cd5dbb27c84f1a0315594d,5,4,1
b8f1d12f21b83fdb91d157f357617d90,5,5,0
8dd212b37ef87381b34684de2200d25d,5,5,0
a0f26edb69d57d6b0624f0ebef947c79,5,4,1
fff8286f77788ab8b55b2e5747fa7dd8,4,3,1
c4694142c485a1a9d1ca666ea9c00d07,5,5,0
3ae7f9146be3fb4fed651a66c7650b19,3,5,2
33eafd0ea4c37147b521b67b83b6769c,5,5,0
8fb7d40ee1093b202dec8c0e06e2d21b,5,5,0
ae213a9f84c777fb7a31e8c0f09fd30c,1,2,1
8332829ddb8a92e5e730111419b90bc2,5,4,1
b6ad79d84c91bb9d11720468017c168e,5,5,0
715c19fb47250380be905cedcd442b5a,5,3,2
e93510a1b0e70c6f717c60f67ad314f2,5,5,0
d26e5113b124c2bf24274139cf339a8b,3,3,0
bf3aac7b998a34f5bc14f646652e7bed,5,4,1
0f75f2844ce21ea30f36b770fe2459c3,5,3,2
f9682c67b4be66779d1ccdb17aee33f1,5,5,0
d6a043b1faaa04d723fbbe8b015f0dd6,4,5,1
9142e38d4f7b7cf458a1eb8ee2b52157,5,1,4
a37ddd895baf6a663cd42465aa1a1d10,1,5,4
88bf34949a5bb708a123dd12e80ed24d,4,5,1
8688aca523f4e461265ba91b91b1f377,5,3,2
68c266b203d2b5b9e4f724d2b0bf532f,4,5,1
43868f14b4ab88057605c96f7c8c820d,5,5,0
ddd05f07be2e7c5c7f191e06bb0fbc70,5,4,1
1803c7e9eee1785304c1266d06ee1f8f,5,1,4
9d70bcdf379a446b3a834de708aa7781,5,5,0
05e6d57ea1f64b4e9a0b37c669515cfc,4,4,0
a602aea3a8a3551032ed0214a2006707,5,4,1
720eff52272ce75d967e9a8f382681f3,1,5,4
e6a8d767ed8be35e855fb51421587360,5,3,2
31a200fac55455bb8b28d747b21cfb83,5,5,0
6051e6d3da9a50b7325cbe9c81025062,5,5,0
58941328547eb733f03a9d179aa7313c,4,3,1
f8dae62cf3515f978a53413b1d707a31,5,3,2
fea37071a9fe1444fc1ed7f316b68478,5,5,0
929ccb6e3021ed4afe8860fe50791967,1,1,0
d4a72eff3bfdb6ff7667bef4119283e9,5,1,4
41fe5122a99e994da33095efeb38f8a6,5,5,0
8612cf18484bb0bfb9d98a7e1ed2766d,5,1,4
3e08eeb1c28dd17c084f4c0924104e20,5,5,0
f707ff2a9514dce20b267136b60af042,4,5,1
246b14cc444e8a7df0afd80495dfa052,4,5,1
c301c2b97036e2e7ebfee92607c448db,3,5,2
8dcdf2ba21745811aaad2fd3ebfc0360,2,4,2
004345d16a1ab2c21962992c721c8643,5,3,2
5cafde3fdf1a583c0a5d7fdc7b526ad1,3,5,2
3660e114692157e805cdd9f04e83d9e9,5,1,4
d3e50ea4c86a1cfb30aa36e3e388d021,1,1,0
3fe73ed9f9247ec5ecf012be58e14579,5,3,2
8c52dfcce0a3724101362890db77eb05,5,5,0
d5da3d3e9a68ba109b6f8f0d2ad567cf,5,2,3
45351e92010175fdd13009d69c1f3502,5,4,1
083f267075b03a6cd837f4faa2c7b881,1,4,3
4669128c3280c4b2c99e4de410143681,4,3,1
f4a225b924b4cf6e2021d3a7eb5c109c,5,4,1
12fb2d2b590f7359e3b473456bd1ca87,1,5,4
d06353378a1ff1ae9d69e21e97c78906,4,4,0
fa98b69fc0f7e0d07b0f1a54cd42ebfb,3,5,2
cd1c8a9edd4e0f98b94e0080a2190f30,5,5,0
75d064d09b807b1fe4b662a0b7611f8b,5,4,1
994572d6e67b97ce9c9ceb7cc0f6445f,5,5,0
d1d889b705a1d015ae3040fe1cb24be7,5,1,4
a5030749302e7c9a21f56e55fc391341,5,1,4
d10768b753caf92effee124437f14321,5,5,0
15dd36b746e48dfec9824dcebef22b7f,3,1,2
6cdd8e55d732c4757465f8eb53d4a8a0,4,5,1
d80f699fe4f9cb9ee6be99a1ff5c3944,5,1,4
f0691b76292c349ef0ebe7e30b7b2823,4,5,1
666ede5bf7b6eebd0d2f61795ee14149,5,5,0
5fdc93e450ccb779c5d594b36f99bc04,4,4,0
33155e3c770d0aeb3c0e7d431e6b420d,5,3,2
6b654c2dc2e7c610cb22c325fb723057,1,5,4
8fa4c1bf3c1b27d1349e2aa934aed53f,5,1,4
f4f6ca3a1a95c3f5db08489c2ec2ef1c,4,5,1
2008d42068c636c1f2dfc2679457e8c9,2,1,1
060b8f810cc106b90824b59a26ceb0db,5,4,1
c82910354fbdc0bc475f3ee34607fd63,4,4,0
3bef345f66e6215315fa59acd680c863,5,4,1
ad2cd0c1191ac47da3a52b1bf112b391,4,5,1
06a31d324c43e3350e4a83fb663c151a,5,1,4
35df0cf1d7650c5c0ad88837c4dfde89,5,5,0
31abfb3d839221bf8dc8165fbd494c2f,4,5,1
d0654bfcd7000854a697aaee3ff7c5aa,5,4,1
ab6d00347b9055691972ac20f00df77b,5,5,0
f85a3babb8f57542a4493f9c45523501,5,3,2
de0bf4e0a4d6dd65281279bfbbb815c9,5,5,0
fb6343faebbbee8c21d59d4ae59477a8,1,4,3
559f0bbfa2518e102877dcb7f65735ef,5,5,0
c6512da3ccb5263223de71b8888d4db1,5,5,0
001ac194d4a326a6fa99b581e9a3d963,5,5,0
317eaa9a9846b9c1f08c1f38d26bab63,5,5,0
9b1e6dedd7de3097acb7948dfd8cc359,5,1,4
7a0f0934c14eafa4b5afc9a590b9386f,5,3,2
bafb684404bd59635ed1f02e09058779,5,5,0
bd8d8c966c76e7dc0c5da96656641c7f,5,4,1
000576fe39319847cbb9d288c5617fa6,5,5,0
0f4ac89389a25eb2b1d923e4ed43c0a6,4,3,1
f70334f7397fbe35445739c793099fe6,5,4,1
3ff74df75d244d7b291dc5a16004b2f0,5,4,1
1fa4bffa6539c9b85fa24de8db7b2d48,1,4,3
d46dac528dbfb09fdfc6a62c82d18694,4,4,0
ea7dfe9f928b33cb2e9d8bc99dd7e0f3,4,3,1
c4fe6f6fb6b226089906913cd4ab8a20,5,1,4
1dfe460e88f7ff1daca47feab6cd614d,5,5,0
8ad43a57bb88d52531c6facae014a8ae,4,5,1
8b5e19adc5101e4b002ed7c4dfd0ecb3,5,5,0
f08dc1531373f63ea0779a333ae40275,5,3,2
a138c0644d38ab9a92ab77dfdd294584,5,5,0
12464d1f4f0401e086966a5333ae812a,2,5,3
a99d889887e1de4ac286fc3847455a97,3,5,2
0dd15079372ce401518ac26321947143,2,5,3
a5bc76cff5020a123d1fdbbf26e06774,5,4,1
c2ffd2b7ac929dd7d29b32d0c9db8ec2,5,5,0
604eaa08ecca86f614fb23ab44999543,5,5,0
cf76d482b013f8af6dc046a3001c1c4f,4,1,3
e3be8e7970afa286e942ea4273061bae,5,4,1
c7da51b752a41bf0fc419eb6b929b582,1,5,4
199303a694a579a221dd258585150f89,3,5,2
923edd16abada2893b886d3757c73ffa,5,5,0
123bf681d8f2bbf410339ccef14d9c42,5,4,1
a092499a9f4bcd992aadbcdc2d5f7843,5,1,4
2290b45124e2773329685c8dd7458e68,5,4,1
6260b8b7e35f7b2163df6a9eb133a072,4,1,3
fc94803f2f890e115923357e5ef2d347,4,5,1
ebc45391c3d191ea75a52f6e2201d311,5,5,0
9d4ddf2928a6c8e0f4cb2e816c361fb5,5,1,4
9e020562e720fd5b4120ccc4ae0132ef,5,1,4
1534266375dc7e304dd7e81942cb25cd,3,5,2
aca28aa46a33eaae0b7377883b13189b,4,5,1
5d30afe97f086b0a5cd532422514c3b1,2,5,3
c36353bc20e464fa631292ac4a42bd17,5,5,0
e215d6f06aeb94e2f6359a86e58dd39c,4,5,1
518f64553f1bdccfe47ed290584a60a3,5,5,0
a5a9f45d795fafe0077043697f62fd4f,5,4,1
7d68f1da2ad6d6fa877e000788daf541,4,1,3
4e3cc1c522e0aef1e726d2f9eaeb8807,3,1,2
9d53272cfdce55bd62a920f66ad66e47,5,4,1
227a77cf2c1425f0207076c524b1bb5e,4,5,1
64dc7842b184ebd280aef040ab951134,5,5,0
a7dff9f82589bed9661867f1d3e5673e,5,5,0
3c8be270e7e602ffcde3f97cef934376,4,5,1
995e90c3995e0f19a9579b90c6dcbad2,5,4,1
eb3b5ecbc980ff057c188ea3b3eaf722,3,4,1
2fab8b6042a5dc17a01cbca94aa6e055,5,5,0
c1ae5adcaac94051df90bff4b73bebd9,5,4,1
7289e899d9083d1c93469d36a42d1dea,5,1,4
3f4cc91bbcf1a05dbef15d8f976588bf,4,5,1
7889e9a569a5488a0c9d93381a13d5ba,1,5,4
1d400d95c6669247200db54206a74b55,5,5,0
cd152c10c2b137322bd87555c0553c16,5,5,0
c042c97fd633f5e705a44361fb468828,5,3,2
aa61e95f95f3ec74b8a3b7c5c174c0c5,3,4,1
c1e9744452fb7f55208a14610436019c,5,5,0
f15eda4eee582fbfebc330748f24e208,1,1,0
47852cb7df51fcfcdcf3f3f9969ac1b9,4,4,0
62ce1c9906369b2f38a1d3fb4472c306,1,4,3
4f6b1944e5dab6270cb4010b00edb3bc,4,5,1
3ecd4d06af8d5179eb36b73b96f88f2c,5,5,0
b9386feadadb8bc45d250345f27ac180,5,5,0
9021cf1919f615a121410790dcce848f,1,5,4
ca90e0247838f37e708b833b004ba84b,5,1,4
819c0a8de9efdc8a6886525a06dc7967,5,5,0
341dc4ea81fabe7de6af564b72fcf3e2,2,4,2
f4f81d9284f8b6894f76d2a8fa524467,5,1,4
15b43c7df18210a4d78cb043992d1ef5,5,5,0
7451bae6c17cbaa82fa2bb466c97cb45,1,3,2
79c25882bf9157a3e38e7edb7c3a7286,5,5,0
b681b75880c64cf34a01e503b6c2aafc,5,5,0
cdf7511b632d2a9b53d70b1e24a45e70,1,1,0
4e5d55d40118f10ac43d483e9094246a,5,5,0
f61c1d32076f07bcd286065a88a11619,5,5,0
43f0d057f0850582f4045651805ef133,4,1,3
f8b6b27efdf0f73f9e9d978fc503c45f,3,3,0
32e4fa9bb468884309b58b9348de70c3,3,1,2
c8e75378d45ac6daae73b7ff2d236798,5,5,0
99d3564705b8fa6e354dadabe49e8c28,5,5,0
72705672ab6238e6354d9889c34ec409,5,5,0
b0ddd4ac01604bb4ae094a307a06ccc9,5,5,0
1765804f6753bf6a25ba8c9fd45977f9,5,1,4
6a7a221820715f6d872f967311d9e23d,5,4,1
e618cc48dc1a9bcbdb3f9743e25a36f1,5,4,1
59dba471cbd7e791c3bb0d83aa705c49,4,5,1
de6167039d6c71c0bea5a5d3b9437082,5,3,2
13f726430863cd4a81b6899e25010475,5,5,0
5394df5f572a529d916abd5272d0bb13,3,5,2
22014e568766c4f4d4faf4f8ee12c606,4,3,1
46919c41f3e2b0e06e6fe85383250e9a,5,5,0
94dcbb5ca9d603177841a40f3d630483,5,1,4
f1a0df7b904668cd90438d0b076d522f,5,5,0
3c8c8b2ae428da4a2bd9c4547354630c,5,3,2
231f0baccdba5c1d4ec4dd711da58b1e,4,4,0
ad9d242e1b6aefaa8945ca684dfe813d,5,1,4
876c93b0a50c1fd2ad77f265d32de95e,5,4,1
196a70ab3bb16ce2023185004d20245c,5,5,0
ea3c6801daa6e86c6057f1bc8bb11b1e,5,5,0
dad7ec529acfeae5322bdcb8f933e5c1,5,5,0
5b8c38123823347dea1d23abd2635c21,4,1,3
11aab800a7e398a77f8f1a28a74092ea,4,5,1
56989126486c2d5a8797256f0011753f,5,5,0
06f39c67a9d68f76a8bfdb092852829f,5,4,1
302a24de3b0c53d916a333a0ad6dce5f,5,4,1
9910e116d36a19d176b63642db85b559,5,5,0
b090db406a3c2b8c132d12115b575fa8,4,5,1
5b5e27caef5edb9446df0a7c106285dd,5,1,4
6278b210eed972794a1824a444ed2efe,5,4,1
a75dc59fb32aa2b2ba7db8573eabd774,5,1,4
38ad398ccb6f45911c35e8625cb68087,5,3,2
b18cb761efbe70da4838435a349abd07,4,5,1
d8c03aab0fec0814864f1ddfb5135698,1,1,0
834545a0dc30bbf519e4d9c697eca0a1,3,3,0
9ee2b040a6fafeecf4003f3d173352fb,5,5,0
ee971d64c174b5362587678fd24650fe,5,5,0
c77b924863d95e0e69aaec7323c1ed90,5,1,4
763cef494955df156986e220c7810b18,5,4,1
4faf8ab696c7c0a09160d089d1e5a497,5,1,4
c2320c404179d2b8805c42b8b8de9668,5,1,4
9b4d22bcdc311314f200a33d155c6223,4,5,1
79fa444e8356d0ed4f75c4666db50347,5,4,1
a2e3d71162779bb939a9e0a461226e64,5,5,0
7e44fbbef1ef258486c161d0f53f2c19,5,5,0
ac4e638ca3146139f9857a73b20f6277,5,4,1
61ce184c1c73abf33b18c98b0dff1229,5,5,0
4e88622fff810dd27f43c1663684bcf7,3,3,0
de852e80c0b14138d06937c2695b4b94,5,5,0
ad289a7aeb017887d348b0e026d8d521,1,1,0
53555a45da468a1ae66bd1572a7002e6,5,5,0
51ee9ef5d831b5f76f97d2819e7f94a9,5,5,0
f061e8818fe8193a51388d6773625505,4,4,0
ad5f36b2517f60b9ec2f04f80503566d,4,3,1
ee81daf572c595016b038f9dcf8f6a0a,5,4,1
753841f6cd9bed8cbb16bae45c571e8e,5,1,4
948d4a2cd33aa0d29d03495de3b86f9f,5,5,0
c9e7721790d06c21ff6fcd2dee7a2f73,5,5,0
12b1cdf04230c77662cfee01e322fbdb,5,3,2
004b62108b876867938746ad3154167f,5,5,0
4fc44d78867142c627497b60a7e0228a,5,5,0
53571e4877460790f5910534d81d533d,1,5,4
15e76da51e30092973501aec21769ee2,5,5,0
d4b43f099e2e2c48aae8090b1d632903,5,5,0
04ca915235b56ef2ce81703cdaa6a24b,5,4,1
ad716a0d2ae795dfccfb3afc5d40a6e9,5,5,0
b71b933941ffe3a83e6fa413d0f73e0e,5,1,4
cdae097ae448ea48b9b45e2b3569e9b6,5,5,0
1f75a7630a802a5ca4b723d03b2560b4,5,4,1
34280c3bc1c50403f0f1d4b272565256,5,5,0
37a5c08042eaea80dc32392059927a0b,5,5,0
1257e20a360aff14dfaa811bc8e50e09,5,4,1
711446e2cbe250789dc7b3ecdfce793c,5,3,2
f6db57e68ebbac1c6281a7baf178df17,5,5,0
fd6490ff0d0a47338582b893c79863fe,5,4,1
98b4d7416936a07ca82851907fb3c63b,5,5,0
7cedc87ca678cbe2ce928829cee6bf3e,5,4,1
0d0b6cc488971eabaf999e0fca2b7bfe,4,3,1
fa01cb3e41fcdf8cf3c55e01a5477d46,5,1,4
45c6469f0136458ebcb1ae34e7a4c3b9,5,5,0
814e7ef832adbfc279ff3141fd3a93e0,5,5,0
244e8c98d54a7a388245e6b5b85d37ee,5,5,0
f148f0d15c9e216159aadb7bffdb0fe7,5,5,0
2343dbf79839ce221f3e1ec059cbff9f,4,4,0
89ca163ca854eaee18b4ba6110f524fe,5,4,1
af08253b9001685eb1df111e7134a4c3,5,1,4
f52a5a508f96400a02ab7d6dd3d73146,5,1,4
722551f92737b15702800d3c63dcda10,5,5,0
e77667e4e913dd81cbd1eb473c01fee0,5,5,0
ac81fb6face0af1b93e2a059ad7b9f23,5,5,0
8993af9c591e49725d6658a86ab3314c,3,5,2
34b7f8ccf3ab2ba8512fa244c3bab225,3,5,2
e905fcbedf011d18698d529c885b7802,5,5,0
1bc159c29e3f54a9f2d4d2bdaa45b5df,4,3,1
cb82043e13f8881ba28bd6586112e3f5,5,5,0
801524a8fbd37484e8d8c23448f113b5,3,3,0
32be14d87b5440681042a2135db3e6b5,4,5,1
838f8e96cf584a1d8d22eaf7143c7772,5,5,0
eca1c60d914e6b6b936a63727aaffe7f,5,5,0
884989e29f137d8ce42518666158b8ce,5,5,0
e939b415a638d648a1421b5520b3a28e,5,4,1
933824572e25f2482e2b59e73b1c9858,5,5,0
668b09e578d6cdac0eb996a3457d49a5,5,5,0
36870d717737ef5f4b201e7787c3ea6f,5,5,0
935337c314d75668fe94f2a51ade79a3,5,2,3
159da9914b51de617fe80162939965c5,5,4,1
b266fc1224f5d4b3ea5c8ac9ffaec15e,1,1,0
ffc0da1000e3fe80b745f005755bb814,5,1,4
c13a062c19003147450d2f42e7b7239b,5,5,0
392abee0f881388ab93e4b6b5fd60177,5,5,0
d3f661b49e6bea433759048d761d2035,4,5,1
a96dc2c8b069bb0b45b539cc316a9aa4,3,1,2
2df6cb09f0e8e22d0a5a5821ea65556c,5,4,1
fe1b32a1829b1ddd26415d31fbf85b78,3,5,2
a54b9350f120bf643b010046fc8d7790,5,5,0
191fad9a46d531249b20f63ff199efe2,5,5,0
69840aae60642aee7093192b37961c08,2,1,1
e8549294b90188285cf1f7d6a35f758c,5,5,0
4c4a931a93ef9f28f4746db1e2e0e753,4,1,3
11c6249a453b91a302ef9dc1946f737d,5,4,1
87bad102fdebff40d7f35773874f5c5d,1,1,0
a6bb9d1aab3f3b84ce39c8164836fc87,5,4,1
11b1470a79108e6d6dde223c40bf2c4d,5,5,0
9aa39c76674f9f645b97303b4c2e3cc4,5,3,2
6439653c88076433f580f0ea995949ba,5,4,1
c7a7200ede6d21b5eac67705000af954,5,1,4
e5c7ad83fffff48754bc2696e1ea59fb,1,5,4
e44bc38d6b4a533a8bdf31db140f2d01,5,1,4
60cd7b656f5e4ace4f4b11ba6b39e4fe,4,5,1
77de74763ac99bedb50deb68da4b981d,4,5,1
f080eea3284143410083852a499aa1ca,5,1,4
18f0e44c3101bf4288ae858b7be184af,5,5,0
585bfc58c577f0e1deb3d9b49fc7535e,4,3,1
9e0ce3f44bcfc81171be7c5362887b80,1,4,3
9b5038dbc6702b00b24b9d493c82c371,5,5,0
7da29e735c26d64e18e421e8eadf2f1b,5,5,0
f09e65822983a5488ca34c053ed555ac,5,5,0
730c83933acab283b21bae7b3fcc91d1,5,1,4
710a55479936de44ffc31ad83de75285,5,4,1
b8d5fe8c7958a04cf0e4977be468e370,5,5,0
e0c7a7d03b603444cdb851949e98d59d,5,5,0
79847bdf9821dfcc7a036271d0c6044b,5,5,0
943c7cf052f446cc2fd06553458334be,4,5,1
9d66cd87dc5ae7f8699cb2883c39b5e8,5,5,0
803f2f8bfcbe571642a39478ac759b12,5,5,0
9c37d7a7de99233fd6490a1c09ba0404,3,4,1
0d8bde7325af3ab269064a609e832c91,1,1,0
c7a7c97d430f40628efc0f1e41f723b1,5,5,0
7c03bf6cda48e5312a9e4cfb0002f3b6,5,4,1
d5d94fa0d1e2f561eb38c08dd582cad8,3,1,2
14a915a594225cec76a7c3628517a64a,5,4,1
da53168e1e12e3408d193c03604f260d,4,1,3
b446a93ccd5bf1a2c97c4fe3cdfe2707,5,1,4
3784bc92c8ff0ca207ed55629e5df7e9,5,5,0
a5375fe8e7f2960019edf0fff68c58fb,5,5,0
5460a05579eef48f6c8d54ca6c3f2249,5,5,0
1206cebaf41495dd699545d37c1b3e64,5,5,0
bbde15031c474ab4519b10001935f416,5,1,4
941638a41a3674d12166261747988666,5,5,0
1dc839387052269a40a3e539aa949980,5,4,1
40100562b4c65bc39a1feee1c171bb12,3,5,2
98dbf8445c584d2354afd1a0ad55c033,3,4,1
f1d18fb87d755ecddcf4c37e141aa4f0,1,1,0
163e9678df3d069145613d032b4ab0b8,5,5,0
396e93059094c4e5ebf8af645cb91e03,5,4,1
f55846241ee01e6a5d8401e58d5b6c77,3,5,2
a72a85d8ae2274e218fcea46f815cfa7,5,5,0
b45b66d3543568daaa1fe2290859d88a,1,4,3
5aae98560d0aff8d326d8f5767979e22,5,4,1
ae86e8d601cc4c3762fff0d9609a0861,5,5,0
b3298cf726e74882e77238c731e53f30,1,3,2
87049d4b9b8517e7f78b3724f698c4a1,4,5,1
31827c49aa741fe6dc05ad3f63fef4e6,4,4,0
ac05f13680c4e4da78427313ecbe0a6e,5,4,1
59e2aa6cada46ead4c4520d965785640,5,5,0
3fb8682db347b51435096bfdfa799825,1,4,3
0911316604300fefa8aef39f81380c66,5,5,0
bbec914f0b66a98578b9d47f241ba92d,4,5,1
e15fc1d42ce26a4f976cbe33878fd4d9,5,1,4
c50a61769f40b372bbbd80499c805d9a,5,5,0
06f69fec6e098f6350cefea19ca51ff4,5,4,1
bc2bdb398f6c17b554ffcd37aa1c1e03,5,5,0
3230019a07d0eee8a3816cb1732fe39f,4,4,0
7a8f0c1255003a0de7fd484dbab75fdb,5,1,4
76eb528b2b3ae258e1c9a8d0eedad2b4,4,1,3
f0755c7d99a4a7f0bfa967f87d657855,4,5,1
4d9bdc2fb2669f62c3f9b40eb1a41c4b,1,4,3
588ae5afdb6a80a74e552cb5c59ba7ee,4,5,1
f32b6e419ad4d1e6b79e4ec5a00ec04b,5,4,1
1116b4c0d6e3854854c9967dd1453113,5,5,0
c22f4f00d48f26a217d8f07c7653b588,4,3,1
f1291b9030cb24d45d1b2380a2e2950c,5,5,0
864e3fdc082c07a108b48b135caf761d,4,4,0
4ac657f0949f8f58a10b48c192df0b4e,5,5,0
a34cb116fd337ef68f4d8057031b39a5,5,3,2
9e85367165bb242141b1f2638d6fc239,4,4,0
c5bb91ea2129a21a4f424d356a4d28fa,5,1,4
421d08636eed6cd2041826b40405c194,3,5,2
885ae5d5896b9a5f3bd2a626876ace12,1,5,4
3478b113b28e0c77c5b870f927de40cc,5,3,2
53dcadf469da8b7dc9c2866321927607,5,5,0
30f194c174d82e186f42f7607318a566,5,5,0
fc4bcada7517f413ad3d38e7404c9b3f,5,5,0
41159ff064a2cebfc663d0eda2a35d32,4,4,0
58f608b30531278060213cc7926bc6f5,5,4,1
1bc5841ae612527adc7d41b80412295e,5,5,0
eb5775c404ef8a8dd4526d6c75db4142,2,5,3
bb5be1811a54b7c516ea8c1eeb48272a,3,5,2
ad0c8220f99f61bf17c26f4732bda83a,4,4,0
707c884622a611c1c2c7b247c01f0121,5,1,4
0132f39e8ad9b42ad2d41c847f44c0ed,5,5,0
9dfdc2ebd5ad6715951eced9ebfdd950,3,5,2
2b4b4a22de76a4cc703a9d68cb690bae,1,5,4
31da75f0c78b03d446ea7342a6c002b9,5,4,1
6d5f62b312ef08610aa99b1a365ec10b,5,5,0
e412fc992ea2637ad4e76b34edd88a18,1,4,3
601fb7b5c950f370e9b7fa94529b8880,5,5,0
d40f37941fe5d7cc0ee5bf4180ae9f3d,5,5,0
9767781031663fd584e27336a14ee5a0,5,4,1
50d4fe343ec872ddb397502ccd3afeed,5,1,4
35259d97f9642ac14994076aee098f39,5,5,0
069d921a767dfeb76fb4a7f39bc4217c,4,4,0
cc129041e3294026c267be4f2d551fff,5,5,0
d4e497fbb372f7fa8565a310a7243b53,1,5,4
cd919470d4038db47af0ae7904777f68,4,1,3
9ddadedc86122b4be334ddb751017997,4,4,0
020f04b3da1d597b9a00b825762299ba,5,5,0
8770d612f74d5015ceb2d739911887a1,3,5,2
b706ae4c6c85939c824f9ce25ae11884,1,5,4
a559cc2d2bc89f9eac193ae83969579e,5,5,0
d559ca25e0953705de5c369c8bdebc48,5,4,1
522eec5aa38ae3153b1c1a94e013947e,1,4,3
bcb07b4577d1cb52bafc1b1b0c51c47e,3,3,0
bb724065b1587966bc6e4553aeb0b2c6,5,5,0
7941d209e6cbcf0948afb5692536bb7c,5,5,0
172f9fee6f5a8b311968d1c27b336438,4,5,1
15b491e3b8cc65b5a45e2b1bebd89042,5,5,0
88d3ffbd9471d0ba780fd0370a0d7892,1,3,2
20e87d0bc3b241dd3b4d34a6446d013e,1,5,4
b9d26681b32d996d60d1d1d5a4f49683,5,5,0
43ba017334e710b763eefbbd09f9ebe8,4,5,1
fd5bd3708628df1f0104d49b995f87d7,4,3,1
8ef63805460994636446a1e1012ee8b6,5,3,2
1fe7ec0247e48fc569547149cfea181d,5,5,0
78532cc9bdcc3c18c8ad8fe190844253,5,5,0
90ff5f0766504f304ace97af9b321c78,1,4,3
8333a97ebae7fc470923e0ab9e9f0737,5,3,2
6299bb8e855289b411394e216495f96f,5,1,4
95d8d3c4c0f3ac475f40696807344776,4,4,0
454e3d66dfb9e670fd53406db78100ae,3,5,2
e8aa7100127932a65507b2cb5ffdd901,1,5,4
1cecdea35f2ce72040549f9fe816b8a9,5,5,0
8163efda614023e2abc96657b804f15d,4,4,0
d6e8c00fe3761c680d73781f517b7e63,4,4,0
4728d981da8b9d9e9fb4c7c069e46509,3,5,2
733499fd294c93ea1202a57b6e1f5613,3,5,2
9d3da528dc19e8ac4ad42ed097e8d065,3,4,1
601d20f33163e575f4eb9704e3730c1a,4,5,1
f4471dae8c482f51aa1826cd9f5d4433,1,1,0
88f9a494012e4b7e7ddbfe1bf56cf41c,5,4,1
a56a7f475df6154f6e6ad0311578f697,5,4,1
c05a5defefe139269bfc13a22fbe8543,5,5,0
8855b61b1a878f28cde9bbc55ca6fbf2,5,1,4
52b1bc87daf8d1e471663a4715f59310,1,4,3
afb92fee56931a44318f90b0cb3330f5,5,5,0
20baf04dd07db849cacb72e8cc0447aa,5,4,1
9f978ecad138d859f6e9e08ed6b7cbda,2,4,2
c0ebb2411df290b3d4e15a8409f419b2,5,5,0
4c9671e28ccfc8dafb3a9479e8f51adf,5,5,0
24778d0f71e47bff8721b93b3aa5b898,5,5,0
33d1c541fe62cc7e7de82f1a6f7209f1,5,1,4
1fc5d622399fcd0bdb8d79644854448c,3,5,2
8def5d8e86971efa694dc5192fb2258e,5,5,0
6ae5b953bef57d8a29a1c49e03807e82,5,1,4
93ef5624aaaeded1aa197fd63116d902,3,5,2
6e57e0a357e780334cea7b98208d6f25,4,5,1
5ef28a6d6a0cfcef8e5eb4c151c18e82,4,1,3
c72933a2493f0ce8b9631656d78520fd,4,5,1
bee896dee409e283b040fd0b5cd2ae16,5,5,0
56e2e07e6e0f8e73a5f1c73bcb74f270,5,1,4
7d7f723eeaa656d3a6d504e6342e3d58,3,1,2
2a66d384322fe0cce57c8083d687a79e,4,1,3
6a6c30136e870dc8e8338fbb826ee41e,5,1,4
292d7ad29c8a2d97eb84d18ab3d38997,3,2,1
98d0d521842189a3056fc1ce2fc08f9f,5,5,0
eabc20c259ef6e04089307feb92aa0fb,5,5,0
75e6eea3103ed05319ebfb5947e94b02,4,4,0
aea67f89b3841f780d8eed0beabd3398,1,5,4
87d30b7fd5316c576377b79548be7d84,1,5,4
26b5d26aa210d44b8a3f2310d32643f6,5,1,4
5d9eaab2f0968ee661d96ba4afdf807d,3,1,2
c832d3bb0e9e7f7eaead6a21ed509d83,4,5,1
32c1eb77cf7ceaa6358640e4cad0d14c,4,5,1
01237c761ffb72594a466ed514518af0,5,4,1
0ea9b1519a74b738d828ad5705acdd1f,5,5,0
ec6fe04836bc8811fedf31b14bd8b549,5,5,0
2e238e6200c0ad4183d34d99feac7321,5,5,0
45ca85d3a9ce8406d3291753acce966d,5,5,0
4e41d776fc4ffdec6708862a05a1ea30,5,1,4
e9525d74abc05d22ffa3059164adb967,5,1,4
b93a19a84516997a69f59da9b871d109,5,5,0
8bc4e989df64f2d8c2381c9718a0f963,5,5,0
86a8dda933d2f5ead748b61f816fd181,5,5,0
a2d2af47de3679f9a5a3d9e30c46935c,5,3,2
72e596b33c9f3a4e002d73bd5d7c6cae,4,5,1
f149be0602ecbdd2222b8fdfa075a73f,2,5,3
2c48969e48da7da20b6122d12778ea37,5,4,1
06d77e4ba21f283252286b6a72fb8fe2,5,5,0
c61424020aa28e6b14fbc18c80ad8a3d,5,4,1
668afd295fa33d9d9b78c4916baee712,5,1,4
6f17dbe0baf3d45a1ddf91bf756dc359,4,5,1
aab611fa596695caf1f68f6396c03e3e,5,5,0
5fbe0933118a1dec4ac5424ef0ed0686,3,5,2
ef709a4dccff4d7df51305cc4f1dddde,5,5,0
2305a735f5b64c8b4e0e7e3d64b5a39f,5,5,0
6a1a1bf2fd36dee014df573300dc3ac0,5,5,0
2ec51579f21b9d6da3f417e7ccea378d,3,4,1
ca97b95f89f90d6e16e451851a2bd28c,5,1,4
e7869ef0f308ee59d80cbef29044e126,5,5,0
e7ec2ee871d40f0b32fb471cb07ad239,4,5,1
c2d1eb7bbca1e89e1ad0b87e339900ae,4,3,1
5a80679a6e63e622b23f79decee7187d,4,4,0
edb87b920c0d70259a62d95cd4922c87,3,5,2
0eb2e52e71b7f59b62ea59b139e5a254,5,5,0
0039500db36d50d7d0bfaf23723550f3,5,5,0
af7f16b96e01b9947638321949f672d5,5,5,0
f67c92e18981eb42c81ad885ab25ce5d,5,4,1
d8fd983079230409820f11f044e4fe4a,5,5,0
43bdbd9dc0931d72befdf4765af6c442,5,2,3
2da8bce3611134cc95cb5d33bf1e2d3b,5,1,4
de219f100ebdbdc4ee87a9fa074489c8,4,5,1
86df669ae5f899e27ee38488affc0d16,5,5,0
c7f036825b3a87b42323205cee8a693c,5,3,2
b2c02abc77fd85115efdf30b9ca63b4c,5,5,0
743277e5089af7df0cbd543c93e5d852,2,1,1
fb1b43869922a4c4faadf387772149ed,5,5,0
c634bb8a8e3ca4f7c67b8d92e7a0740c,4,5,1
89d32b64af005178b318f76cd60f2c3c,4,5,1
82e4be23c247d0fe56f0fb757a26ccd4,3,4,1
f8e0d73a0d29119847eef26cb525bf16,5,5,0
f45d4bc023494c0c4d9c67630a9d52fc,5,3,2
d959ee7331f023b51bfaa71be6f7342d,5,5,0
b2cc014ee51b0ca758fa72abdc54d199,1,4,3
053424c24c059910d1e31829dddcd4d9,5,4,1
5a198bcc83422adfdadc4b093e2a25b8,5,5,0
2897ea74f9139bdcd87a8d18548af8e2,5,5,0
9f454dbf0163ac092c95a1e3cf9535cf,5,5,0
676e56b18ff6a72033c922409a9d3a02,3,4,1
50d4c71673a49f44db481398f72cb705,5,1,4
61c52217b9686dbe5382a3affae85cfc,5,1,4
7359dc1b2795acbc7d4410fc336236ab,5,5,0
5de9ecce32c65cf52b1602cdac27f7f2,5,5,0
c3305fed995a73b166f39c89a3a5bd6b,4,5,1
d468753370018732c4766866dfc1878e,3,5,2
f28a15daf894f299ef995958883bcaa7,5,4,1
47b37d2ccfa8fdc0395971036941bac9,4,5,1
eaa2404af4c709b5ed9127f802ee4eb8,4,5,1
c8126d249a88b7218ea8af8a2ddfc024,4,5,1
2dae216bbee4c8d68c31c55db7a98b71,5,5,0
42cebac003b40e6aa0b3e37b99d83c2f,5,5,0
7b3eaa9c1b740e4f097d60f54aa44ede,5,3,2
5e76d3cfcb1b71a6a78fabf6ec3ffb73,5,5,0
cf5dc40ae925414c07d1a74645ced6c2,3,1,2
0adf68e8a310f18fc7e75cffa60901b2,4,4,0
fc52f0b6b2799aab381d22c1500ec63e,4,3,1
906a31b1ec17b0966ac6724b794b3b42,5,5,0
434f170d048d285d4841d3fa653a4507,5,1,4
439e088d80f64c9fb6491a96e37d7ed7,4,5,1
d5d3b4b504a59a416704978bb72fce3d,5,5,0
a67d6881ec08b5e0258c05357bce8516,2,5,3
270405232941d7da4e2b02fb8580f571,5,4,1
7457d3d23917512e33d58f76c92b4508,5,2,3
b35945f2f7f01113c25e3029adafc413,3,1,2
492aed3c33bac22a8e04138319829283,3,5,2
5ded6a13b2bbe76839104c57159463b3,5,3,2
4505b87dc4843da73734e3e1a6537999,5,5,0
35c7d117e60b7447a3ee63f69addcd2c,5,1,4
60aec6169cd58ab43ca809bcb169082a,5,4,1
3a335d9250509602da8eebcf766e1ddb,5,4,1
3bddb2b41050ba947411a0fc9143fcbd,5,5,0
74961e9aef3b109cd91120c7697363af,4,4,0
2beec023bba6f27c7b59dacf9f3afda1,5,5,0
5f540bf1c900b1734b6e0a2a86f4f08f,5,5,0
32bda40452bf0485c310bca24eb53886,4,5,1
6c80e36a9a77ce3ac32d97b159d0bab5,5,5,0
305bdb8167732cc44914e064834f8e1c,5,5,0
2c9d0e7a53245b11b39d47e84b3d7ac9,4,3,1
753c946b8e6608e274c63dacb53fb67f,5,5,0
789224c8d5447b2a3ae06a6c2ec5258d,5,5,0
a631b4515c67c5d6bb0555df14875938,5,4,1
4876b4ecbb74b9092df123fd372b4419,5,5,0
7f9cd52ad1ff3569254091c513fb552e,5,5,0
6852a9d0c08f5a070ce88d62b4a59321,5,5,0
e664de6693c1c46a03c7a561518546a6,5,5,0
a33a09b1320a130c61d1d5d9b8aec5ee,5,5,0
1a1b532e9fc48a702923b8ef014735e9,5,5,0
aafd725a98bce75b9d5c31adbe708cb7,5,5,0
7666bec3cfaed721d5fe9f2159f61575,5,5,0
335867dcacb4762eddb7773881b73808,5,3,2
25c9f4c2d81933e44625c891cb889d4c,5,5,0
f5646e8203a36be7abc9ebb188926c39,4,5,1
a9f360ab2855d6db342c8344cbfa5989,5,4,1
9807b5bda81d46b139365f3850fbda35,4,4,0
f7cce37e05ee87b67446959c537421ac,5,4,1
024602a52e3c89ca5f963affcd2bedad,4,4,0
7d38d0b8ab96504f2f2058ac3f01710f,4,4,0
e34d7ca05296d868e693409be6a45d54,1,4,3
c93ff60dbb02e26f340bbca4b680435a,5,1,4
a536641274ad7eca34443ef56220524d,5,5,0
bfbe4da70051b268f60475b51581c663,5,5,0
389ac865e327bd982cf1101e0a77ff34,4,3,1
82f5146f4cbd867e3dbd244cef22f2e0,3,1,2
9333298e9cc54a35f22242a9fc3a3ad0,5,4,1
78b1c0f489ac4c36072ce8ebdedbfa3d,5,1,4
3adab61474a972a1606b0c78d64b8aee,1,1,0
6b34444470c3f9256eb504e61edcd608,4,5,1
31f54256f355ebb3c36f1bd8af1ad88e,5,5,0
4d4c65feca16bc9de359cb5d4feef10d,5,1,4
59d926a10c7bbe3763d2ed1fe40afdd1,5,4,1
fa2e9a883be0ffdb96cd579ee1c935fa,5,5,0
c75acba615d2db29345327974641467d,5,1,4
3dafc0bec8f7cc53ecc6671ca9c646d7,5,5,0
256aeafecb4d20915af4655d87085173,4,4,0
ac1b68b95d77ee9e9c3829ed43f2ccbb,4,5,1
e9ee2180608e81469ecf03b7c9a74fa7,1,3,2
8ae25a46b2c36b4792ae3600e0fb2142,5,1,4
761504d99664606c4c83458bc89144a2,5,5,0
d9c7513b739ea789b1724a5e75695f90,5,3,2
2aa34343b80af35eb485d6511edf7a1d,4,4,0
62310e6941dd333f0a8bfde5ec77d8c6,5,1,4
003edccf16bc5ec447f592913b3df2b4,5,3,2
1f6c1320002dfd3a699d2fc80406092d,5,5,0
abd7d619de0d42df3a64707190c05bb6,5,1,4
91a422eb23b5d4904d4c1be11592c317,5,3,2
c87c652834da18e71fce5dd703bc5936,5,4,1
d077de666ab7b62a7aafd596bfd16deb,5,5,0
32f46692d9d85353f5f51f9ffd04e90a,5,4,1
ceb22e0ea85b325aeee259c87e85fde6,5,5,0
8ef062e9948e67edc62732a2709ec7b3,5,5,0
89a6292b97c0dd8f29261b64ad8aabf7,5,5,0
c5c6895d5f18ff51c8fb2af8121d1c9c,5,5,0
530b947c3a33112e9d1b807557aabe41,5,5,0
62d68905605e2398997788c26b9e0096,4,1,3
6c170781e28b9d780b0338e8d3cbedb7,5,4,1
aa29fcf45dcd013f2668ede0eaf806ac,5,1,4
27bb59120b021cf6ebad6ea92f289d53,4,4,0
9790914a516d3a166150d0d19f282b8f,4,5,1
0eef7e4ed65516867584806c217bd0f4,4,2,2
55d03c0ad1a4743f9845da6d9444beaa,5,4,1
62a67b702512a0fa8e5b70d26369bdd3,5,4,1
34f6873b6342bc990245336b01a81a1c,4,4,0
791991a7db7d70d16897990d39b0a173,5,4,1
946a2b3561cd706b8a7eb04fb08830c4,5,3,2
332406cc34a6bcc1ade93cae9e11ab06,1,4,3
1aa7c7804ba8f6c5da37c380af66d559,5,5,0
66f44b9f776c56e0fd75fc15a7ee1cc1,4,1,3
bef03713fe5980450be9ff427e26b699,5,5,0
846e81ab8aae6ab83de10e8f3df527d4,5,5,0
5b9b46528e4b091b07263899854f79f2,4,4,0
0ef7129ab98149bcbd4aadde9ba093d9,3,4,1
22d0b79a88fe360e41471c8477379673,5,5,0
18e82a9a005e7ca6f3811d4a46e1567d,5,4,1
68894575c06d54c17b7b9e64c8e396d4,5,5,0
4d0bd88af1748e0658ddfad3100b2958,5,1,4
b5a892962efd7d07db86cf0eee45fdff,5,4,1
086c6d64a23359add6c0488fbca20ccb,5,4,1
43c20095b0f5f569fe0d24426cf8a7d2,5,5,0
1911d0f0f31e05d14c9e1f82c069f550,4,4,0
9c047f1058da1c399c10a1526f528855,5,4,1
0c760c32925c8a67562a4621ff46556e,5,1,4
3c63400d519c5dd742db492fffc5a49f,2,4,2
43e72a87fc0004d7ada32e7c5d72e063,5,5,0
1ea0da27e5223a4695613c899d6adfdd,5,3,2
3ad2072a2c9169681a3bb6138e0f8ef3,5,5,0
9dd9eb1d7c035198b06f1775e0711a59,5,5,0
748934084b439ea1404df1dd5a8b238d,5,5,0
e79e5fa889ba35a56c0155d5a447857c,5,5,0
b7b4ac6cf1e3f2b55add5793768dc23b,5,3,2
167c7fa7ebae209de1dae58a0ff6569b,1,5,4
d6df3e183721aa30b30577e1184eaa7f,5,5,0
67ad8e83f26ed7bac15a552eecc412cb,5,5,0
48c2eddb1be16ce90bf4a7f93f815b34,4,3,1
55b0d8973155b2b01e1849cd54bb8d89,3,4,1
2a45f09e63c6b3aadad03e534d9c5a1e,5,5,0
0fa74380a36f2849cfa58d692f22d5f0,3,1,2
988f7742af86089855baaff514b6e4e0,3,4,1
0ccb5b7bf95c5b642f3717b08c633361,4,4,0
26e0070f204a2cc8cae3504b038a0dfe,5,4,1
3ee9cf1702011ef8cb10312b07124ec7,5,4,1
d14460d3fa8f54b8f0f7befd11820202,5,5,0
982210beec2a93bef93d48a68cd2c184,5,5,0
c2c8a6bf69f9530b40dbe6b53119fcd0,4,5,1
7091b998662c89051acb6bcb57cb43a2,4,2,2
c8a0e08123c9e8c38daf82bc0e696b1b,5,5,0
429d5f4eb3474a4b3e21cc1129787f74,5,4,1
47f05ae89d6bcb551be15cba2f14352f,5,5,0
ca64208b67f4cb6e1503818a3317485f,5,4,1
88bba3891566a6e0b16cee8135792e1b,1,4,3
b8f4980c2ec178504101b730e4e49918,5,5,0
72c98b53f4f357890d8107a06f895d4b,5,4,1
e5b84cb2e43872d1757d71fb8eec54f4,5,3,2
9a7e8939f3e332415b9915a209e3607e,5,5,0
67407884c43b844b22aa1a20de86130a,4,4,0
618f2dc846a3929a1e61bc34ed6fb267,5,5,0
75c84c78ed440df887c1dd6d38311dca,3,5,2
c1ba0776bb79a0826691352f8d6ea4e0,5,5,0
af3b41ce890eefbd6ee273bf7df396dc,3,5,2
2b8964f15c12ac5df6946804df101d82,4,5,1
64a52e5a0f31a4ccfe2f4318f49aa33f,4,1,3
8915f28a46b2efbff3bea6e8b1981fa9,5,4,1
c8be852c87c5ad138377bcd4fb27ee3c,5,5,0
b08e77f09baf59e555941a454cc56dbb,5,5,0
321449a02a8bb4029e39f54fe306be0b,1,4,3
4e77f81a29bcffe4eaf68247167bf623,5,5,0
2c5694feea13be5112a5023228135940,4,1,3
eea49c7e89b1350899c908afadbc6ee0,5,5,0
83c21ad12bc2a9a586aabd1334ee4a22,5,4,1
2fbdcda31c80ac239b8a4b7192416b25,4,1,3
52b5d339bbba7bd8f18ca836ab540227,5,3,2
3777fdee1e90e53636623e02ecccc4ba,5,5,0
2f81679117775afb1a3ed7a78186eba8,5,5,0
47bd07d647eeb63f437e58a1ee3b3733,1,2,1
44d14514a06127f72cd96745ed0eed21,5,5,0
7ec78885f0818489a2b5afdff64a81b7,5,5,0
6aabdc795efb588de3fc71a018cebff9,4,4,0
0025c5d1a8ca53a240ec2634bb4492ea,5,1,4
96908b69c6dfbc8e2c29c2a2142a93a1,5,2,3
a2c42a4aedf58c7e3ff500cb584a9859,5,5,0
2b2354a7ca69d0b7f006aeab04524c12,5,1,4
997fd4b37386d10b57d4ac8cdec011a6,1,1,0
063f2375ecf74934d05e78a476f92cb5,5,1,4
99d63f07f1159c807e4175e692a8a815,5,5,0
a64c6d4c6a92082d56ab95ea8115f26c,5,3,2
53b788f7cb182a99dbcf654bbdf21933,1,4,3
3476c2981106727d1a374f31ec932b95,3,5,2
d4308c105262daee5f407e855f5c1e25,4,4,0
7af07887f8840085ae4b65cb52f4af29,3,1,2
df13cbaf3230c62a4b582317936e8a39,1,1,0
003423b755b562962a6225a8de40d12e,3,4,1
dc20ddee58064808944cd819f518dcc1,4,1,3
7edec473f1cd19fe9a5fcc2b2290a7f7,5,5,0
30e5f6d1724b24b1d19d90ec48d9c7d6,5,5,0
d8c637c43a0a5a1c7ee79aad5ae359a2,5,5,0
2e1f4c38207ae1b8011bbbfa7b96c34e,5,3,2
dc448b07dcf70d4f397500af86b4601f,5,5,0
80ed5c72f5b84292602ff0184aad2385,5,1,4
5227f2736ccc6b82c2bdf19be46b1320,3,5,2
0667371275636232a05d55f2a8eada60,4,3,1
dd0f4670de46d15e75e42d522cb73443,4,5,1
2af5542876588b6d1e2d52ec6bf14a41,4,4,0
45ac77bb9af15639d413d76e5d57e3ba,2,5,3
fa12564d7462c9a851c79c301bcb97de,5,5,0
dfe7353903177f63322383393e2111bc,5,1,4
434b90dea540070a2a53a26185a29552,2,4,2
72957a7ebd28baf4446a71d68ff98de5,5,5,0
adc34e61cc1a93fc2c76f9193190249a,5,5,0
cf5508a6ae55421646b0683bb605ac74,1,1,0
076e78b027f88320defc1d6ab23d6793,5,5,0
c2d9d0e0c3a188dd8c70809844767fa5,5,4,1
32c7cc7d74701f67ffcb3b3a888de86c,5,5,0
051c701261744807b2535ab976842f7e,5,5,0
af4812c0286cb623517321205ffb5d1e,5,5,0
5a213cd2c31b85edd98ae1ab50c50aee,4,1,3
3794a8409797f2c05b177f54e4105c69,1,5,4
157972ad87ad74e792dc1c49ead0f733,5,4,1
6a1b1daa125c4b8bc963eed285ae2a95,5,4,1
cd866ebb9aa10bfa70f22d11e82bc4e9,3,3,0
c290bbb6c874ec2f6b428b6fe1f1887b,5,3,2
352ad67deb8528562cff60c00dc6e99a,5,5,0
3990f96693d321ac142fff312bf3706a,5,2,3
2b57a0c3167cad0a95b15e00b748d5ca,1,5,4
622db91c93396e938ca004d8303dba6c,5,5,0
0a0bb5e5ea635dc355ca8ef22dfac150,3,4,1
6931075877d7cbb8cc81cad6c66d67c7,5,5,0
15762fbce0478c48462956d3fbee08a7,4,3,1
f895460919953cca1c737af25d8faf3c,5,4,1
3ebce4ad057096fca374d43a261707b6,4,1,3
89f3f2390082961f54df910ea5542a71,5,2,3
c30f0c45d2f4db0380c100d5193d07bb,5,1,4
7e1c037b1854670dd27cda995f9b11e2,1,5,4
2ba9cedfe4113e91c29c82f4be24687d,5,3,2
1fed99a98b731643b3b81a56f08b4bfa,5,4,1
a2c3c6ce5f0221dc64454e0580522784,1,3,2
6fefe7f276220450fc08b7c974e21fb7,5,5,0
e9a879545f57cb4c1d3acbee8b436454,2,4,2
0a7f4604ee9cab65020038275efe1d76,1,1,0
5b663e8f6d7d1dd5c03c9fb203cb50ff,5,4,1
5fdd5b25e739dbf9a0a25e518836420b,5,5,0
550c9803e94828d5b3c5c891561b7200,4,1,3
e96e01f8670b7127f79534c069c3cd20,4,1,3
74945023a969c39c770a3d73e669c5c5,4,3,1
3430c87a970630a0cfdae2dfe4936d82,1,4,3
5301ecfd0e379cbcb4129e22f8a7f0ef,5,5,0
db55add8b42eee4c281c016ab8a5fc05,5,5,0
2268107fccbaa5d8b921f82146286350,5,2,3
d935a08ef5c50d36476868e9413cccea,5,5,0
9e766b8cbac373f4795d99c05f57514c,5,4,1
6864a2123ff29285627d16be37bc8b02,5,4,1
ee8315f5c0c889ea9b3d30b08964679a,5,1,4
d016acd5d2c7b6cfa89b282b8d1fd052,4,2,2
0d922ec2be9bd5e75e225b6bacfdc4d6,4,5,1
6e094f9da57fda90223610bbba3d4c6a,5,5,0
e677510e2924d4e0abd70deded2cb95e,5,5,0
fa94c44f1539dcab4c8b936951d319d6,1,3,2
2cdc4c50ebeabd8fd87582544e8e46a6,5,4,1
d9b4f2ffa6ecd7c3ba59f13458e3ebb2,5,1,4
a4a05d9529999a7a1bfc497a2cb1221a,2,4,2
b8b12c952ae497fb7389315cd2a101e1,5,1,4
03b89e8b0ef3ba18cc903dbaa7aff107,5,5,0
43b54e069a51acaaf7d8b494ad04b96d,1,3,2
20672f07069f89d1f9d2b94c9a72915c,5,5,0
1c94a449dc6b10d99d35132b76ce081d,5,4,1
ebf44ff0c2e9687a275c7a487b71e28e,5,5,0
f2dca318c079a2926e6162e12d08ca31,5,5,0
da9e241d42acffe7f3a590e13f030df0,5,5,0
6b7c51889439d1226b105ac94db9688d,4,4,0
7ecf083716ec54fd45fc322a9ecd0e23,5,4,1
c594693c5aa51b23bb8188c28a81836e,5,4,1
a593e3fb1608a34cd19aabbebc709931,4,5,1
4a3798db024e5f7ec925bd803ec5567c,1,2,1
00f57f2ccce2a2e3f393fe8f5e616e0d,5,1,4
cb3633965eff0518e61c0d44f06fe48f,3,5,2
2d691a21ecbf955fc28064fbf5073db7,5,5,0
7c927a3dfb1af7e87c6a262fc4b0a8fd,5,3,2
3d81523ba23d554cebc2ce14e9db898f,5,5,0
f198fac7313547d738e4cce9fa0344ef,5,1,4
eeb03ce693fcd06d0f6c65eb4411b9a6,5,5,0
16266dcc0650cb074864170843ad9238,4,5,1
cb6d51404fcdab7e80ad648d73edf4c9,4,5,1
f4867e0c57823e8698f48f86f5356203,5,3,2
852fab0ef8986c549194d5959498f160,1,5,4
b376ed1576802b4bdec883546710ff1c,5,5,0
e37cb83a77f2c53e5710ace789c66a97,5,1,4
f5f15b58af5d98ee482e59fa194a9112,4,4,0
50325859f3cbe1386e11e8a253ac1068,4,5,1
64439b9234594e291aa9a30c226f257e,1,5,4
fdf0135ca769666a6e9f28c5d6576feb,5,5,0
d30d0c9c3a766ca0d558a205d4579320,5,5,0
2591cfc04214495607525020ec87652a,5,4,1
43d33927e13df71f3cf0e5782b0ff7c2,5,5,0
d17eedcc5d276d0eb9ea566289f89352,1,4,3
2ebeaae6b3c969c7f5474e8f736bc33a,5,5,0
9c41b4f492e766fc38f8df3e60c4e144,4,5,1
7d3ee0bd440416eb22946dad24f7e4c2,5,5,0
6076ec81706ee9060d085f2909a6fbe7,5,5,0
5a3a0bfe72c4d627e4f13d9aa81d78ad,4,4,0
c3c485b86c410043b6e4775e3def9a20,5,2,3
30597e915fa41c74c59cf5f8ce640d3d,5,3,2
be0f9dd8034713beef855df4e524f6e4,5,4,1
be83e11958329610a35de1f743052c66,5,4,1
354fc19d43cbb0ad997bd631a02fd169,5,4,1
a86ccaef13b7ca889ab8b7076629a748,5,5,0
8084fb81dfc973b3d492e788bfe45ab7,4,5,1
8aed60ebc9e0c32365fe7fcbe6138592,5,4,1
1a777b4fbc5f78c56a4d194ce7311df5,5,5,0
d6a55340021ebcaf3b321d5a34c6c31e,1,4,3
dd96d2bc36b1b3227d9defe815e46b7e,4,5,1
1551a397c99806c946fb1b1e7c729d8d,5,5,0
20a1b5b821806e87157587550af9d52e,5,3,2
442c441e8e8588cbf0f462423f7d864b,5,5,0
5b95bd0807c4d1bdc5db12fe3373ba8e,5,1,4
dbd0a0b89b3fe516f8534b0f5de08534,5,4,1
63114fe7881be901a26ef97cbd3b47a8,5,5,0
62ea5251fe435ac8a677196623782c04,5,5,0
8cf69b251bfcd650555347d7752a3625,4,1,3
d1632cdbf90f11c2d5fa53d5c3deeadf,5,5,0
fca08869e5ebde633b5183dfdbc8e1be,5,5,0
82f36bdc0196b518ac49483e7af21d02,3,5,2
42ec328ff647d401412f3531462b0b96,3,4,1
450c4a4d9a4f339a59165241cfe113db,5,5,0
838f02ea52c8e48b8bc5ed2671e7bfd3,4,5,1
7258f5b1cf840900c133d9f7192b7a84,5,5,0
0dfe811c6d5e59581eb93ef96fc13d72,5,4,1
774c56b5c1305e0dc2a79ad46e118ba4,4,4,0
c26f9883d70cd30a8ed31f950604f053,5,3,2
330e2bf62773e756f26a7b39ca758c08,3,1,2
e0f57f06590a2aee981778faa5b7c80c,5,1,4
a39b459bad02888e07ddf9d3321673c7,1,1,0
dc5f666aaafdc436026ce648640c2145,5,5,0
3334505458e0f039b5a43c32dfef2cef,5,4,1
2bfe52167cb0f38cfbbdca7154dc3da4,5,5,0
6012c4f6717daddf50ae413224098301,5,4,1
be00cfaf4e0d5de6b164815a10ca0ad3,5,5,0
4fa1036b592aee1a8008e9dc0a7158c3,4,5,1
a7224f3edaeba1830d4f98b1df4bbbf7,2,5,3
756e1225dfaad77b4be2985df1ad2a31,5,5,0
49fd5cd566e1e24b0c403afb8996728a,5,5,0
2342c7ad7ade2a5d4af9b379289044d8,3,5,2
c432f9c7affd083765cdda588b7ea625,3,1,2
29987cf19684b333665b685a76f8dd8e,3,2,1
67a41e5f40c8ee15e8d00b64b363dfd0,1,5,4
fb0a15c6b3645581d8535f4f873c7110,5,5,0
612369de035e9ef7674cb2af64987979,5,5,0
e3b0717751a72db4e76c2aab9e9e9ed1,5,1,4
060c88a63c83f2dfaeea611cc18edefd,5,4,1
4a2882a91107820eb25a65e0190575b0,5,5,0
b7e56bc4544b2d0098a4571a45eea22c,5,3,2
d43b5b8cc6cffeba0059ea1ee6528652,5,4,1
521758adf4fa0c8f76b1488d0aebb48e,5,1,4
25348d7abfa3893731e3836aab2f6a6c,1,5,4
368a807c54f9394cce9b885904db58ee,5,5,0
a13566e1ef3931ee9fc63bc9903446bb,5,3,2
18045b4512947089463f5efbdaa3c341,5,5,0
b6238a76012ed88aec12a5a12f9f5795,5,5,0
c59056a977d611eea46b02572be8c2fe,5,4,1
78420988bdc7bf4dac19e4fe4ccdbd6a,3,4,1
3d4c0e002a7776c781b81c8a08193522,5,4,1
89f4eeb50c7a4ccda70e82cfd0145c89,5,5,0
bbb7e3b704844468f580cf9f68b0ddd5,4,5,1
5fae5b3e4e5a5c6b02a38d8e4536a81a,5,5,0
5ae462adc9fc09ec40e8eb915cecb4ca,4,5,1
637b8707a779cf11512f479310e5751a,5,5,0
542b5e9b74a189f238b8ddb6f4805667,5,3,2
d6f91def52c69db1d3e017ced033ba87,5,5,0
dc06d3b11cf4f6499a6fde2c1beda13e,4,4,0
8e4614fbf9caf0cbe6bb3d1ac53d4f82,5,5,0
ae35264f1f3d48dcabac5f8a4044c8fd,5,5,0
96ad9be0316145857baf1f238b12e42c,1,5,4
defab1e640d2aed0c5c98b1465ceb7b7,5,4,1
55c424970c57390065af9e2bf5461f11,5,5,0
543b09a837f0bfbe0b94e28a69588fb4,5,5,0
3f1dd297747aab080b039b92ef7809a7,4,5,1
4ffcc2f0e8f54f36e73b83db8d8c494d,5,5,0
521061459524ada27c911dfdc0059314,5,5,0
ada8de3a9486cea2fce7f4b00319cf3c,5,4,1
ef2ecde1a76f9bcc15c632e7970aca8d,5,5,0
458f5a6d4163d5b6de33cda5ec82ef10,1,1,0
7c5cfb19cd59e93d54d251302ac8268c,4,5,1
d4c6aa2277352d92106b387b2ee13839,2,5,3
882554ccc6f6b9d99fcab37ef645ed14,5,1,4
1bfb96cdc9efb4a52f769d2833d992af,3,5,2
607058c64490de01be8019dfa31a25a2,5,5,0
ef0e9ebf18b0033d57b60ee42b12d65f,2,1,1
f6cc9e6914d9aa4fd5dc1d380ca571a7,5,1,4
aee682982e18eb4714ce9f97b15af5e2,5,5,0
a6e7a9c6f4effc360a418d5bba41ba03,5,5,0
01f65c9e501f46d2a15af4d2b28e6081,5,5,0
5e170986cfd279084c6f2789545aad28,5,5,0
15b8b016ac9b68e6737f1b5eefaf6bc5,5,5,0
99d77f27c8ce75d51ce78cfe695ca1c3,5,2,3
9bb54391d0f998f18309470a84b2252f,4,5,1
4f43220e9c5dadd3274d4458b281231e,5,5,0
5feeb22d03c193159f3e223c2a87e745,4,5,1
4d800ff31c8c5d493ba7137dbf5b45b7,5,1,4
1323da2fac3c4ba9cee60f86d170f816,2,1,1
6066c3889ab8affd2c01906b2d3b943c,5,4,1
1b0e1058a094f333948edf16f4248323,5,5,0
ab6d087fa821a556e55c7a9b5acf3b8a,5,4,1
3c7871f5af3741b43672af62bf262d46,5,5,0
35439f221b37eefcebad6204ba171769,5,4,1
5494d7febdfd2f93ebdb691782d56f02,4,5,1
4144eb32a48743c5f18f443d704fbdb4,5,5,0
17d8bb8daefb337fdf4be46cc3e7a015,5,5,0
e465563161981f1e1ab4195bf3c1ad4d,5,5,0
b77e821b63e7996ef7d5938586acd7e9,5,5,0
daf3d34986ea6ba8b098570a1951677f,1,5,4
412ccedb685110d6be9fc7ac4a07dc2a,5,5,0
a9cbf21f2b8f64fff679d8e4e0c838c2,5,1,4
0113affd907a209209ab08413bb54226,2,4,2
9bd594c78a30e73158b926233be0b6e5,3,4,1
1c5e3d274e2a344cf83867e03db6968a,4,5,1
47ce198e173de34ed4c92187e82717ac,5,5,0
01f66e58769f84129811d43eefd187fb,5,5,0
871a8acf3aa24b340ca528120ddea498,5,5,0
049db9aade07d0056ead438e182f2b52,5,5,0
988c500d743d7a2cf2e9eaa824a66780,5,5,0
4aa1a996d80cacb74d1653b2cf934be0,5,5,0
7453ef59db78206e7036df2120481509,5,4,1
7b498f4d63d591df8f2b0c675464a255,3,1,2
5d9013fe5dce377c791a2c2fdb499f4b,5,4,1
6fdb9a84ef8876ba281624f310baf6b2,5,5,0
03abe0f86b91213bd62793ca180b232d,5,1,4
dea7cb1fd64c147e1cc083ff2a74a184,4,2,2
7384cdc62fcd832cd6c6026440c42821,4,4,0
f8b5b03c257fa65413876c7417959439,5,4,1
93042fe5b79e4daa53ad9d1b34bd6c15,5,5,0
d96f940617a3c0e0e9c785239c9d807c,3,4,1
bb9a5a9d8a6ff80eabda95e3b78f0a45,1,5,4
9f7db45b6f8cc96acdf9c10d8a56bf74,1,3,2
ed00da1e5d293d3fda249e4df6036035,5,4,1
39150b4f907db051ca186924bc4c7653,5,5,0
9d9fcb45ee8881b84ca11e65a913941a,5,3,2
145e208aa1770c67fd155eb6b4084372,3,5,2
b9112b92cb06978082fbe1e5576ad73b,5,5,0
b8ddc399e43d44b438e323ca1cd368c0,5,5,0
b99c041d0a55d659b66f51788c0c5817,5,4,1
d9fa4ce136debee4083c12f5073aeb79,5,5,0
cae717bb5d2448081dd91756a3842833,5,4,1
f61b4ccbaddccab272bfc6fb3832cd85,1,3,2
9ddf2a1cb3163c05aa196a8e43336bfd,5,4,1
b2463b22b6b50ca3444ffce1d8ea1754,4,4,0
bf21c25c297f9093e217a740ea93b465,5,4,1
9e3181bd51258dfbe09b6a057bc37771,4,4,0
e74c5411558a7a26de918d23a07e1cef,1,5,4
4ca93a3dd92c3b6871bd6ebad444a518,4,1,3
665d84d48d4c7c497117465e6f02f92f,1,1,0
407c6c87763b40c6ecbdf86ce3e07d76,5,5,0
96acc057158c055d3508b8379df12cea,5,1,4
61adc85552ac2f95e8d9ce8274b3bdaf,4,5,1
42326771e9fef8586133e2e6102f87ca,1,1,0
de4363c0dc15fa2b4ef64957ef56a5ab,5,5,0
93cc657ef01997bdee3bc4d3e574a470,5,5,0
bc1f75764ae7021a6d37772dc55a3ebe,5,4,1
0918eb0a00743c2cfeb69cce4fe4fe1e,5,5,0
7319603b942779e409adfcfb0759e351,5,5,0
b047b314bbfa89e4a830fbdba55c7afd,5,1,4
f565b5276bd106d6f173c196568826d4,5,5,0
7e6947a332fa36bbb61f7fc5a92fc988,5,5,0
7313807dc1071728db193910181486d8,5,5,0
97c83fc9b400d1808b5c8ef56e4b3c3a,4,4,0
654c5ae02ab59fb154d128fc5d5418e4,5,5,0
9f632adcd34b1ead76a916ea1a887c9c,5,5,0
ed273cdf7e2668c17d6cb199ad52d7c4,5,1,4
ee43fa4abdcd5f9e2c4ab7f972628c3d,1,3,2
ab42eac47de85e36ba4622c26f9c9dcd,5,3,2
42b71d23c4c47ac0364517ab0ada92c3,5,5,0
a3a0cfe6661449e2d725b5b1ff658d84,5,3,2
3f728c09846bd39666acf05416a9fefa,5,5,0
ff92e046b12e7380a5a54db4e3fdf615,5,4,1
1728847cf9a9a8c5f57a2e38bec5ecf9,4,1,3
813806934fb64463e4a78ff2cfef2941,5,4,1
88765c7c25c8dd40cefcd887f3c8cd8e,5,4,1
a7f8737adbb1896e0664c6bb67da182b,5,4,1
a9c74f167b0d8af61d6487fc21934f7e,5,1,4
0eb7dc4e9168fd2e3bc791983492d99a,5,5,0
16ac52984591a32873cdec7382495c2c,4,5,1
74c4ac3867f9fef27d2e9377a746f090,4,4,0
2a3510ed79746b2668793262896d3aa3,5,4,1
e775e2a68408d7fa3fc0297268f1abf4,5,5,0
20ed2a2a62a766cbb3f2636a85ce3eab,1,4,3
f5b3403a61cf8a308100863929f376a9,5,5,0
1e697d52faeb26c57898a78240fec685,5,5,0
71f1ac6ed46b13fb8280074cf2efbc28,5,4,1
86c411cc5e0c28b069f3e98edc6e6290,2,5,3
34b7253ad75b068d9abf56b9fc5c68a2,4,5,1
c3d8d92b4371e7710cdc67fcb1f49a34,5,4,1
67babe0383a8449faeed6e1d37d8aa45,3,1,2
0d379ed81a9bf10489b4509f3559ca90,5,4,1
c5eb20ae1c43449285cdab2d15a04816,5,5,0
b1e7ea6ef4104c3bcd94c0b9260717b2,5,5,0
703a50ce51c6547dfde74fd28cd92343,5,5,0
3818ab6e31e399088ce955019f85f7d9,5,5,0
a9c7a298f4d31996b9a505ec79fcbae9,5,5,0
d8b31a554d23223a2493c602bcadb81b,4,5,1
8eb2d535942b5b5c20192ab8a72db202,5,4,1
be3e82e85f91b973f1fbc0c75fb1b465,5,4,1
575fddcc90877446a5a777b509ac3786,5,4,1
3f1d84cdd6ee41fd2908f52f5f0bbcd0,5,2,3
707a334be449a3283d0312d4290d8077,1,5,4
c78b50d1c5ddfed2a5394dd0e90c4e99,5,5,0
6bb7ab367d79166d73368ecfbef88dd8,5,5,0
f79be098ac7bd8ee0c272aa8f6b61d50,3,5,2
81fd7eecfe5e2fdb7788d4dfd3283f23,5,4,1
48e6590a35c4212b1525039dbe8cd750,4,5,1
bbcd5aaa84b5c7ef86c0a723182d7a3a,4,4,0
a4f3a3f57f483a605280e1e66a6bb18b,5,5,0
e9b51b55b60f8de82106bf9f1470c801,5,5,0
27572d0c11af71f78423d11722b2503b,4,5,1
140e0c65673552d3d1832a4d8e16d6e9,4,5,1
1349bbe7ded8d9342526c249d9e6ceb6,1,4,3
88378ffe8de3a4e0d7ef03e71010d618,1,5,4
419db5644c25cb5226f64b9b0e4897c8,1,5,4
375fd64923cdf29ddd54724395e80b69,5,4,1
029c545413b10a6bd7540401f6eef0a3,1,2,1
18259631aab7299bf25f83f5eac4c8d1,5,5,0
768e562205a3f907b620aa6f945f596c,5,4,1
2c4b204bb99eaca32b1f3cf0e16f4c14,5,3,2
0afd81117f1c67a42890fb705304cb8d,2,1,1
3505a2f5fdc9c1c19d2eea9bfdac56c4,5,4,1
b4454ac5d3550744c26cb851e267a889,5,4,1
0c06719338eba9ad30362c43bad76d87,5,1,4
9a6fd2478f561404120cecc289ea20a0,5,5,0
3fe0e2ede93f661b59fb83477ac2695b,5,5,0
75518a45c276d9863de563ed245edfc5,5,5,0
faa01b7a24d0ba51d0d0ec652cd9b745,4,3,1
664141bb6dcd20117425954f2bae35ca,2,1,1
9c14756d0113f66be55ca07456df3393,5,5,0
a7a9b0f583c7121452bf658dafcbbc8f,1,1,0
c623390ada8c2e0bc96506ee6d9d0667,5,5,0
8b02937454ecbf39dea9989375d931e3,5,3,2
4fe46529fed4601ccb07ba71cc357567,5,1,4
b8cc2632c865859a6e27f3955ff5e549,5,3,2
53e0f6555268ce0f38604a0e81e774b3,3,3,0
867318eda451a721d23a5e0fbc82fcc9,1,1,0
ccbbefa45f3de84ef18124da1beedf7d,1,5,4
07a038893865b59b24c46892652be2b7,4,3,1
0ab3d92f71090c758d1df7ff889a9335,5,5,0
2e240f743fe9574f3e0ae4bf33e43a70,5,5,0
5ec57659b85eb947cc673208c233ff65,4,1,3
4e09a6bc2b1596b9e54829e168bfd37f,5,5,0
d884c6a73ee6bc49e4db45abae4f3490,5,5,0
cedea2bde15dac9808c6cd430cbf03f4,4,4,0
4e9cb71601575577f2208d3aedf933cc,5,5,0
984b33682c48ca8bfd773ebdfd0161fe,2,1,1
0ccc4d2c7102c48188f50be5107fe442,5,1,4
2b31af271f3efcfd1f240a6ba82c631e,5,5,0
53ec23d3e71b749fd840c22675065007,1,1,0
2a400780d5bb01c0093169085cd3edbd,2,5,3
28a1ff56441c9df5d5bfaead83cd76fd,3,1,2
b56aea9fd0510dad0a8d11f4ec40e1bd,5,5,0
76b38fc94d93c9aa8d4f335f8ba87128,5,5,0
8081c44895cefcfebc13faec5c9ed8bf,2,1,1
fd10d31bdfb91ffa20c8b037fb9bdaf0,5,5,0
9b555fa3c1a9ac79415e947cde8180bd,4,5,1
22d63f928cac124264dda89874eb970f,5,1,4
be6343c24d4cd24d3a630c7a8aee1a6b,5,5,0
3668477773eb5474d397777749d44f08,5,5,0
1473319e2ff85803b7e969a788740cda,5,5,0
cb123d857949246d3e5f1c532280c023,1,5,4
6639b799469775ff2a696e1bc96b9f58,5,5,0
5eff641a591dc86709424d65585467a5,5,5,0
43f9a3d3e9d95525bfce717e31f72a56,5,5,0
c62dc502431fbf54699cf00a9e938688,4,5,1
07279e06272270e7cb604d1901a4f374,5,5,0
be3a6032ad2e0e262351e84d3db872da,4,5,1
3c9979e0cd0acb648d666e573dd343fe,5,4,1
58fcb8ce8784213ace394e1427f50fb7,1,5,4
d77a9259e9093fb83b20b95fd4bbcb5e,5,5,0
76c5d675f926836b4ff285bff2d38766,3,4,1
5bb67bb01ea5cb177b047ffe340c5c3e,3,1,2
cea503481ea27c2c550bc48e007fc0a8,5,5,0
2778e8d98880c4672be9caaeeb12d0ab,5,1,4
e1291e09e6eacd07121773233376f025,3,5,2
052b00d65560313221c5692cdb22fcb3,3,3,0
d2b03101f40ceec33aab383966db0328,1,5,4
c43de9faa95d5014569aa1ec9ac83554,5,4,1
e4c9031df14928b20f99e53c11d6e1d4,5,5,0
15f8e1e2abf48b0c5161b2f0110ba6eb,5,4,1
5057598da256a7629c0f6f21877215ba,1,5,4
f01446f8957b17a489cea2b2b77c1e97,5,3,2
2922d9dd6672241cb658a40bf507e4b1,1,5,4
450b2dfcd82c6f60f6ea30628ebf2945,3,5,2
977649a07fb7be354cc39d9a79ee83e1,5,1,4
c98034f8df920ed8ca430c1105e3b600,3,4,1
97faaf59adcfe5fa3297328ab6ace15d,3,4,1
a65e61b2cf7bed6e9df047a709f06242,5,1,4
c2a0804ce9caec169b2c41564fd7f9e0,5,4,1
837fd76b391ccd40162b81fca0334e45,5,3,2
c8328720517a06417715c52c03e52c89,3,1,2
ee79f3b63e56601a52d07366ebc809ad,4,5,1
01825d0debce07b6502f4aff38a00e69,5,4,1
0bb6d291f1488ae4922e89c2f6105f33,5,1,4
62da6eaeb0bb1013bcd1e66d7a93546e,4,1,3
7b4dd7a1e967f3c305574c48bf4045f5,4,1,3
230571d6e34263b58881343939b5baea,4,5,1
dddc39f5e5e0fa66470e4fd815a31c5d,5,4,1
80aa9c31556571f08988f12dc07476e1,2,4,2
a4bab2081e615128b48cf3e4e7d8be97,5,4,1
ee24dc874cf2cb44acd098173b7ff240,2,4,2
8d362590a388a3c9c7de2dbb72edc957,5,4,1
5789c1b03492b72bc448c0d523eb2e36,5,4,1
2efd657a8f5b7085278963c6e1a5f0a7,4,4,0
d84a72d286117f40da5a05597f25d58d,4,5,1
e05db2f0411d7fe6af92d64c6fc4bf9d,5,5,0
f44845a8eeec9bf829093ad92c846c09,5,3,2
0cedb7b34000334cf6a9e407fcaa5203,4,5,1
b42c3979ca033193016394e37f74d668,5,5,0
0096668e5b0b8e9657a6f7209a4e58b4,4,5,1
344be4c763894534b87cb01ee46cd64f,5,1,4
5874a902f1718385ee6ec11b4745d642,5,5,0
1bab677b9e102b60c7e4886e44d57a98,5,5,0
b3d7714a542865761019b3490fd544f6,5,5,0
3b87501b004a28e5fae58597d0e021f5,5,5,0
07f2e5679e13d0e45de9da85bb833558,4,5,1
5871d8a9d410f4348b27394d4085874f,5,1,4
e8db697a6bd22722ed990beab0b844c9,5,4,1
04453a84ff0126fdc05079cf18a34890,4,4,0
664934b310cca178e1ac86c17c97f61b,1,5,4
77e9d2f71c740441b1fce48743b8e358,5,5,0
6a2bbff940a0666437c99b8e604f54d5,3,5,2
bc5e4a6b788f29265c3075648d98ef03,5,5,0
4f1583d080fe1eec5e509335d79b17c6,5,4,1
7598147ec12a15c62a1350443e7ad42f,5,3,2
a932657c2a8f532655a478c7170642b1,5,4,1
7169bb201e926e2686e974262cd6bcd5,5,1,4
cae550bd1bf7bfba357a10319a0fb4be,1,5,4
67a0536ff5532b7d6ed0c62f8a3a5ccd,5,5,0
af581263488e6e37a5eecc8323943693,5,1,4
d10503eeef371049c26e11de7d6552dc,5,5,0
9277c21000c5426f4de2158dd377a676,5,2,3
e5c83b9d7049d45d07109c42cb808281,1,1,0
25c0c95ad63107ee2478a09c851a6a67,5,1,4
abcf460ff11589e91290e8f95caeeef7,5,5,0
e3f0b66713db4b7b5104d6fd00701b16,5,5,0
010d6db2f77220b394f147836c94f27b,3,5,2
58346246ea802a21cb34124ed2326770,5,1,4
0b0f3c7a9bcb6ad1fccab28f9240da6f,4,5,1
55c53a2d3c60e83064ad06dce6069af5,5,5,0
a914054902523db41cb44dd114ef17ae,3,3,0
40bf12930df251761b91291590dbe45b,5,4,1
12e3ba822961de771f16352fe1c11ef7,5,5,0
032a25a524b766bdb806500361630bea,5,3,2
28c0015f84c9d8b6a4e58b0414ab80ab,5,5,0
c7bcf14cf0fa48837a78fe5cc16b6934,1,5,4
c03748652e7cdfeb73bf4aa3b41da0dc,2,1,1
8a9424899aac432d80d8e580932b5ee9,5,3,2
24bb40ee9b9b6fc1cf2392a93aff4f6e,1,4,3
7c38c132d8ee69d411b7a3eae6035211,5,4,1
0c532a9c46c5090a74edf2c28388699a,3,1,2
c1559efbfbb38d83f6280b505bd3e0df,3,5,2
f20da7723f4f27767d18d8039dc8fe6c,5,1,4
a2226e6f6547ec94fb52d33362d58458,5,4,1
1072218ec4a811eca0a85325da45ac25,4,5,1
cf2dbfa7d6c75d12986db276131ec3e3,5,4,1
b8e766640caca231ccff0ad5eed8d976,5,3,2
bd116e3c15911b8f09db896e682cb30c,5,5,0
40ef667b4259d5f521a0fd1a093d0415,4,5,1
9b284ead0b827957b9e9ee5f48128bd5,2,3,1
419cedb4dcae30595f71c28370d1a7dc,4,4,0
7f81d8bccb5531846cd177fd590ab260,5,5,0
279b9a9df2c05138cfda068bb1e0143d,5,5,0
623a385bdb7d45cd3a9411fcee8e2c53,4,5,1
2c53bd1388754e218f18b97bf025d935,4,4,0
3600dce59c2a50ed7c67e0d818b1e5bd,5,5,0
35b19a06842a6d82121828643e1bd16e,5,1,4
8b346abc34a6e64bc67fcd3b0eccdc9f,4,1,3
ec88a091f17fb7fb6b5a498439931a1f,4,5,1
52cb9b4d5ee3ce7d1e2a8d9c2376fd44,1,4,3
50b3cc3a81862626b3a95451c8928e19,1,4,3
c006bbd1a1ae4337965b7ad0dac0c61e,4,5,1
6eea01cfbca90a278819c163602d0a69,5,1,4
0a6e8d7b7db627f4863678eba2a98eef,5,1,4
e00a6c9e0c7028b7284c5082d59ae5f6,5,4,1
a083f47f545711fc05940d0be7f5ca38,5,1,4
39fa4236f74ce3cf9427df583375b046,5,5,0
a98f79318168a3b20eca9c4530909f49,1,5,4
3b43a1faa9745dfcd8ef87937f4cab08,1,5,4
59593e36c1e6a46a1cf48a5af3c6ffe5,5,1,4
38d008f131c77e33467b6aee3636927a,3,5,2
4bc05b9413beec5d8360baac48258100,5,1,4
f2f2e2554ff7ce6f4ac51ce640a8a9d2,2,1,1
442a41b00a8a8bda35511fdf1eb65cc5,1,5,4
ad0fdf82adbac10e4f1161e52433fed4,2,1,1
ed84d84ff056c981f01b2084bdb4785e,5,5,0
aa6344864a8ba3918bc0bee0a9b0fbc3,5,5,0
58cf4bf760edf8c8fd391eb871b0eaa4,4,1,3
37171240b533064451dd9e3f15e36c9e,1,5,4
d368a1aad6fbecd01c20f4bef6bbad64,5,5,0
2868d7d031293f42d0004622a5b68418,5,3,2
14861b02076ed7da9471988265a0104b,5,5,0
e267e6d5b54bdbcd941f9c8bc4eadb82,5,1,4
32c618cf9e5152197af878badcd117cc,1,3,2
fbc32bc4a800352a5c9d8a57828b4727,4,5,1
a548bc6afbda383e174fdcfb79a92581,3,4,1
633911754e7d587f10d189b10572c0ae,5,4,1
a6a81ef0cba0e11e230b4d19a6e8c559,1,5,4
0866001f9f2ff47df177b77ce6abecd4,5,5,0
da9e071e6f18a649211bbb97bd81380c,5,5,0
9451af299c7a1f4f25e00283ec35f778,5,5,0
d110ac83a8b313d9d5e17d9ed61e7804,5,5,0
789ef8e547844763c96f5e815b5478e3,3,1,2
ee249867fcd2a7c11bfe5fb64f3bbc67,5,5,0
49df58eca26497b2af5a5685006f9615,5,5,0
dbb7c264b7caf9353bda0d1eafc4322c,5,1,4
248420359d879dd7752d4333a3d7472b,5,1,4
658028ee7633b50e656cea96a31274b1,5,5,0
26e388ebc7a8a0fa0998ad6cc4755bec,5,5,0
af0dd2a67b9f1bc277c83ecb2df57f99,5,5,0
a24a47282e13a3896fb83d6f49403e95,5,4,1
ad9008d69a2c494944f2dedcb83efa56,5,5,0
ce9e623dd0def1f905a5c5ba0c99f65a,5,5,0
bb4bfc8351c7a9340b9fadd09e26be8d,3,5,2
936124bcca6eccc3f937c560b4c97d69,5,4,1
b56ba47b7760027308968ab3f294b402,3,4,1
b2645c2a65c62e9c18bf2a83d10203b6,3,1,2
b829a9df2bfb08f7e2a0e9854656fdfd,2,1,1
1ce624df940711ffea6e5176a18eee87,4,4,0
0ecff8cca2d76a428d055ec79b94f0a1,2,1,1
a02139e1bf51513338d2df19fd5d1d28,5,1,4
20c50b79ccf3492546de6ef891c03ebd,5,4,1
63514fae43596b11a770416049c86856,1,5,4
d80272e7d2cde76157c01c03b3deebcc,5,5,0
da3dc62f13188f2866f5775585107a7f,1,1,0
308163f9666c3f335e92b0f0f61554ed,3,1,2
5c2630d9eb5757718ef5a12b09368935,5,4,1
21f4b58b45fe418aed605934ec0ae1d2,5,5,0
9bf42f15bce6cd9485c456da9885a3ee,5,5,0
2e509a0f39264c5e18d820911b16990e,5,4,1
98464a5096e400810b94bb93f38924c9,1,5,4
8cd5a51ae18b8bbcfd46882f77cc98c5,5,5,0
b4c4b76c642808cbe472a32b86cddc95,1,1,0
f7b13a5afd48ca5bcf589a25d5377b00,1,1,0
fada5293c9a23323a95ffe4129f45f9c,5,5,0
5bb8d2fbca419676d395687e28f5263b,5,3,2
c49f6b5cef87291f38f2b1fccf57c3c6,5,4,1
62c3b8aeb068482a78dd4c95bbf5fc26,5,1,4
04d3e9115c05c6494aa7c1063f96db5e,5,3,2
f3d8b3063ee284e7e64c8f7c41b39188,5,4,1
b8b331821864531800f736e470ad836b,1,4,3
2355668b3f4f5c92b35d3aea796b9ba1,5,5,0
9d32bf50cf0540a7040a13f0ec2364a0,5,5,0
33879dc5903bc67030ad66df59c6aa4c,5,4,1
74c142641fc482d8aeb7e31805a9aa2b,5,4,1
75d5ef4d60406619e9be0c9be3c3d92c,5,3,2
e4b08027ba9629dd5aee79bff0dcf804,5,5,0
5869e8a5c993e83fd00128ca4c8478fc,4,4,0
c51937c0ea3f397cbf08be8fbdce3730,5,5,0
49935c2c36ceb474c290a1987bbb941e,3,5,2
e3650ea29ce4ca131ce317a0f291fd56,5,5,0
b986ced186e623c3fa979ee09cb4d300,5,3,2
b800ea6bc1a4ef36509ee646e9fba841,4,3,1
ef24051d70c42220346c1e8d253502ee,4,3,1
b0db4e1bf966cf4e2b192e3d64044483,5,5,0
f26fa27bb0f1337c570d70e32fc2e413,1,4,3
7e80537703a1b61bf60fbc4d67e0d641,4,4,0
e6a6d96ae279ae5a454516029a7c43f0,5,1,4
f025be07a93a64e2f8fa6c84849f4d48,4,5,1
55a0d264704ff411b81f421c73eef60e,5,5,0
737e75dc8fad86ce2b5b41377a28dac5,3,1,2
b9fd88cc9e5734657e5b5936d5227367,5,3,2
9729a585634ed0ce4a0f4e38763c31da,5,5,0
235d63795ce7643944b9b41203d37c30,4,5,1
34f4ce3bb9241340ddc295c470512cf2,4,1,3
490a97982e956ca7dcafe2282467dccb,5,1,4
70a272d1c01754b91a8709ae7efe27be,1,1,0
70a3acb4b096f675be6a2e03e2fb67bd,1,1,0
15ea2ff54aafb487d482a527b120464b,5,5,0
edc438144eedf58c321995efd0225e19,3,3,0
8dfe2458a3fe7978343edf962990b9ba,5,5,0
ab75125adb0d56e4a58e073b90b7b6c6,3,5,2
e47ac2609ce0ccd8dab33391118792fb,5,3,2
b3600c15b636df09dc66ca0f895befe1,4,5,1
d0474ae1c2cc3b4e0ac853b073fec9e9,4,1,3
90ddd79887b51000b7c93a420dd927a6,5,5,0
80f206a25c4f2cfb8f12febcb3c3baba,5,3,2
7cb6e4af5a197f3923e8c8358ca71f0a,3,5,2
87419a86fe457c6ff665b6d0b41f7c7a,5,4,1
423e3739c511dd6b0752a064f9f20527,1,4,3
979fdfc1766453994df684ee9637ec80,1,1,0
e051aa19f5f2e6a98406c005cf5c656b,1,4,3
6ad8c6d48181888c8e70e7d65b0508d7,4,5,1
9a2701b301b281b74ddeea78e0a24625,3,5,2
e5bc6c7594c02f53761ea092c5c9af1d,5,5,0
86e574a0701d15590bf31783bc7de5dc,4,5,1
fd079c0a24ce2138def202fb00f1ae38,5,4,1
19253d0cbd6ac2d70e7d7171308b2426,3,1,2
86dda1172108d1601101914c45b51699,5,5,0
82b6dbd2e82b747fa17ab0d7c715fe73,4,2,2
252ef1beb7783414b687c8191cb6bc02,5,5,0
bc8d3ca8eda2e79015ce0ddd10eeca47,4,3,1
3a448a9bf5f166e9b374a1c9c30ee28c,5,5,0
cd0589dd69b11dbb8ca5adbe3fb753e6,5,5,0
03d61f050de69049f4153f164c6f78b5,5,5,0
dfeb385531b47a17e24ab43992ebf15e,5,4,1
503f675df334896d388f06d20d5dc540,4,1,3
e7a0d968e1490c9d5c075df5f3e751ce,1,5,4
84960d31af78367051a7134bf7b64f29,1,4,3
ed3b269b4badaf0126050c9d4f7b854c,5,5,0
ff3d74e7a6f632103cf96ffeb8ee9a99,5,5,0
f46b842d9b4dfd29acf5eec998837ede,5,4,1
56069689ce24a3bafc1bcc3333744b24,1,5,4
320ed62040e9d12e3d7cf4795e2b7df3,5,5,0
d42c0ebb65d63fd42b509a1573c281aa,4,5,1
c66e710fc8f55a69556bf33b68b19843,5,2,3
f42fd1b7b634f6761504f8e16bb4e81b,5,1,4
fbaf27e77414fafd620939df6eeb37f0,4,4,0
ad6137b47c7f7c1c621f4de13c3d5bc9,5,5,0
3991f987ebb5686ac2cd5fb69d16d9c4,5,2,3
fa4646aff1ebffa86487953e4143125b,5,5,0
7776ca93188e915b1100fe8221bc5fa5,5,5,0
03e2511c3ad8af9188ef59218b1e8a2c,2,4,2
a8fabca91cde3202401e6078441f1cd2,5,4,1
0aa3718b7db60c5ebec88b485cb975db,4,5,1
374fd048ff590c1059eb5d4fe2d892b4,3,5,2
53302305754d77daab8c64a29db8d8c4,5,3,2
e5121f24a3ef1cb4b742aba33736755e,4,5,1
b9d42d3c4b0b357f92488c43be786520,1,5,4
ff27e1834865dc01e39567836980d12f,4,4,0
00f426c7214575822c3cb44ea59ef0f6,5,4,1
083b812dd46ddf24d9ae0b6429139c9f,5,3,2
03d11bececb87dec8b11f5bd6fa62472,5,4,1
451bc3a8e6666fa7fa88c989b996a500,4,1,3
74fedc6aa056c9359846751fe21a8676,1,5,4
8c5e882bb85543c0975f68712ea66b5f,5,4,1
027b81ccdf72434e7346aafdf630ff31,3,2,1
e289e03a994a1caeb6035f1a6a7c3627,4,4,0
e7e04d4d4bf764f196ef77cbf86b1ece,5,4,1
465e367896219452ecc8d8dc02f61531,5,4,1
ca2bf936bb1f3bc31d83dd119beb1efc,1,4,3
ef237e5b4d945c2d685692f764555f89,5,4,1
053060b606af02b5ea4b079dd492ec5b,5,5,0
ab4362fccbf0de9194dc5b7c0ea13585,4,4,0
e524a1d7796e94896f17636abddaafe5,5,5,0
17fa9c64619b1cf287c13c5249dd6b0c,5,4,1
eecc7f527a485f35b359dda66c9b3923,5,1,4
58435d6ff97216c2ca1eab87aba77dff,5,3,2
c7a07ddd52bbe18b61da49a8d89853d3,5,2,3
39c41eff1afea8c296062328350b9ab9,5,5,0
a9e4a67cf6910c059f3a0764fcd0a020,4,5,1
b8eaf5e9d1583c47190523695464e441,5,5,0
c5e44ccca834721d269f1227236ae8be,1,4,3
9609b17631c31335c7ee54d0b9dc5716,4,3,1
c9d9195d49623398b66ac6322f971d5c,3,5,2
6440501490dabcc13bc292e417ca410c,5,1,4
383d164e3fb3bd64ffdc196f34f2d8a1,4,2,2
cc91991372c1322fe937f53d91856acd,5,1,4
b6fe88f4f585c944818db94f580332f9,5,5,0
e15c6296371161f7eabd6ce8335b5b51,5,5,0
9ff8a9b56d0dc60ce426a0c27ad77953,5,5,0
3e57128c6628df0162aefb87d11d4bc2,4,5,1
a93b122106fb3a1e62510b02010af8d2,2,2,0
0e0fa429a12bc8105554270a3a52ce97,5,5,0
6538c9e08179995c8f73f5ab8ce6e9f8,5,1,4
b29f6f52b330f04b5f1f4fb369b32cd8,5,5,0
0f93f7603185d299224f49c8aa5025da,3,3,0
40bf40ed29a5bbdb73aaeb5eb134168f,1,5,4
3315a8038d5ead17040d6658a1377c7f,5,4,1
8e39302e6b4d08eec0f5a5ac3274f338,4,1,3
6feefd64eb5b13184ac2bca3d0be98e9,5,5,0
3ff313d5a95fbba4b58f90086504022f,5,3,2
77a4cc7b685fb19e55b78931185be0eb,4,2,2
f64c08c0963b3624b4f2198791c17197,4,3,1
a1a621e58a950260915df6e0b99fc155,5,4,1
9a58bb130c8dbe2b6ee84808bda0da8b,5,5,0
d4de0ad9ddefd13e60191fbc49925dc5,3,3,0
0519649fc6c78b0e228b6ea8e6767095,5,1,4
5971f2b65e9c6f58aca350ec6674905d,5,5,0
ac5bec9923eff67a7b009e9b911568d8,5,5,0
afdb9767a3f9ec80e34ce37c5f47aa63,4,3,1
3d3b13a4414d475f80a8fbc1c5afd1df,3,4,1
3143dab57ae1317b6911e1330ebd4dac,4,2,2
e47a63ad65b54953702eae37cb14632b,5,1,4
3a1bb0dc36e0f0989d1482a7c1947de9,4,1,3
66308a10b1b08b360f9a7378a2ff254a,5,5,0
a3bbe9aebc3d205399f59fadf59e9d42,5,5,0
fd29d4a27a68500cecd760540395b131,5,4,1
315b1cdcef0a2c289b9ff0afe751c75b,5,5,0
f4ce2fdf151310c50d2cae424eff30b3,5,1,4
d7a77baab69330a11a384b31591498b3,5,4,1
68c7e05efd75f44bc692682d695a480d,5,5,0
3c333445207b077f35c9e81a7e7c7273,5,4,1
c0c1604ce9151fcb3b655d3bb0caf670,5,5,0
64ec5cf30ebdfb09f6c023919646545f,5,1,4
1f42f4d540bb667dcd3bde1a50c9e442,1,4,3
20fb64e954a7483cb8795242e1ead5ce,5,4,1
15b5597f4ace3db6ea01c54d433187ce,4,1,3
7a3b37948764cd3ae1bb7c332ee79397,5,5,0
cf91dadab9111371ef3973e8febe8d3e,2,1,1
186d853ccb29e4bc2470952ec61dbb39,5,5,0
b172643d2145d101810ed57b5378f1c6,4,4,0
2e024656807ffab9d81af39abd9f18b8,5,4,1
b13732c40c7e74c2d89c595fdfae8fa6,1,5,4
639c3cf682625ef18cf4539bcb0e510a,4,4,0
427911f3c5b426df742d7d17cb9424bb,5,1,4
c37d41945512f0cfbcdd0f085bbd04d8,5,1,4
dafd881e3f2e32e13a60a0bad4547004,5,4,1
44dd8e3e7650c35a1973a42498626ded,3,2,1
cd8a09a7fdc1232c4b96604d9bcadc98,1,3,2
7f62ff42160c8f3c778b5f4e16ef552c,5,5,0
b7d161c2d8850a5c429ef63f992193d2,2,5,3
e44a2113e6f06206c4ae9134ab3f6074,5,1,4
d74f1b25b78535c9b35042c0abb9c828,5,4,1
7c18eddfcd24680d80a502346221614e,3,1,2
c1dcb1e220fb7a81105d999aac3e0b2f,5,1,4
0d4677b0223bd9ec9dc8182d6afa70aa,1,5,4
2a5c45b004d16284b462d61b46ed1460,3,1,2
7e6507919e5e16849dd9a0f4354209d9,5,4,1
357577189f4230e0d5fcda6ba4b8dec8,5,5,0
db0c4d3804fd0676152a2ac39cf5cc27,5,1,4
aefd94f1b5fb4acfd62eaf1264846946,4,5,1
34d9ffa2e1d65d04ef6c8d4265180939,5,4,1
db090a16182b263b1e896bb26c6f66cf,5,4,1
a6ecc5068e6e585b2dca3e496ba4b277,5,5,0
3c003c58ad1a4915b94afef4b6ca5271,1,4,3
e210480a7951a7968ea2a32e38c6dd70,5,3,2
f66700bc0daa1c69ee30003597354134,4,1,3
b1b69f51bb6761e529b47d528ba4470e,5,2,3
49e86652f7ea8a48b2306abdd5aa5708,1,2,1
31b60e74c21a868ce2a24131035f8636,4,4,0
1db9339678cf38d54dc39bd43d7de673,5,3,2
0695bd018cbf6e999fad4c321b32d26d,5,3,2
e5e12a01a9496a4f4768f75ec5292056,4,4,0
867f0c4784f36732024bc696739e400d,5,3,2
fad008c0d1b347241252af6ecfa81b98,5,5,0
880d0b678864b60cb1a087a3a0a896f0,5,1,4
f18772452666c0d7da7702af2c20e765,5,4,1
50a98bed547040031825f02f6606c7d7,5,1,4
a6c422d2b642708cb8aabe049013a49e,1,1,0
56fdda0cb0aee560cd00b1a571dcb10f,5,1,4
4daa7a4d91386678160a5f646293be29,4,4,0
c65c62970b6f828387d4db9a25361d96,4,3,1
c63f87e803b2bb102390ae4a77ece207,5,3,2
dacb857612778747b96d5afcad0adbd4,5,1,4
88b24cb0678cf5b316584a332f724969,5,5,0
853e167f64c749528b3b531bef12850c,4,1,3
a062c240bb299fa3f0ce55cf05ec8390,3,4,1
4cc2340048994d76ad8665b2ed98e19e,1,5,4
ad1aa8b8efedf5f8fc4712a4e380cc4d,2,4,2
6ffdb56df83717770ba1d34001f4686a,5,3,2
e99a451628b46086835d5da0bd58c932,1,5,4
bc6014a7596f64eb97713e00e2c9f7c9,1,2,1
46ad0b6df7c2befc459ec361a3b4ec2a,5,4,1
2a1ceca1522e8bf484583ef111e921c4,5,3,2
ffebd80e3291e811c308365936897efd,5,1,4
c1ba2eff47cfb7e4dc93b12ee08f21ed,4,5,1
78219cc6b17d2b84d847bbf8b470316c,5,5,0
3ebcfe0e628a860eb240b63084495439,5,5,0
f4894d53b6be36cd0c12a1e648e35758,5,1,4
d08bba6d656adbdc54eaf30b29532e89,1,1,0
3981a5c8c4dbdfc725c00d6f464d852d,5,4,1
f396e1280028fa9c8c83111abee5f2e9,1,1,0
c2f6a6b9aadff1a114b5d17ead982d24,4,4,0
64983642eb3a25ca54f4786f830b1d0f,5,4,1
2417db4d82cff6b4bc6ad4da31cbb102,5,3,2
bb713fd5cb7b02db84e82bee9c98304e,4,5,1
cf9b4bc8a0831980b324e030bf8cf1f3,5,1,4
aaf2a2f9c59483fb9eb7d044abcafc4b,5,4,1
9b60426b9711c8a0a8a1b1b37d3c451f,5,5,0
6d1d00752d412a243d22e2f6ebbbacd9,5,1,4
ab8f85575996e2f61235b8943be55eb9,5,5,0
0559598ddb2398bb4c202d6efd54f04e,5,5,0
d0083f5db0e3fade5d9a7dc768e8df46,5,4,1
b3c22881ab836451fc66d6cbf6a2083e,5,1,4
0897cfdc3612d0942f33b22a3dd9cd8c,5,1,4
c3c9936a34e4665a38df40a466a463ec,4,5,1
f44cb69655f8e4d13e7aae7cdd3d3c25,5,5,0
2ce193276df0831b86cf55d9c47ce8a8,1,1,0
cd237ee594c1e46dd6a74724995d4a65,5,1,4
24125310335475b73015f74ec4327c2a,5,3,2
fca2d3cd8d197a721028480baceb995a,5,3,2
5e8222f27e709f2c61364ae886df8ac8,3,5,2
6826d3cfe92e5af877d3d2088f03d8c5,4,1,3
bf48c37aab37d5df8bf6bd53727693d8,3,5,2
1fea99244761fe0359d759672fdbcf4a,4,4,0
5410087995e1ebb53c26ce8e52ff29e0,5,1,4
63175a0077fd25dc166bf27cfa3927df,5,5,0
724ce270686637620b2fdeb626828db6,5,5,0
123aa2088a801eabe35c3c67444e5fdf,5,5,0
9a2d9a86d4a7dd97171191815ece139e,5,1,4
6042c0c3800159373b3343dd442c86bd,4,1,3
a1fbfc9aab174eae636440b4c8930479,5,5,0
c02325767e982cf63ab102120dba687a,5,4,1
cb3d8a1cca3468a5e99f78eaf49bce40,1,5,4
d07177bc097beb1a6d82f01bdc6d6eec,1,1,0
acb9483767af8d8e1255d83531c25fe3,4,5,1
ce86f3b70e7bb8cd539eaed55e3553f5,5,5,0
79c96fac5fd38406b272b04b54d54083,3,5,2
ca5194dbc94536f842d03241b5a223bb,4,4,0
94205d5566885abf3cb4da408bdb1ae9,3,4,1
5274d9c61b31f846b8b51562f1f6d3d2,5,1,4
70f3d00cfbc9cc2a465887a6edeb1149,5,1,4
f6947f41d3ea19023c3e4e3a63887745,5,3,2
bc2c6eda20ba0146eb5d4420734b21ff,5,4,1
0c8703831f0dff29ae877f4f9cce845c,4,1,3
6d1e24636558186d996520563f53df00,5,3,2
50dca53ca33b739bef09e7933e8b380e,5,1,4
5552927954803697ef5ebf1431693061,5,4,1
cf08f889cfc7f4e20d52cf7c6828eeee,3,5,2
820235f6d6341b0a1d64f22499ba07c0,5,5,0
dab8a6c6bd6ec448df5b3a6b6cb887bc,3,5,2
a3e9e5209110a0dcfe5b20b01e6a69e7,5,5,0
299b68ba840c1126001409fd0c4011f2,5,5,0
fffcd46ef2263f404302a634eb57f7eb,5,1,4
1046c724dec8bc31545703d07c378073,1,5,4
d10eafa208521dc30796e6a26099b6a6,5,4,1
23371f485b357c6cc3987ceec664e973,4,3,1
615a83726a65bcb641fcffb5a4b792ef,5,4,1
a2b2d6d1919f4f35f47c42de3f62a1fc,5,5,0
a6145b6681d0b1556afbcf25131f2952,5,5,0
77b17b2f92133e6f97e04418fbd53a01,5,4,1
4b6f2d3bd32baaae21249c217adcb5f3,5,4,1
e2e7ed46703108a39d779daeeb8e4f23,5,1,4
5c05c6001482248cca1f553a2c0b0421,1,4,3
f9d6c377e994e4333aab8559b9e850ed,5,1,4
e7ce593c46f447cf67788cfb73581ad7,4,4,0
8aa3866b203e8d7afaf21d53331f716c,5,1,4
b9537572afb58dddb806613be382ad05,5,1,4
959505aeccc35d003ab580410022f433,5,5,0
3dd3d454c46d40fc27a3101c19477734,4,5,1
ef21ebeb08690a0a1e20959c4d9f6357,4,5,1
b819d4bf7ee713f4efbbf5328a3eeeaa,5,5,0
c48a91a7cfb7c545883da4020ea3555c,5,2,3
425dece5c02ae29542005b6c0a9c3b63,5,1,4
2646f79bb52c439205971a6cc6d95ff5,5,5,0
92513c17b1e446ae2b162527361b595e,3,5,2
7a8f4f62037bb98afd289fc2ee3da497,5,1,4
82b78c893274e1819b2b91866ec11014,5,1,4
b2f58affcc178fea2daaf834f1acff5e,3,5,2
c4416b46a61a027f858fdc3746644312,5,2,3
935221d155b676b347464a2f7aef9513,5,4,1
6c353b764e0d5e28cb2852e8e8603def,3,5,2
892bc6b7b20e6f3955f2c64cfacac80f,5,5,0
d14be34d97ddedb3f0b7379757f862ae,5,4,1
7c32a0c8814b54f798f9359f20699633,5,4,1
44d9570957b8244670f565604344b98e,1,1,0
bcefb2f90509c4f4fffc20527ebd3cb1,5,5,0
583d5978ccf34486c5dbf738558e1b7a,1,5,4
482e206fff82661add35d3aeab19fd93,5,1,4
f9ca78db37320d8b51acd2e6eacc3f22,2,5,3
5c0020b504a0fe54c58f9135380f6e6d,5,5,0
67864542c9896d890a14b76003098580,5,4,1
76ce88e33d4fe9f50ad83539cd8fdb94,5,3,2
49ac83265a3a9d7d492eb5e1909b485a,3,5,2
1dfbad39bdbdc81e1419b9e1972cff46,4,5,1
0a131976e98291762104959158e2bdc6,1,1,0
f40432ad717d2f328101784226c8af17,5,5,0
62b2adbcbcf4e28df4b998bfb094f3f9,4,1,3
7a96e7fd1d442befdfb8507e5235d415,5,3,2
8780697430377d453d0cf3f29848a515,5,1,4
2b0a897dec5e098d39a6aad719ed97a9,5,1,4
2fbafc474dc8983392c734514f793616,5,5,0
d48044395576c3b0d752662aa20cece5,5,4,1
0d5286ba45f14f5c1d188ccfe21a79c4,4,4,0
152c657cdbdb6b803884cb4f691d17e9,4,5,1
d40be4e6e8f30d5f4ca1f34d06268fab,5,5,0
727efa2785deaaad8480da8e66db7e67,5,5,0
6d1f29a9262130c47ca823ee31e85c17,5,5,0
61c77cbdc7ac0a0ded411b067c32baf8,5,3,2
d207a9accbfb1677062f22f106463c33,5,1,4
13fe5b8b3ad46c558f0c53939589776b,1,2,1
3ab2e0cca7a7831b28bb1bcff404f6c7,5,1,4
776cdb75db89297ce0fd26c15adac1a4,5,5,0
52b1ffde0cd06a4b61dc1229bcf87827,5,1,4
a1b8aea9fd9e26a8644a65e1aaea8740,4,4,0
df2a380947167bc1d9d863cf7247713d,4,4,0
bc9a4a9c385277a723b04b122fe58e0c,5,1,4
67be6410d453784501c125d4f0ecb741,1,5,4
db19ee032409eb975bc529b906bb8298,4,3,1
eb6c9fafc446a2e85663c76915b796dc,5,3,2
67fedde68ac222a19b4351dd0814d76e,5,1,4
be597ae2dfc955f581832e7430e7e293,5,4,1
a695e8fc1b0a6e9c814da33ed8cd9703,1,5,4
aa0639a3e2aa426f0b46f6a4c2d2efce,4,4,0
cf40f4e7a565c0a50f13f0d95f3f3cc0,4,4,0
78d197a2bfdde2a4c64cf3e58ab2b7a3,5,1,4
a82c960297e876b31d23af8b437f54bb,4,4,0
dc65a9b6855f6b8e44c417736cfb340d,3,4,1
3816ba21917f2a17a58a38a108985d0c,4,5,1
bb52ced4489bd747f0cd5a314b973f0e,5,3,2
57db58fa887c4205f3bf01211de5cceb,5,4,1
ef785af8a54d7e978562b94e0e20e6ae,5,1,4
18e31cb8bc58dab57503adbfcf9426df,5,5,0
2e8080693faebedb3ba68531167c6313,3,1,2
09c10d01ea598b37493ee93aa01cb066,5,3,2
09ca36d55d4afbcc785cf9def43c9078,4,5,1
3c1c45c6ad5ec5fdfbb0aa0e29a4ea23,5,3,2
c67941b4ae569566ad69104332761988,5,1,4
a376666be364f3f82e0ca187cd014a86,5,4,1
c375be2afa9340cae31b6c25a09449be,4,3,1
b43a195dd28616394e0209e0499adcb9,3,1,2
7c84f3ad69b989de803692b81743e3e7,4,4,0
b31c7e456840330003ef5347ee802ab7,4,1,3
5515bb89b509d97aa78d434bc96ecee3,5,3,2
047ac23902ffcc68f3106db4f2e4338f,5,5,0
189f4fd5230d4cb9093778f1fe5545dd,5,4,1
02d3254501ce969c22c38d060166bf68,5,5,0
3f23bdebc73fa439fcd2b1b77fbeaf7a,4,4,0
7173f9c626f3e26e9c4c0033ebffe7d4,5,5,0
b75fb3fad479a8d1dfff143f49f2f76d,5,5,0
3d7c4455b009850d0c83c70fae3df22b,5,5,0
facbf3a7042565f608ce5dd2f5ca7c9b,4,5,1
53177d318c723e378c2a2aa1e9b2ea8e,5,3,2
628111ec0fcace16f3112336b1138aef,1,5,4
fff3983dfa3c5a0d752d8d17baa406a0,5,4,1
c5e30f4818a17e20a66b7277cd2eda07,5,3,2
957109fd6a6321b74f0d9cf8969aff76,5,5,0
c52fc1fc33756cfdee5d0cd6fed55765,5,5,0
4fe7d00d2bde166848bb86b86054295c,5,3,2
b511d10b7b2e1c6c5da323628c32aeba,3,5,2
0ce3dcca0c123ec98cc73a514f7e9922,5,4,1
932a6270af6750a5192681cb29c17a6f,3,3,0
9ba2c9b0388923ffcdc4c4f3dffec0a8,2,4,2
bc35b6af8ce28ad350dce0b0af64a28e,5,4,1
9418f431efb128232722a4b4c410d08b,5,1,4
7ab1cf6be66796dee470220e6396502b,5,5,0
e5500d517e53a1e40c556dea51c7a2fa,5,3,2
3008498e80be1b85f0ac899b5dc2da66,5,2,3
6e1d72c49d6aa8e6a4c5670c6ae13c72,4,5,1
4c7ef39af59d31fa247f85d10ed414f6,5,2,3
ee6059ea51c2fe6fa582bfee8d1a725e,4,5,1
e536cdf72fac1ac0394ce265d37d22e7,5,5,0
0c283c8e0c146f4528295a6f4ade284f,5,5,0
56703a55199f4784c80fe5e5de71c532,1,2,1
4b13ca1ea8bafa9b670fd52cbf918fb3,5,4,1
d4112b98adfb1a788d4c6205903eaa39,1,1,0
f23681a0fffdb8051c674707c7e912ef,2,4,2
0853e0536bc0b71240beedd97501bd7b,5,1,4
2cc606fca85523eee5d51c8d9defe0a5,1,5,4
5bee1275a1f504f2f52c69e8a0533a2d,3,5,2
904d1d3bf21a8c56e931f8ac05d284c6,4,4,0
92f4f749aa508d58dee50d9ccdb6c9dd,5,3,2
dc3c5cc14cf6712c4e47880da72f341a,5,3,2
a864be64d69bd7d14232006b22b17f96,3,4,1
f25c779f3e424ad932e6ce1e984e2247,5,2,3
70c166d4c5cb846d78663b5b3e4adbb5,3,5,2
fdf128b3630c21adc9ca4fb8a51b68ec,3,3,0
d9ab642e5dd85a1f2bb53c6c546fa575,1,5,4
e9c1cd6b45624aa77cf10be70487d8e8,5,4,1
493ba21a937e956c5e0e4e26c9f1b7f9,1,4,3
c5d1a6481a4fb3684588a2c7fc970918,5,5,0
d25eb73c856b09c77cd7dd09d9a488c2,5,4,1
155581701d726e5261052c3e6fa83dfe,5,5,0
84c8e85801737b1626fa898ede7682b0,5,1,4
4ea741e30080ceba74e43520b2a0a55a,5,4,1
6ec56173121c5972d0fd631f0f084d93,3,3,0
54cbcc71d2297c81a5f7e90e5d17cafd,5,5,0
82b564e3b8efa4e060e5c950cb6fa9ad,2,5,3
6c825e27cef5e047f570be83dd1feaba,5,5,0
56400a721b65efb0da1a9f11ea5b2dc7,4,1,3
8cbd694bc3280b8cbc9120d759a30b0d,5,4,1
ceae0f133957c3337b7f630eb8bf80d9,5,1,4
c53650d065ed0639a5181397ce08c423,4,4,0
9b790ca446b8e28ce5e4382959f6b7df,5,4,1
d16a738e823500d0eb7b3286b59b316f,5,5,0
55c5a129994903e122566941b7c4189d,5,5,0
31dccf9e7042d47f0c7e77a6952d9ec6,4,4,0
5797b09452273744ac62c38230d88248,5,5,0
7448f861b4547fc4407e432c043ee4a0,5,4,1
8420b0f7022cf4d4ec5eec76ce180669,1,5,4
f8ed26e5b5bcfb0d20833e3996b5e426,4,5,1
fe030f56dcb66e53dfb1fbfdc21c30cc,5,4,1
f6879e8e12a44ceb4c422c23489a029d,5,4,1
460a278fad430b5eff0e1a768bd2b331,5,5,0
cff4d10ff5b5d90df2c9747fa66119f8,5,4,1
663830a477534735bbdec9de01113fa2,5,5,0
78567659a8ac9a5615f4dd5b70fd3ed0,5,3,2
1fde32a510f950891c57d6e69c9071bd,5,5,0
135522b6d0ac3390e1386b74d48f957c,5,4,1
bd538b23115ef07a07199e3e2bdc2d4d,5,3,2
0a31cde0de75146ec6aa043161f74cf3,5,1,4
354a8fcde21bec79e0aa3a50dd54d72f,5,1,4
e2517c46af17605588f75af07711020e,4,4,0
5b4b69da34150b8394c7788bf2e9f99f,5,4,1
509cbbb4be7bf37477a52cd2204b30ff,5,4,1
8ffb58ad396250f240a3969dfbbc586c,1,5,4
fafc6736ffc73023e2685c30aa3822c2,5,4,1
9e0584f7d8ecc18347e6ce7eb7922628,5,5,0
dc8e7d66422ec37c6fa1cd4f6d29a85a,1,3,2
7b7d41ed4a08974cabec08405b527b18,5,3,2
e9e702d3e92379f53b4805d98c094bd7,5,1,4
0967ab27ef08c9ab5cb890eb3c1f8f5b,5,4,1
88ca9d74d64fdf43a049ee310edcb108,2,1,1
736e1922ae60d0d6a89247b851902527,1,1,0
27c49d4a7b5ffac7a824721909617820,5,1,4
0987363c91de454d42d084b84a691f99,1,5,4
a14df9fc5ca3766de545916e143acb06,3,5,2
0828ce181ff4d87d201f07043986d0d2,3,5,2
3a511b11011bb31230c08bc11f4a1954,5,5,0
c2b170fa201b85b5a2447365d111af05,1,5,4
cdf4b0d5611fbf52e84ea0dc45f5ba8e,1,5,4
3a7763a8b66b496ef5253606f9a09110,1,5,4
29867728eef5282c4181cbed99246268,5,1,4
764784b2e19d54da239286b0757f222c,5,1,4
dd42be32e12fb6ede27f5debb852e94a,5,5,0
dc86dc4acc1d71e89538c72f78688caa,5,5,0
da57afb5411cc92dfeca3968e90860f7,5,4,1
c1773baeca3e466698f90611606eadeb,5,5,0
dd43124cb8d2c34b7839e01a67c0c646,4,5,1
db03e36d66c33038ed8d835ca8bee670,5,1,4
f22553f3a2c04eb65ee8f4f8f7371e22,1,5,4
07758ed400d130462900b1f68d042ee7,5,1,4
f3ae2fe3a1567acd0f43f0c75a07edd7,4,5,1
ad7b0c3373368e658cc9cf31893c6413,5,5,0
7bda7fb1e596f90f607376af2ca647cd,2,5,3
8eb07b069f58b196d03364b412ae5314,4,5,1
e11630dcf47900a87f3f6c30141c1078,5,4,1
1f04bac535b51d50ba5a22cddc3a52ff,1,1,0
b7bad41b595c73cedf79fe679bf246d9,4,4,0
469dba1d869ad7ac257e09c9f8947b4e,5,1,4
23941956ac5ebb846fc41ddbf76e7ccc,5,2,3
5f07fda0de6271f38a81a1dd718c7a82,3,2,1
ac2403ebd2706b3bd5399ac7ef4ea9e7,5,5,0
3e73a3d4003ea03e955b2fba57e2dc79,1,4,3
2cbc46ff3ce1f5fb3c5ccdce7157b8fb,5,5,0
f2a3d556c40ae141f8633033d5589bc5,1,5,4
754effa06b71f54d7f439034c128b509,4,1,3
06d1315b8f0db57ee04b47b21db6626c,5,5,0
57c81c283a192e74b48c36108ad73101,5,5,0
4312fbcaf802f48339fed28e13a5dcc7,5,3,2
2ca369587935712412b0097c8b319bb6,4,1,3
ae0df271cb3c9838b323a5764478703c,3,3,0
510a5c60f473c07f3cb21d6506c0b4ba,5,5,0
649aa2900b06d80727880b4e94da7919,5,1,4
f9ea6cc9d3f50070aba77ffd39ef6d13,5,5,0
a2e5a4c4c016a3d66806bfffeaaa9930,5,5,0
a014ab9c0e9c112b791293dc9ec38320,3,3,0
fe3dc8be25e5bf90ae8fc3c6d7f680bf,5,5,0
3ed2950dfab630fa5008f66a0ebbae10,5,4,1
f824b4829cd5241bb5e90df926d9434f,4,1,3
38d53048cadc43042f82188a761f6765,4,4,0
d1ec61b50c7780944fab32ad8b873c85,5,5,0
3eff3be449eaedf0e5b56e9a7d35bb82,5,1,4
00b12f4674177ef40c4bdb034138c843,5,4,1
30837e97d6e552e25ee411c7365bdbcd,5,5,0
baba7caf6a8e4b9d6079db11ac925a4e,5,5,0
e51a65b081fdd3d9ae9c8935d326990f,5,5,0
aff1be85595c5529e666a04a65b00c4b,5,1,4
f1f053637dd55791fa3a8ae1df1f3605,5,1,4
b92443e927b172234edc7c7ff4e74976,5,1,4
ec22a18f14eba260f8f395dfc96fa72c,5,5,0
9e9d1406a904f8e28018211f22403b69,5,1,4
115f2ca39e45b0ae938c0fbde15c145b,5,4,1
75bd7a3255b9a2efed8a2673eb31f2b3,4,1,3
f05771c7b5cadd4177b82165484ac8da,5,5,0
995cb1fde464cb3683cf2902d8827a13,5,1,4
9c6585136c83fd43fc233e6cec52044c,5,4,1
54c5976111a966ff8a2224dd242cd07a,5,4,1
f5318f2526a744099fb9be520a5708fa,4,5,1
e7e97097190c7e6de76b0a975220e133,4,1,3
9004b30a5d18b572f851753f41d795c8,5,4,1
a398fa8a473ac89d43aacae1d3e1666e,5,5,0
5ffeee9d677333ddef6ef0db3aaf50e9,5,5,0
d0e54233f6df824cc818b3d6f936c2db,3,5,2
13f12afcd38859a0ce8e667475326c44,5,5,0
cf9bb4d37d0b4a4df8b2d95bc83a1539,5,3,2
1886d25a5ec0c9494c99ef246359cde6,5,3,2
e987b29cdd5c19069d7c65a4eac2a806,5,3,2
65cd98722f032097d67a7f2d9c97e503,1,4,3
f89be3ed1cd9bd6531cff9ffea1c8546,5,1,4
697bfc21e6f74cfda0eed559272c2afe,4,5,1
c264a164325d23f657477ec6c1f0907a,5,5,0
457c5fb81a06b09b10e752720b28f5c5,5,4,1
d8477e03a0b0c97723a5221b2044f68e,1,3,2
8fa6f30389819ea6543a643faf9ad7e3,5,5,0
cf5cc540ff27291c97b94a945ab37e43,5,4,1
207ea151b652a5aa335e64d908d9e0ed,2,4,2
dc17a6461db14f3625728b10493ef332,1,5,4
2f4912b4871e8127d9932edd5a1ae62e,5,4,1
a77391cdf600460b495855e76f6938c8,5,3,2
c5a4102c4979beb7f062d7ad384cdac0,1,5,4
698642d4db0df8b8c4710af6bdff1acc,3,5,2
f1495dcc4cf8d4ec585f058cedc68356,1,5,4
e3d1d37007a4d31d2269ba250664f6b2,4,5,1
5dea57306e01caa42ad0b07b85042953,5,4,1
54f8cc54ce619e267135641ade8c363e,5,5,0
41d85a7a138b7205e32211537623eed3,5,5,0
1f7ca128c2e0034d8ebe8a38824c0db1,5,4,1
d9770884f02a4e0d5e0f9d8fc5f5b9c4,5,1,4
b574a73b303733045a8adad4c30d7add,4,5,1
fe05c6dcaf512456a03860df06cc034c,5,4,1
9cb72ea4aed538b235a9936b84656974,5,1,4
d273ccee1a7ee1a7013cc285da0ff429,5,5,0
18d0a01d343f9a3789e7ae38fc92f907,5,5,0
08b0cc275164eab92e5797432fa89770,3,3,0
fe91d55ea129eb6d5a2d5fc82bcacbd0,5,5,0
c7cdb5ada4357751c31d84f94d1a14f7,5,4,1
9fe28378e5a0c6b3f55ed7be6edf9ff4,5,1,4
65b5c34eac96c508fd60327de50a2d3c,4,5,1
21996e7c744554c7c4fac8896bbdf0ea,4,5,1
0abe0832bcbe8e17c2ee4b5b9fd05216,5,4,1
4783b2e1f4ace7d91d01803014cdeb2c,5,5,0
aa1912713ec494655ab9e96900cc3004,5,5,0
8ab9b41f4fa44e65eabf1c4139e415a6,4,4,0
567d66becc6262cc863b77907f21089e,5,5,0
e4f929a2bd281bee714090bdca460bbd,5,1,4
996c7e73600ad3723e8627ab7bef81e4,5,5,0
1bf389bed4651ac01500f40b2dbc7f0c,5,1,4
5d052bba15113c0ee4700d9916844605,1,4,3
c1fccaa7401a0afd72cf89d7c2f806df,3,1,2
721cdd34c6ff27fe0fb9f2c21f27d444,4,5,1
38abfeb6bcb069a97c3d5e8100f94715,5,3,2
06093968558c2db43ddc36679aacc280,5,5,0
df60585f4cb85bc7e7b6531f59920613,5,1,4
02521a906b13fc8ff9314bf88adc31ed,5,5,0
c33421c96efacce72747c9208101259c,3,4,1
e85d619370a54fcece7535b81d3221f7,5,5,0
b41cc5a0872a7fd886b2cb2e300dbe7a,5,5,0
9959dfdd19dcc0fbcabc33723c619d74,5,5,0
d243808e23f60f3895c6a696df710642,5,5,0
5bc2858d960c9a5452d2f76492bfd948,5,4,1
e79f873315375aad54aa74ee8119dc40,2,4,2
18655e8acc771fadb130bf3048a5589e,5,4,1
c1ca4dea0d87cd383f5790fa7a5bd78f,5,5,0
b719a68a6c0da28bee1f17bff6b3c50d,5,1,4
45cbedcdca177029ad93022f2ebb8cef,5,5,0
1469262ec8414d0e3f821bda79cf14cc,1,3,2
47e7c69b3f435b43a16da911cf937369,3,5,2
8d99d2f6f573a9d674fd19d2c0f9a70c,5,5,0
95bf775f5db872acb7ac9cf5cdbbc292,5,5,0
226bc0c2f038af61a10705e253ef0d6a,1,4,3
a30d8838d122e0c839d5aadaa6753bc8,5,4,1
67e54a5ddb5e864b3ca5442f999b55ed,1,5,4
d6ee1daae35ffddf0e578b557bb67d2d,3,5,2
cf11662629878c4c564fcd1c86fed868,5,5,0
28fca12474d528012be6d7def6e7bc20,1,5,4
a6cbdf5ace75b2a9e73a68a9a478060e,4,5,1
9645ec392b0691767c5d0e2fabca23d7,5,4,1
9b9ea4df4ca67f5e1e7867b56944dd55,4,5,1
061c593a0c8fd1b92c2abc7c1a87b329,4,4,0
77f0f62ff8a59620532b7f2ef9065e17,5,4,1
bca438a94b0b58bd0f7a15666e522042,4,5,1
09744659d8e64274cf91bb288d9c3aec,5,1,4
9ff4440ee0d71eac7b46592220856401,5,5,0
9f1d5df23613cd18005adb56a0a67feb,5,5,0
3dbc128d5a3af3b8a2560a67f42ff442,2,5,3
5be61c2985384bfd881d4463c25ee652,5,4,1
bd40646e66e4d98108aeb536cb58799b,5,5,0
975314569c698f3bd86f7f7013f19acf,3,1,2
4759b488dfc55eb259b216bb6d93ce48,5,5,0
d8448e657de2d4181e64b8fcf0506e9f,5,5,0
9845d84225d361cb655d4963c6aeaa87,5,5,0
82962a8abf46b030308d707aff1a7f35,5,5,0
068d6b1cc2388cb0c5dcff8815760818,5,4,1
cf851a3ce6ce940823fdfb5b0a8eb337,3,4,1
46bdec7cc92d926500bee756ee1df6dc,1,5,4
4548b28532019ff74082bf5b5ab11410,5,4,1
c8213e60d923c834447d410caab1898d,3,1,2
0b3ca8c9e3b3199306adb467fcd0e982,5,4,1
107dc783817b4509bdbe7e66998f5a24,5,3,2
a2908f88f2dcd20c02cca686aa5debda,4,5,1
a1e4076fddd5b3b4516b727655e5b643,5,4,1
19d18829a26fa8fcf9fa728de1112893,5,3,2
6ffc78c9003aa616f58b4de610bcce29,1,5,4
9350d73de3cd100398a33f60fb84f46f,5,5,0
26a232627994b0bdd4a4975bedde0e63,5,5,0
0b2a86ad4de68092f2026ba5cdccc64e,5,1,4
d35c1cd70132b8215cbe4c943537d139,5,5,0
abd14b94d3155471e77c723d055edab5,5,3,2
84f58fa486ce5cc8fcc701d211e80749,2,1,1
7ac220abf3a320355ee2493db7555d03,3,1,2
5f894487d02d8bb83733db91af8ce4f0,4,3,1
82f4c933483d577ca9f00f49b1203155,1,5,4
9a782f23eb6da2242a6a594ddaf8bbd9,1,5,4
5155cd41b25ed06d61986aeec0677c59,5,5,0
5a1162244090096d45dbdd8c9037a720,5,4,1
a6f7597815271fe59f9c00b31e6d322a,5,3,2
c0902caa9df6e499f3aa6d5acb55f6c5,1,4,3
cf5f9668e80998cdc237f43f27857570,5,5,0
b898480abf81ccc16670a2642a0f3173,5,4,1
bfb517ecdbd8ef8716f682931140acb0,5,5,0
f50b9192b9705d537f9593b595da132f,1,5,4
b6bb5d08beeff5a09c5af18ebca9f072,4,2,2
59690ecbdac87cae29f8959cc4233c47,3,3,0
e3e62e0e951111bfe905b90ad456e0ed,1,5,4
5bb20a1f6eecf52b15642965e33b6dde,4,5,1
5be6e25a039543ec0588ea864fec282f,1,5,4
1d6960313e1efe2dbdc3ce9efc796024,3,4,1
994c71d451ee0dd361119399d7ade19a,5,1,4
1c07c0999a3f88b8c1b95e9a07cf5564,5,5,0
48d91da7c9395c02b5d9e02dd9b8c278,5,3,2
57d0f29d2d770802ab8e393778fc9052,5,1,4
7073be83c3247747c26a69d5a689edbf,5,5,0
bd47f29a1a6ede24f9dd4d5ca6027dd4,4,4,0
445cd794c7ff61866803ea314dabe645,5,5,0
d757eef533ce8e541e4bfbf66b692ec9,5,1,4
cdd61af8ec58bfe7f1fe17f86bf64a28,5,4,1
344b231153370562595043fd9747b922,5,4,1
5b67d5593db6802b11d266e3c4d0e0b1,5,5,0
b0fd41f0de4534ebb1756c04ea181aab,4,4,0
74d91d0ed661cdf6683637341c196645,5,5,0
c08918f04f354ae73e08676fd16d5527,1,5,4
9d022e549f07ff2c4cfc5401f252f59d,5,4,1
665c6b8e3c77888e2a0c9b64ad905155,5,5,0
afc68d1f35e9dfe8220c9b9e27647065,5,3,2
9667c332775e4590e952d1ed2b4b5983,5,1,4
3139d2c500d282f1549eb3c6e7723985,5,4,1
b4d7995506859f96187970c8275ee66c,5,1,4
43fe8de87e65010ff44d19a21207029d,5,5,0
37754393d4f73d9ef01dc61d6bac379b,5,4,1
b56bcbb57a9be94114e2dfb18399193e,4,4,0
8f858c47e49820f3f6c7a8bf4d68d490,1,3,2
52a2359e51fb8624aed7515a20a1494a,4,4,0
e5f6bd268d4bd846621e1c3d99729d13,4,1,3
88503051b9833f27c9492939bcfe2a6a,5,5,0
6974b0dd5a23c544aa4e67c7fd711ca2,5,5,0
1c7c35deaf3a1639e247ce03babdfded,5,5,0
b4422eb7a5a5d3ec5f0b8fbfb75f5184,4,5,1
c8e2288c4eab2cbafdf32fbde78f5a0e,5,1,4
6ac314f1970b39cf3b7760803caf3c23,5,4,1
a409968a19f09aaa2d44cebcef64ff53,5,4,1
b67ec1ba150cc097d3ab518272e6cf3f,1,5,4
d4361586dbdf3e45c6de2faac0714711,5,1,4
d70a8dce003d1e26d1d5003bb5839892,5,5,0
38dd491abd1019ce526c43c8145e2f4c,5,5,0
44d266dec578366b923e9b3a636c8311,5,5,0
e1320973675a5fc37fab54cb22c582ab,1,5,4
0b8a99d7c60d2f4d09e094e974261cb2,5,4,1
3be95134673694dafe888962e636f0ce,5,5,0
fa4e67c2fc9315f348f252ab6490b03c,4,4,0
b17db006a1076de65b757bf690c24d16,5,3,2
63a1e75d65a3dcb40d5f452a248e9680,5,5,0
bef797897a2dddfbb08f9dff9c5ef7b7,5,5,0
cfe7f525524a8cd367ada41bddf72f11,5,4,1
95781e5f0d6c976b1d32e609be9c4acb,1,1,0
45e64bfe511bd5e24d56e200e29631b7,5,5,0
7c6a24cab7128145feb51412987798c6,5,5,0
51bd890febd880cb94d9051fd28f289e,5,5,0
ece7d51cf8bb9392bbef9c077bc32e62,1,2,1
b47e99738e09a5fbc57553b59ad7380c,5,1,4
de024dbeed2d5b118cd0c1bebd0945e5,5,4,1
a58298b548a97e743824ca6c1dcb6b95,4,1,3
c892dec5d74e3ba28920ec30498fd00f,5,4,1
cba44aa41766f6210b875f576a4241e4,5,4,1
214e3e63d08a54a0670daa8ce72df870,5,1,4
7a40bb8803549af172ca4403ff436229,1,5,4
119da8fe76c893e189ee759f82bbc8d6,2,2,0
ac89e7344d2cb5597d862e338301ef8d,2,3,1
f9d6e36d6c09ef9acae870b642100f11,5,4,1
907d60e687ca48a571844a50f21ac995,5,4,1
138f041df3644d9ad82f50c67b7bb304,5,5,0
c0bcb62c1eb5956ed1d7cd6a8c80ed47,4,5,1
7c48bb55e8e4f7e56d412e9653db37bc,5,5,0
5c2b36b8e747abcc27f2d9ab379ed334,5,3,2
d55ebcbe4bbcf9c842471f10b1b82f1a,4,5,1
fdf50a1f4038ef295b3074224fba8076,5,3,2
b1873e7f1c0220c132db2642ecf2bf1b,5,1,4
27314dd49dbc0ad19247637e181e7300,5,5,0
dbe7501db7b1a43b25c86915eaff1112,4,1,3
ad77addff836770adc988cb6b4b1d529,5,2,3
a93cc6a86a64ca1f201b78f981adbc25,4,5,1
8f5244306f56f64511c6d8b6a7064716,5,5,0
9f18c993eae62038ac5401de4f757054,1,1,0
22e36c3e04ec75fdbe5ba6540fe0e649,1,5,4
d1f9a1aec23787e664aa0ccd55fe2fd3,5,3,2
ff4016a97eee56d25f0e97b360d5eefe,5,4,1
abe67a843827a36b5f5c1b9e141b5531,5,4,1
9bf540995c670b022602a2f2e05249be,5,5,0
f656da44d1ac2f2be9875b2cc4ce7a94,5,5,0
e9b7d628e6897f747062f1e7236cf4e4,5,5,0
4fb3509d3efabb076843cd252a3e5562,5,5,0
a5edec799559e5ad6a1afa8ad782a771,5,5,0
9902c4cfc248909d6edb216912e16ef0,3,5,2
8eabb0219281482f84013cbc8a4e5364,4,5,1
837fcf1495a7c0bdacbf9ef5a901fb03,5,4,1
6b4383f4e80b98f77c7f02262603cf9d,5,4,1
96cc8c42014ddb42a775da9a45ae3f76,5,4,1
c6b91873827689f33c1a45cd4bccd049,5,5,0
7b57eaf2caa8c4844ecceaca731c93fe,4,4,0
a101dc8c16d9f1b0217313ca346231c1,5,5,0
a08da8f76f26fa82d1f0b71dc96088f0,5,3,2
96d921e9bfe801df7426999a566a8aeb,4,5,1
10b063d9a52993cc25ea7fe15c9334de,5,4,1
632203abfe718597f34e8d7ed449b4cb,4,5,1
5e92e0bff46e7409b95d52942bf0f2a8,5,5,0
598e3e1a06cd6e5aa4779c6d4c11e11a,5,5,0
b9a505c23bb00c07421e4ef2c9381e5b,4,4,0
77d66e0dd1fb22e462b621cdc2da1192,5,1,4
2e030421b0b918820fd7afaf06c61874,5,5,0
a8ea05fd33c920bdb1add488f8ef7f9c,5,5,0
7a569ceb9d89c45df6bd1d2569ec061e,1,5,4
4aca787fd52bf4435536ed117d9ef3b5,5,1,4
56fe61b71a31aec95c794f860ede4ab8,5,4,1
3bc06a67986e230a7bf2f3f8cf2aaa2b,5,5,0
f34dccb2f8c19c2bdbfb8a041af62ed6,5,5,0
c4a75a6df3e234dd684c7a6dd7e7b1ac,5,1,4
ac17381858c4d8a612eb5a12659134af,4,4,0
8c802dd7e15769c1bb543be2b54ac9d4,5,5,0
e7f861ca5d9143d8e586bd85b1aa5bdf,5,5,0
f5c1da9aba0b0b41ec20f6771bfd060a,5,5,0
b016e83fc2a89900d779cb964fe867fd,3,1,2
2d1442daed29bb41ee9c31649d1b76ac,5,5,0
00ba57ae98928df6ba6ec9d3d8d4b1b7,5,1,4
d35703faec55cda0ceeb4f50a4d584ae,3,5,2
28291626a693f9b9c43762c8e33aed2b,4,4,0
72350c18f769b53bf1ae2519359092e5,4,4,0
7811343e37a3cbe3fd4755f1a448c765,5,1,4
febdd8913edff4946861c4fb4e191828,5,4,1
826eeb58a3803a831408e5f3e5cb3849,4,5,1
cdeb08f89f720090a01797f553cc8fcc,1,5,4
0b1c59b14d8f5965dea7bc2db28a34ee,5,5,0
85c6b7c4a9bd682b29898b2ebbcf2e4d,4,4,0
1b4f6e77a7bfc8aaecb66219bac6b9eb,3,4,1
fee6682c7a195d411531745fdcd4d1db,3,5,2
3184e33bc8b2623e78f578e0f644ff69,4,3,1
638c0b485b0d53ae317d2848475b0a6c,5,4,1
7e9c655f89ac314e5a2d5fe87c63df1d,5,5,0
6d44b31ace9597cb17ddf0de40a6ea51,4,5,1
21acd87ab0e70951d2aa3b0cd6445c69,5,5,0
455dbd3c7fa4666ddb7b723bbdd09076,5,3,2
3d356b012ee1e4e469b7b56910afdb6e,5,4,1
55145ed5b3a494a64bc8a013c511191e,5,4,1
e38ff07f7864e8fd4fd51687cba79d89,2,3,1
a236ae70310b60403c3adac81f96d5e6,5,4,1
50ef0803caecc37cffe206f09dbc70b3,5,1,4
f1fd5b5e0656641dadc6c541b14e565a,4,1,3
c3a001021826ddfe86b5a2d7ef464308,5,2,3
f16aa03fddf358ebc2203c03a5ba1d48,5,5,0
b3d71a2000f053668c1baac73b5fe4d7,3,1,2
04492e6b1fcee5317506f927e0e89eb2,4,5,1
5f2aaf089bdf0d14f2357066f139c2a4,1,4,3
fe64eabd5c2ee60296c45eba2835b9ef,5,4,1
5bf19c7e8991698d4f0f3430da7e57a6,5,5,0
feef55e09c84e8cb17cc8ccd1b05f5ec,4,5,1
2ae74f27a662e60bf2efb26a4b8d81fd,1,1,0
2be45f506aff5e82c64c2b808fe8a93e,5,5,0
bcf932ed1d1f89a66891f8c5b22c5d20,4,5,1
379c468e2dc90ec7cd68bacf13ecca13,5,5,0
5a39ba43f671c9ad40782147ec3a1997,5,1,4
429a6c4124bbd33e2d57830062724194,5,2,3
cd9aa6fcc68d8352f12d7ca709c294f5,3,5,2
431c1624aae277e9a8c7182403019df3,4,4,0
c027f3c5515fef73b9212d8381c33b25,5,5,0
9917a4ec1326b36d3ed615c06c839870,4,5,1
b4c317bb5f8fb237f37171f190e8d332,4,3,1
c32fc9ccb03292ac2e7a2c2f027394ff,4,2,2
1636b85eb28fe7afdeedc55ec96536cd,5,4,1
3c6c4d8395cd1b0c68ffa02fa1446367,3,4,1
945b63b1a39c18a01b5c023ac4abddbc,4,1,3
619c0d7bb827c1798108381f047b32e3,5,1,4
438d4df3e56a6ca1618791c7cd1588aa,4,5,1
f86264f3909d2925f91a81b8a105e0cd,4,5,1
d7a4dd36126c5376d72caabe9d482682,5,5,0
5b33495590a02d7e9ce6fbdc52f143d9,1,5,4
7d42eb0f5a0a60cb5b96a044a3fb4668,4,5,1
df66e94131ba6d4c45c7b0f75680d29b,5,4,1
e46feda6e61a3f6fbfb0b230faba9640,5,4,1
2e167a5acbb1c31fd50faac2ac3986d4,3,1,2
db7698489d1a82bb9b7d8220eae5f708,5,4,1
1ad631eef80afb67f53ed0b9083846e7,5,2,3
901a84df9454849d20d02683117105ac,4,1,3
2ad713541542172502b2d22dbbe47de0,5,1,4
6a5f34bb72296c7b4f4a68b6d742d390,5,5,0
7ecf895a86816395ae333859b2c7bd7c,5,5,0
1a549ed2db2a9933e6c9a780064db2d9,5,1,4
187a17302afec3ad360e610e19e455cc,5,4,1
0f63563be96b463e62d59a8d51ef5d3d,5,5,0
168823ad1b77477540db78ab357f18b5,1,1,0
9fb81511dfc1d6959ed1052930efd8a6,1,5,4
b357c263e1f33cd68e28110443a2d2ea,1,5,4
31c9a3f10eb368b62e102608adbec724,1,5,4
cda58baf4fa440869e819a444c1a65cd,2,1,1
4f2fa4f9710bf00b09c28ac555393d2a,5,3,2
d234f846aac643047caabb1171030524,5,5,0
51bfdb83aacf1064814782f7109c6365,5,5,0
3c3757e099924a1ef846889be651f146,5,5,0
090c6fd239a12ac8f6a825897ee15d6d,5,1,4
4f0b7853ed43ab1a2dbc32c3c2b17da2,5,1,4
c3541701eba57c21eb83f35f6eb1094b,5,5,0
e918a18483ed36b716b6fbc8cf570e83,5,4,1
977864c01ce46bb65d6e13a345804645,5,5,0
1daef9cebfe701d5500c5ce43a271165,5,4,1
1fc71eb4a30dced088d988c57e751078,5,5,0
f2d47fbf55381cc42d5a3a8afc7f060a,5,5,0
7f86cca3de139cdba174aa276ec11612,4,5,1
35917730026d50562c5945c14f98318a,4,4,0
3b70c696a802c8faa368856e6d6309e3,4,5,1
7d5f9657103294db1e017f49a5e06c50,2,3,1
2dc5825eb69b865a9c9b8fbfa69c340d,5,5,0
1525ae17b338cdbe83eafba4135425d8,5,1,4
92ea4e83a1cbd42cfc62e113b8a00797,5,4,1
70ebb67db2439278b553ac34549b715d,5,5,0
fa752aebeda0a3f9a2626bc507550c3f,4,1,3
7bc26962535d2a6a7f34041908736df5,4,5,1
cc9760bf7b5d5b74c4d1eb1ab6405b50,1,2,1
2846eb8607ac61c072c49f8c3d928691,5,4,1
1889186724ca4001eccd1dab24cae9bf,4,5,1
7eb822b8c02d5ca36317ccbc83e3fe89,4,1,3
af7b1f7080ed76cd6d266c0ce5a13044,1,5,4
7b516384a257b86ecff5692da89c20e0,5,5,0
dc4cfa94b80bd43118f48eea2ddc0151,5,4,1
5cc512157c6670b00ba7bc623fb9ec23,5,4,1
1940003dc4662f79dd29e9070a02a7a7,4,5,1
bdea5bf2b68897e7d1b45eb51db0f18b,4,5,1
34ce0ca85ae4e7d8cad0c61a10236321,4,5,1
cc0d2c0ee3e33e3492e690fb44e1c11f,5,5,0
2dd47667ab3bec7cff8e8a49bad5224d,5,5,0
9ff3f5e7cee88825b32940649a3a2162,5,3,2
1c7a2b989035d96cd218d9b9f352c098,3,1,2
798a8105c87bcc1f35bc710d5b31278f,4,1,3
3fc2e32bfc88b2bf0e9d7437503d82dd,5,5,0
bb645512c737c47f7bb875b67153b3f4,5,1,4
bf0d67707bc87fa3fe2cf74a1c2c693f,5,1,4
b1a6e1094db81b9b6f4b80a40fec524f,5,1,4
3cd7db83ec0d0241ff01cd50c1571acb,5,5,0
4faebdf74e934f7b66d8da301d77d774,4,4,0
48db59db0fa80043cb67ca9990c96b4b,3,4,1
7c1336779536fdd545a35df012e0ed5e,5,5,0
61c724e40941762318a52917a4acc55c,1,5,4
df89b9f16503a80016dd955b0929ee3a,5,4,1
bc2130ff9dfd738fb36f7f0e8cee8f0c,1,5,4
56f1d06ce4c0cf8a60c9d1af768f39de,2,4,2
92feb19a2b63573984951463f3c2935d,5,5,0
719c1d51ad40a458c511ebcfcdd0ebda,5,1,4
355b4e6204fe47b46901e1c030255e77,5,1,4
98c5e6736c22f74ce441cfa7b457016d,5,5,0
9acd35e199ceebf9f6fcf287fcc96050,4,4,0
8be0775a20e013586ff9da7cef067d7b,5,5,0
b46846b45a07d12a5553a67d4320ba61,5,5,0
73c9b460f4a439f8c11b6f6fa0560d1f,4,5,1
16531229b848e54d09da87453688db0d,5,5,0
8840abe0158f5b148bae2172f8c24423,4,5,1
96cf7ecd8c676d61be261ffdda90b008,5,5,0
a5e8bd40b3d57b6a26a1e79bafcae9ea,4,4,0
293e34b72465ae7478f59d4d0b3e58ba,4,5,1
2dce4900da65c78bfeb7b56efa0dd59e,3,5,2
5e5f65b0204e38a3cfa1ef11f4fae391,5,5,0
d1450bdadbdc63d63930446c31eb91e2,5,4,1
7c92284adbec8033d160303d83065dbf,3,1,2
ce385b0dc002b5dc50eb3e5faf0350b2,4,5,1
d8193633632c69edb143c6f25250fbc9,5,5,0
38d5ef6462d5c0929ea356606f4e58bf,5,1,4
9a3682ac52b77c26f1d7a700b59ed9f7,4,1,3
504a512b08ad37f84e4d9b8de998f821,5,5,0
3b8e6e47439c0aa25ddb6cbfc6dc8ddb,4,5,1
029b1d3a355dec12cfed60927f076a9d,4,1,3
60b38cffd151d75929529eb6fe8e6704,5,5,0
5ff137f6691adb19932f45cced2cdc80,5,4,1
79265dc37c62974d65c0675a5501e127,4,5,1
7c20de54af91549df98fd6926d781144,3,5,2
845a50530bb296929ceef779acdc52aa,5,5,0
eb2a4cb05eada646f0b3fecc33a89f7e,5,4,1
6b9e63bef69dd3bfae0ca6dcea8deed6,5,5,0
f643bf772d9eb92c22d0a6520d5791fb,4,5,1
89a7352733b3aeb0fc18bb034b52cc5d,5,5,0
b58613b6198d11176ee50ef1d433bfbd,5,5,0
c7517b3306b2a226bce545f9716dd360,5,5,0
2e9ac33fbda5666e258ed040a2def5d6,3,5,2
b61196a9915235f4020fa1186580c99d,5,3,2
81fffc4a57c371d20f822517c9e4f9ae,5,3,2
38af22d4eecd88f7cbeab4a7a8fde9ca,5,5,0
5af5569e61eae15d683a20b707882e60,5,1,4
5bfce111a3fc0a622ab552626165ab2f,3,1,2
3823f120a83e20af66f49d377207bbeb,3,5,2
16f1d9edf9452dd60d94733527624571,5,3,2
e8253edb8afd8c06fed540435eac942d,5,3,2
e6fc4ea08434b40ac98a0cb284e5a8eb,4,5,1
4e4aa299535ead6fe63a779d539c493d,1,3,2
17220c71a949903772f1ed32292ee69f,2,4,2
330ef0a4fda3b673b429290366ce32ca,5,4,1
dc3400f2dd273de43a390ec373f09efb,5,4,1
a04d5b77845f10a45576f115ac7a9c0d,5,3,2
f661f51c758806f369cc3c485ff6e936,5,5,0
cd201e0f6a37139084fa4f76f87e684d,5,1,4
88070a99472bf32fc96e605f816679b0,4,1,3
9ac5d8f3cc22c272de0146a5cc273fe3,4,1,3
0d07bd4924272608e7804bd91993ba33,1,4,3
8d58703c7926bd13b718863681e60e42,5,5,0
d9842672b8cb5ecfbbd067d497f8958e,5,5,0
f2a368e50c1c94d8f9545b80031f0e7a,4,4,0
4e7d9b3083e78f30d7534bd2fc1c5f2d,5,1,4
d91313a0c0af07ea76d8eb89ed780b61,4,5,1
a37899c3ad27b6026ecbd566651bdb46,5,5,0
c6c96aae858cf470816e5080de363e47,5,5,0
2c287808b2feef34a4a25e5337bb08e1,4,5,1
4091d93f24146cb228adc17dad467e8f,5,4,1
4ada6d6dfed2a3a67e95d23f336ae96b,3,5,2
7ca4d763a39831d8ba826af943d73ef2,5,5,0
a57ec1ab15e32bbd96dc388716a9193d,3,3,0
02fc75303e2529f036cb819168fa21a0,5,4,1
7701ecd93e987006334fba168c936f20,2,1,1
07294ed0ece67bb004a4813c77dfc3e3,5,3,2
22f94104a2c1ac2af08122839aa708b2,1,5,4
1200ed0c118de7e4524b65918a42c990,5,5,0
f7699c5eaa4b797013ef7a7e48cf42b7,5,4,1
274f33c3b4d5612a37e3a223a2d9bc5a,5,1,4
84630355d3f0a8006b528d597b29e854,5,1,4
1b68cfcb862b5d454c4812021edbe3b4,5,5,0
5b514a1a40e8cd51a1f35c2df28da032,5,5,0
ef817249ab50122bb09c57770019b1a7,3,1,2
99a3d4b1228bc02abf9eec5d9a7a742d,5,5,0
add9b8e58a85333ecd17897517ceda1b,5,5,0
5c41c8b1cb46ca2a7fdd390e960d9ade,5,5,0
6c37a73c622940bb9dee7b76f6d4058d,4,3,1
d4ed3d242ba3c0082668360172454c65,5,5,0
89a854a74c3f34399207674b686299b0,5,4,1
8ad3f1d0f96992e43566c4c82c9f6c58,5,4,1
6963678ab394ef16d2dbed6ee6d07c44,5,1,4
c7c3e79f06b8145a28173b23f581f84f,3,4,1
43ebc8e1bcfbbd54e735d48bef113b82,4,4,0
386566ace975071b7888fe4ef940d582,5,4,1
a9cd27fff067ca1c5289e063ba082022,5,5,0
b7eb76cd1ae26b1860fbfa21b819b4e1,5,1,4
9fcad2458d10ff81bb03d63253ac603d,5,1,4
5c12fa0af04c822b40b15db1dda45745,1,5,4
86f67a35fe1b268a04dab03c7cbdb333,4,4,0
7caa2aaed7e9a56d1bc1004eb7d296e5,5,5,0
19b937e69325e082324396a05313613b,4,5,1
0cf00d58f941ec9b27dc839a9c6e91e4,5,5,0
c225a1d1e67247ee404d56643c5b11ad,3,1,2
f9144beb4a52ad3ca5337e1f9409a3f4,5,4,1
33bc4c72007ae1b6043cdbe5cf1bdd0e,5,5,0
c85e13fa13301ec2cb996db10353e737,4,1,3
0b4d60b8c7aa289e337094f0fb7ec296,2,1,1
8c0dd54ff6a273a02de12494c6bf299f,5,5,0
f6d2ef1c523b008dac3d61be3e511a4f,5,5,0
066a60f7b0700a942ba22b627ebff13b,4,5,1
ec6323fa839b3c031b3bd782ddc15d6b,5,5,0
7663c1a8c96ea5b2f5a3554241ce9711,4,5,1
246840373d06acdce224acc218f73c66,5,5,0
fce15c105dfcd0ab5e6cc03e4b026167,4,4,0
5b57194733d4f66438a34574e9055b32,1,5,4
35d2e9d7381058ab6ecbb845bb1dec37,5,5,0
6893249ce4e1c005d32eaf13b7bde6eb,5,1,4
f16558dfebe7951628f0f25e6155dcb6,1,5,4
817bba98b2dc8942fccbdaf7cd5c63b1,5,5,0
18c9ffd31feb9e895c186827f10f53bf,5,5,0
0691511b757c6190f85d5c20481ddae1,4,5,1
1494db03a5c6e6ed463866c7e1171104,4,4,0
ee55499a08fd5913d6231b4702964354,5,1,4
4cdae837c07c681dc80adebc6ee90b99,1,5,4
d191ac7a9642a12d39419f26f43f800c,5,5,0
3e93213bb8fdda91186b4018b2fe0030,5,4,1
95e6954a7dcbdd1a6efe5fd1ce397ba0,5,5,0
969fdc39db9756c2248743d1471f96f5,5,1,4
364aedfbbc0fa797cdee61d4dc4d2dcb,5,1,4
c3c98f80459f075de43e0645f41be709,3,3,0
0b5588f04551d90ee148462bb65dfddf,3,5,2
5985847295d7e0472fe475cbc0672ee7,4,4,0
9e26e5f7edbbcd4d5bd3b19c4b20437c,5,5,0
af8f5e473ef8dd20e4357b3bddf1accd,4,5,1
6f11c30244bc873b633797dd9ea4fced,5,5,0
f62a8a01fbe9e10c2c6d6e66e828f399,4,5,1
db74facc22b984a0e9f3fedac9196d9d,5,5,0
88e2adba13194300be8cfaeee4512133,5,5,0
f4788173ecaa859073b6d2c4a35da40f,1,3,2
22ee2aa8eabfe51f0ed9d8b92824cd53,5,1,4
c4ae7b6961af19604f1a9d8313f5a4c0,5,5,0
da05f479ab5c7e23b066a396865bbfd7,5,4,1
0170e40334131d971605ae70efb33e4f,5,3,2
1349d7f4ec671ded42f2360828965692,5,1,4
dabf944b5665812f782733657428f68b,1,1,0
31932da1b041c8391eb82c14213e73fb,5,3,2
0b3348cfaae0bca40b23a36b64c7b941,5,3,2
2b0991a89bd6f0e75a51275d3d1dfe71,5,1,4
b987bb067d534c991de69cf0c67e9188,5,5,0
5ded8a3706eabd813685534724f066de,1,4,3
2d96648ebbad7ad9cfc40c4c9c820f92,5,1,4
9fc6faedaf0973bdddea7d2672e71923,4,5,1
c992f37682e64f4ac2ec63136c54369d,5,5,0
60b4528b577937165a412ba177de3606,5,5,0
1c036a86b23c31b9383c1e6f67a94652,2,5,3
78ed8bc9a17147a0c51493edd0d1cf70,5,5,0
97bf8b75ec5d43d2959e1bcc0c9b1fce,3,5,2
d42ba61a59ac7b2af476d42dbe16f68e,3,5,2
f696d20b36a94c22477593f82ed4217d,5,5,0
13c4b2056317a73b1c143edc8cf0219e,5,3,2
220b5fbfd28bbffc942d3c77f7ddb50c,5,5,0
dcb29bfbbef4b1df25a15c4e182e8dd4,5,1,4
89873d5ab718995335d753f97430fab5,5,5,0
ef91935d3286023b33bb5020a3b26998,5,4,1
bdf6784b56b3ef6aee2c4a042e095f62,5,1,4
224417719168eaea9497efd016f3bd43,1,3,2
912a3bbff3a8f1111bad251a57063042,5,4,1
a84a154c67bdaf74f92aa059d7f84025,4,5,1
a2a1ed735f0637ffdecf88eefa01399d,4,4,0
8a16ff3cd34e92ae56b0bdcb66dc56e3,5,5,0
811fb2c7e16f59a332b36c2c87798007,5,4,1
3958b17a88c13dfb60674b04bc79168c,5,5,0
39f59663a51684e7a63cb122f615af62,4,4,0
4233067932385b2d8b301e18e1b75958,4,5,1
b67b6f2b2675c892382cac4ba30ef88d,3,4,1
0893ae2dd572c400965d60fa77f45076,5,5,0
c2ed9a4ca7d4dca13950ec7e2505eada,5,1,4
70c21c50383160e57e3c3de7d4c43d7d,5,3,2
a8bb77ab67213461d5c632d41df4fafd,5,4,1
8c2189f32103647dde2d19e9045c2a76,3,1,2
542ed9dd96bd38be14a8dfa8abc13065,5,5,0
bf912d30c6bc748c24a568e024cf1ec4,5,5,0
c85617bff1ff615fb850f55304688d60,5,5,0
64e8072af36708bc51f7aa18eed8ea34,5,1,4
66ece7c73f4550ac89c08ffa53e85dc2,5,5,0
84cf671bc3869df812c782309ef46a8d,4,4,0
0068fb0e223115e911d362627e8b8800,5,4,1
54a05520cf3e089ebf5dd8575f9ac38a,5,3,2
4856100f6860747b156ecf6405386b7b,4,5,1
3fe47ae1928a1f0f0dd7e456c400da7b,5,4,1
632b475328739ec1fe116b5043c908f3,5,4,1
feb54f14f6bd742a2bbdd1d46a5ff7ce,5,3,2
3ab3084e2fd91af8e021237e7bf08cac,5,5,0
a74fafc20413a7a0f1035a1b9d22d687,5,4,1
784389cee609eccd4f055e1eb8544285,5,5,0
640733ad0bfd6eb8b4fa7c5a66188380,5,5,0
f84df8c0d5dd2861dd4b0939c1a9fc27,5,1,4
b2c44ea2cec62e4994c10e8e84c266c5,5,4,1
312ca70771f7faab638a5aefeaaea172,2,4,2
86fcbf423e68c5591504fd1bae22ca11,5,5,0
878a8c40acad392fb20b6c462b10cb42,5,5,0
40a81260704fba482a19cddbe37f3ca7,3,4,1
62468ec3bde7ad016b389b68516dceb1,3,5,2
f76b26cd77226ba5e1e3c800cf1e6ff2,5,5,0
74d300a40f14d9bb630e966dad89198f,5,1,4
bb30c3299c36702316a4207b8acae69b,5,3,2
61d54e16685b5da6db2e220e6588c376,5,5,0
484ab8a13180429b94330c723289a4f2,4,5,1
c2fb2be28249222077a2d3b586195433,1,4,3
5bcde4ca8f0878aab60dc18cc310fa4d,5,5,0
cf4ca07fc7743be3281b694f321007bb,5,4,1
13753a4e6ae3b0201fb95003db4af823,5,5,0
4e3ff55c4839ead2cfc1fbd7895c3b20,3,5,2
bedff73fa5a137527ba9314cac93b7b3,3,5,2
360d1b0085f85a626f77b5fe558e8ae8,4,5,1
06ba77893723a9357f7e681bf336fb2c,5,4,1
1eea3e040d4f470f07e0082d69552ca3,5,5,0
e0392865844b1934818565a516cf8bdb,5,4,1
c3297de5d87bdb1364601547517e83b0,5,4,1
6da26425f18bd6e1d4be0e8be50162a3,5,3,2
04f1f7895e1f86444c5965be2d773cb3,4,5,1
856d0618b7c959da87efc85a6c68c463,5,3,2
426f2f3ccc70efae7805f823a379f18e,5,5,0
19e9072a16886c91fdd5127eb6ffaa6d,5,5,0
ee08d8ee1e91201837b8d764336db291,3,3,0
db103a5891ce37dbf3a84d9273f55dbe,5,5,0
363f8154ce0860b9c0c5a4c09e9f619c,5,5,0
9a7dc0f1de6be37b24d30c88398ff4cb,4,5,1
60b570df9018c6b6441017314a2dd081,4,1,3
df7beb79297f04677c62ceae377ba8b2,1,5,4
ec7cf5f129c87b44a31239380516ae8c,5,5,0
a60e21c021af3e8b42bf68b8683800ac,5,4,1
ae86d34df00588adb32b46f5019f7516,5,5,0
aa21334313579b3bf1d6e8a10de215af,4,5,1
36d80fa68ee43c6ee60518067a8d667b,4,4,0
2fe72d522af94b1264d79a8e6e41f933,5,5,0
3502e8bea8fdd4b3d742891e1a1b8d90,5,2,3
dae91c4dced184f9ead8277e600b44a2,4,1,3
230429e6f253f9cd6561aad72ce7ee2f,5,5,0
715b8576b74d53796bcbb107a201eb55,5,3,2
6192897f85cb2aff6dd1fca56fddb45e,1,5,4
a8f53fb2d23aa53494da639eaed2c172,5,4,1
7bf010be3a0b710cdefe0091b13ddc6f,5,5,0
89165e6d4c28047da0adf13ac8b3e1b3,5,5,0
6325af88a0611fc357055cb87dcec11e,1,4,3
60864257be0835f1fc4225706a92cc00,5,1,4
1d27a36f2b45a61e1fe2523a056c3561,5,4,1
38934582b8eedc324fe26767c76fb63f,4,5,1
506db8171cf7d01f666e52223eff7f34,5,5,0
8cb4c3b93d004ba346c01cbbc9cf5c73,5,1,4
18eff6d147d508df0b175851df5ab20f,5,1,4
fb49153a4f9a8b019b1a7a058ba8f3e7,5,1,4
41f619c5b2e315db16368518f5fd3405,5,5,0
da46439d7d06cf02cb44d0908ecc3575,5,5,0
3d6809371021cc510de4743748a1c235,5,5,0
eb7d3683f623a9aa24ed0e4fa4a84c2e,5,5,0
f32b1e3320d65b3c94140ffe559dda4f,4,4,0
167d27116a1c2e0290a505e98f352c3c,5,5,0
2c313debfbfb2b44f91ae0431823ccb4,5,5,0
effbc2be1e2eda5f0250adc2f307f346,5,1,4
1974ffc6d3d8f6e9d8f82fcffa4be2a5,5,5,0
8d9a3b767d2f523b2c1cdf4fd7806205,5,4,1
6cac20dcd1e9ad064b34d1148de9b9ca,5,1,4
3fde112fae2a4b90630f8832455a5dc7,5,5,0
455c3e2713829a42bd8d371c9c784d17,5,4,1
d3eea305452cf0bcad06beb48735dbd9,4,1,3
3b40ede283844ba0fbdd110f8a56792f,5,5,0
39a19ca7924c05b31bae58f41df9ebb5,5,5,0
45904bc2f27b4b3d71f27fc638080399,5,5,0
2ac76d681b26fb9a0bacc88b2e532430,3,1,2
78a56ea994a32c5627609c929276b3c0,4,4,0
dfe408de79271298c68699286c267169,4,5,1
3a1a92434eae60a4f44ad7ebef65c3e7,5,3,2
d32ec519c65a1661bb50020bda09194f,5,5,0
743a2890a6d3f095530d9de1966c7434,5,1,4
14bbe584b52d7f29efcd5d8b5553af3b,5,5,0
45cac4320420da8cf4dac44accae079a,5,3,2
6370f4288632ef7c6da3672d12f5ba40,5,4,1
4edf2392a7d2397850d5c53a1df11921,5,4,1
1a4514c5462bbdb806d15e6b241c7a70,5,1,4
e137acc00a73478b179ca50de0176bbb,1,3,2
8c8ebe7dc2f3642dbca41a627402b39d,4,5,1
27cce60fbd7767b0efb682ce2597e6d2,5,5,0
1e7e7546d7c254379fcbf4d36cc18589,3,1,2
4870f8be587a9e5643156fb4f22d02e2,5,3,2
116a4c72702bbc7b314c9ac7978e7b29,4,5,1
4fe4c496a13fb35dc73b330ccb988813,3,5,2
6c8a46db92b71607f9b4b53efe70b28e,5,5,0
e02e125437cc2226be342ae222e83a15,5,5,0
e5238e84a4c88c17a350b92645006c61,5,5,0
55bec4dbd259b205d1705c846cb8114f,5,4,1
90e4d4f7e2221bf7f81a4873e3161b96,5,5,0
818bd343c0073f9624ca1801fd39f4db,5,5,0
d10046876c7d9f01613da59ffa6cb07f,5,4,1
ad7ddb009f1bcd6c40cb1106471c292c,4,5,1
ada812c7806382c3085a5f5024bc17ca,4,1,3
3891ed2dfed1d43066ed7d9f188ad89e,5,4,1
bf2910ffd07baa17d7d2ce5a170da758,4,5,1
25f0e2e1bdd2acf4c251364f1f6b4c0d,5,5,0
de73bf52fe9c690e54d761233b780398,5,5,0
f524c4df3ee7f0438b6c7d5af91d4aef,4,4,0
88fe6c8d13fac8f0541f004562843994,5,5,0
b57ca1f22bdf63514677b6e584ffd542,5,5,0
10f69c462a2c700cf1b141b9874af717,5,5,0
473579cef3b75f7764b1b4e7cf650218,5,5,0
38148c3810e7b739572bd17e7345de0e,5,3,2
aff6ce4c3564b24d8ecfa5f9d9c62fb1,5,1,4
e9d8fe23d3a29a599625b57e5fd6766b,5,4,1
66565684fb831da6924e8cb4b0e1c2ae,3,5,2
c659935fdc19ef6b13aa33fb990a2f81,5,4,1
f23a4132d42810c7f591d372282ae3eb,3,5,2
ff130512369110d4190cde918edc039f,5,5,0
62c58d2be94d38380892b7e984d67bf1,5,5,0
fc325d6bae67acedec72848583cc6d27,5,1,4
de38b62136dcb5ff40d44d807c460a8a,5,5,0
49c4763845a16623e106403f1655c063,5,4,1
b88187e3e61e2aa58b398415c2d2d4cc,5,3,2
566c54af4e636ee14ef5e97398919a60,5,4,1
0d17115bd61c612a87f11a25e904f8fc,5,5,0
232efaeba12fd576e70a88f09d6583b6,5,1,4
192280704cc4c1f82086c55f0622f09b,4,4,0
6b6634917b74d4db4d32cf09754c061d,5,1,4
d303e3573610c562757a6703a7b0f933,5,4,1
70a1ce56d693a1a8142d48883989f08f,5,4,1
dead1e90233baca62101df8aaa1f2b66,5,1,4
1d95cf3b52cc2ad7084239c958274b5c,5,5,0
38eb06edd481856d589bd3beacced42e,4,5,1
13b194db506615d16a862e66b0a2f6e6,5,4,1
a74e83bef10070f30831ad61d579a408,5,5,0
8ec29b681fd22a8225b16acff79330a0,5,4,1
1f4714b1a377cfc36eafd36d2763881e,5,4,1
f23a721a16f4bf4439daf9d03ed9d1df,5,5,0
4de39e6ed70e6add419cd6560467478d,5,3,2
146ee0d0528dc62bebbd50fe53f2ec43,3,3,0
1dfe970583e8a1a09241aa32a815a5b4,2,1,1
b15ba0106a29a69e70c7041892543ba0,4,3,1
37e543508b869d9d46e5cb9eedc85cdb,5,5,0
cca0f2f13b67b19407e3300a249bd506,4,5,1
cb668af8e8de760052440b117748f7e6,5,4,1
8d644a85179a2e3720976b5ce7d8818b,5,5,0
9170186c3e28b22507dbc91c0da211ef,4,5,1
5471d5c0cbff5d04724a56e49cd4d308,5,5,0
a86beac32a9e23997ac3016ccbffe061,5,4,1
d16083ed35e57acd01a5ce52c16e5349,4,3,1
57cd49d9c9567c5ef10439c81f9a1836,5,5,0
42e548c44f26b8bd3f4d885fcb0d88a4,4,3,1
68b77ee56caee09a1bfcb38270c05173,5,5,0
162f8986e2cc7a5fca25fd4be685b98d,5,1,4
fb963833d4480071a9bb9979022ea6ad,5,5,0
a998ec4b6a17e44f5fc86f4d0c8d734b,5,5,0
fd2bcdc6e3cfe79cc7ee426bedb8d467,5,5,0
b76e1e63723d846f3382683973908122,5,5,0
77ef3216467887c78ddec18de86a58b9,5,5,0
aa8c424f10763cab5496c65e9e2a479d,5,1,4
a2b02026d2b1873d8e01ccfe3f8c62b0,5,5,0
a11ebb9e9f1a018eea99fe7105f2d897,5,3,2
044b08f176981f660b98a85c559ad57d,5,5,0
b0a7e2d798e5504e83715a7e5bed5fe8,4,1,3
879dd3373c7f9f0412d2ee301cdadbdb,5,4,1
a43d72884af5f964762b9070af86b567,5,1,4
48cfadf939f8bc6a5f3890799a9c62f5,5,5,0
fbf5670723916ebf3bd62b1e33ed3ea6,5,1,4
01b1800f51715ab76f67caf732206437,5,1,4
7bd04fdb3a54efa83cbf7320b1bb4b6f,1,5,4
bf1b064ac1b222c3d923f782e5ca8a04,5,3,2
c5de0e05fad9231797b6cf731d56f2bc,3,5,2
8ec0671b1fcacf329783aefb39813a64,5,1,4
e608a62334dc69f423bb65e0a232e064,5,1,4
d97ceab969b84967a5c136683ab0625e,5,1,4
d028d198f371aec5c0bbcadfc46c943c,5,4,1
6f781fbfaf95fb90fb59de9f72e78e5c,5,3,2
fc504e55e65297119164294412b4635a,5,3,2
b2234f06bf32380ac04b30c21561efba,5,1,4
d48eebefd9e752c709a4acef8c588a40,5,5,0
fdd5e4264311601ee93658c23d3a79be,4,1,3
466d522fb7208d4e9df25324ed81dd7c,5,3,2
a1e04dff9ea10fdbe31202f5794c9b65,5,5,0
51ac545e2425e1bf7496c4494bfadcfa,5,5,0
a10dfacbf1c8bc9c9e9591f60102bdef,1,1,0
9cded624277b5db2eff76d40cf10f66b,5,5,0
54a1ba9a8bb07a2013657c2a49ed05d9,5,5,0
209e55ebe1b6ee30b02a4c07d7fc0cc8,5,1,4
d82f458128cce1940c20471a5664179d,4,5,1
fb9e94685fede37314f883d0bb0c2561,5,5,0
52a0c9afd6d3a9c61af74ea1149c494e,5,5,0
be35daa57103f24cb540c6e7f3ca252c,4,4,0
701a22b8c16c09a0c9514c41dfbf28de,5,4,1
b16494d7fa3459ccef0a8afa71fc6116,4,4,0
0d536196878234ebc112ee9c2cd160fd,4,5,1
81935e523702224d87bc6b915f51649e,4,1,3
8fabd912f4e4dd0372ada8ca6633a738,5,2,3
ee2fac75aa66d8457b22c46fd08a47f3,5,5,0
037f4f91c8f5cd2a6ddd52a63d97fdcc,5,1,4
fe04ba63128dbb904de7246b76508d7f,5,4,1
5c4403d7ab65e1b28799e3697afd79d0,5,4,1
b75559e68bdb9a0a3526bb2995f093da,5,5,0
ef02b499ada182fc2a48dd525cb062c0,5,3,2
7150a9da273995bcf6c7c5beeb3e5c42,5,4,1
c2538621b0075c4349e5a100e773f9b5,5,5,0
2fb8e643288fc9fcf4b9178fb9d4f17e,5,4,1
b2e77af6e5d073304e896d1f140da964,5,5,0
fe0c59004b59a99b0240ce5facde84eb,5,4,1
e4992b3b826ff19edba39e9a4d9dae26,1,1,0
90855e99e15fa22aff68cdb4323b27c9,1,5,4
ff5afb773cc74f8424fc4e5c2f57570a,4,5,1
40237e91fbaa88e62cdc9397b2e3343a,4,1,3
70a988768d7dcafd6284577743090bb3,5,5,0
61bed2065e5b6ac35f5c04d33bf9d320,5,5,0
807af8ed74954311649aa47a52ff3061,5,4,1
2996b875517e6da5784bfd2ad30e41f3,5,1,4
ebcf66c1607001ac95cb9c83eeb8669b,5,5,0
b394c91714441e1146cc0091a94f99bd,3,4,1
cdaf4ca1fc6d2b2304d8224ea767038e,5,3,2
64b30be5c86952908e3b2ab4de5c7770,1,3,2
61c7ca53c85ddf347b33ff60118893c4,5,5,0
d6758be9876c16ad5edf45b268d91626,4,5,1
af249ad76f0a378300eb8de655b82166,5,5,0
d14da316939ad2245cd4bb898bc45a62,5,1,4
9d71ed3bdd31105ae9fff4690e74b78d,5,5,0
d2eb9999568d1bba9d671c53926039cc,5,5,0
9cd142b4697df74bb8f34fd7b5573a51,5,5,0
b3129a0debe3f118c75c249216364c82,5,4,1
4824fef8a9f66256c9eb0c7682363932,5,5,0
258078cb7df97d7f72229c81af3cae4e,5,1,4
31cad6ec7ac19b48d3eca43d624f6cfd,3,5,2
74e3bb00b7a683932b6fddb70716b39f,3,3,0
f6e2898af2dbe4582426003c31aedaf1,5,5,0
7bf262f298d3a3e62a691b4bcb82916d,5,1,4
a10055536fe311de2b76c8b7040cac85,5,1,4
f12927715bcaf69f662d9343c1b49b00,5,1,4
ae51637de4a4424c759ab8b2c4279310,3,5,2
a58d2e45e365fdb3ee3cdac17e1be44a,5,4,1
d3f0a3be5f46559c2cdae8e04d7e313d,1,5,4
2f83083c33a1f0bd8f5c9a4ac807ff0a,5,4,1
b51e7cbbbfa8be3170cd749bf5c8d2ba,5,1,4
f3513eec8f1434b5b7e04ddf3598df40,1,5,4
6d55fe3b32304e2b54494df5d44379e8,1,5,4
317fa0bbb4e4778148c67db78acaff49,5,5,0
df832acdcfc236969ab361d4597e6e0a,5,4,1
62ce4e3989a3477928510bb4d1064cc4,1,1,0
070fcffce3b0a655482d4f5f11607599,1,5,4
06b8cdbbc86d64ea69af76036c523827,5,1,4
d32f7844e64842d07dba6964b3494ada,5,5,0
135873f19ffdd8c0841b7e7b7c45220c,5,5,0
c96bee3fe3caeb224420da7bc815b0fe,1,1,0
54ac8f134227883330db3517a19b4b5c,1,1,0
01ae629e578b0eb0935ea1ce19c409f1,4,5,1
9a7d7672806f5cfd6bc9cbd5a060806f,1,5,4
c2eddb0c2651699e1839ee701627449f,1,5,4
6e9b3d5868d4efc61bfafde4d03c6ae2,4,5,1
da02757374a4765efdc08488ec40e778,1,3,2
0396488303af9f0a78feb9ffa7e48949,5,4,1
465a271ded1329037fb92a87a725c131,5,4,1
0c79ffcb0fed5ff297c2a68be02f4f8c,1,4,3
4cf09d9e5ebbe0f91ddd7bf9aae891cd,1,5,4
89ad9301604c76e365ba9b9db109bcaa,4,5,1
1e988c7630b31701946a24a362ae9dd7,5,5,0
50987c164be26b0ad4ab868bdecbd6bf,4,5,1
ace3b21c5c57456d2e2215452829073b,5,5,0
3860898db238028285b1e05b5ab31238,5,3,2
851ca56d98d52355e12410122fe07fa6,1,5,4
2f04cf66091d02e84a7996ba8a645c12,5,5,0
72f3f62e2e4208804e2c4ed8a28ead52,5,4,1
58c5215132c75e7d8226faaf2fab73a2,5,1,4
a85f6d573e494907ed413a50ba08771b,3,1,2
d5c93f9528b5b9869e4c761fcde5a834,1,5,4
74322a01b770c2ea38b56ed4c96071df,5,4,1
1d8d38e40026ed1b2eb7a2e898c31ebf,5,1,4
f0fb77580603e4f955c60d3fe023553f,5,5,0
bf0a0b465be0fe8e8e83edb5bca69a34,5,1,4
39ddbf9faa7aa4f9c43b32acd366ea32,4,5,1
f265f016642c24f79e490f7d201b7e36,5,5,0
c1deab56eafcb4bec7703bbe7bd25137,2,5,3
56805b4cf0ebc9cd9f7619783cae47e3,1,5,4
f64ebaffa29a24b3630d8d9ab6cf43b5,4,5,1
f86672be5bf85864e88a08f231b43c2d,5,1,4
9174fca54bbd6e4bef29bd8cebea449a,5,5,0
7e7e972164339f32fadecfdb2c4e93c7,5,5,0
5b55ee8a50b508709962ccc9eba0de7f,5,1,4
790eaf31f63a94f924509397ed8b15c2,4,1,3
08c94cca559ddccd243fc551e088b856,5,3,2
c07532b3d125445e52b55819958090b3,4,4,0
127f6cc9849c481c4f0daf043a91a129,5,1,4
30be16216274609ebd712f8169950eee,5,3,2
f3429c1257804b1332184727aed3f28b,5,5,0
40e71e3ccbeb7170672ef1d0e9696a77,5,5,0
e68c0dfa1c37f2d828072ae7093531c5,5,5,0
a415ad4db7ac7a8d3f67fa7aeb0d569e,5,5,0
1d5da6a7254f9d8a759db4c8d457e630,4,3,1
408b675f9e40be5250625c8c70472409,3,5,2
58955108a9a0a8b3762f903aba23099a,4,5,1
0d24d62857c1f2d00801a3512dce5d1f,5,1,4
075e94be744f3e28a18d6ea444785f45,5,1,4
aa5fb4d316102d9a70eaf75e6f19d181,5,1,4
a132f4bdf1eb9803546cef73ca7bd322,1,5,4
8c3fc6bc1bb3cd515f5e18c50935c472,5,5,0
59ffc9b2c09392188ab671e0a67bdb3e,5,4,1
45ee4a244dd8a9df576959533aca1d6b,5,4,1
d8ff3300b44a7aedb4d4ec07202ba6ee,5,5,0
9a7fc3b0802afc9b2b46c1e2f323a738,5,5,0
460cef6c65eb7c4ab96f05d1c6846293,5,5,0
8718a4ef6a9e45012bb3e595f0b5286c,5,5,0
44c5dae14c55309b097d6c510ef1a986,5,1,4
4055525efb230dfd940236b7888f2012,1,5,4
a0ac0049119c70e88509f0c8e30564e8,5,5,0
32b1d3f7e7a0149ea3c10792131839d5,5,3,2
a69cfdf2a1c59f8ff05718f69d021e81,4,1,3
39dd2e6b9da61a6882d7cf708508c071,4,5,1
19419b6180c4c7b9f57c1753cef7b41f,5,3,2
eb1fef50749c960bb52e6b27761970fa,5,5,0
4d2997398817763e25ae074190f98a32,5,5,0
de6ecf700b95b7b8f6d4dbea03fd56dc,5,5,0
aefdcf39aab5b3cadf59cdf0eafcbcb2,3,5,2
95442deb81a5d91c97c0df96b431634a,5,1,4
24ad06b906180974c449ff61e10cc618,5,4,1
d8b4993a29bdafff6aff3ddc66a8eee0,5,5,0
b7b1f2843edf05e98877ad7a739b2da1,5,5,0
fc4de496aefe84390ddbb5471ace9a8c,5,1,4
c5f8296baf77d395952fac57effcbf47,5,1,4
eae81d7a6951b80a04eb152e76e3ba55,5,1,4
d2c6edf0a1bc848686337236f623d79d,4,5,1
4cd679aec789b6915d7dc7e648d2489e,5,3,2
b560ced1765e243b3ebf765d80a8873d,1,1,0
f8edef1bb71dfdec2bc42a061eea6275,4,5,1
3a147797c76836e07f7e3754ac79741f,4,5,1
db747e7d69671f32e8e4ea7fdc1266ed,5,1,4
783333de65d2f6a4397cca176367ac90,5,5,0
34a85515e648322e7dc31efc6da5ff02,4,4,0
036091098bdc85e780fc3594006276b7,5,1,4
6cba904e38ee56184c2b77d9dbc79ccb,4,5,1
22c9adee57f279cc5b0741ddabc89e6b,5,4,1
2f5112688e80d5d79344cac900d6bd0b,1,4,3
41953608ebba26ffc747bfd944c6245d,4,5,1
3bbd142d8543f96d104a83eda5465c48,5,5,0
a611e6af3e6a868d568a1ad2cf45c9bb,5,5,0
b869d5e47a11e0ef5dda1edf492e8c69,5,5,0
a96ff70398f289756fde50d1e0ed62bb,5,2,3
44a7b71ff4db304382a32b229441b281,4,5,1
318fcffc93b531c0230bb8c1ebd018c4,4,5,1
7ba54c67fabcf8bc22e2023e8d81dd84,3,4,1
86f452af7e6c8314fa5b43b768eb9d0d,5,5,0
7b9bc6b76ad9656ca99e8e1f2a6d249b,5,3,2
0e9a5de04c76a97588efe7f216942de2,5,5,0
444baeba76a46804ce48bc19d0d45453,5,4,1
c3eb293fd154223498b6551a728203e8,5,1,4
1cf95378918960ac4f215e2a436dc18c,5,5,0
90d730c8aa5c3196dbffefecf4f5202d,5,5,0
a902114dd9904d0720db65f860a98d7d,5,5,0
d762d74c09a598d609ecbf46c3ab0603,3,5,2
f635c6eec2310dbda391c16a6eada675,5,5,0
29500b5b74f1cd86014af29b2e319e9b,5,5,0
dc5542aeff4f9a938c0de66cd4384080,5,5,0
eeb5ef8a49a1f7a19a3da46d6d968e4d,1,4,3
1f75191842f4f2343c718aba4007d742,5,5,0
4a5ec3a39f61790953b9bb48bfd301d4,5,5,0
f148421b496a9c495b4f11e96b05f424,5,5,0
0036757472ece3dde52fd4bfd929c90e,2,1,1
e59765e2c90f66afaf17da77d1a658f2,5,5,0
214ee2e6750c4a27ac6121b731034858,5,5,0
1ebf075fd032885ad39a842a35c72fe7,5,1,4
333b06740724c40dc56a7f790d46df00,5,5,0
4ec57b5a1be421a2a793a22237120c24,3,4,1
205f0525fe708de4db2434516fe7c376,3,1,2
eca9f43372e64e01322fd21afd0bb842,5,5,0
155ef0fdd47407446e4fd43d34997bbb,5,3,2
baa6bf9e45e84e1d9659e246e9f99146,5,3,2
dfc7b55ee482374556356b94afc9b841,5,5,0
1751f4e14a08d5188324c3a04175f76f,1,1,0
14f71e03c472d2b37384b55708ac8354,1,5,4
34050aa3fee994fb448fd3d87028f094,5,3,2
4127cc6fa24501eb73f62be87d226372,3,5,2
8b86d33f9f1ddd6dd357b35d1670bc29,5,5,0
9949f7af3885f27e84044841513de26e,5,1,4
ea857ad0ce4b75ad53e58520fd4f8e00,4,3,1
cacb3120dc73f355266cd22cbdadadd3,5,5,0
28389b71d3f42441624656e3b733ca4e,5,4,1
177200d363504ea94b5064b05929e2e6,1,1,0
4197f94f8bddd171804b1360fa78d368,5,4,1
9ce1af91f300b02131e968687bca1732,5,5,0
862fc92ae542a7129c9943703ddac0af,4,4,0
3eaa049d12010ae119bb075092d421d8,4,4,0
13fc19d5bc2bd52fce8baeb3f31e5dd6,5,3,2
c82e3eb519fbd1983966e7c8bff4d6cc,5,5,0
778ecbd9f15071b1fdcb6047e26a6acd,5,5,0
9254ea56fb8aecea0b411b6a605e0ebb,1,1,0
fcddf193880c7919950a36840f0cc4e6,5,5,0
ffa4713aab0ab633f0f6daa12baf90cb,3,3,0
9dfd8df84d4f07cc8da0f2fa0fe96075,5,5,0
927ca6bf25d6e13695224ff77dd430ea,4,5,1
1f3e98938afd17558e267ed6afda4c95,3,1,2
186a0845cd1b679057c8b0ea86931e2f,5,5,0
e2be0c01adce5e35793cdc2970d774fc,4,1,3
1d554a2374156f36bdb7e0e6dbcad2d0,5,5,0
d4c47f44b9e6605aade474a5df5cc56c,5,5,0
f6956fd0c7b151f0441f43f7bc6eab81,1,5,4
4e7909532524b84d763e7122b02a8220,5,1,4
e9bfa573b732937bcce0dfee81481cdb,5,4,1
4ce5781581782e1783fb9ed718ab6053,5,1,4
d0e7875fcf8fa009f5295ad397fc7e18,5,5,0
a49b8f92334f6b3b8eef67010a8e53ce,5,1,4
0755fe651d86dd2feb3c6fff952d81e8,5,5,0
8cb9dee4f1dcfd13f7dbe690e29570cc,5,5,0
68a103d3cbef07b7a8cc14147b26aa96,5,5,0
b35ce82e5e535cc632c4441e01d6046a,5,4,1
585ce4ee0af830235ceed384bcbe545f,5,4,1
397f4ed009841e83e71435ab9376cc8c,5,4,1
b9f65a22c4594715663d2ad060df1b6c,2,1,1
a7947c0869dbc1d6a6efb0c567cb0099,4,1,3
dcaccc51fd72c756c94ebec8b6480b51,4,3,1
f6cffce5b4b2b4c67d3e3261a5b63e89,5,5,0
c1eab54ad584ff7acf4b8f5e4020c005,5,1,4
79bc7c534af45885cc4a1aec6cbad0a8,5,1,4
f633fefe2dab012ecd550010242ccf0e,4,1,3
24704829c5d1485dea2f9f4c28356b9e,4,5,1
544d402a31face804470974fc7f191e9,4,5,1
9c10b1f6d98c7b2e59ebce1157e7bec6,5,4,1
d77815db97cd5ae5aa8e95e8e6404808,5,5,0
d453150b728f3361801ca4a588bf9a86,5,5,0
1467273f73290140b548eeefa70dca8b,5,1,4
8cff096b874503d795af7dbb5ac758fc,5,5,0
f8d4190f8951914e3d79e7b6b7871470,5,5,0
9b17125defce8ecb669a929fce9bb7c8,5,5,0
8cd5cbda56cfb7023246adf2b148bb91,5,3,2
d7390b1e8637527602269d4b429deda7,5,2,3
536b0208ff21c904d9537690f92f0363,5,1,4
f723bed53ca7e20f8a052677b83983e6,5,5,0
b539ce2adefd8069df8b63856d7837f3,5,5,0
27bc27fbc876aa11a925efac34583f63,1,1,0
05426618bfbb87e04fdd3a60a5bfef38,5,5,0
a0f6d215b0e99072f27854fe0b1945b3,4,4,0
ad2730b7abb692df187294b85fc0705d,5,5,0
2781c27ada78577137fb98ab7a31775a,5,5,0
1d1e5f659ad884a3f1a760dd28e5606a,5,5,0
e48949fd6c2be8f0fa6dd91af8f0f50e,5,1,4
4b50fac9970bd5d46f41eab7855101a8,5,1,4
45356b921c317565a85a7830994e288f,1,5,4
8153b217909426be6b194646850bde63,5,5,0
d14f47d31b1e3717cd25c3876b276523,1,5,4
c473789225d03e3eae1a40d5402f1cca,4,4,0
7ec1a2c6522b9fcb54c68a4f8ff6f331,3,5,2
d4f741989d0d75562bfd588ee996fbb7,5,5,0
01cce1175ac3c4a450e3a0f856d02734,2,1,1
cd74cd8f3a1445a29e098dcac4cc8d11,1,1,0
dae7f9d0e25515e268456f392f53751e,5,5,0
33d7b87dc8622d0482074d8b653f3b08,3,3,0
e3329a89dc0bbed6dd9a3df80f452eb2,4,5,1
47e8cbf8f737294d8ca46cb2c4229cfc,4,3,1
87850ccd83d669cf004ea32dd917d6c4,5,5,0
db2591092d4d4eefdacc5957508a3af3,4,5,1
9a072116d6c2ca9839e6d88a061a59d2,4,5,1
652feb1d4ad368d93e848e3e211445e1,5,5,0
6bc824157c599390bc2e129920bda169,4,1,3
c41d1d484d6eba6e4d8d981ed0768193,1,5,4
274b74ab9a2f1b057969351bc8e6b9e9,5,4,1
bdbcb0e21f0d85538d17911900b26610,5,5,0
40ccf6af09b0aadbf3e2710fb2f17715,5,1,4
490b4a17364f3c7de5877ba86082139c,5,1,4
2ed48d726a289639aa011e94ad6dcf87,5,5,0
e57050216cdcbc40e35c8f5667f7806e,5,3,2
56b63c7382a444bc8eac58cd4d161da0,5,4,1
0222b443ebbd702540abbaf4f5ff7edf,4,4,0
2291ee4be39fe350accf088e1b57a5d1,1,5,4
5265e13b1b649ee26bbaa159d56167aa,5,4,1
da2dfdd5a61a829e74408cc8de93aea2,4,5,1
0d6350e1fa2acb1318e3a53d52333e25,4,4,0
40cb5e00d417c4057d5253c48b887267,5,1,4
7fef121b6b48a89fc1f2699d31476d50,5,1,4
202effd51a18d9717266ec1935672741,1,1,0
7b763f13bd97f02732ac755160e29497,3,1,2
7ef2c6899131acab158119767e5880d5,5,5,0
aa390c2a8b1889cbd84765ef2268fbcc,3,1,2
31e00bb404e44d46b89ff10b7a09d470,5,3,2
b776d14b6ced11d944e2a04f0fb06376,5,5,0
3372b84d17cb731396d87c183d50bdb0,5,5,0
6172afce91cfea665433203359f6d1e7,5,4,1
1770c4ca61c42f3ee7a4ed66d626bd67,4,3,1
3d0ad2666f5de49d63ad8ed0af80d3bc,4,4,0
6026f1c6e0ebe19412bc9283398a4610,5,2,3
f6b0d97a919d6bfe7394a370b8f5f678,5,3,2
109e7f07a4c739fb54edf836bb9ef576,4,5,1
8e83e34d39ed0235b3460da4bd082fc8,5,5,0
d66d818e0e5486b4382bdaad63390b53,5,3,2
6424ddd05ffee73de1df9f8f9d1bfc25,1,5,4
adaf01f381286c648134e9d617a4a1ba,5,5,0
934838488a3fc133b3cb9b1f716c5937,3,4,1
e21bb5b2af087339bd3614d77a0053a1,5,1,4
b1829b9fc61d2f28d8668cd5bde29e3f,2,5,3
4e569a26328664b975f0fea724647fe9,4,5,1
da457b4ddaf967a69db8285ff1c2dfc7,1,5,4
59b598f25ce5991f7526c8ff8fc76601,5,5,0
141b860df8159c748ea4d24301992689,5,5,0
abccdfc385eeac64f4e5147bc7d9191c,5,1,4
00cee8a4dbb042385cbbd84699e78b2e,5,5,0
1edc1b84ccb3322ee9f3c206a12c17ce,4,5,1
9a0b40ce54455397568178b50178b29e,5,4,1
90920bdae23654268e339ea8f19f0ae8,5,4,1
f98fd69be8fcd65fd0c873c48e21bc44,5,5,0
132c1bd080e7310cff7fac26d6d3ee31,5,1,4
fe627312004674a9606716ab2feada47,5,4,1
efe568f189941fe81ac5ca271f4d2943,5,1,4
f6284b20e702b2576ee9a3531fde571d,5,5,0
b8032632cbd7944f63573ccb8e2f5558,3,5,2
40276598768326cdd5ae39038037434f,5,4,1
6e787abee7049d6c51663bdf25a4b2cf,5,1,4
a3885d945bd33bb3665635ea049b46e4,5,4,1
97b7decf3d24b8e8db00cab51c75c372,5,5,0
793911a69e2f83d9811135650117d9f5,4,5,1
d6af6233aac78108f824d75f4461fa14,4,1,3
23467753c6b8adc01bb4e44445ff272e,3,5,2
1fbe0504bb91684a36cb3bc56b4f0171,5,5,0
e5a3a83c5cfbe529d5f4e6da9587f5b9,4,5,1
b523ce1995c46d7ad970da56cbf867e1,2,1,1
2657524b4f269657a166535a1cb3fc3f,5,5,0
e0e836a1f8ee9e25d78d68727016e70d,5,5,0
67f670a054ac14e6ef48f72e6c77c4e8,4,5,1
32bc89adafbfd38be0cf6931769c6a6d,5,3,2
c382d84d35f4d874b1f1c372f4bde27c,5,5,0
378ef8f4017a5eb7204730698cfeec60,4,5,1
01a1553cddb473cec004af5ce2192f1c,4,4,0
38e0cb80c67af61efd491a83aed8c8be,5,5,0
343c79502b5f394194fbf53ba4a561c1,5,5,0
55a1bd51649b05cde9220959adebef9b,5,4,1
5c4c16f0db1537d3ef9e718f12dde7c4,4,4,0
372538516b3d3f36483772cc19b2e433,4,4,0
cfac0d6ffa23400c25da017e69a17370,4,5,1
e33994eb7c5e18cf46ade6e474b1e831,1,4,3
77d6b708885d2096c60a2c70d6339b47,3,5,2
89d0d767b2ae9218a978c6b9178d6dda,5,4,1
e11e0f810b87b5bcbc4ce90273881f6c,5,5,0
6ebc7d36b08fd168bebefb07e6170be9,5,5,0
d793a2f7a07ce993cbdd2d6ffac8972e,1,1,0
1133be08257f4765d8551429f4ad2144,5,4,1
e1d639704794372882078d60df591264,4,3,1
af348cfa2c8539e4fc38335249aab3e8,3,5,2
192e8093aeeb86d202c1035db3a5bd48,4,1,3
dd68ef67523952a95a744e87a90375b9,5,5,0
54758cd5925a7a0a6cff2145318c6059,2,5,3
63e62b997942e4c16bef7802caed1d45,5,5,0
05ec8e2b68474e347ff47b71274e2361,5,5,0
6b092965cc5bcd955107ed81c1acd489,5,3,2
03d842e44ef7cae41da34acb402983fa,4,4,0
7059e298ca1c44f113a32fe9719bc4a4,4,5,1
5b71dc5aa10d933a7c579eadd1da1894,5,3,2
00a57dfbb049fbaae10763e2cf15f797,5,1,4
4f604161cac7949dd11d13af2a4944b6,5,1,4
7ef5eac7150ae4458bcfe5e3151a8f1f,5,1,4
972976cb62fb977bfbc253219799e486,4,5,1
cc38d740da287b3c64f4d1f3d4ee4f86,2,4,2
0c92cd0095b2e1f57c013f2094f4e434,5,5,0
648b4f683ccf074ebe65a73c8096dd18,2,4,2
8d8f38e4ae1cf25848c0570ff236958b,5,1,4
f2b150da2994a9a654a8af90977b9cc9,5,3,2
498a0b00b1c51a95e61baebf6379d76b,5,2,3
4fe8bf212087b2b27d2d5ca8bc866a74,4,5,1
73d8cc61665c773dfb85dc7fdb5c292d,5,5,0
89a05ddfc0652c91d7fb671794757d3d,5,5,0
d66a8247e14f44e46c77d098043af0d0,5,5,0
95f3615ae63fefb578bbcb55f66fba96,5,1,4
e8964d37bd21c508021bea9025a8e4a0,5,4,1
267e5fff0e80197e6553c5596ed81dbd,5,5,0
1fb40f920a832437e543e136c7a8b050,5,5,0
d9f046249ca6beb35e2d00f2eecece56,5,4,1
2e514f06a55a990840cf3f7131b45f55,1,1,0
d364ed074343c683a974cfa900a9d4c9,1,1,0
8ef1cdf601ce23c589774e6fda185587,5,4,1
47c1158d35b8d9f0453d5f2ddbbcb3b0,5,1,4
05ae7d6bd78e2a61f4c0076a9d690aa8,5,5,0
f3e0072b748ae50d569e3cd2c1e3ea38,4,5,1
9c28244a57606ad0cd766dbef78f98a8,5,5,0
1e5da4d344c0467e7c6f3a90e5ff91b7,5,4,1
af3dd257dffa86d6481ea590556ca509,5,4,1
c771daed5a327383979b39b00a919a1f,5,5,0
0d23171e8f59317b049b93ff11bf3cb7,5,5,0
c5b0334dd1b5fec8ac7ef5d5721d32d6,5,1,4
2a903dd5e53423b47484fd2130e2b6c3,1,4,3
b875d3bd65d958d749d6932f6361ab40,4,4,0
84db939b1ab9686533e9a06a0354beb6,1,5,4
caf26e032103cc33e3dfe2465af487cd,5,5,0
69aca49c98f05af05bec6fa1f87a3059,5,1,4
afe99ae914ade8c6cc4b6bb2db33070d,5,3,2
ee09dcda8e3b3acff396f084582c8c8a,5,5,0
fea58e65b788d96dd982a2660be9e2cc,5,5,0
b7f955dbe116a63ae780222ad1b1da01,5,1,4
15389fc860a5a2db39fd86b758b8e9ba,5,4,1
d8bfdbbe1b81198977776595047a0d98,3,4,1
fd956cbe7c235fe02662e99e854220e5,5,5,0
6396a9281831158e4cdc8eb76ac7601a,5,5,0
50021fe1c383504485a0b12adcee0765,5,5,0
3eeeed9128175465db94d6c2406b5b39,5,4,1
235d0ef0d8ee3f66ac576093363be5d0,5,5,0
d42a225e3dd74ca33d58bc18a87a328a,1,1,0
a9569e5470a944e2c8787ab08b6e26ed,1,5,4
31938103922393f681c7f0c0fc14cd20,1,4,3
ba30f1c00f0081224a0f5410ee56f335,5,5,0
d4374a2fe707b60c71f2d8932f8a93d4,5,4,1
49e24f3b7bd666cfb8fcedefdf35785b,5,5,0
f8e3cc453fdc62a2a374893143fcbd09,5,5,0
2799a10e833b3292c509a981e273c4ef,4,5,1
55f13afd91122c753eafc7028f1e542e,1,3,2
53ee14bdd0a25171e9c541d97c325cda,5,1,4
d1bc18e9f697ab4e206197e4ee23494e,5,4,1
bd80a1b56163c6fcce585462d490ab36,5,1,4
8fe3b44d3161e377a52ba346b2b0ec08,4,5,1
6f46d796b9d7089d7d0a78e0d254f38f,1,5,4
0890337bc4f93f0370ccdd9a0c8b1f55,5,4,1
ac95b87f13bbd7609c75bfcc17cf3ae7,5,5,0
11f10acabb1552521a9a7ca484aabd64,4,1,3
6b4329eec5141eb456ea3e8a2dd02f62,5,5,0
387434cf05d72ade8396f5d198ecf697,4,5,1
6a868efa34dccad934e939877994dafe,5,5,0
e2befdaf3bbc55ccc94e3261522e80a2,5,5,0
371e27e3d55b474e52bbb9cb27bee200,4,1,3
06136e6a6532fabbd5675f8090fca4b3,5,3,2
c89b4f89b285537cd75b46ad90c49a50,4,4,0
909d28f22490c6e78da3962ab7fd6286,4,1,3
a0257c63797f7dfa662f7c6fa6af1cc3,5,4,1
74973f83083be040a56dfc7209f45fc8,3,1,2
a2f11c7013b28222f6c33526257ce2bf,5,4,1
259f388570f65b0d8c575f826cbdedf6,5,5,0
93be45ffc4c8eaecb1eaf7654308acc1,1,5,4
29b81e2d5bebb9616041efb0ebbc931d,1,5,4
a5469a655af5c94c8a3724543bc8f73d,4,5,1
72c81a6a9dcf354f87393c361caa13ce,5,5,0
84cedab09d15fbd3bb87956434d61573,5,3,2
b4bf86ceca8b763240fd6be6d5e313ba,5,1,4
de52e5e01af9c33b04806dea37fb50d7,5,4,1
778c123689474f1e0abaae724ebe2136,2,1,1
4dc251eada0b46c0274a07e01d28b074,5,5,0
3ec6546881c0f5dbc6fc2054c706c3ce,5,4,1
36c2f882bdb22101a7491e871578f15e,3,1,2
7960d74e96a2fc6a608c4bb2d622f456,5,1,4
04f87887045aa20403546af3facb8ad1,5,1,4
4cfb51c814f29d8201a00624b78646ad,4,4,0
416e55ae80dadfd48f380ae3b1b1dc83,5,1,4
8a456a91c540561a48650b2954977017,4,5,1
7e439a3cffba90d9a5d684e4033d66a9,1,5,4
5f126df05a309c7dfe7ab136cb03ae08,2,4,2
09ec142bfa34576d3914bdf8c19927c2,5,5,0
8119fd8653bc657349616d0595ec08b0,4,2,2
e0abb8df68a21dc73ca95ee8bdd28d00,5,5,0
1664a6f6d45f4f83c8263fe906f7626f,5,5,0
bd02833fc86efad05af6d9d8cc4a8b3e,4,3,1
ab3a669dbdc7a8d447bb6fc7a158cf94,5,5,0
62f6e27aa9ff86022436c5bdfabc33e6,5,4,1
8c0a5b32d858e3c6d66a9be944cad7aa,4,5,1
50dfd1d8502e5ef282d85dd49cee6db5,1,5,4
bbc87de149eab80106f390cd7014c3ad,5,5,0
b7357bb8e9d9742a5c4f686050baecd5,5,5,0
32659d759ee706f5c1937fe60a1b00d1,4,4,0
3b580f556a4a7d02c2ce65505bb164fb,5,1,4
16d2d0f24adb9d8c7cc566bbdc85b91e,5,3,2
ef5081a78b9104b6c1ed39fb47eceaa6,4,3,1
a54dd045e3be5b2d21b3065c2b6f0131,5,4,1
54d48dcc8e5eb73b1f3f3f560fdaebec,5,3,2
819c95d80987748e1ce29b9b637cc920,5,1,4
a95233889b00b4d7f6e1469e15bbeb1d,1,1,0
cc0482c9c30742e1f8ce96e0e1cebe07,3,5,2
d5ca15179b0ee9c4d3720776ad896416,4,5,1
1a7705c11f9e0ac39a2e86ce7c49d089,5,1,4
5039f5a43f5ff6b05bce59d10fba8cbf,5,1,4
da61998714e3b9c6399161f0225b63d8,5,5,0
a336de4bbd836a89f9cb2a5b58ed2578,1,1,0
d9bf43027ddbeee4ced772f175c2dc40,5,5,0
836410a2fc31591815fe79d66ec24f10,4,5,1
e66c28c44f4a12382611f0de3e522478,1,4,3
4bd17c85bd06ed500f1619f6692ea8af,1,5,4
542dd8c7a80f7006b56c9cbb95e6433b,2,3,1
878b914d30233eb8a3e4ff4465a4ef49,5,5,0
8560601765c3f16199ac6feb1a8d6e64,5,5,0
7086e3b83e873f58a6933c0bbf734d19,5,5,0
c59691ad2976778e15003aefa6dafaed,2,5,3
a755e8bb9632b9db4b49aa46b30a2fee,5,5,0
7c0a8e739e7de73b6258885fc6fc32d1,5,5,0
5148463bdbc74b975746afa3149a03c9,5,4,1
1f46960aa3ffd141df0ca069e617b4a2,5,5,0
af3825173c835f6748e0dfbbfa344d32,5,3,2
53251dae6eb94ed4fa67b57bd60e58bf,4,5,1
22deced3dedb44ec0bb55c504cc4f062,4,5,1
4bef799000dee0ad92c4b0397f9d16ed,4,5,1
90c8bde12aa6f80aa197224f08645a34,5,5,0
d9952ada4955694cae66806b7d5ac6ca,5,5,0
c0e11158f60abbb6f96d74228e67d44c,5,5,0
99cca049bdfcd6019f861465e6b9261e,4,3,1
0b20c9791c7a502fc70f7f542e9a1405,5,4,1
d15d5477cce94ff7cc703231f43288a2,5,5,0
e31f08a6838e8fe22d5850d237cdb1e7,5,4,1
6d482de66fa3ace9fc873ae40f19c4a6,5,4,1
89d37adb3389844ab085bbd81f541f00,4,4,0
e460863b51f5cd5e40996ef493df7d31,5,5,0
e742341b8b6bf5a833c52f7c607f6b69,5,5,0
260663e19dcfde94518d21b2dbde37d9,5,5,0
c8a713dcca463bb2802f76c94667b413,5,4,1
b636037a882bd588f102f9f3fc29b2ca,5,3,2
69adad596ce64d77dd2a23f85ce3aa98,4,1,3
baa1cc285dc359539824dcc3d6799044,1,4,3
30ef7c120f099b71e0e0eae30f95c954,5,5,0
c8f3d770e7079f62444e211a882f3da2,5,5,0
5b113b47da093bc2cbbc7797aeee7994,5,4,1
498e4c5508b686018306d8d363bc9d18,5,1,4
143a94013dbe03feb57f03420bd2bd15,5,5,0
620133b0b32ccf5727e6c53ba3b0fb75,5,4,1
04075153ea747446984b909a58edef85,5,4,1
ad24829ce0c8cee4466dc8ccab393aba,4,5,1
18de001c224789d86e9b702f0c0dde74,5,3,2
d9f134a34fb4b3cfd95550b4785e8d05,4,5,1
a648a1e4045712bdac2d6c2524900a13,5,5,0
15ade2c7daaa01c998220a2035dd43dd,5,5,0
93feaaf6bcd5ebfd8e50ddca7a8e3d0a,5,3,2
92f21edc7e69a84e3e521e9adc7c83b8,1,1,0
4ff9ab070e81af8af428c889cc08b06d,5,5,0
487af6c1b2cb9c5259105b2388278bca,5,5,0
afa18fe18903345a7bd38e285f0bca70,5,5,0
d05843f19339db42477d8855fa69026d,1,5,4
5ce8ed74908cd24bd6b5138292ec7b04,5,5,0
b36f1b439a234966d6d7dd52646bfd39,3,1,2
c172f96808d5e1df5a287d171592d3c6,3,1,2
9d8ad56c218b4b9bd6ece578c91c2321,5,5,0
ac13d782734edd6b595ba54850c1431f,5,1,4
fd58331db3c355dfc547b6dc5065f33e,5,4,1
9a03b3e45e1da9f1e9855278e52b147a,5,5,0
7730e06abd27a0f67b9f462ad9bad838,4,5,1
13c208c7221faed9cb7ac326a6f873da,5,1,4
82be2384f5d2751770574b84da68f2c1,3,5,2
875c175eb6577637f9001b99dc54a7e1,1,4,3
18137b5db086c8612160066abecac8a7,1,1,0
199b69907d6218811c47ec3480d11812,2,4,2
17d0317e0d3f083fa6f59927059e98b3,4,5,1
b712b4e550ff93a128404e9362d7958b,5,5,0
906aea7f9a8bbd2b625400e22531469e,5,5,0
3a328e1340a59982235a158a25133cba,1,5,4
dfa0b68ab249dcab78fb4046b7f3050d,1,1,0
6d95f56851f4a4c72764429b174d2757,5,5,0
1b70309f9d8c8068c52cab917fb26379,5,1,4
6d70b44b2d0742e51c0434faba7c9afe,4,5,1
4da937ffa1e058f52a9eeb89187d65b5,3,5,2
9cb69ff0cd93cb4624576397135d5b52,5,5,0
98484b32a3bbf287f3347e001275ed21,4,5,1
7e41bd90616fbe90fba3dd8989d91af4,5,4,1
1f6d86317f38faa3dc8534370197ee15,4,5,1
75bbbd85d3373487642cee8e47902587,5,5,0
60fc0b846c9484e0eb377f55ae0b3d7d,5,4,1
d269e3209c8a86e588a93e573cb97002,5,1,4
27985bef55ec339f228456aa727e3e87,3,5,2
264838181624ad76b573c373a9862598,4,1,3
a771d79ec4b8d059bfb6e773f290cc1d,4,3,1
ee343d7247239b219a20b4cb63cee65d,4,5,1
78d406c93c4c8fcfdc38b4b1b8842b9c,5,5,0
64b45dd4d304401bc5a8b1ba620379a4,5,4,1
13359bb817972f7492a922fa64a69cad,4,1,3
0c89556cf6859f7e4b104f2883aa1b97,4,1,3
18f924aff0390f3ff473127ddecc73a0,4,4,0
43ad91c37e773a2fc263fd0f7c48b1c0,5,4,1
f8d8215245fbbc9a2d8a4b94ec2ba540,5,5,0
0352f2ba09b99ccae0751e133332a46b,3,1,2
391e4611402ae83da47d1402febe6cc5,5,4,1
aeecabebe0b93474b9f9cbe9c54e054d,5,5,0
66c1172ab0ddb605d4012ce1d4339ffb,5,4,1
367d9f6d184cf1d060d92bdc71810d2e,5,1,4
ad9e5e00d6f4a3d4226893dde85d40f7,4,5,1
bcd881f346c66116b4cf838352ea8eaa,5,1,4
f25f425c1627a369f769d91d56c3da67,1,5,4
a49dc0169f9bb6d3ac9829bdebd12299,5,5,0
8b7c604fd9d73cf8e3f0d5389e3022ac,5,5,0
aafc642ce2d657010c46d929998e5bd0,5,5,0
b15cd4687b1005f8274833b2c85b8cca,5,4,1
6f791d3c2f75ec3ec0e97decd281b0f3,5,5,0
5f45459bf082afe966e284649de7df96,5,4,1
74e4eb74d4d588aecf5a7c58c56345be,5,5,0
c27ac06232941e2af3a9e86dde14a045,4,5,1
9e9e4d3f5d27fab18087abf851da026c,2,5,3
c8f48cead5aa6153ed4e86436420bf34,2,4,2
c410d85093b93e495da87d8041af5ffa,3,4,1
d9d1223099e5613e5667e557b4b4f075,5,4,1
20a3853f94a36870c5eff11d407f01cf,5,1,4
267cf5d5f5d44907ac3a107257c47290,5,5,0
6001610df104b259c270c49af4b093b8,5,5,0
7c9ad74c16c9b6aafa62f097bb9cdf25,4,1,3
58d4c4747ee059eeeb865b349b41f53a,5,5,0
dd03726cc548f7332999c37c8e2fc3af,5,3,2
04836fc7917dc0bfcfbd4456ec4156ac,5,1,4
6bbafe0017bf2f1c7dd4331a9a742023,5,5,0
33cf56f1cedf4fac342de6f1befaab1e,5,5,0
fb4867639cdcf519269b594d659bf27b,4,4,0
3551cfc89b9792b082608627a57d6bc2,5,1,4
c50e5904b30d219f4f9b89ead3bab5ed,5,5,0
ea8efd0043199fe88f31e1fea2e840f6,5,2,3
a30cadd1758dccbec1ba83a6d672fd1c,5,1,4
de4f573359ebca3ee24bbe7cddb31052,5,1,4
2bc1eac46ee8d6fad3f7369668f1bdf0,3,1,2
0c23c36327d99027c61ca570921b0fb7,1,3,2
add3094f9efba79b138dd089077c8e20,5,5,0
0978aeeb31e430bca8401306d75a8164,5,1,4
434eed8762b5d851fc7ce3bcee924dc0,5,4,1
a06e15e85714e87cb14e805b04c476f2,4,5,1
3290506deecf9d593a1e7a295fa13dbe,5,3,2
ad33ed1fc2b45e7f714e3cec25e31334,5,1,4
cb80c358a1e10aa7f1d55a1739720ea7,1,3,2
779f93413b806f6eea6d1d88053f9e4f,5,1,4
5e6032de9f8c94b21aeeb5dcdaed8773,5,5,0
d9e05f5c9c364436b18207eeff4f789e,5,1,4
e1dd3bcc1f22b4213a185eec19606daf,1,5,4
7f4eea789244d8b7281f619104c82bca,5,5,0
62d9b911d7c56cf455f660eecb8ddd3a,5,1,4
b5ee3b06caf9f3c1c7ada2bdf482bb8b,5,5,0
3ad6c429e788f917fc200d21941bcb36,5,4,1
35ae6fcf66dba4f6760a20b921867b2b,5,1,4
14dca2543b44a6699edcca2bd49b261a,5,4,1
b37f75b6989911c687965cee14dc22ca,5,1,4
31a49d7427661b46338c025ff2e07d20,5,5,0
dd46ac8cf8a385a883f38119228c584e,5,5,0
c77296df05b5ed399d2d111ec97b0b17,5,5,0
0fc5deb2df203e00080d925c2c8d1dfd,5,5,0
f68e99de5c101aa886450b4a0278bee3,3,4,1
3d6649f7e65c20a889ba38be4a54fcd3,4,4,0
19c4f810dca09d438da021fd6d52839f,5,4,1
6dc866fe5592428e07b710b6dd22a920,4,1,3
b61519b912ded530fcb3fcc9103fcff2,5,5,0
4a2c053de460d64372361385b38bdb24,3,1,2
e6e33920ebe2e3442b4c9cf86d4721aa,5,5,0
7fad4942eb2e0461140e94f51a3e5053,5,5,0
94a4c515439bdf79c3380fd5372f516c,5,5,0
6741e21a24361b07f30063eec3897b37,2,5,3
6048533001f5fce8b89fa52898d99047,5,1,4
df08ff51513e6a2f36ead7c4d31ea894,5,5,0
4f209a7c48b44a32ff3196ddbfb4d67e,5,5,0
4ccfa0c7ce3c1a6069ae72d9596c4d6e,5,5,0
b4876d0dae2cb7cd0b814c6ec0ddb757,5,3,2
3a0ef207d0d68b9409177eb5829032f6,5,5,0
65a8df3dfc633bab93334857a125db21,5,4,1
daf7a55aa310de14e9b2409edfedc2b4,5,2,3
cd81b7b31890c8ba170157abdfcd941f,5,5,0
a9eee8decd3e1383ae72091607768f03,5,4,1
d304c1d37685ed533e5e16e8e74ff2c1,5,5,0
7f579a347e00ac4d36c143a5969e5189,5,5,0
d84dce79fd962faab40bc1d4b084d9d7,4,4,0
0a896d016dd3a53c584129cd14e0875c,4,5,1
7e00454e2e8b8b2e12e9a580ec77f00c,5,5,0
07fa3b6d7ec7fa27de9d00bdc93d36cf,4,5,1
fc228341a432574ff5641358fba213c9,3,5,2
96656dd1c9f0e6b415561d8a6734ffef,2,5,3
1c1f0315904930fe04e649a6eb20c4e4,5,1,4
f24afd66659f204e2fe3866ae39f4e20,4,4,0
2246b00cedc24cbba0af186b95a3e885,5,1,4
73b017a765ea2600be8cf4e374de23bd,5,5,0
4974295376c45fc743638ffad01b8959,4,4,0
162b2345ef3cc0551c0a32058840a2ec,1,5,4
9ae90d0ae423d9ac6caad40cd7a6af6b,5,1,4
218420c55032b9db817c110f06b85fde,5,5,0
b193fd0f267c2871f27f939621408e71,5,5,0
e1d91f5481b7e7a48c0ceefd3feb4ba5,3,5,2
5e0609ae0c6a25f98bfec7d1350f9608,5,5,0
ad1e181092a016f9c984f5ba59bd9119,5,4,1
234ea4333eec78d8e18bc801a916e1f4,5,4,1
7fb2f6ef625bf7ef303f984bd8cd2267,5,1,4
b00e398b9fedc8b818679422af47d3ad,3,5,2
fa625c35a56d989b379939bae9bc9b2a,5,4,1
44fb0b3fb29ddaedf3fe5bd4a99e7495,5,4,1
0229bc966620f05d9d8fc29c704aa6ff,3,5,2
c976316357b5231d511f0a03999aa84f,5,3,2
735c97c58832ee67c2f23aa70deb343c,5,3,2
1166c0cee90e165a1b3cf275339be6cc,5,1,4
51fbc7ecec17e2dbcd5c495410af77ca,5,5,0
ad87f982d1ef40d7a0bc339828e35616,5,1,4
70263f30f6180c7ca277e4dc6c4c19c8,5,5,0
d1437fcc5adf19257e6e1bb890b6c94d,5,5,0
dcf05b0ffad45d04f992ba7dba355275,5,5,0
e681b9d741ce6a1913e86b6351105a55,5,1,4
05deb664157a8c5022b440fc420bb397,5,5,0
c233116df4c703a062081f5dcf4399a0,4,5,1
169ea2de3034acb7ff710f2ed686841c,5,5,0
2296fa4ebace1edacb9f91509766eb18,5,5,0
f989d3ba2acbcf3d6168a67eef142f3e,1,5,4
9d8b70a59accfd6e1344d2d23d5b8ceb,5,4,1
d1cd7d486ae6facbe6c2a59a51c6d1f3,5,5,0
8af6d93e9fcfcf7b686b0cf6d0d84239,4,1,3
0c1e49ce507979f2fb222498663ce653,5,5,0
fbca6c23232528f7e627999990bbc39f,5,4,1
779ee2bc8384b3ea52f4e6abe2c84271,5,5,0
e381abcae5bf5ba29ff7855e91e40837,5,3,2
7b6058eb290bb954e39d59cffd022a29,5,5,0
e84f18bf4ee058607a5dfa5ac98e0317,5,3,2
87e7ff710ee02d1ee56ad8d47834fb89,5,5,0
1eec0efabea726c266e947674306621a,4,4,0
4948f06b894477c108c871a15fd4f1d6,5,3,2
31edfdd76d49716666c52c80ae236d75,5,5,0
dbf5aec766985e6f34f73cc4560a5123,5,1,4
79782533a7f3400f4ec7ab41028b40f7,5,5,0
b77c6d3c0334b27a51f220038f0ef8ac,5,1,4
67feea73c5369c0921af9d3c2d566edc,5,1,4
d2e1e475eb8219af9fae283307d88860,5,5,0
9e47bdda0d32604c18e587c151278314,5,5,0
0260196efc012b1f83d543ba8220d0ee,5,5,0
94779a352003cbec1931fe5d7b041f7e,5,5,0
68b37c61acb057cd5047ff23bfeb540b,4,5,1
c533856d03996a6114c8fa9a876181d4,5,1,4
bb8efe90a4b9dc65b0b365ca7a94db25,4,1,3
bd772752df70fa0a00d2e0854285e419,5,5,0
c40237d964e0676cc87ba24353c48b31,5,5,0
1e575fc9d2c56fa7889923cd298830f1,5,3,2
b6900b09afec4ea5ef8879a9b1e3881c,5,4,1
3b67413a225423c7c571ac1f07bda044,4,3,1
a1453ee829c85db898c6fd3f26257869,5,3,2
f4a57c9bbd289035265ad3354ccaa345,4,5,1
1cf471f71a04b68d1cda071b51d7e391,5,3,2
0cdbb064516056ec9be699ddabadc42c,4,4,0
133d08a542c28f4400480b9483517c32,4,3,1
0f6d4797b3933b25519398b754dfe58c,5,4,1
4634ad13b4414c83524f5efb0ef21a0b,3,5,2
9953966666a1f0ea583d94649ea21344,4,5,1
b85825cdbdab14cc17f2e159f0fba217,1,4,3
2458de231bb0e4286a97ab335afb78c9,5,1,4
a0e0ab62ae4f2dad1ca6f19103dba9a6,5,4,1
b813092d64bf6be705b1f343068429fb,5,4,1
7f13340e916ed8270e11c9e840317f98,4,5,1
1bf96d65e405802ae7b8a8e176b0b3e6,1,2,1
a813b199e66105ce6a4a841b94a330a5,5,4,1
c5267c7bad3d532ba30cf3b72596d3de,5,5,0
346fa124d404d88a793438c41f21932b,3,1,2
92fe083783a81f62019d6dcce018a85f,5,5,0
43c04de0613b79c2470b22e171cc848d,5,5,0
5ae50807e27aa5da76c61f26abd3a04b,1,1,0
9ac8e7603c11157bde10d9121494b593,5,1,4
25ebb07a1069a75d3cb9baf0a94f22d0,5,5,0
4c888e6e352d77cd1e8beea1f03985b7,2,4,2
f1947038bdbb0dc6cfbb332abcd60221,4,5,1
e7ab9d07de87ce3d09009cc0acc238fb,5,5,0
63271c4f926901533f34d374c4126952,1,3,2
0d2b97cf9a17b4e44a12371fa7536c1c,4,4,0
b7daca2d24a93ab9351485e0bdcbb7e6,2,5,3
8b571b2408e46eda138c7d9f1761ba43,5,5,0
a2b4be96b53022618030c17ed437604d,1,2,1
8864a2d847bb201242e03cab4d54994c,5,1,4
1a71051dfe3a0641e6feafe991adbdab,5,1,4
d4f373442b0a496652c35a6138a6bdcb,4,1,3
3d8c679ea369975a1e4265dbc2289f72,5,5,0
928491f9ad93ae20de89668ea4a968e0,2,1,1
d98b754dc197354be163fe4f75ef28fc,5,5,0
7ebe19943d85e81a7b0eb108681276b7,5,1,4
dbb785a23b8cf4ea6c911ed7b6aacc54,5,4,1
fe437c0788b9f47d5ec164c87988cbae,4,4,0
61472244e66c39a49da3b3ffb3d28f7a,1,5,4
e3c6b0e299f89807d09492f4404f8cc6,3,5,2
ef5555014add0fdfbe3f34f85365f650,5,5,0
ec0112ec66031380d1782e0c3cb08fd3,5,5,0
cafa41a943378224e6de08cac484c475,5,5,0
1055cb7f0f2cfc6ec8a445b1034c2546,5,4,1
0b93ff37e8344c6013bad16484c7fbe4,5,2,3
ef095afed99d361bb81103c9d6380397,5,1,4
9fbe7e5fb8d03b367b8a3b7b995ce6ca,5,5,0
0d7ef227c3cb5f6a3fc62c0beb5e11cd,5,3,2
ef28bc8d9d1354d38bf6c60248bae866,5,5,0
4cc5e8564e986df9c0189d125236a10a,5,5,0
5f4a120717a4d152577d7d2ec66c45be,5,1,4
3d85885db63d8328e4dbaa59804ad1ee,5,4,1
4455bffefa49b2524e0291440b78b02d,4,4,0
9244c5e7b61a5ec0c86191bb1a727ed2,5,1,4
951e4d60c61ab5e6589ece585e40311c,5,1,4
aa46951898e69724ebbcfb1c6cd4879c,5,5,0
7efe2c754b2967e96d43d60643cecce5,5,5,0
a850819097762e4dd825ae3d911f5861,4,4,0
58b2ca9b8b218fc08e5f37b778393005,5,4,1
ade5cd7237fbcad3ccc1177645e6884f,5,4,1
7da502f694a6d35d21b05492a9a315c6,5,3,2
444444b7f836b844b14afe3e0fc9929f,5,5,0
5c5a8c9c0e8a30b697d7cea5123db572,5,1,4
c171a641ce5deb8a4f8ec640d78dde03,5,5,0
2d609a52d61c0a90d5e88a143630bc7f,4,1,3
ceceaa52ae02dc05d0ce987ed6f6f7f9,5,5,0
9e52bb433e0c3da92cd75849bc446fac,5,5,0
1fed2f02e296e7767a2eea3dc76f69bb,5,5,0
ffb8f7de8940249a3221252818937ecb,4,1,3
038f8b45fafa1130d2557e5b8dfd5d71,5,5,0
67528c4b8b629d9cbb51da492c6a9ec4,4,5,1
bf806b8caac4194e3f3b600656456384,5,4,1
56a4ac10a4a8f2ba7693523bb439eede,5,5,0
9ac6af8b99d3bac9717dfb60bfdaed60,5,5,0
fa962e76e50f3469ae2abfa54e6d5be0,5,5,0
a9ada7abcca958b99713b0cf42dc5c4c,3,4,1
619d55679601970d4f11fd01cd162ecd,5,4,1
5eba6d8afdd49d9208232bbd26e9fd0f,5,4,1
8895673f81ae9b1b7ecd868bd707b243,5,4,1
32d264c87f67556abfb9ddeb89d4277b,4,4,0
deea565ebe3196a7408232c8bb0ddc0b,5,5,0
9b1d5acce1c77a5da1b65b436cc68c7e,5,5,0
8654cd8e725e48af0d843f5c60598e72,5,1,4
759aedc35b7caf0ca563b0b72614e9d5,5,3,2
279a3bc53e370f1614e3205bf4946041,5,5,0
c67c6e7178cff9848b2d6556d1670fd8,5,5,0
13e22fa9743822ef30f7e3bdcfff69ee,5,5,0
1f78449c87a54faf9e96e88ba1491fa9,5,1,4
074a6843b445107d87cbfaa88e2e642f,5,5,0
acb2afbcbcc3be10924f75fd3b6c98d8,5,1,4
66d737f81143e3724207d2f2fb457ad9,5,3,2
a7fafbfc43a11e5ba3d934121a63bb43,5,4,1
cc4262265ee51b6f5d446e6218149391,5,5,0
9c424dd07b069caaaae3ee7fb41ba1d8,5,5,0
656c5942e852b20473ae268796549007,5,5,0
c43d9824271456d761379296996811fc,2,5,3
2df2a222e520a870a74709dd945fb1dc,5,5,0
66e1b657a71397245290f39ffe24031e,5,5,0
6153dde2f6f01bdd93c35be85fed898d,4,5,1
40d390835e3da901802d4c3b4b184863,5,5,0
65312c6e4ce03c0fb633a4ac541949d8,5,5,0
d9faf6f49d2c7b35db2ee149350d371a,2,1,1
b6424d3ecaedf5f49836d503d4f0d671,5,5,0
a6325795dfacc6b956a81ab35de34506,5,3,2
f3d73893c5b2bd8aed47d188dd5484ae,5,4,1
b461e43868116fb81d1d91959ae5ea65,4,3,1
15d849612f479d808dc030e4e1ba39d6,5,5,0
cdaa6abaa1e05e0d89480265def8ff69,4,5,1
219d7856c8969f8f7087ffe19ae28a36,5,4,1
3569dcadd0374718b87bead0d7241d6d,5,4,1
a5274036a39a838ac50a4efaf8d0d66d,5,5,0
58065f9a7440bface5400a5cf953ff93,4,5,1
02aeeaf3075593045bf2f59a7109e2c1,5,5,0
8c6541ccd245c735762e6dfbeeeef23e,1,5,4
03c8468d3001db38cadd59ac670341cc,4,5,1
e4d3feeb8db71932f3211bb585169c4a,5,5,0
dc40cf72430bda627804ff38c8fa6116,5,5,0
df89c4a0456584e2878310de66fc9fec,4,5,1
d9d8dc6068a3a115e15bc276d53afc8e,4,4,0
eb0e37706298fb26e054a09981cf50db,4,5,1
3399f91082946658c51c68a6562560ff,4,4,0
e9b5a2375e8f252aaba047d5d20e4f84,5,5,0
4a21e3eb07861993fbaae74314b0d224,2,5,3
4a69678ecf74bfd34260031c04329b68,5,5,0
3a096f35d5eecf95ae3c9c9a50bfc700,5,5,0
c4b59df9433d6b495858b721fa6008d4,5,5,0
d089c57c3f1314fa5bb23b8416231e81,5,4,1
036c6f5c3d6a81192f4896ddb2c00c83,5,3,2
1bd518c15ee16570e9b8c8e29fde9ab6,5,3,2
b21727c169d91071518836ff346b0c39,5,5,0
2437dfd68fb453ad27e1898c8b1fe868,2,5,3
d836abb4444d8594455e9766104e958c,5,5,0
68c499102625079201aa9bbcabd4108f,5,5,0
9e1ec0af4a9a7144a46d158211aaeb12,5,5,0
171a1f1ee5fb6ee190e46e3a9dbf85c7,5,3,2
396af24f9fbfbbb946c61236fa1cf895,4,5,1
1e51b2b229678b37addbfeb359d0e3ab,5,4,1
0528d983de4118f6b36d55e407d24f94,5,5,0
59cbe1b4d431c65474bfcd53c3a3b227,5,5,0
58b5827a8910147ec66b855b9d2096a4,4,5,1
38fc895ea0a2aa253a46a6fdbb65aaf5,5,3,2
d7b464f6f1a31734fefea7eb6e9a9908,4,5,1
3ca46d83bc77fa642a73183ca1275aa2,5,1,4
b38103e665600114e3155ab60ee0ef70,5,4,1
624dc7bbc5e8bce830fd84e8ba75da2e,2,5,3
7351ff002cae99e94c0a6a1da562c331,5,4,1
80fe5b2fe4869330fabbceea5e5e7c0c,5,3,2
8f35c9d6cb15b3bc14a4a88374c6d3d6,5,1,4
dd50520e43525f813b7b2de2422b29ac,5,5,0
b91a3ffa761815f3bef95a126159d0b8,5,5,0
6054d8418ec326a7a9382171632b7a7d,4,1,3
d3f5cac5ca660216eb21e93d54e9e384,5,5,0
37d2697fe30cc343532f58cde9161454,5,1,4
0777f4238fa29d5c69367c8847a2f6ec,4,1,3
83351d37493926bef518c18c8ece3a9f,4,5,1
4e16f71b2a5ddc0266f9ddfdfd0bcfba,5,5,0
5a8c964d59cf60933991dc8ebb88bfa2,5,3,2
7904ad4690e52067be7de5f91f2ad3b3,5,5,0
65967471ea680726ad2d27368e4c4dc7,4,1,3
d21711f4bfc26162d5a8e471d7edb25f,5,4,1
7daad55127fc91c7f63ae6bd53fe7187,5,1,4
cb78dafa7c2ca5d9eafdc6f02cd4f3b7,1,1,0
efe7380fd1ca4f19193a35a028f0ce54,5,3,2
6a8074244958b34abe3e949b948bb9f9,1,1,0
54278df0bd16da39d1a04b026396bef6,4,3,1
9125562ef8d65ae1d7443c3d64d4a810,5,4,1
1109a323a5e20da772a2f7b3cb0f9af7,4,4,0
dcc3610bd6745b8ec0d84354631fbd3d,5,4,1
9109f2cca26d92ac4e064bb93da37c74,5,1,4
e158e6aaed1732fbac39e9411f33f48a,1,3,2
80e834c250ad9420643210e6f3b5bd37,4,5,1
b22289835d337ed7310c55b622a3bea1,5,4,1
1e8b5739cd3836175c13682f71530a85,5,4,1
d1902896db97466b224147cda743f3a8,5,1,4
10a2c5cabdf1f2dadfa09ab7491f1f04,5,5,0
88105b400acfb446584ad0e0c3a088eb,5,4,1
4da4840a1f38aad712a0857596e24b44,1,1,0
173f3e01cc3fc12d3831a3d80a024a90,5,4,1
d8e084f74fa06f591e326975ca18a905,1,4,3
05a5446738fb49ff21e44d318df1189d,5,1,4
ebe62bcd645483aa0241c300d095781a,5,5,0
89e9e2248c46410c319d535f06a23346,5,4,1
4e8df4f2ecd486fc4854a0c424593079,4,5,1
955905cdf6d624f57f4eed64285077da,5,3,2
ac0f0875604883bfc9fa15344f01a207,5,5,0
a2c9ce528c29a470d38bc5085ca59584,4,1,3
6fa816a50da044a1d17ec9bc408c8d7d,3,3,0
400067025519f050d696583e2e6df305,5,5,0
4ac122e6ce71a07175e5bf2551f02c40,5,5,0
475066321e4cc5faaa72747dcbda1804,5,5,0
c952071f38138a067c714cf653f34aa6,2,5,3
9b27eb18bad871c8d32a8dbd13e4f5b7,4,5,1
a372a7d11ca9ccad9fae880a4a79cbfc,5,3,2
0492eead55cd90ba9690387cca2baa20,3,5,2
6f794a3ab5fe97d2aaad912ea4f81645,4,5,1
479b6ef981f240df12226a5ba0abffef,5,5,0
66d494f1ba392f6f1538dd344dc22a3e,5,5,0
79581b0708489f6f9539c0d29dc53bb7,5,5,0
ffe311829861d844ad8de0f4d4923692,4,5,1
aa0b425987bdeae4a29c616a2bc3a08a,5,1,4
9419274d2366b746f60fce753c5a3618,5,3,2
2be8f3f9bfd6f4349d7c95dfaa619b21,3,5,2
ca37c8860a109a0908b33aa5e1d2f2bc,1,5,4
97aeae7e7b1d8a32cf3f26c3946eab1d,2,5,3
56e7d463a96db09e951999dd6e74f136,5,3,2
f6ed70efbc4d10c18ee1897b7d1a7ae2,5,5,0
412fccb2b44a99b36714bca3fef8ad7b,5,5,0
bf7035d2beda25b2a6b98c676ad04895,5,5,0
33df8843af208f8c4418211eaa6af067,4,4,0
d3ba9cc2ed6bfcb179c9d654974de7f7,5,5,0
f8b9e2dd99eccea8ac036c6a02afafa0,5,5,0
7a1b533ffb0d462fbbd28037d3540a13,5,5,0
2b0b02914575b69cd6787aba9f79a73b,5,4,1
0c349a33319c2d39efe799b472d71e7d,5,5,0
6264cc0ad74f0cd5c2133590679c5284,5,5,0
c9365b99c90ef6473a7d9cda98faee6a,5,5,0
ce9f805d159a577d0f5dbf252a5bf577,5,5,0
8f0057f230f19e9f7ad1a5566ef6a980,4,5,1
15d086bbbae9b9e4b50c916c919479ed,4,3,1
d75f81a722e2725c03b9fc87373305ab,5,1,4
03dffd456132253d009d20fc4a228c9b,5,5,0
3ba97310c8f8f6f5e9153973e87297ae,5,5,0
02546acbfd2949a1f63c44ad04978ea1,5,5,0
a9c8ac0c26c178f0ad33618f96225a01,2,1,1
3908d6bd42f21f56dd7cabf2797b5b0d,1,3,2
de7160c97baceae5b576f3266f6b5752,4,5,1
e45cd17d2a71cf962914a543d8cca5b6,2,5,3
6f5632cd906ec2ef07ed45c8af2e8811,5,4,1
5ae5a2d65d23cd2e0d8a1ca9b0c5a3bf,5,4,1
e439d0a12293f3ce780e73285032235a,5,1,4
66b7e4ff35d62613a10899d4eb442216,5,1,4
b35a771164a9defa3b4767f1b66918b1,3,5,2
d8c2d5ded5aae20ac6a6e9ef34d9c3dd,5,5,0
b826c69bf943ea295e515a1078f76086,5,1,4
704e4951f9087aea88ee9be9b6188b96,5,5,0
d1f478a5468a4aed52abdbc2d98e0030,1,1,0
f9dd9a8cfc84d41422b687402ab4619b,5,5,0
0ea0b98a6722a5624e92e4fac9970b45,5,4,1
47d142852e82970e78f1ed02c1dfce94,5,5,0
6727a4e9eed7135cefc6d0f9de7f88a3,5,1,4
ade009c6183b28931a1ea0841dccaa94,5,5,0
f3419091993faf0c528154a0fda1af52,1,5,4
3910f99fe841cb26a6adddc96249d3c8,5,5,0
2bf01051ff9e5195111fd7ffaf865240,5,4,1
ea153a1ffcb167446901237714816a03,5,5,0
6df6c9c9af6ef75b4f06f8a7b9f47e9c,5,5,0
a5dc44fe023a6153b7b9df59de5762b7,1,5,4
229407b9e8b4a23ecee01a9d354fc79b,5,5,0
58fda12832cc512415ef25b96f1638b4,1,5,4
e9583867c3868714af8937a417c1adc5,5,3,2
6f0b1a3d5ac1fca603d1eb8687fdba05,5,1,4
5f9c46986c8990debd941ac4f936e95d,5,4,1
5e105321549880c6b806ccb3605eb980,5,1,4
c246fd65fbfdfd5eaf13ee936827a1d8,4,5,1
afb8e7d292d49589f6583efcdbda2058,3,3,0
57241955d7675fbc53a892e7e739da68,5,5,0
e9dd0af9909bd6872aaf792aeabad0d8,4,5,1
d1c8a4c31e8c7baecf7db50c988e5527,1,1,0
90176c61fcf0cfd97a3e373c0375ec49,5,5,0
e9a18a01a641ece17c11a804a3651208,4,5,1
ad7957c1cde1dae009b1fc01e3e02758,5,3,2
a7e92306fa96254682b3081d01ef6ba3,5,5,0
076204e886f6d81145cf693a72794765,5,4,1
618ab5fa2138dcabd9046d13f1294fb9,2,1,1
7c405ba2f3b8dd2c78b2bc4b002def54,5,5,0
2f63fa144638f7ade6cb643585538161,5,4,1
9f16c9e6abad918e90460e42f7b9d645,1,4,3
63067dbad99fa8dd94df9e6983bff614,5,4,1
802ee584365ed44c00f4207fb17ae67b,3,5,2
4d3d69fc5da58b96ec1c571580f89070,3,4,1
c8a213120beabf236f804ec4212fe950,5,5,0
6ed366eb7c955fb0dae9c4932d9188c0,3,5,2
f43f30b7f0ab764f863d9340e06c3f25,5,4,1
49e6f4ed0034a19d7c8051244c8d64ba,5,5,0
5691d72069359cd293ac9a14f1bd5e9b,5,3,2
4af2fb154881f350d8696f7f7a7f80d3,1,3,2
72729c533aa3957ddd96bcbc9237a49b,4,5,1
99496f27b38d83724e8dea944a320b44,5,5,0
27cccab59c02b5c742ec003898dfabec,1,2,1
5f24b613363e4af7466a250aa815a170,5,1,4
de64325a3ec242c2264f553d946274ae,5,1,4
3860050d9215e2a3b78cf97bb1d5c65b,4,4,0
9d525e537711d24dba959b750dd6fbbc,5,1,4
33afe754f48de3e2e8abaf42f1d6281e,5,1,4
a729a5577a90047af954bb2210ebca66,5,5,0
b77c7b2203310a5160f61121eaf97415,2,5,3
709757992cd81f180be8b5555ea266f5,1,1,0
0e33201d95dd99ef2fc82d81732957b2,2,5,3
973c60b5a6b596a9bfe6a48569a9ef50,4,5,1
7a6cee8d80a2a71e4c1dd74b0dfadb3c,4,5,1
6101a3cad652012312ccd9284733ac2b,5,4,1
0e2cb01a7fe8e20a0dc09ee72a5d8346,5,5,0
599c3870e523bd6be85a650381029959,5,1,4
68dac825547e9410f017e7d9dd6daee0,4,1,3
897885c5e0c8df643675e163c1af79f8,5,5,0
13a45e2e8407ebdf8c1e8fb6e1dba4fd,5,5,0
97823d6731e59cd6b4f9d3ea113a976e,5,5,0
a4a495e7d0758f5523480d2f4cd12515,5,3,2
db115077a7bd949a515922eb40aea6c3,4,1,3
d99c7464570fd548f9936438c57f394a,5,5,0
1347acf3fe05018c48139ce35aca77a6,3,5,2
ff74e94493932bd63924387d576ed9b9,5,4,1
84d1b2c4bcd6e1ea29456bedb6b6530b,5,5,0
00c47cfa491ef55779ec7557673087fc,5,5,0
137843e808a43d21cdfaee7fa80fb487,5,4,1
d1fae75b8b6aec241093c7ccb1a27d3c,5,5,0
ed263287962724d325200bb5bdc645ac,5,1,4
85463a351122352816fc7a395489cd0e,3,2,1
a251945eec0cc0482667c716eab7c09c,5,5,0
bbd8e564f8a7baebca36f716fa4ae247,4,5,1
1011743f27a84fef8503f748cb1d951e,5,5,0
3386674e0363653ac5f71597d88d80fe,5,1,4
89e45e1dff3201529f9f95be3a986e8c,5,5,0
c11770b0aaeeaf11800205df9b333d78,1,3,2
c3b52dc8daa95457b88d258c2ebd55a0,5,4,1
c21fcb36121a9b1c65eed7b20f0862bd,1,1,0
4f7a513a13ed6efd9b603b1590b9ae1d,5,4,1
24bf227d444a1df7957f78e6f03bc5b6,3,4,1
48c37ee80e51a60b382e320467cc9d37,2,1,1
19a3924da2b67dee34bf1f76a7689459,4,5,1
2d3b451fae025eca7a05641e05e452bb,5,5,0
ab6e1678559b60b6e6a7db4837d6664d,5,5,0
717b5830932c155c67ba3232934a93c5,5,5,0
303eb5cb4d788bba757d3b0a2aa5f270,5,4,1
6ce2f6c46900d2944aa402979ff81e6c,5,5,0
a727355acb88d9b3e6e41fb2e3888a0e,4,5,1
02de39953ce1cf1f7c6d46aac400ee82,5,4,1
8b5bc64e2f7c0a6f2e693d56b3aa74c9,5,4,1
e26def18967c8f7038476bbfd3256f43,5,1,4
47435f657d2323e5eb4455aa5bc6a436,5,1,4
a78c0962e6a2425978965be2eabb31f8,4,4,0
e5c14726728e5706fa969a03fa9102db,4,4,0
a2a25b6cdda4df1153122e0300995334,5,1,4
27b3b422cdb2f9f358214ae1b74c1365,3,4,1
93b74681985a4a11ca3b48be35576434,5,5,0
89b229dc09711327ecea7f124b029557,5,4,1
cd8d629b349458e7b1d5e13e5aa54a7a,5,4,1
9b897ee284874f0bfc0174e53c8ebcfb,5,5,0
21d83e75dc0edc8c7aa58b4370a3518a,5,1,4
9a9d4d2b13aef65ec14f49dcf366f12f,5,5,0
a4396e55c140360b67296ee34f56752c,5,1,4
8ceb7c40345d31112e63e0f4624e39b0,3,1,2
1362f8eb7b8f4e07b852a57afc251381,4,5,1
56e26a902ce7881f0a64c34a8192b537,5,5,0
6f21ad30200f041d3f19995a8718cd11,5,5,0
f92b34d1e66d16dfe85adfbf914dee86,1,1,0
ce82f937c1c716589386a8d4d0cb6747,5,5,0
f69cf3b291cebc67406533d345c21e01,1,4,3
6cc170c0199d6d09ed3ae398bbfe01af,5,3,2
c0bc3a7a457b7bf1cef49c366c5832af,4,5,1
0cb25b24a27e27dd18273360995e99f4,1,5,4
c1872cd219ab83c3a9a63cdc2f75a518,3,5,2
f32297601abbfbf31af1384e85636bac,5,5,0
2afbd8a533424d5df3af9277ff0f3d1e,5,5,0
b451d36b7885d0b242a0e8189f3f8394,5,5,0
fe84e8950d87d6b977d9871fd883b76f,2,5,3
1d767ef13195f2cb3337b6b077e1f752,5,1,4
da28a815dd7996590e84c9e51dec1ff4,4,5,1
cf68118a73d946c12f379bfcaa85e9f0,5,5,0
afc22368eeb04afb4727cdec59103f90,5,5,0
1c958182f10d6fcbac7728c8d3a151f1,5,1,4
04749a8c0b72cda9ebbd79d27a0d1e40,5,5,0
22ef9d3714207d9a803bd9acb19fd0cb,5,1,4
f610e3e4a9ad8742b67f429e2772ee72,1,5,4
9b18393baecb1432441d81ce51e14fbf,4,4,0
213d94bed720c45326d1fea2f7fc2b92,5,5,0
51a3d8eaafd0ff4d71132ddaf03740f9,5,5,0
1376e45f46b5feb758e020fd9cc7608f,4,5,1
242a0801712ac98aba33d3db88344ae0,5,1,4
755192d3be0310a52e52cd72bf6f12f5,5,3,2
2cbfb1f20f907bcb72718d2aee607df0,5,5,0
b74a164aa1b796aba8ed356ed4733db8,5,5,0
0eedbfca467b1eca111793663c125e30,4,3,1
407fe646704ea7828e324c8ef7e7e616,5,1,4
1147614ede9ce51acd3fc449b86114e3,5,5,0
d30c22b84ba5239f2ae0fc078be7611c,5,1,4
1de621bc947402bc9becac77521734dd,5,5,0
d5a777d0e1c561e945c9eedce2cad80f,5,5,0
9e8b358ee10c7f0194a7a017f1334dfa,1,1,0
d10471750e335e783fff1bc755988a86,5,5,0
c6196dcf85530e6e2d9eb1b65d0d8e55,4,4,0
47d248c19f5affa1ef2a5b91c8006ddf,4,1,3
3612774010df99c2dbad4a7dbebfff59,3,5,2
3ad3f75989908136712eba79927a805c,5,5,0
d0a2ee9c1866926b3d773366fd916e37,5,5,0
ceb206889bfdb174fa5455fee822c210,5,4,1
d613e5d350507dc43eed8de7ccffdf6a,5,1,4
53b48de8c162b1a00ace27c3c0a9b148,4,5,1
08f6cddc0499702a4dbbd26f2b04b986,5,5,0
543cca75b036b547b2b025a1d896895f,2,4,2
fd0342fda6ba083712b6ed0d4e6ac483,3,3,0
b4a6ef27ed0f4d85919dee11bcff9b41,5,5,0
93b5126582016c562322518b8b504033,5,4,1
7146211691a9d909e75c0b7458b1e125,5,1,4
5d6e04a5abfffe286806a9e6b296eb1b,4,5,1
8203c6a0f836ad28ea9043e6db95cb71,4,5,1
4a0b592d4d6082de8155698ca49c6345,4,2,2
9afc60b16d81f1421b53e9361273009c,5,5,0
a89be75924730a39d29149cc159514e1,5,4,1
afead4c57004d9ef3e766086c1a57f81,5,3,2
6ce285ecc898105204fa22cd55838f01,4,5,1
46d2d651f006b9b9440d1aa37d89c894,5,1,4
5413211efa4372ef637627d1e59d2f82,5,5,0
357f073c68543005a0065892f53ae4f4,5,5,0
1b2e46dc89f67428df456980ad2ed5f9,4,5,1
a2dbd93b24fc7f52962452e1920d2ec4,3,1,2
1d85312d372335db21f7f178c2325c6c,5,5,0
329262a8ce814ac8ed283f9ae66ebee2,5,4,1
fb7f4f9f554fcd3ae98197ab5e81bb53,5,5,0
cdbd981121b82988cdb4bc8229598984,3,5,2
5b15d222685ac39d3110c61bff09b6e6,1,5,4
21f2dc64dc574bc823e5c05420267860,5,5,0
b562335292868936c122b33bf8485b13,5,5,0
16725237f8f6e32f876dfeca7624063f,5,5,0
25f606824a2b8532c1d6a6d38f501b02,1,5,4
a083c58efb31a3ae3e0ec63ccbdc8e37,5,5,0
b9ce9285aa642df4742b9839964076c6,5,4,1
30f5bfc25003d29ee5207083263d3ee6,5,5,0
002834535f7a609a5c68266f173fa59e,5,4,1
3924f091293036f904fe4c2ef928defa,5,5,0
9e1b037882254a396408181e76546b01,4,4,0
7687a7e01201cd5d9a13d6caaf17949e,4,5,1
a2b29ceea06f28d1c71db5b2c9529820,5,3,2
b6e50b69ddbd5210737d0c881056771d,5,5,0
af429aa4c68dea6ce6863e63c261fd6c,4,2,2
53595a8aa421790cc9d2e85db64cb3c1,5,1,4
ada32b6f0cb6b0a58d13dc20a423f2fa,5,5,0
ced5e18d913f7ce60b82578152422dbe,5,5,0
199c544290f4c34265e9b01c137baecd,5,5,0
35d4cbc28ef2f56e83393787417a3b5c,5,1,4
8bc9548dbe844e1bf48ac197c5609045,5,1,4
2eb148d17176fe23318301162e290974,4,1,3
52b6657a05a886dd78d180e8d2f29ae8,4,1,3
561a3b9c8e282502bd86b6504b17544b,5,1,4
8462f0be98b582991e37cc159d74781e,2,5,3
f85406a2bb15eead2488ba5e488dbaa9,4,5,1
fd71e966fa4f37c813b3c56fb077971a,5,5,0
5c2d1d55c31db1cbe069dc9b6454b897,5,5,0
b72afa4aad9d75e39c6edeb6141a3a7b,5,5,0
58a5f1cd9fe00f55e59bce96cdaf8c91,5,4,1
66f2c4c74ef2402a34e32b0156a627bf,5,3,2
71408894cb2412e1f48530b6ec0a2e4b,5,5,0
2ef4a11b6e24fdfbb43b92cb5f95edff,3,1,2
9bf46e862461052ae9ad1134381e63d8,5,3,2
c1331ba0cd03a2a346d54d5fa2ed7576,5,5,0
3731eefa80338e5d69ddd2128dd45fb2,5,1,4
6e468efb1a072c6e6824d7918f2eb206,4,5,1
626ac0ce1580c1c2053b90b0d317f56e,4,5,1
24f18122273caa6950e256dcb2d2f7a7,5,4,1
9e2fbf3b51437bc915ed549c475eef2c,5,5,0
af7b6d2963f03fb6bd066d90ff205dea,5,4,1
a445af0d83713885b6b576796191b1fa,4,1,3
a437e36732c69e10d37e63bacbb1fe38,5,5,0
1e849e4a2805bfa9c4db43379e52d046,5,5,0
6d888f8abd52d2a117f3d9844510d2d2,5,3,2
e61b3892b434215d5575d1f4c1b94da4,5,4,1
3e2e0c0d125ba0b63ecec3768508fbfa,5,5,0
ae335d085e7fb3e027c0943975a839fc,5,5,0
c2d986bdce3f3823bbd8b8b4e37f5727,5,4,1
dd1b512cf445a2e1d58c294c4d5093e2,5,1,4
619dfdf03a86cb08034d2050d1967b17,4,5,1
6b89a78e042eff08232ab1fec808a30a,5,5,0
fc6a74f2fe46e7d94471556385398a1d,5,5,0
4a9e7a4311dfd6488a1501266a1cdf9f,4,1,3
9a610ebeeb1a328f4c7a2ab7ea88ebb7,5,4,1
a24d66d387ac209f98ea7b4eae586336,4,5,1
ef4c4177fd4633c990adb181230e19f5,5,4,1
62a575a2a9f2c005b7ec7ff7dd76d5ee,1,3,2
395cdd6553a4735ca1839ba756f6fbaf,5,5,0
f3e80ce79cc543e78b626ae391d7ee5a,1,5,4
0d88db9608d798b5d604f668ca3c9bb6,5,5,0
40b2dd4813a685a119ff6fd2d213ca88,5,1,4
bec18cf4e07d7c422cbbeca1ba9573f2,2,5,3
5c4e9b69cfdcd45f69531467695237e4,1,4,3
0c91f244ab45cbe4383163d46635b442,5,5,0
ba91b4b93947b208ec698475173402b7,5,1,4
4198c92e06d92792e49f119f659e723e,5,5,0
ef18166b5f1dfc60d75435c548674981,5,5,0
6f9bf4ab497406e0c55eb9eb7a3dcae6,3,4,1
ecbca2c30740b52e3c746a2794609a69,4,5,1
300b0559d2d523ea8e5ba8f3f61ade92,5,5,0
d8d281c1a1398a1e835fdc4adfb81e2a,1,5,4
31f1be86be8795e41ef55b592873ae37,5,4,1
c4c1257d437761ebf697da82b5cca4e1,5,4,1
a87b2dc5f3c007dfa3f6ba803e332261,5,4,1
0b0adccd993fe865dc205586fc9fd045,4,3,1
b4501b36d5c7558b4364a961168f8bfd,5,1,4
ae3ed4faf84063e2cb305bc99cacf219,4,5,1
cf49cb20f726614d8f2bbd281489b0b3,4,5,1
f717c8f177b0e2927fb48196bc6b6383,5,5,0
b8fffd71202e7086dd751c257751b3dd,1,3,2
9948c44a7306b0739e5fdcee5966cc9d,5,5,0
d805508e2cdf3a5b1453bc2eb0371880,5,5,0
cad185f8e286822c1fd551bcfc659ad8,5,5,0
a3e938ff8401d2ab65793e034f9f2a95,5,5,0
3891073d9934c3bc761f151f90f1be17,5,4,1
9888a5d5164497efd85f110e29cac580,5,5,0
a20538d69757be844119c80016394dcb,5,3,2
70915618c90bd351320a2880ab6e7d6e,5,5,0
fc608ec5eadbd9c3b59babdc1f7ebca9,5,2,3
112eb6f37f1b9dabbced368fbbc6c9ef,5,5,0
a8b6cffc34d25d7c6dea874c364232f6,4,5,1
93d1d708e3c14a6565de485c5f62b516,1,1,0
06be8b2c2a6e818814aa5416c3512ca3,3,3,0
dffb9004059a7aa9a84571480d7a1c0f,5,5,0
707d2a86b1e20b0fdcd7a45446d4b8fd,5,4,1
77af255581f9105559c089f67f770dc3,5,1,4
7170c855b98cfed5dc82dc9e9b122b64,5,3,2
24e0c8a6c71a0f631d7bae7a647aa5cf,4,5,1
5b0a937c574c108a5e2359af5665b99a,5,1,4
3e238891b4618a7a2224ea32becc04d2,5,5,0
cdf3be569e5ffb3e78f84d92c20336a7,5,5,0
844bb4883a6197cc8dba3fba3624ab5a,5,4,1
db274d549125d73b0e1052886af9422e,3,5,2
69c4fac0dd4defce2f7f1fbf200d25ac,4,1,3
9da51871b26e9f5356a2544f6540f900,4,5,1
27f77f464517bf38aeed1e2f4ddaba87,4,1,3
48f5a8fa0f281cf8ab2f7905a11c3c29,3,5,2
3d61e9970cfb1669c490645d74bf7405,5,5,0
963d2768670ecd5c585e20b21a3d295c,5,5,0
dbd51aaa65a18413d5c1a97a0bc41bf4,5,3,2
e793ab3ca23d5c9cabf0278e50dfa41a,5,5,0
9781bfa503ca3104435070afafacd54e,5,5,0
4eae2c0464a15323f650d829daf9b778,5,5,0
6ad40910813e5836d9698b103b222e65,3,5,2
17abba481cb8e119c2d2fe55ee7e6bee,5,5,0
9acc2273b31b949190b1e828d326a926,5,4,1
a6ade711f329afba041f4c8cfa9ec963,1,1,0
92d4f9af8eda394387d3eb1ad200780f,5,5,0
332cccabf2107750bda6430e1696198d,4,3,1
b2452c55b7dd1d12fca2480a7dbde11e,5,3,2
ec1bf6be538a31d3b13bfa67d87010ce,1,5,4
1ff6ec2c3e9d8820643f43696482d2b9,5,5,0
1aa3c5dc3d9668e8fa8a0af87a8dbe55,5,5,0
4f484a232ce76de5a28249a74faceffc,5,5,0
06cc5452c0a830d345b93a5385ee310e,5,4,1
d28b9fc7e25679fbae70211d38a44518,4,5,1
7e0527f8f130007faef1d379fe7644ad,4,3,1
22a409aa094a6210e26006088a346124,4,1,3
972e7938b32b93b78bf5faf4358ad5fe,1,4,3
4d7b4c89f8c9bb45857a3fa3eb4f0272,5,5,0
a59244db9c00a55a76803349b21f244d,5,1,4
218ccc84d9bd2cf98f2bc246f70f91c8,3,5,2
61af896f4ec21290693a537f0671f6ae,5,5,0
583bf04daf3f2e41c6e2522cc467867c,1,2,1
93bfa8d308b3feeb69f9ab51f55b5987,5,5,0
fbc212270a939b78ed5c8abcdc365ecd,1,1,0
ce1ff723c906d3afa568e154b0a0b303,5,5,0
f6d56532c36ea6f092b4ebec8ab97a54,5,3,2
d23cd4e593b64b8b4d86ac59181f1c75,1,1,0
42cf52638c4c3e8d85390b79d1bf7998,5,4,1
a7c6365fed8c291cfac8b74f173b7a4f,4,5,1
24314a5179e85ac61885767b0a94a0db,5,5,0
3822b25e989ac059e7f232678b67a465,5,5,0
3f9666fbcb3490ff8c1f0d2b826c32db,5,5,0
56065795dbb3836e5698286b78306226,4,5,1
655a5b69bafd871b61130f67836142ae,2,5,3
bb4eb3e71b30365a580e5a718bd8d1ae,1,4,3
5dec6c7bf0e703f21f033724925a62db,3,5,2
2b7715df43e5e353fabf1846cde8529b,5,3,2
8d23fb4e17833d8bf866d3ae3481a3cd,5,1,4
504a177139942c6e3aee4be10accaac6,5,5,0
581ca172b817d8c5626a66b8cbfe11e7,5,4,1
275b46c1b462043f24768a0b168bc654,5,5,0
6ae112d3d80d830e6e97b777b24b4c56,2,5,3
b4785764380c08de311002f4a12e034b,5,3,2
61e0716d18d338f3eba2c3071e982f18,5,4,1
b1c51fb49ee0d5934e33c77c603e6652,5,5,0
6f078a846f0427e42e068e545b56efdf,5,3,2
6e11f5b6972e1b602699867fc1d5b6c9,5,5,0
964d7960d6a2fad0dbe19f9365bfac2d,4,5,1
9c957591bcb898e6250cde437b938d95,4,5,1
735dce2d574afe8eb87e80a3d6229c48,5,1,4
ca43f8e8a9bf6a143bdfe24cc9fa5c1d,4,5,1
b7aa83a69a04aa716998638c25f6a365,5,4,1
2d56f831faff17de02fb49d2155fb2e5,4,5,1
01235dc626dcf13283207ba7f36a959a,5,1,4
64d7f23b722e9e54a995c7500c4926df,5,1,4
d4b4b8d55b203dc85ccad823014fbb34,4,2,2
20512b4674a770930ecdcd3634e64cbe,3,5,2
a53b8f28c69f039a8d9ce5c30b7367a2,5,4,1
2ae00ff32b724a74e37b8264ac4fb85e,4,5,1
6508ccfd77b6c1684614de32ac787f21,5,5,0
ca096b7aaeb4fc794c0e4e8e9ad8294f,5,5,0
8ddbee86a9602f49e8e932c46cfd751e,5,5,0
86f326cf5027a4aff831e2c80f1b383e,4,1,3
4383f393667331c267d9cdce510b849c,5,4,1
29dcc211b6fbfa81282284c9dc344da1,5,5,0
0a297271052d25a8fd815cd06ec90aaf,5,5,0
e299d0b6b42a62df652195edf2b551da,5,1,4
7b435354ca15646a010388cc18dd2c20,5,5,0
13188f2e3cfdae1480d1552e58d19d7d,5,5,0
14ee9d8441fc68e3674444fb41597e05,5,5,0
13f13b57aacaec347d9d8f974528cf62,5,4,1
497867927f8b7eca209cf8a7050711e9,4,5,1
6304164a7279cadbe75ba08fcf6357d6,5,1,4
7cb7082833b403a3d40a1596b54f2fba,5,5,0
6ac7e852b9acd63429f9b6ac61ae165a,5,4,1
47deff0f69fd02d0085bd77d6c9c0181,5,5,0
7634e73e9ffe0ab30e3e99dc3f5a6d1e,5,4,1
12376b5a59bae892cd083a87b57c0bc0,4,4,0
ddd1cd1f0c2ecee8f709cd6c8d22daab,5,1,4
dc9b66f791e6bc0d3a44e2c513a1d117,1,1,0
a187f41f4cc3a98eaf1e82f8b79c6fb2,5,5,0
64158e0be1de0bb467aec3c8d1e25df1,5,5,0
850d4ef35655e814bf267b10bbd03b3a,5,5,0
a11a425bf8a1d74271b19f31a3cbe76a,5,5,0
e8f71e64bed96d62e918b32878811d1e,5,5,0
90f56b2ed34b8c5f56dd1255faca84e1,5,3,2
f1bdbadeb03d8a0e4c6c2f3ffaf32b35,5,5,0
e0f9009cf0a83fa9341d61e7052a6e5d,5,4,1
4df92d82d79c3b52c7138679fa9b07fc,5,5,0
9de18154654e59d76a22157b8e439add,5,5,0
ecbab81179cbb13a351e75f9ba7e602d,4,5,1
d2adf5300d2ee5f376ae9bdd68f7723f,5,4,1
9f614c4a6839e4c60280aa7c70913658,5,5,0
408049720996030bf12798d1338df7a1,5,5,0
a476fb0537849039cb122034488f8ee4,5,4,1
652e395eca81cbe843ef95202a101cf0,1,5,4
881d60b41ea9627a5428fb78693fad34,1,5,4
495f56726168b6a736cc1220b7d49be1,1,4,3
7d2f60154f0f8219ade132f874d2e500,5,1,4
467fe7e72b99534adc114568a39c8102,4,5,1
0c228d925a49aa5e3b35febb948f4f72,5,1,4
efb4d60fb4f120700df27e9032a18b54,4,5,1
0487b772aa23074a39079a6967041b72,5,5,0
e680246ff33f65fe221f0e11128a4778,5,1,4
84e6078e0615be2c230b32c857152bfd,5,5,0
29f4481c82fe8804ae3de770fd4012aa,5,2,3
0c80c82bdef7f227e7483cdd3c94f697,5,5,0
5bb6be5ac31d6ab742083dec19b729c8,4,5,1
404d71e18721243380c994069a7f411a,4,5,1
8a6b47967a3590fb66d3b0a503b7e155,1,5,4
2af1664ed08d6f1bc9b2c0e743cafded,5,5,0
d1a400ce562574516f7678085b06cb43,4,4,0
76600853a200fe87e141adae6b35674c,5,5,0
35152cb67f98c4fdd13067357f357b27,5,3,2
67e5683ee43c8f5d4c0b46f7f8932ac8,5,4,1
929244ee19bf60f57d300c49dd9cb3b2,5,1,4
bee08350422327a5173380c04d5e9fbd,5,4,1
17cc50afa3f8797f14bf500a65230845,5,5,0
2e0900f25a11a9802bc76d2613b1144c,5,1,4
4676e642aa92a4ba1131e935a2ac6246,4,4,0
5e2dea58328e87e7d6a29ea1f157e287,4,4,0
33526a04c7941ab386cc410962b171a0,5,4,1
488a68f9907cd07802276d560e7f7a68,5,1,4
7483928c3fa3706bcc1777178cb1793d,5,5,0
565c6c5797c586709ed3a67c9abc0223,5,5,0
02c8da4642d8bb546d022a0701ea1b5a,1,4,3
19018a1b097164d2fadb3018902f3221,5,1,4
e6c9b642d368d7b255dab2dd301c5f45,4,4,0
0f375a22986f5561dd6c2a22c86c6b25,5,5,0
a2537ce2ae2da31262ec49c1b83cfc78,5,4,1
7da4f8ec54a78572fcce6797f62cf1cd,1,5,4
c01a70853733229479ca41a44c99b5fe,4,5,1
7cab0843cb15d0cab47c402e5ec63d22,5,4,1
cb233c021d1912e8f7d4ccb5153e0174,5,4,1
56977f88a655bfbcd1e8f20a20959f5b,5,4,1
5798f00aab0a4ab662bf6fcb12632d79,4,1,3
4cd51713ee492e2d1ed57e6db22876ae,5,1,4
22401427638873c7bd3cffca5c9f38bf,5,5,0
bc439ca267cd182244951ffe206f4feb,5,3,2
0b685cd6f272b410ca1a0cd1fbf0a548,5,5,0
bd2ab3fcfddf81da1f31148c3aa7bd4c,5,1,4
9fec962af24505f0b989965945c1fc64,5,5,0
852caeafa74327cfaf00268125425cef,5,3,2
1e454110fa14e6f2c0273c624515aa41,5,1,4
f818a0090e91cbb10496d6bffcf1ae3b,5,5,0
6cda04e989dcb90b7a42f11b3638d824,5,5,0
9d0ead55b274d0c21fe95108b4b3ffe8,1,1,0
17c8db71a75ad66669e25fc85341e6a1,5,5,0
3268eb4ec8dd57e0ec471da34e35f5e8,5,5,0
b8ca5c17e73529b3e763b42b5e1ad575,5,5,0
d27c2efd9421cde0945261467fb1a025,4,4,0
b804f2f3be682c81a8600da13d96951b,5,3,2
e23b12899aef6772719cbdb98dd5bf8c,5,1,4
4289c523d9d7daf854afd779579d63dc,5,5,0
c0d0691580b4aefa924ed59260eb09d0,2,5,3
b9dd3c9858c240eba0ec042ec9f47c01,5,3,2
e2d5b94a4565c77d5c35af59bb8eea79,5,5,0
3fd2328e67f3fa7eefe3738b5eccc86c,1,5,4
92f53cdbef0f16b315c62faa337c4672,5,4,1
2f9476263ce8bf1f37045cff473fc886,1,5,4
45a410b9ee5e2362f406a525457778f9,5,1,4
a8fe5267370ed0ed458f4fc1a032bf7e,5,4,1
e40432477b0a9de5823fb1c0fd293a5b,4,5,1
737513abba391330e69fe0383703d447,5,4,1
a41222506c789f70f25201004288819a,5,1,4
c5496b624a2992c280191ee51a5f0650,5,5,0
f2d5ab09d0a8af8a6c3b93031647b532,1,4,3
960f1dc42251b4fdfa41d260f5c8e3cf,3,5,2
793edc24e4e9b6c0fbb5b63b1c07910b,4,4,0
ee54096fa354f3c094340f246236f025,5,5,0
63f8151f2afc1d5465d47f4c00c029ae,5,5,0
da3a18a5159dc21786d4f6726fcc51e5,5,1,4
71c1cfc3a3c729ec550ea6b07cf51eb4,5,3,2
d22c571279d3726b807c6ac4562a3479,5,5,0
8d10435d438f4f2582d83a8cb0f007ad,5,4,1
7ab25586eb0423d8038091f70b35a4a5,1,1,0
1248580ae351357ac7a36fc314df5268,5,4,1
a103620b14c5f66c4a0f9c14a1327377,4,1,3
1c1d7c04efff33ea9ebb71907b576f50,5,3,2
020347f6d056bb4209b3ee4711d25f1a,5,4,1
6c0819b0edde57ca00841c3d2092bb34,4,4,0
d73c0976dbad3c54466df6b139b1ef3d,3,5,2
d0c83ce2e7f68e33188bfa7101d9ec06,5,5,0
5997512fab61ce978490135668b02aa9,5,5,0
45c5f1ab99efdaf580f4d57769aee540,5,5,0
a9f77c0325604197d9a0048d0dcad33f,5,1,4
0a3d9f14b1781670b56b1832ba291095,5,1,4
6d2fbf76787b9f35b1f3c3835a8a6a01,5,4,1
0006ec9db01a64e59a68b2c340bf65a7,5,3,2
d813e348dc770d6502142ea26ace4156,5,5,0
a908872306574c9405b29a838aee5521,2,1,1
60b17021cb20c803ad265dc1847f06a4,3,1,2
66dbc9ec3eb2119ce225357587599804,5,4,1
192799f07e375d72c4437c3a1bf074e9,5,4,1
079034c04662f3d7dce287df9e4e5489,5,4,1
7db0ac143ad1d1fdb64f9ddf710979f2,5,5,0
0475d054d40280dfba750663c9ad7a0a,4,5,1
c86b551898ce7979ac5f0ce6a4ed3bbb,3,1,2
adc1270afd7fb1ef466f8ee66cab3773,5,1,4
5065dc0da187940cd74472e443c1ff65,3,5,2
893fff1e0e8a0597923ff86966aac6d1,5,4,1
04c2b3995f83a3db2540a9217254ef6d,5,4,1
21094f6fd8017c8b7339040142abea71,4,5,1
908fe1b8b7e5ef073fc701112c902111,5,4,1
3114c613f929e41052d2b64661080c44,3,5,2
63fd927963e60a8c2f1baa83431cfedc,4,1,3
d7db08dbc78c01587c1da8ce08e6269c,5,5,0
f41a94d6c69bc6a77e342c4a43f14cdd,5,5,0
3304b73bf1a8b2f1e44d5cd320476582,5,4,1
0c2cbbfae44e4f2bd7c747a2c2b05bbe,4,5,1
e1bee8e7f813a2a119a1296c6fafdad7,5,5,0
681dfff7b99a142f8add974aa7deab83,4,5,1
f8be452a84b539d25445efac063ac421,1,5,4
2e1934467537a71d1ef09726c4c27b11,3,5,2
2868cec2c0d3cc29873e13a46f55f532,4,1,3
7be3a5089c1dc43a6943bfb89a249b8c,5,1,4
57261741e78d278aab2b462220b787f8,4,5,1
090353bbd0b20f65c374b389aa15dcf4,5,4,1
10a44d7bc8f54ea814e6020e0f3e5fbe,5,1,4
327511e31bd17e390fa2ce6ed4a64535,5,5,0
ca68062131377687e13cfb41842fbac9,5,5,0
5651013318bbb1532392e6d03480e88d,5,1,4
4c64f4f7a59f7092060cce91b033d7a9,5,5,0
4797c6132f890b44c782e3e3518b68ae,5,5,0
a1ad06d866647a0b9ef51b831079fda4,5,1,4
44c497744f3f3876b15039fac1716dc2,5,5,0
1fce50c1831b6809773e5020edc716e2,3,5,2
cc03f6907e3230fc27f728ed4e977534,5,5,0
5750176b86face010c6348ba78fb4a99,1,5,4
86ea637df14082deeadd7600d8c3ca98,4,5,1
9ca29d49222112b86ede739f9a9dfbeb,5,5,0
733fd3fbb07ad971f1570aa18efe747a,1,5,4
c51ac8cd56af613cfb3e2c369123b13e,5,4,1
53c71d3953507c6239ff73917ed358c9,1,1,0
2b81ceae14ec578d18655477c0efa3e8,5,3,2
53cdb2fc8bc7dce0b6741e2150273451,4,3,1
8e029d51bb988ddd1e92385dce8de59a,4,5,1
e84f839667bdb61865f74a90bc11ec11,5,5,0
45381c01fd8a0e60c741a9cf4736ebbb,5,5,0
b36d9c84b0033e4366759f851db473a8,5,5,0
4d02fcbcbf4a19682c0c09fb8fc8005f,5,5,0
b207eee235e171e984b26af758b388d3,3,5,2
ad1b9aae3e8a03190849a015fd26429a,4,4,0
3307fa374be3286d440dcd94dd5d2831,5,5,0
110d9355d6338eab0a65a0cacdde5434,5,5,0
5e0ff060a686922559e33f8dbe998e41,5,5,0
bd6d3b7e4f942dff1e9731788271d31c,5,5,0
63cd4c6c97737eb374e4b09ed5c1379a,5,1,4
fc62bb19d9570fb44bd3ec979a890550,5,4,1
d08257023bba46fdf7e3cfcccac606b8,5,1,4
6e9cd3f36a1e951e29d455913402c171,1,5,4
ffe0d6b7d4772a7380978ef7f0885b89,5,5,0
ebb499c608d356e59ebb827f62b25712,5,4,1
10119d4db66b009219ceafdedfe38741,4,1,3
922aeb0ac07d644471698222684ea285,5,4,1
1ce8d14cbfa55d85f3009438ecbd792b,5,5,0
7ea0402bb982f8ff37a8a8ef5adc4786,5,5,0
6633cc9b9695c1fd9c51bd5afca04286,4,5,1
f38bcea38944dc89223a23571a1207e5,1,1,0
d4a27413b758ce1cea90d005252591f9,5,3,2
9dcfd5e81815f361cac59d41e752483e,5,3,2
a27874560d28be4b067361438e6ac19f,3,3,0
5daa414749c292efd9d970aca5097a8e,5,5,0
a06a785eb10dc081b633142ea4f085b3,5,4,1
ab4e9c7509c66adaea2fe37d7e1537c4,5,5,0
082730bdb06cc2b755fbb33becd6ccec,5,4,1
c93fec125b9d71dea70c1fd543683ef3,5,5,0
ab4354630db26a599455989a1091e50f,5,1,4
9dcc4e7d4978e71c0c8c8562a72935fd,5,5,0
a86a34972a168f819d4e6fbf8d07a264,5,5,0
633f58f88ccc534bb2b5bde5459217bf,5,5,0
26b5b516adaae71986064b4cd22076b3,4,3,1
428cc5c73a0cf1cc3dcd64c660c85e3d,3,5,2
50703a5cdfb2b550cebacccaef68c958,5,5,0
7b598857cddf46a156640f69f70a6e6d,1,1,0
14def5e6b6021ae117c181c039258033,1,5,4
697fd318644f987187c9cde4ab05bb67,5,5,0
9e98bdb07065bc0ef966530ecdc91ec9,5,1,4
26d8e1e269a4f8603d993f7aba37a207,5,5,0
9ab1853460522b70139bf63d6715f4c2,3,1,2
b32226e3b83849c23551e39452d562cd,5,4,1
1fc6f36a09a4afd9024b0cf47d52924e,5,3,2
a024d7476a847e0453984eecb8be6076,3,4,1
99e33e27f532877aa1da2d36a5d88066,5,5,0
5b170e2ca414dba1a026afb280420501,1,5,4
f45cca2ab70bbb7fee0728559468cceb,5,5,0
5c0623ce8050c2cddeec3575bfbe0a53,5,1,4
ee3fad68d0f56d60e91a2363ec879e44,5,5,0
ebb615f4359b27e961316b3959532f6c,5,3,2
5dd074a5f6674685cfe723e7854c0b73,5,4,1
d5068130956ac251d7995450e9627aef,5,5,0
935cbf337f50d03fc7ecfb5a601dc7fc,5,1,4
57234dd70be5134da4994cc77f7d7693,5,3,2
bff76a871750bd5f03d22c007cd7d26d,1,5,4
c13a31bdadbbd5f75b449c0ad554088b,5,4,1
f70f315a383a7e0d4f253107b5b34173,2,5,3
7243abbcc141cf4109c70f6bfbd736ca,3,5,2
f7d991e51703014752000a5a1dabc152,1,1,0
1a10e938a1c7d8e5eecc3380f71ca76b,5,1,4
ce101c122a22608be5d6ba81b4a08080,4,1,3
d6559cf575d2b2a2ca5f8c1932094e70,4,5,1
7dc0c9624af2f70f84c310c126aa2d40,5,4,1
238652e39c5fdf89a8fd44776f532501,4,5,1
cf020d5028c46dbd39ec2f9345777cfd,5,1,4
e825453884c3b7c9b5837fa547c8f9f1,5,5,0
2783cfcf916c2cef168f19a7a2e45e45,5,1,4
1c11733dbdd5bd01b44d43c1ea15d09c,4,4,0
f357366b4ead4d267e1dbc2454e4a475,5,4,1
fe850e3531d2e102d8d58b4403fe8069,5,3,2
618b8ec3c995dcd438feea3300bba0cf,5,4,1
6ae79bd97f96c215a9711c79a6d7a192,5,5,0
bfd57b73f299e0d78761611486a49de9,5,5,0
df7e2759236fdf704508c65069fb6dbf,5,3,2
5b3eecddd7b10744360abfff7a6a74a4,5,5,0
6acf2b0f288195a72858fa65ff2c43c7,2,1,1
abcf5984d3741238d9c49184b7fa5941,3,5,2
91dd5af14efa32795fa00503841506c5,3,5,2
7c3797b7f047e4358a5b2f9b9cf2e927,5,5,0
51439e5635af258945aeca18f5a04edb,5,5,0
f645bae2cdb36f1fd4b912724fd610a4,5,5,0
48182f93c2c0bc28cb145431fa5bcc16,5,5,0
c6094f6ab0c25eda761622ab09aa423d,5,1,4
bcdc0a3ff14ce03999d56620cb4e1a01,5,1,4
3bce97659e11778172e62ac0b440cb6c,3,5,2
257a0d5445d4ae131816384009fbb954,5,1,4
31a2886d02ad2127bfec204da2e93b66,5,5,0
70f565643fc6912f8cd3a42456be82a2,5,5,0
5fe5d71d980a06a81a0f27c614ddf0a4,1,4,3
5f3ce710839dcf62389d5187ece2d4e8,1,1,0
5b7c23b7f4d719e14149384a48264dc5,4,4,0
15d19cc3fdb1b3bdea39f23b8f3a7a11,5,1,4
6b1c7130d5aac7f42b53755af58fe82a,5,1,4
80b5b891e5c825112137c3ee080e5db6,5,5,0
9c6fa2375d04ebce9627208eff6aa01b,5,5,0
3bc21ef8ec2cadd7703b05a26cc51b35,5,5,0
5aa89bb7eb1a8dca4d70fcd37878c8a4,5,1,4
915a2730449787ced8fbbc1794ca7d0b,5,4,1
82448518c158621499c410430165ac1d,5,1,4
7802207732bf2bf55f1994667489339b,5,5,0
7877dbdb45b5fe2dcaa08551f96048a3,5,5,0
8eca0ff73474c8c18f8daa7603c1cff7,5,5,0
d3dd51abe467d226f8be61f48388eba2,1,5,4
31f6c998a06ef0003c3355f042b8488a,4,3,1
013aa6ba5077072401773f83f1ee6408,2,4,2
03b9f7dff4b5e742b0593472f28ee9b0,4,5,1
f5967f0a9a614d8ccb6b2c1c16bde5ed,5,1,4
c5c9e31d0a32df5f612ca8f9b04f8574,5,1,4
6eaaffffd1626d0920aff38b38e70acc,5,1,4
402c61cbd327813b4797dfcfaa08889f,5,5,0
4218242a28cc771a5fbcd7f4e56dd02d,5,1,4
b1ca84d7c69ec44b1b45786605a47832,4,5,1
9d85f63ebf2543ff0cb9d3a3bdd7ead8,2,1,1
b6e190ca29f9376b0743c8e68506a565,5,3,2
a86cb65b0731ea40faecfb11c9025045,5,1,4
79d78a9ea5d396742c0efb562c68e2ed,4,4,0
8b0d9469bcbdd6061d09db72ad2a1d22,5,4,1
68f730bca7855a941b075dfde3e84ab9,5,4,1
8ba726c808e76426c3ed43efc7ebce96,5,5,0
08cd76ff1d27c6e6c522bbaead822fd7,5,5,0
cbfc4f1ebf8b2f4362a74b61505e34fe,5,5,0
db6dae09bac5138ab59b6d6c0a1c5284,5,5,0
18d2e92302e58abca7cd07fc8ff2ffa3,5,4,1
f6e6d4ea8fa36e20a36c71352a2422b3,3,5,2
ad670e7892e2b2f7f757b3c383d9ab35,5,5,0
d63be7e22203c9628413a27ac9394ea7,5,2,3
633500d08d4de68291b91ac828ef3961,5,4,1
1d771c735d9b9bb916e1dce8ef5c6c08,4,3,1
8a7c3a3a48dbc1c76fb4e7e5844d5584,4,3,1
86a6d09b2d1149ef6c9e0f8bf09d3a7b,3,5,2
ab463224aae0075d819f1a6a7d99e9ab,5,5,0
85ba2d8c74a7f713dedef40f2d926fd1,5,5,0
2e3d2ade3d9a549848f6a576ae8f9da2,5,4,1
6d1a62fa0b7ad62bdea639088be1e5f5,5,5,0
e1ddde6d32d1576c0f85464c2127c908,1,5,4
ee72ce44903a7907d3c84f46ef2dd863,4,5,1
36e4e23cd12bdb0504acb89751e85bc8,5,1,4
663d6f01237b7d9d1257bd3ce460af4b,5,4,1
5cf4f1db71ef2896c0c286637f7dffd1,1,5,4
7ce20b22753ccc86fdb3b6f7efefcc75,4,5,1
6ac81ce742f436d1d7de699cb7355a81,5,1,4
c22f6ba7f27b03c0882d2c2ce2a3f3a9,5,4,1
e3a3cf20ed164fa04fd9d5f905b4f48d,4,3,1
f52085b82745f88592fcf7a4a4733949,5,1,4
bf605ab91479a9fb68eadab4406c8064,5,5,0
c7dc7be67e857a6c64557d42383dec8c,5,5,0
3d28169cfef7d5273f7a6f7b1597f2ee,5,5,0
2f508dcfe7fed8d13639afe310df65ab,5,4,1
fbf7da560930fa17715f1fa8e0b4ac81,5,5,0
2aaab7e991347226dbda1f61c6785f88,1,1,0
26468ef199f961b657bd9411810b80ea,5,5,0
ffc730a0615d28ec19f9cad02cb41442,5,5,0
8f3764cf2bebf60ed4e426faefff6ab1,5,5,0
e439b72b2d1f22819e11acbbc8102216,3,5,2
f2d87ed38676765184a73e871a9e3ece,4,5,1
bcd49ab05abcd96dc60591051df6c81b,4,5,1
1c4acc151bb811f44df88e95d31288c4,5,1,4
6a78b3062a561085f98b76a5a0eea516,5,5,0
1d8c5225cf536be1cf53c5bb8d456e7a,5,5,0
2e9d5ee7d598619b69bba815527c91ed,3,5,2
4f080f85daf0d53e2757336275292310,5,5,0
07bcb0695fd4e3121e2fae21fbef3d28,5,5,0
6651f029ead38cdcfbbe495f5cce1e4a,5,4,1
aef6b0710f2fdb5f533cb64fc94f2fe4,5,5,0
6c355e2913545fa6f72c40cbca57729e,4,1,3
c99bf9bf2c26094ff4786e6bf919d14c,1,1,0
8d041d799681ab5221f1fd956d1d59f7,5,5,0
87ddbca935f5971922d9f64a5b8a250f,5,5,0
46b54803053a4980508c20a1927bd9ab,5,5,0
03798f08af4c622b81b2c8f46c8bfba9,5,4,1
8f9be3b3799b30feec4b8f2f628670e5,5,3,2
a5546177a26b3a3c1f39c7c7225a0e75,5,1,4
9769f28d910e7304d7bf0fcd32d8ecd6,3,1,2
4ddb370d653e752b4440027fec64e3e7,5,4,1
9a3492f3f18d2b5cf77e8ce369f84d80,1,3,2
96fac65dca5efca83efce7194c1b8605,5,1,4
51f35f39bf5cf70713cb1354b2616e07,5,1,4
7336b444ed0c3b2431e2ec1e3f4ea91b,4,5,1
d264d651c8218bc064f4b44d3c06d9a3,5,1,4
807cfbea3c04fa82a5bfda36d63e88d6,5,5,0
71435a06cf53842e055368f881a38b61,5,5,0
a0e5d064377d8e6cd6a615400b70bc55,4,3,1
a3d09160e24a1850b3ab0d86e6281ab1,5,5,0
95090e36b7613cf8e45f25317cae256a,4,4,0
8a443dafa1f394bbf651877a75e5a2ce,5,1,4
152c82feee7072e62c6496ad13cc188d,5,3,2
bb4fde546bfa4ba7795ccc8f24750fb5,4,5,1
9a99c1f97699ec839f7966eb7c7d5afa,4,1,3
fd4a2838bede5695c44824f56cd274f2,5,3,2
1e28e69f84e592969c53f666961fb156,5,1,4
5c21b2e93c438ce5e3f2c7ee2776922e,5,5,0
11c9715759819d9b4a3b7708111b3a74,5,5,0
acbd43df296646b7b242d1e25b18a646,3,1,2
e316d83fd9aaec07226cb3abfcf342d1,5,5,0
8c1d27c10cc60cc369a428813bb71350,4,4,0
161dded9453a3c4d5b6fd484128249a3,5,4,1
5a6566ca1aa7d313e6a34e0443e32ba1,5,1,4
00a1e977cf6e672402963940db55d919,5,5,0
09ddda124332d6c2489fba71284be7b6,5,4,1
2e13edafaac2c078f2cdbfa481171fd0,4,5,1
4461b95e70e309fde34dd20048ecc0dd,5,5,0
d01f15491f3bc2e461d13e32f03978f3,5,1,4
f2314bb87d6f10a76f4a5d73c19487e3,4,1,3
54edbcd83d8fbad3487e450926ce78f0,5,1,4
46bd1a27e10461c5139b6c7fc349b6ec,2,1,1
d64d6b004a4ffd419003fc0a128c1c50,5,5,0
93b809efac80a94ce0da59f225038517,3,5,2
b28172a3fb839825322c132046f1bd8d,5,5,0
f4c004e98b41b61d8b656fed541bbd99,4,5,1
f25fb554c12314110c2c14a22b7eba65,3,4,1
02efbfba398618f44f8c4097d6822ddd,4,5,1
5f660ee09541ecf33aebf89fb061c4d9,5,4,1
d995bfa6db04d756cbb7368ad277887e,5,5,0
7ad517358a6ed9836dacf1bd7cc9dab2,5,5,0
43f65aac05e035a88e4479f89cf12ea5,5,5,0
5ff96c15d0b717ac6ad1f3d77225a350,5,5,0
dce9a381febe6ed5e017df5f134a8980,3,5,2
afee33d890fd033519fe6309de74c611,5,5,0
d1e7343d9fea35ce6330478c84f0fb7f,1,1,0
1a246d78fa3f7c563a0b27ea0b1639bc,5,5,0
6afd909a05ed31cc089bc63300ffc2e1,5,5,0
1a0ebef87017257e3f6c7f10e82b20b6,5,3,2
ba4de00b613fe6fce59f7c7d81e49056,5,5,0
ae33f39181d7f2c55b9ac5ea4e784173,5,4,1
b4f0e735d23a1ec6a012fb7769cb909f,5,5,0
8e743fa5bfb68898e6435685df2c2fd5,5,1,4
f1fef02958f49028cbdab162242010b8,5,4,1
4c6f9b20086e811c15722d15f8becee1,5,5,0
97a0c3698151724b828f425d511d224c,5,5,0
9e76ee631c399b238d8407c2f437613d,1,5,4
0ec4af8420f96af137f9b52194956497,4,5,1
8062490d9761653cd11d048a96f875d4,5,5,0
bff370f6b528410596f33e9bb8ccae83,2,5,3
da1bf4bd73b666e0f4173221301aaca3,4,5,1
88df6b44c27501b5e7af076d193440dd,4,3,1
ca2b3adfa13249c87545515d1f9a4156,3,1,2
d78bef62e60a0f652567877da822b8b0,5,4,1
25ce89b82d611789988bd8dd3722c6af,5,5,0
2d7259ea0267605a75c5d2a55c1470bd,5,5,0
72b96eeec6f77bbfdc38148e46667c01,1,5,4
0460d320a0a3d5a59cbc08636053751b,5,5,0
8b2f2cd82e97ed3395472c59926813f5,5,5,0
2d9fae00e8fabe4fc6128a1d8a527aeb,5,4,1
4ee69609938fb96f9c99db9382d6069b,5,4,1
64a0069bcf4240b9246d1f9b7ed61825,4,5,1
a96d3bc5d1e3315554ccd38f27ff5ef3,1,1,0
5334444552f36867a1bf5cc0f4d3051e,5,5,0
b17b0e273b31b9bdc4c86d55ce1f2b87,5,5,0
e299b9edcedc7009ca224fb5a856afdf,5,1,4
525e92612e912b7ee6e24ae17bb4a79f,4,1,3
c516d2f709c6364f4972d91c96569568,3,3,0
4db13e29abf6d3e8e492111088e60d9b,5,5,0
676041b8a5301ce900ada76a777fc3fe,5,5,0
9dff95e63c4bf04ca285c9e2252f75fb,4,1,3
2d9196aaddb5713a576a0f4acdf102a0,5,5,0
be65bdeffac02d6d8d3b667875e6da05,5,5,0
20e2af2e88f87028e067d8f71a7ea84e,5,5,0
59494ceaede0aabe7fddec5bba98d95f,5,4,1
594d1d0caf1a2bb2d2d95058d9e318cc,4,1,3
0f1a032292563a581f27eac807f97a05,5,5,0
1fb291320c9a5276869ee9f50fe885e2,5,1,4
6f2d988a27fa7727f74225e3ad4b0f15,4,3,1
6e5f1d377726554b0f65e0efce15e195,5,1,4
2e262f84377397dbc00ac6781ccc1c8b,5,5,0
97d6ed0a050dac6d990b16908ce0a5fa,5,1,4
3f156a4b06647bd900a87618d08a860e,5,5,0
f2276aedc1503afbb1927eeaeae27a7b,1,4,3
04e00ba23c33890eaee39b02e8185cc2,4,5,1
55241c40e4d2ee72be056dc4d17acc5b,5,5,0
fa3c3ae82babb19297d2368150fa2929,5,5,0
89386a239475a1cd440505e7519404cc,5,4,1
51879b7474407f56048b6c36cc3e263c,5,2,3
0ebd409ca379ce0ed8b24e8f5a59a8ea,5,5,0
f02487424b729284accf169173a4c240,4,3,1
46539a2a7ba12ec60ad78ead51805b26,5,1,4
30572123f2730cbcda9ff3acf4b879e2,1,5,4
cead26525980a4c3b2709a02342422c5,5,5,0
84f9f9d8251eed3b45a627d105aabe44,5,5,0
88ab23508366bde2dc715c9f05236499,5,1,4
fa9149f35155659eb319081d8e6f74af,5,1,4
30a18df212b45e1322b6d81521786ec4,1,1,0
ddc6156f6a074fb9937e7f079dd758d3,5,1,4
e061774175ff51ccb6cfaeba1bd08121,5,3,2
b1737a1ef657350ee5e90c4035ad2aeb,5,5,0
1e67200d1a2ae06bc9830fa7b62d8b85,5,5,0
9f45b5e1773ed29430665b04170dce4e,5,2,3
a698966a44dec5eb80ac9c132b5d2a53,4,5,1
4154d7944db36e9140645486ce34027f,5,5,0
41b77be2144c06162d34e0a18f8f15ce,5,5,0
2b1db95ad7cf165f885e51c1abfed43c,5,5,0
f958e896e19b3e92364e0c7b9637c144,4,4,0
4e72ed892eda314d6c577450f3213a14,5,5,0
b06d2e18ca56fb3cfc0d354ced901371,5,5,0
b7e65c7d814aa068f3b16bf2a1299490,5,5,0
9341b903f73c4e68b67416d70236ca6e,5,5,0
77ed96472e1b12ffadfab397ab0b6ffc,4,4,0
ccd47c1bcae014534a615ca8dd261e26,5,5,0
150f2572fbbbe11b5b9532523f76b0c5,4,5,1
ab9a2911bde46933de19f0eef001d3d9,5,1,4
b13a04ec39b8bcf8de9bd5626347937b,5,5,0
6c18e8919d8c368f2074946445b35dce,5,5,0
416c0517339b4d34deb72cb7adfd908e,4,5,1
d56f099b822d5857e1d02f660db4a915,4,4,0
1c3b99f2a6624348fb0b733c18c15440,4,5,1
60a7df16f9a8d8f38bd974b8a873167d,4,5,1
ef4f4e96809e911e8a0aa7f8c412aed2,5,5,0
51de5b8d842a735e59b9da51e53e81c0,4,5,1
eaab306c6d995d32606b73651e619bc8,5,3,2
936791179c34e3075442addfba1a3089,5,5,0
53c31e515549ff8d58c7e4bf134ea258,5,5,0
66d560d1c77317086f3332a6715ac1c1,5,4,1
eea3254200d621b24b7741950693e956,5,5,0
b81af5e0dbc943da7544bf507acf9e23,5,4,1
25a328788a40be038f54f6b2d3c54b78,5,5,0
078d2f79c229fd2c2759339ac97242f4,5,5,0
0f71c6da7b8d96627eb368097e8ca4dc,4,4,0
b1ec6c247af2e78825a5cee5cacc925e,5,5,0
bb99de3ac419763812be82d454b8350e,5,4,1
f8f1e1019197846c66b6467545bcc6b5,4,4,0
724c63c0c7f775d58382c4fb12081867,5,4,1
9cd721f408e8bf94b981ebe34f7007c4,3,5,2
45eea7503e8d5e369d52ecc3cd27a3fa,1,1,0
9bc5cf55f8c2f895c92856ca5a179139,4,3,1
edf914c62e2abd7b4859327aac9a7727,4,5,1
7a944e7886782c8767505df5fcdc0604,5,1,4
2d3b53a594f674cb7c476510f364c430,1,1,0
aeb70ca14a984230b34a6cbf48fe6d8a,3,1,2
097d24fcfb2b0afac45ea41ab4d91694,3,5,2
0f2fc60f7acb6782b5490389a5a89c08,5,4,1
39b8dcf4238242e14fdd2b3f8b9517a3,5,5,0
f04f967baf2c83fce14f95f9edabe296,5,5,0
8872e48bafe00195f92e3a6f1d81bfbc,3,4,1
22e4add79c3efc7828d1119a222b76da,4,5,1
c4efe9b9dcdeb1a96497a8f580c1e411,5,3,2
fd607d0a02cb276bc764a15f80f0423f,5,1,4
133a94aa41cab8ad1d4cf02c2636b9cc,1,1,0
97abddc4ddff2f3df5eeae15b23f8959,4,4,0
60d0d7f6e4119e9a4630876994978c2b,5,5,0
e13fd2b405c7a3685ff6214f38b86e79,5,4,1
4293c08add04a8db68205c16fcb0554f,5,1,4
87440e08790d85796f5b8bc9f5ed2707,5,1,4
6e0a47b1af62bf9751afb7756ae1b82a,5,5,0
115a5def49198c358d372dccac79ce54,4,5,1
46305152468c40eab4e76930746d4ab1,5,5,0
b56c486f60a660f25910c3842f15e886,5,4,1
14e58712c72f8606b985860c5711fdf7,5,5,0
af0139a90e4b6d6681ce1d5c02db67f4,3,5,2
994ed29211f61708b9c3c72ee898ce09,5,4,1
c8020c10d5a223f0ec75df2818b966de,5,5,0
9f1887ee4f71cd4db972aeac47ca54f7,1,1,0
afcb8a93dec4243dbcf29ed98e5b0d4b,4,5,1
4d808ed2901ed7dfebbb74bf1cbb74f6,5,5,0
05f5cfec67106e59d6280f62c4792d25,5,5,0
73caa517a379fdc2810530959d560647,4,4,0
c17ecfaa63fd9b920c822d5361a8dbb0,5,4,1
4ec2eea90506ad5dd1284a1a7e4cafee,5,5,0
df1fb814cd2fd847abda026285f5c4aa,4,5,1
b5fba0269666bbf33bc320fb533d32bb,4,5,1
fd7eb2117233aa5ac29e94a28e082077,1,1,0
a49146f414b54879adb68c422428a68e,4,4,0
4051361e504d383142b6997954648b9e,4,5,1
99441b33a55fabb1cf8b56dc883a29e9,2,3,1
a02645d92386768ae0cc1869eddcd6ef,1,5,4
cccc154ce300f1dd193065ddbf6383f9,5,4,1
1824f26e1fdcf75b43c6849e90f2c3b8,5,5,0
42837323a59d9927261e3ba712300341,5,4,1
00995d799817ecc3bd2abd8fbe59c430,1,5,4
b293643d38b49d3f824bc6be2fece99e,5,1,4
c9721963d4b95316401d2d75621f353c,4,5,1
f6f2ee8dfe7b003fe207c62777e9fad8,5,5,0
0bbca56fc4659e5b3ee85bbe37284f13,5,5,0
47c06c1588f9c9cb71462e6d39893f63,5,1,4
a1ae7c02634b9a9911a9dfa3dfbf6c16,5,1,4
56e434b038a40c8b9b03a9b9dcede8f9,4,5,1
117a6f28c5cf04526b4869a9291c9d61,1,5,4
9b8aaa74d468897a211fb359950937e5,1,1,0
dd26c70e6896e3faa053b43b35ba8330,4,4,0
d4eff6641558ecdca48ded390ea2e5a9,5,5,0
30f9680e12738190e2910a6f914f1703,5,1,4
4c8ec3cddd2db163e7cf2d6b1996629e,5,1,4
9b27acea1ceeaf0e2c4409066b85c93d,5,5,0
0bb4c390179e95dbed8944e735b7da62,5,4,1
7b5dc68850daf14f7b74396f30647f6e,5,5,0
27a67bd7466cbdf5af5708129e2ca7e5,4,3,1
dd43808dd9194cb01cc2f50bef6092a4,1,4,3
30d7af26cb5f8577b5c6a0164dc814c5,1,5,4
cfaff268e0f68c9e833e9a57638d6fd5,4,5,1
a51878c7b567d6bb29abf33bbbd80c24,3,1,2
2bec039adcca39ad3a2d76a949e6c99d,5,1,4
5f80e465e18f7f99372159cb3b5c88c6,5,4,1
6680b708c88b83d3a02d475faf4d9b0d,4,5,1
57be20dc5f786ed372add8e3f28be447,5,1,4
15fe6ce03db9c275b01461f4f9f18ba8,5,4,1
635607b37cf3b851396ef5a76be8b89f,5,5,0
9bdf0443f07f3b2fcff74937bf1df6d2,4,5,1
30912e56cd416bbcbd9d3282e643c27e,5,5,0
d83268beec893067aeef7a062622d721,5,4,1
37c495d368ea5de5c25f2c5be7261ce8,5,4,1
5792e0b1c8c8a2bf53af468c9a422c88,5,5,0
fe1e2671bc0399317906b86ef1c12593,5,5,0
51a6c901712ba9639464fa07a52b4fa2,5,5,0
c69eeadb2be025a8483b632013bb0788,3,3,0
a580fda5693f29e7c12c519a37a19b8f,4,5,1
00611822267e76e0055c25c18506f06e,4,5,1
42a212a14fd3e3b7e9c8245a00e35369,5,4,1
8f9c062eb4d6a81cd9d24beeb532e0f8,5,1,4
b2e76fc95ba46f2ef1720e13cd28b072,5,3,2
c69f4cc5c5972fa769d36bfdfc17894c,5,5,0
4ec7da00b00c04936796489296dbb9e7,5,3,2
03572de4ee0598b00c48f6de965fcf78,5,1,4
cde746ccdc9bd5d1ee4772ec20c7bd13,5,5,0
31a9fc3107df7fca6d3e9d14f7b2da84,5,5,0
66305a754211cca47c3a2a59addf19ba,5,1,4
e98d5e05f90fd6600527ab0c1156cbe5,5,5,0
bc45b02374684d220defbbb4648a809e,4,5,1
4bfda23ff0ed8665aa9113bfb4130bf3,5,5,0
fdecb4e87b3590ed5252f7264c442b49,5,3,2
0645b256ee8f4939ae426819da55488c,5,5,0
5528ba50898b536ac11c799ba9eef5ac,3,5,2
c5625e0deb904fd1ae3c6c4a3a4a55d5,5,5,0
dfa6000de359663f9bf8df7da63384d5,5,5,0
bedcad246f8051ae66375615a3824588,5,1,4
6ae0348c0cca83cc28ca3bf25d9e60fe,4,4,0
d66cdd2dee90bc354ba79f909e9dfda4,5,4,1
ecc1c9496493aa972c7bc40d94b2a460,5,5,0
9b745d27f038a7e9865cf448ab71e99f,3,5,2
a92bb0beb3fd226d50671cf17587f289,5,1,4
2e902692c167fd257e783627a147da98,5,1,4
0cf80be143500050973f324c3e068196,4,3,1
9faeb9b2746b9d7526aef5acb08e2aa0,1,1,0
8d97dfb850543060acf6f461bf37533b,5,5,0
2192c6f4e9ece5c4e0091fd7f4dc4456,5,5,0
6bcee650c0948a4d061fbac64d157ba5,5,5,0
9317022d5ffa1f322c79fb62a5871291,4,5,1
80a16d66483cba1e11bd7f56a3cc175d,5,5,0
53bc886b1ad60443b3169542b7947f3b,4,4,0
69fe44146033a055ffc2ac0b670c4b11,5,5,0
b647f540d673c123ae558b52796b5124,5,5,0
7fb803b61e1301dc6887ef9d54cfcf26,5,5,0
db8a99e0ff1f9fc4a61e0e5567b5467c,5,5,0
56474ed1d027aa1916357d337c62ec41,5,4,1
dfa133091470b285a434fad21fb4bbd9,5,3,2
3e4fbccb16133fd341f745f8be520648,5,5,0
f922773efc48085fe86849501d49f96d,5,5,0
049ac54eda25ad838a76c65dcfd27c9a,5,4,1
6b06756efe3332c1b68920df3c2d5864,3,3,0
e6ccb4e29b42a81b774b13101835b5a3,3,3,0
754af8a169601b3ad5dc333db745b158,3,1,2
a111e0cee7dde2bb68cfb7cd18a8a914,4,5,1
137e3a7815d41ef63ef508a85ee39cd8,5,5,0
0c70293ae727a4e81099ec24e6190342,3,5,2
a71ebda57a67e6349ab52539913f78d8,5,4,1
d017d0e91fe40d6aa17e32f698543706,5,5,0
f53fee7428c6bc090f954df111b6e0f0,3,1,2
c361406c8d2eccd0d8ba53309bca045e,3,3,0
a1f32c6c2615f5638247552c003abd14,5,5,0
20e4793779b086b53af56a8ea4b94f71,3,1,2
cc232fbf0724fb3e0289215b02b57707,5,3,2
da4632747be8764c78f197a0d83b8d71,2,1,1
e594644501ac2bce6c65b6c21b0c625d,5,5,0
3a25790f0659c035cf7d5e3208deb6ce,5,4,1
4afa896b00f5e0ed1bb02ca2e8329392,5,5,0
78d54cc2c9c87e4bc2a38d1443d81cbd,3,3,0
d821b5e67b0018013d207479dfdfccd6,5,5,0
1ba5b9882a75bc185bc0c7fbb909b697,5,3,2
c1da21318eac811a08b2bf209335c28b,5,5,0
14b1311682489866d9a6b5c6dbc0372f,5,4,1
0197416059c0e56b5344bf2188066317,1,1,0
c5a136c7cf492a759889d92627006f25,5,5,0
302af85f51f58d45da103dc1d801704b,3,5,2
b25e83776a0bf6440214b6258416e4e1,5,4,1
7c372cacf9e2626dd13cc5277d73c6e3,5,5,0
31c4a715904421d812d0301cbebaed46,5,5,0
2cc8d5dba04e5be26d748ef75e708770,5,1,4
232ac1c81c6a84fd76f9653b248b5d92,1,5,4
669680ec0096baf96bb966401209e3f3,4,1,3
1bc6f68ff248f7bf9856f60c4c43b8a5,5,4,1
1a1d6b3bdea56c37877f692df138bb35,5,5,0
6a246b3a7847ecd748e7b26e64256c0e,3,5,2
0f18445c75633a4beb91e985a0907b8c,5,5,0
ded23d37cdcc25b37b4473b7be770cb2,5,5,0
9b54bdfadbd9f2645d10e93bc14dede9,4,4,0
7ad0fb12f6d6b5d498db0bbfde6038bd,5,3,2
edc577111e3237868aec11a4da6611d9,5,4,1
524802fb3df670ef6612573f2d434b10,5,4,1
393e01721bf0c84196ccd4b423b53798,5,1,4
08c7d364923b6238c246df0fab24d907,5,5,0
a068798f50f86a588b2bd22dd16c6fc1,4,5,1
c1bef4d15c96b3625b389a5abdd23d8e,5,5,0
34fa7b125777f2296cee0450560eeeac,5,1,4
7a1c3f2e9e141807904c824563abb480,5,5,0
6ec0422123f3eee03ea0f73c0e377915,5,3,2
f92c4415380d5956969e7b44174a6476,5,3,2
b6b3f7398f91d01cddd86f40d894e688,5,5,0
032d1a95f9e146c92cf349805c5e1293,5,5,0
d217a2d8cec27a4d5ab7600ecb95826b,5,5,0
cfebb97f36814d6f42de3df1e03d0210,5,5,0
bfd279d30475171e707bc248cffdc615,5,5,0
05408ed33df5e0bbf70d578dbdca2f29,5,5,0
c7649c79ea8177e6ff2817c7dac6343f,1,5,4
ae8a569660d9208ffed48d06824629a3,5,3,2
0dfa86a9022c9929b3d7311150151f68,4,4,0
7df4045bb089bf92e7eaf3b506b6423b,5,4,1
8fec1057df930bcc1be865fbfef606b4,5,4,1
4b8551fdf4362d88d520a66e6132b2ba,5,5,0
cad9cc97c8f0878b65c04815fb985252,3,1,2
b1b42afa1e73f34f90872f5f1ec48391,5,1,4
baed86a91c339967d46120d4a10038fd,5,1,4
7e41633529000f80967da24083bb6c1c,5,5,0
a15616fe830c593a7ee849e4d2f0d023,5,5,0
1fd64d652fae27df0e9aac1f4e605984,5,5,0
bf0b7464d227364486f59a79f335a212,2,5,3
929ddf60e51592cf31ad60152b4c8fe3,5,4,1
20f93cb03af912a0ffbac65b7e96fed1,1,5,4
ad598503d5390301de7d5cd3b1dc2c4d,1,4,3
9d631d0cc9297702e540a111de4e0923,4,1,3
4d5779c1406a8459afe82091e0dae935,5,1,4
8b1a87ef2390d75e9fe2d8e1e74a8f99,5,5,0
4a9eee375aed716abf318683789faf01,3,4,1
cf57d12f25beeb760bd30983c67f21cd,4,1,3
681f6998a6bb650120b24343fb7aab6a,3,5,2
b9351dba71092089d0c4fdff1bb8c38b,5,5,0
18df153e64a40c0a549c0312234e1ee6,5,1,4
982d82bc18646c6288463c134c89fc3e,5,4,1
cd896f1a6e1a6dd77ebc7cd87c831066,4,3,1
2acb8c7bef9b70c1fdcf3925c04bedd1,5,5,0
e42b66326781591510efdca88022604d,5,1,4
8ff01c6b1f838f46ff9cd5cf116f7753,5,1,4
5a0911d70c1f85d3bed0df1bf693a6dd,5,1,4
18fff28b262a583fa603571f53521574,3,5,2
b4f0db8feaccc3ba21f4998d4927cd4a,5,3,2
c5f9f79b60cb1ddfec0fc9556781952e,5,4,1
86d4161fe71f1209143ca255d8be20e4,5,1,4
e9f0f8f24251a03416e4e76735969db1,5,5,0
c84cb424afdb4c6b771f39743b3716e0,5,1,4
a66cfefa309e2beb4dbff4037b531ca8,4,5,1
ce6f76eb40949df0b5b6ef6936848d9b,5,5,0
9964c2007bb66c44ebc2d0c803f78408,5,1,4
ba7e9675b77b9e9f0cb2a9ad0d265826,5,5,0
79ddbc258ea5329dbc3ec8c16a8ddbf0,5,4,1
88259593cc7450eaa22ee4d6ea2f9dcd,5,1,4
b2026cc24ae47d44bdfb8fbe3b38b78d,4,4,0
f269a04043c3f398ee0ab759b7af3678,5,1,4
5b23d03712a41a07a72b94a97342be95,5,1,4
9d8698c08be0d1824923f62270dd0d3f,5,5,0
f1ed92b2528df59a68e567ead15889f3,4,5,1
8b3a63179277ba12f54970a5947d7a5e,5,5,0
58390adf4de979dcc0473f7de06c309a,5,5,0
e5ca5039b91a2e7f504bc29aba41559c,5,4,1
ec1692cdaaac26359dd2b8da5e6a409f,5,3,2
dd12f57a8bc06b6105b3e8c0c1bdbabd,5,3,2
81134c0da031fc1208ab4376cb3f384a,5,5,0
481075dd01a45aee93425cfdf090a8ca,5,4,1
f7349245e9113689913c5cac61b378ea,5,3,2
4718e26e21843ffdf11aec010a344436,4,5,1
9c7d894f9c1a1bf24922e113909eb640,5,5,0
17e76907e42e85c99dd9e25d02f65314,4,1,3
e94de2da68be96cc9b05b8dfc378f03c,4,5,1
2811a528a7b5ae1d207e9620a4c6b44b,3,5,2
bb49647806d3a87629936d5f1f5d34b4,4,5,1
8bab0782e1f2a9fdc338a883c124f75b,5,5,0
9029828c46806a8c1e1570eeba9bf9b1,5,4,1
44fb50923bb950b4aac437b0e7e0e3c4,4,5,1
6653526158fc41798fd489f9b3c86b56,5,1,4
8a3d4b5cd5e2602d148ea8f0d12f0512,5,3,2
f6c24edf013157aee2faf5ede22cf0b1,5,5,0
037ce5266460af220f19d497b130e737,3,5,2
7d37719edab33266657f56d6739b837e,5,5,0
501ce7b81b23f0c4009057c589c08023,4,1,3
f432a241fd23667f1e00486f42634d9b,5,4,1
7f6945b2c635db3bce1cfb585ba82d33,5,3,2
89c880f756709e7f7825b4ae6fe7a2f9,3,1,2
ec6d1b017b14b90d5c60fcfdc2b7216e,5,5,0
f669398378944e9e9cfc10894031666f,1,5,4
19eb6d9e0eec2ce9755aa5c2a0969eb2,5,4,1
90022e1fc840350d2f9350866969521f,5,5,0
7c9c832fe99dad4a802af290889522e5,5,4,1
d4126c989370101ec1b96733f4adfe79,3,5,2
f23026c2bb8bf3bb814eb4454f169f51,3,1,2
49e9dc045f7315c4ad59cf9184f45914,5,4,1
4eee637d6e745237adf560dec7ae412e,5,5,0
d40cae317472956cd556dacb126e481c,5,4,1
e93fceb3b0a859a71554881b5b9b5a86,3,5,2
470e4a0aae7ae6c3bb0aa161b7abf205,5,4,1
e4cbb88fcf9a02837b22b1f6f812a9ed,5,4,1
1091b43c860fa7d9cea917d1d20dd522,4,2,2
9391a350faf505bf6880c4d747f26e4d,4,5,1
2eeb0fca026f13a4065dc4d23542095d,5,5,0
fbcebc9f75750f9fe8253af3add1ac83,5,5,0
3123ac94cc04ba74266ab34f2529bd33,5,1,4
1ee34237b5f6da17a68b98f9f27e4a4c,1,4,3
f03b33cf5e0a3402a67dd84f2b9e2c3e,5,5,0
36815333081d25c7dcb347185e93d073,5,5,0
d73bf025952ff50e52729bd60ba12f28,5,4,1
353772de52bcff5f876d8be65bd4f4d9,5,5,0
1329f69c4d3811f5a7bc6be850089a0d,5,4,1
82857312ad869f872b950b616dc58273,4,4,0
bc0750dbbde0ce52c81895096a0deb7b,5,4,1
b8dd3c581f151ae1f4a0b011b0715eca,5,1,4
92ffa55d1d1e77f655127aac213c1e38,5,1,4
9160545c698bc7e9408b84405166f60e,5,4,1
ae6bb3767e72eb4b280e50c3d46ed9ba,5,3,2
9bb1e0c9520585d21de5e8246f1663da,5,5,0
f15ee2f37da0500e278ec213c201edf3,5,5,0
6bc9f3b6522892d5b2b27203ca6caa67,4,1,3
a54a65531feecee80712fac10405795e,5,5,0
7be3bc8a993254a45f536cd9b418f275,5,5,0
397e335a89983e6eba9313c4a8f65e4b,5,4,1
3f1d42a217afb22fc9ee819f602664b2,4,5,1
5a7e3486fb94e316c6926e1d6d52749b,5,4,1
379fed4a1ab7b5a3e8126fe0b76b9ebe,3,5,2
b6b3633f97c686d8e188ac6fa29ff20d,2,5,3
621e872311397c42f0b553c82785d56e,5,4,1
4561cf6b4b4f741552d9b994141419e4,5,1,4
1bf0b920cc1b287eba4e49c0959b201c,4,1,3
9d4c848f67a05d1b2d6f9f9fe1c932c8,5,4,1
b899a41fdae17968d357d705b073a5ce,5,1,4
f67ad055c8a64745e26ca8d2f7a70b7b,5,3,2
2a4e23a666338d87ea9c2777d71bed0c,4,3,1
53fa17c349c4b3dcbbadd8aad2eb559b,3,3,0
72b129617546be2b0e88c7ccb961378e,5,5,0
41c51367243707ec4b1cf8baae5de951,5,1,4
d24cf30658f279bb1e8677169e43e44a,4,4,0
ae8423bae5771609a19bafe9b114a60e,1,5,4
b3e8dcfb9aeb7215dd9f011e8c7668c7,5,5,0
6b3c0661b32905af6722a962d2fac779,5,4,1
1ac4c8f4bb93ff8b5f87ff821298a59b,5,4,1
47d3b12983a4e86dee49b220a689f1c7,4,3,1
e085a1b1ca9ba6f5fbde50295ce6b357,5,5,0
b9b862b71dd3a13f37bbb72f2addc949,3,4,1
439463f7eec083713e8a0d347a8f4e0f,1,4,3
84869ba3df14629b57ca40c491a842e6,1,5,4
843b7dada8b84daa895c7978c62f9e43,5,5,0
1cb3c680ddf904752646028ee22073a4,5,5,0
bd841dd9066badb2ee3dcf7dd6516523,5,5,0
4360063fea90cf1fafd22f165125cb2e,1,5,4
27be2d9a863635e6a3c6b616cd179798,5,5,0
b4b1ec9a9f24d8db544120456a3a2f12,5,1,4
08d3b6ee17b7cb32e530f4488c3f6abf,4,5,1
d94600e5b855ffe8db3b9bc06e21b1bd,1,5,4
7a93502a455e1399090b442409cf516c,3,1,2
e29908a97f47e204d0782ecc9ca903e6,5,5,0
ac768e7352af801fc669b4c40278768e,5,4,1
72cbfe19815431911a3cd015972b7796,4,5,1
a951133aeeb49076723a581a3eb8d51b,1,3,2
22b1de291afc457a072d35bf6749b18a,4,3,1
70fd326c5cd0a2e95b8f8a457d62ee8c,1,4,3
cb6eba3723e0145a57f6d9cc2c5dce4b,5,5,0
3d4359c9a8031f632995e7923608dd4d,4,5,1
168181560f9cbee863926c0d0957c56a,3,4,1
6d4e74b6495388cdfde5999070ad25d7,4,5,1
f2f591903d71a4f49366f35ccd0017d3,4,1,3
0aaf81645c52d55b9baff5411037d070,5,4,1
921708bd83981df87fcf8cca7936ece1,5,4,1
6f54e5fd939df1228bb8df39c2f1341e,5,1,4
b0fc04e9a0f041eda1412e119b4046b4,4,4,0
e3406c9214774d66295ee5aa96724ef6,5,1,4
1b7120c62e8d21f1ee396c4c465101ed,5,5,0
14d9ad6e33d9a98a2d7a935937895645,5,4,1
5bcc22a5b7883bf37424018f8068c511,5,1,4
f8b990617b1af31bd9e7a3d70f8dafc5,5,1,4
1bafdeda7fddba2882f1fd3279fab46e,5,1,4
82b0f8f974cc6e92e6bae6cd7714b712,3,4,1
c4c40026e751f9603f58fa3b332c937b,1,5,4
b63d14d5b4f36c400c5a897287b48a1e,5,1,4
b5244709b8ea124be6761680b9966925,4,5,1
7b78cc6982a3e84c736e54249ed7612c,5,1,4
966c90ba25d70f16e21511a31533928c,5,5,0
f25bd9ce4a4433355f6011c1a262c49d,5,5,0
67f38c0b9d8a42541af92de7b6a19ea5,4,5,1
2e4ef279d418d092749185f9a030d1c2,5,5,0
c554c7b7a41cc0523090a76a432cf6ef,5,5,0
9d9cff01f6fdf54921c214e893355fb1,5,4,1
657938f6cc6b388ef70d756aeeda75a9,1,1,0
00063b381e2406b52ad429470734ebd5,5,5,0
4f6f8c75279983d2c39ca23fca81ffbc,5,4,1
783063a2c412e7e731cb43a35fa4b8b1,5,1,4
6f51b9ddebdbc1c999a68bf0cabe83e8,4,4,0
711526597d2e1f1b5ee9bf5c4af2c4cf,4,1,3
2894cc15228a7127f78cb41017091b4c,1,1,0
4b3fd3a64d55a7c04cdb0ed9af1e3016,5,4,1
999c69ed49960e4595e36a9ab7413332,5,4,1
8514ad13664259c7e1bc7cbaa34826f0,4,3,1
6b6de07ee5e837bde4aead95e9891f0e,5,5,0
f2da3bee3196b2b183817fed8967a800,5,5,0
896b228e1623e6b8f20f2b3782750d48,1,5,4
68025b4097f26554336bf88f51c9a9db,5,5,0
d22de2b954752f441e769425053dcbd7,4,5,1
ec6c53fc2c05b76708b23286ba2d9357,4,5,1
ffa1dd31c0e1fd3a1248fe23238eccd5,1,5,4
6cf8530b5b6d67f4090e16f6ef4a4c76,3,5,2
2c8bf07fcf5c57d898ff1797efa33379,5,5,0
4bcfd4cbbe95542bb16ad7ba325e2dfa,5,5,0
cea7721ef82b51a0f124b20170c1e167,5,4,1
fb44e4ed3e78403652d50fcf506de1ba,2,5,3
67f05f6d7d84bf6e1abf7d7d8e8a41e3,5,1,4
1ca643d83940d8a6482159517b32ddb7,5,1,4
6fa1b046e2e8e336c8350c7e1600bb32,3,5,2
bb31e0bc46d4bf098ba2bea9092a59f1,5,5,0
2b70d21ddc5dd76283f1ea40d68b4011,5,5,0
9932048143843906af1f72ddcdb746f9,5,5,0
ddfa1e68bf845862d55c2616b5ca20ce,5,1,4
b5d77498cbd81c314b36f2086c5bdd2f,5,5,0
46ec3fc4e7cfba8d9f376f2499086d18,1,5,4
0a36bd172604d49ae57f2ae440a0dc70,5,4,1
0bfc01cee9ffff85b714520ca97f4b21,1,5,4
10251ca016384afb8d4954da5fb3b419,5,1,4
eba1872af76af0cd06f3a63bdef90a37,5,1,4
ba38b1323c46414512597408e6ec5b9b,5,3,2
722ca8c3ff8da3acca640833e79f8804,5,4,1
8c49dc4a643a15ef1db44391d2034366,5,5,0
5fb81ae5bda9580ad705d1ce97a6fa49,5,5,0
0bf5c5b5e96bce9d0093165a1697d8f9,5,4,1
f84f1918db50161ef8a8d683d1de15c1,4,5,1
61f26d1fbc29fc8e6d6bc8ba373e81f6,4,3,1
afe0ea024346be7fa63b997fd149c757,5,5,0
ddc75e18227aa517946c2239d18d1300,5,5,0
ada9fa782c2b09e429a3075016e025c2,5,1,4
bcaa2ea71bcbe06f4cab5fe30f997f93,4,5,1
ba9626798f8c12e1f020a6d8e40b9a45,5,5,0
ac17fcdce65beed9ddc7473ff8150528,1,5,4
f984f98a78a2beb0518a3d965cf1520d,3,4,1
a60241fca336b3f14485dff30a172cab,3,1,2
3409538db935345d2d9bf4e77cd2a5d3,2,1,1
a6ba8648e5a290ca5c5d01adb610e447,5,5,0
c6fa9f5af647f54d235728bb12eaf5f5,2,1,1
5c16fa790786ce85165190a91ebc6f85,5,3,2
9e79eaf24f3a351f51692b227136741e,5,3,2
91d8a1dadf0fcb4bdf82d88e8b82e9b9,4,5,1
6227965ecb8a92f39dae66cf5f09736c,5,4,1
54385d537116e5d01683eb06b3828d8e,5,4,1
84a68a1498a47dba0c79396d53e46b9e,5,5,0
6df963d6ce20c72cb119e8090f27c011,5,3,2
20febe29f23cdee32db9532860db7341,2,1,1
2b6bf03cc135cbab42df6a1c435d9319,5,1,4
a9371d84972a342ce1cbfc0343d3518f,3,1,2
bb874c45df1a3c97842d52f31efee99a,4,4,0
a852cc31ae30e70e308d7e21bcc47990,5,4,1
aa2d83efdc462b55b35559de37a04787,4,5,1
7d3636e9d015024df69d61abc7bab409,5,5,0
25f9cd6cf05f1ee2caea2bfecc60abdd,5,5,0
1d73e7c6c8033ca8b5d21df45c5b7863,5,5,0
fd0d8a359529c8fc086392d5b309d9ba,2,1,1
fe88495263d9d9e9d2cc17b4815a6dfa,5,5,0
f9bb72cf336b553a0895edff8be3b787,5,5,0
5bd39e6a06371941eb585cbe79b41efc,2,5,3
b7f65fc3d720a073a8fdc62a1266d5c5,4,5,1
2118150cee01ae2de04990d1ec2d748f,5,5,0
34fd3e758f03c7fe6169308d0fa11582,5,2,3
782c1d4000bc7ae3d9aef9046000c4f6,5,1,4
de27f484a71645943ecc7e3d7f7af5a8,2,5,3
9eb075cc33882ff5997d289a55aab488,3,4,1
6282b84d6c369e1b6058285f860f4da4,1,4,3
1d88068495a8986f241f769664ac98de,5,4,1
554940826c32f26dead171bcb9011775,4,1,3
198cbd4bd806061597b3f8fbdf126ad6,4,1,3
c38d701768413a3f8569e83aac1a3179,4,5,1
9ac146c59c6dae84516a85362fdbbebf,5,5,0
352c1b4ad4321180c659a1ab18d24752,5,3,2
b89d417b1ba9f8e416b9e333ffa01a93,5,5,0
51cab0235fdd0e37f744024696d8e66a,3,1,2
071773cf1c4d6c91cce83af65b9f8fff,5,5,0
d9e110790efe2b61a32e2b343905ae90,5,5,0
44411d47c4ceddd847c094ee77fcbf45,5,5,0
30d5a8ce8a4195b742a8342c739efe91,3,3,0
2fe10d4ed06c8a5a632ed06bb5f33dc0,4,1,3
de57d3e5ce7ac9d723a9572aac2b7fc3,4,5,1
f778c1525f995ec52f0dacbef2b17b20,5,5,0
7d1541a6b298a1d3e07f889c595e69c3,4,4,0
667a47b3d52c6e88390b50708a061561,1,4,3
47e2f2848f677f90f495f3884d9fe2e7,5,5,0
b989c3785c2432d0617d9e494703c478,4,3,1
437dbe46155da24f92d6b155899315b8,5,3,2
e18b75b8b2ba4ce613d10b2fd820aef9,5,5,0
738d6dc61c6c4ddc88d8996cec5dadae,5,1,4
e758dcd9bd08272ffb2f985926579539,4,5,1
e08de031276032b05881e30eac0860c9,4,1,3
ba63a64d0aa1576c6b826428f476da1d,5,5,0
1a8fc490b877717c9f69454713bd778c,5,5,0
93a955b7a775ad2a9a9309557360558e,4,5,1
3e01fe3c29238179f003bf1c3445bc34,5,4,1
d4483d3fe5bb19cb4dcfe5d9a0bd4604,5,5,0
3a635b5f9d8d66a95086d273fdf4b9af,5,4,1
58ee901dc817aa7f36518d079340b80f,5,4,1
ed8ea0a2a84f051dc83699eb389facb1,5,5,0
8c75817539308b6a536d4b8e59cc1e61,4,4,0
94ca38619d7e64f94facac403a99682d,3,1,2
70bd1eb0a425533fa100afb2a4f26a98,5,3,2
50ef6a06a587a4f97f8483946c692e70,5,3,2
e326f9904d668c8e2fce637b8b1fabe6,5,3,2
58fc7929e8fb79aa684a3334b80b757a,1,3,2
0814daa4d12a646aeb73c429d5852f4d,3,5,2
bda35b10977d165ff7f6ae6ce187a4e3,5,1,4
e2e6ee1ed2d7f2f36b05d234983bd7a0,5,5,0
c26ab0b30d07987314b27778194f020b,4,1,3
24f5dc88cf8969a2b269177862050e09,5,5,0
ab9e742195daf35a5169f1439b2706b4,5,5,0
986f9a6bec9c49daf91e0a02a63885d0,4,3,1
cab6aa158d9699a614d92fb920c9ae3e,5,5,0
3227045c7007663566ae3d19aed8cca7,5,5,0
556ff8bcd5cc9d1737128fc613ce16ad,1,2,1
4c4eee79c7840ec8454f89b456967067,4,5,1
0cd86c0a1fa24bd440af2866ae16995d,5,5,0
1268893eaba8446ae1a02da9bb6f4ef1,5,5,0
bdc82a7dd7a5afa642e590e280475da0,5,5,0
9fe26c640da2c51c4f699a364a195ccd,5,5,0
f9b05369b4ec092bbd3b32358b71fefe,3,5,2
8803154001f5f8c27c7a8854ff1832d3,5,4,1
94bccdb5b708ee435e70b46d4d5619e2,5,3,2
5261639befee46871e5005e71a7694a7,5,5,0
a00687a01571352d823a005e4f3f457e,3,4,1
d54f792bf7c14878fc42ba07c5512ead,1,1,0
ebd7da4bdaffcf5891595b0f78707bba,4,4,0
2e4c4387b32b9c80b5006fc2db046dca,5,4,1
441ab430a31f0c3424c85496c65bc8f2,4,5,1
b9abdcc7b19ca8ed02a20da7575487e0,5,5,0
914ee15dc01a54f3bcb1df425276d627,1,1,0
b413de6592c9ddd8ab07e542285d7a85,5,4,1
49e84824ae503af008a7cc379ebab409,5,1,4
b198d16d5ba1cbacf02b4d54728314fa,5,1,4
2d016564dff0c20b352e75b48e543e32,2,3,1
07ac486a7e139e73d66011849fa5779d,5,3,2
7d9222bcb9fbdafc453620f32f6fb996,1,5,4
651f02528e2e297f3d28dca2f4c09a51,3,4,1
0e1ddbe485dfa358d24e22e5394d0484,2,1,1
b02682757340133856bfb99145dd61cd,3,5,2
1bb2f9c66f255ce7f266291901ba9c26,3,3,0
98bc29e10634daaf3f5aff29eea45be6,3,4,1
fbb09a2a201b41a31a2e27bbd815c012,5,5,0
fc1be7f6cfb7b99bdf73f54a357bf4b7,5,5,0
6b69ff282afcd40fc4dc7b4e429d5149,5,5,0
36b12d9500838b05b9b9e8e3e13d2745,5,5,0
c72340047105422e220e980a8b0ab3ee,5,5,0
bd4bd0194d6d29f83b8557d4b89b572a,5,5,0
84d21eead7694f99925e7e056ca88832,5,1,4
b1efc100a3d0cb3de9c19987bff4766f,5,1,4
6831327c575ec5efdb90392fed9d2f1a,5,5,0
f5a9c17b18bafcf2b509819e576c7f1d,3,1,2
fbe1b2aeb4cba6d2bc309c735a062549,5,5,0
e2eb5d52ac1fbe44b4651b9d52b075b6,3,1,2
882abff9de7349a0ba8503f90af0a5b5,4,4,0
3c630824cefd356b7289838656c9cdbc,5,5,0
866c3d690461371bdd01676cccd0dfa3,5,1,4
8855d9953624485990826e20fc9fc2e1,2,4,2
2c12150c742ae2fa48bc703964c16c5f,5,5,0
09b8d47d2f753e1c1ee4da43e4429ff5,5,1,4
fc703730f6206ec478cae91c89f7dcb3,4,4,0
ca2e7093f56203c8fb07cc9c6590461d,5,1,4
d12bd41a85b974ae688d89083c5dc77c,5,1,4
efcecbba5f4753891d53ad200a60e81f,1,5,4
740f8abb6f201b7c667c76ec32c2a94b,4,5,1
6f954a919130aa1e8def4ed1b9fca432,5,5,0
a7e683a499b23ba394f360777a480a43,5,5,0
a1534509a270687ff2247cebc502baae,5,4,1
c24779f7bd7454db6631b1320d0bac1f,5,2,3
7d2e63c38de7969859ec3eee027b043f,5,5,0
101625de5f3ea8064a2900b7b9235491,3,5,2
fb1418494ba4e6ced8a7ae840dd9fbfc,5,3,2
a6288025a106ed8a4db8010e42d44577,4,4,0
558b5f3eea27fa1b4cbc05013c45948e,5,1,4
1db8c2514e276b566dd44aad287362aa,5,1,4
f11b670018cde48868c96b03c4d3d1ce,3,1,2
15c31c519540921d720cca6129389633,5,1,4
73465e1b285d2f5f6067c118ff99d204,5,1,4
99b3d468655df7494c3286c020507fc7,5,5,0
c367f22647d3051bba338f9026973607,4,5,1
1d59c61853660f10d805ad65211e04f5,5,4,1
93c16dd65eef73dbb7c6286bbacdb734,5,5,0
e485751217522068a393e874ed8b5298,5,5,0
98546163385352e1876cead1613db3d1,4,2,2
612200d1732f963c7706d8da2517c04d,5,5,0
e98a3b2b3472d167a1ea3b0702b78ad9,5,1,4
6ee9a292ea3ec8f5ede12921f5afb2f3,5,5,0
31387068a4e9c19d93f6e8b13853bc46,5,4,1
ec5a2741ddf2c8ff2c0b076c8743dd19,2,1,1
248c51607bd50b4a44aae4427a56a9de,4,3,1
827ae2d7b97c04f655e43e23aee5211e,1,5,4
2011ac5bff446ddc9bb1a099d497e634,5,5,0
6dca57240c5cb67c2673be12f538a2fc,5,1,4
8bbbef97d763f4dcf2e12cc5b5e0cee6,5,4,1
0acd987fec172c76297f6aadad48c67a,5,4,1
df719e82188cc47552d259703d5413f0,4,4,0
0c06a823dbc08a3948528a087cc01906,5,4,1
5adea766ca8f3521f957b27154b09761,5,2,3
3ce28675a76726b00db6e5f1a3f61a5b,4,1,3
9c3186381b733d4304e2e416afc6bbc1,5,5,0
ceb35b18f6b84c1c75f02859ce3160d9,5,1,4
a2e1586a9d74f3d08df52b4eea515b6c,5,3,2
c7ee7ffd26d4d81d53dcd9d612631b2b,5,1,4
8b6ed0131b6379b73b0dc313d55eb377,1,5,4
675d6533ed09bea158fd932431474b82,5,5,0
b249bb5bc00cfbe2ce917a5a07c72b46,4,5,1
df71ba0f02310921da0a5e4f708916a5,5,1,4
43b1a006a45825d17b170589b587f07c,5,5,0
a6f6b75dad02327bd16a4d391963c579,5,5,0
24e12ba561ff6e969f0eebe60196e53c,5,5,0
b512ddc51c7e887830f3e11d3a4d0f9f,5,3,2
cc4400f0310bb2c674d44b2b0f3a6a67,4,5,1
4b42a606687e048a7a33669b84bf8690,2,1,1
e8706a02ef9dacebd83ba8d93225d0f3,5,1,4
32dd7913bfe4d7f0647e7d5a5e711f2d,3,5,2
d88a225d12c6ae71beab5cfa2e6e0b24,4,5,1
5340b130e66f95396ce83ee3f6d36ee4,4,5,1
4d67b87a6fa0612c18688c1f371f4104,5,5,0
df51cdd0d48077d8cd198c5033b8dff6,5,5,0
e4849b3975c58be6cdc305f07ab355fd,5,5,0
cc2f534a432b33d1e7e67204ab44f662,3,3,0
1d7542bb5262913fe0516f7943b69a58,5,1,4
5bf079ceca716eef6cac727c16bc0a15,5,5,0
4ed4fa202c468c14366fbf603c8698fd,1,3,2
73863aca434e1d117e45109bea6f1937,1,1,0
fdff9465ac9ce1a793bb30fa94c6f241,4,5,1
c39b6a1fcbbad48578181950509b1330,3,5,2
53b74e6d05c2fa0f3915c608e6537d30,5,1,4
f06120a41d72cbe0e5d52f7dc5c52072,5,5,0
c4cffa375b754170e9823a1fe9ac75bb,5,5,0
1c6380dc10ebea9bad618eb25fedcdfa,5,5,0
aeda3634e9cb15b0f339f34392a15b45,5,5,0
4691f9f99793c6535e4279ae1a5e75e3,5,1,4
4bd15305c0c5f4d4d82b85f163b53954,1,1,0
216b8ce59251043404cc3b15cff651fc,5,5,0
2418eec7948d10d05ec9a51308920227,4,4,0
b3355f7dd6280519c31a73e7819523ea,4,5,1
0193a99edc8c599aaa16f9b9e991efb8,5,5,0
7abe0cad12e4aec0091551e7153275d3,4,1,3
22771f93db288e22caf88967606b3e43,4,5,1
1801ac1e33ecd0aaf015d7b7c0e70204,4,5,1
9e7076697b77903d67c852e3d2dbcdae,5,5,0
295c561af8870661a833aaeb65574d0d,5,5,0
6df0e5a8b0965f06d2e1219c846e1ad8,4,5,1
b239ca7cd485940b31882363b52e6674,4,5,1
46e889af10459a1b39f2be47d8729a02,5,5,0
b744841b6a754e51042b8abcab208ffe,4,5,1
6b7d50bd145f6fc7f33cebabd7e49d0f,5,5,0
9117caf70eb0fe8d15d5a79da085be5a,5,5,0
efb917cc0ce3019da9311c8a9f97bff7,4,5,1
cf008a8ccb8f6eafc66de884e6bc2728,5,1,4
3e0c3cab458e8b3cc8d1d38ecb7e7775,4,1,3
da9b0368caaa51411598bf0e91610d0a,5,1,4
498cdac3b77bd13d44a8cfd3e26b768b,5,5,0
6a90c84c2efab9939e578dee122b521c,5,5,0
0a4480a7856cae897440eb7229b25252,5,5,0
fd7ad9fe2a5c9cf444bd25691f4900d9,1,5,4
54798b68c9437a3dac92d6b957c9d1ab,5,5,0
4f4da9932bc77a525ca672e3b1b232f6,5,4,1
5adc5247dae5445e0e95b51b2d29ebdd,5,5,0
5820a1100976432c7968a52da59e9364,5,4,1
8ec9caca9f30411bda28f48d2aec61e2,4,5,1
9f49bd16053df810384e793386312674,4,2,2
289a8144990935d17cbf39c255cd4d3e,5,3,2
84d60e19027c1623f295fe43b74ca280,5,5,0
0a90fd1ec2b6416cf95f9f9dbca21d9a,3,3,0
611793bc968aac5d1a9c623d1ab8aea6,3,5,2
671368711001bb0c49c6d8c1ec82cde3,5,5,0
614c7adfc74985b5d111c1e38f0ad0cd,5,5,0
9e7314b623f0dde678304009f6e16ee6,5,5,0
871bea8f483dd0a0884a96d0e8dc1ace,5,5,0
a6885484f375e5b08eef9d9cac53af34,4,5,1
ccb379daf2809ecb372b357caf254c33,5,1,4
cee9f1845c95efd83885a0b2f7a22b83,1,3,2
ae0c90acc567c5caed29567429c341c4,5,5,0
808a117545d27f5c0ea7cad158f70600,5,4,1
31b39339d93a6949e2f2addf798d8904,5,5,0
a2f3817242b0d2b7404f5104ede3abcb,5,4,1
5ddedb27d1d30cb41cda46d654ff3d96,4,3,1
27f9cf9d843287e332dcd815a0feda60,4,1,3
372eb74837659ae6a3bc25f662bfa2ff,5,4,1
ee3db58fcad4472bc02859541f6f9a5c,5,5,0
331179a115e1b772b2f4ff3f99f0c713,5,4,1
9b0f1e1427db19a11c3ab29e6ebf4846,5,5,0
5ef22ec79d2414ffa56518f9f631acae,1,5,4
8db2fc638531a7cfacb4b905716ab6b7,4,5,1
55af89bd3634844abc96b00c4caa76a5,5,4,1
bb953a084ab406da9e19dfdc06df0245,5,3,2
3329f64391fb9614f91aaa7be306c8bb,4,3,1
8f33d31c2e4218814fa61caecbd724c2,4,5,1
c91255e49926cfb63353034df59a25d5,5,5,0
eddcd0974bcd773f5734decebf0225a4,4,5,1
9a5e2e79294284216bd97c19ba039cfe,5,5,0
01442602b15d4127a84ca6ac1507ee2d,4,5,1
176e0d39e50430555a62ad6d1bb9c25b,5,3,2
d66c390445566a6735c7a703c75e4e68,3,5,2
3be02448faefd4cf9a63648ccf10c1e1,3,1,2
e3c2bd85842c8c1e31ed960eea5fa85c,5,1,4
70fe29ac539dcf0cfded8f408043d124,5,1,4
5f0dfd096a455e93ffb4ee0635b32264,4,5,1
66a4fa2d40fed98c34ced62496fdb1e7,5,5,0
7563e13fcf7f6c6d8db57ef0c5760c87,5,5,0
059162a0bf2726c87dd0359eef84c878,5,1,4
fc9faebb277d32cb60f602a7c4b769f5,3,5,2
14bec9a20933b219426d500ca2581dc4,4,3,1
40d9b709b3b6a77fcd309165705f58d7,5,4,1
a1b499a72aca650e451a357f1eb45c03,5,5,0
f718de7d7e4e4598f3579368cca01a91,5,5,0
87789201372bea41809c2f0d455ab122,5,1,4
8849f02bf66502f56ce8c5173bb954df,4,3,1
b41055f900d670bae8cfbf3a8df79d8c,4,5,1
491d54c8505befdde05293e4e97c16cb,4,5,1
065d7ca47199c0b027e288a77c59a167,4,4,0
f0b673967b0be0bfcc14490d3d1842a8,5,4,1
fe1a5360c2abc136a4ff63ddb09a33b4,5,5,0
2efe3d3b0ddc295d2ce1c43f021078cb,1,1,0
9035f15a94295b635575a49041ea406a,5,5,0
ba3794ae046c34dd007a8a9cb7cddadd,5,4,1
5dc2065524809a87208d760d279f88ca,5,5,0
5f0204c837c9b96a76c8da513f40ab17,2,1,1
4a99025f5af0af1eb1b6602980ae4a82,5,5,0
6f6141eab1bb4e6c11c31e631b60443a,5,1,4
a0a4f45a87d4f0655d00a76cd579651e,5,5,0
45a641de1ae2ac645aa11afeb528e0c9,5,5,0
4a14973ad9560660e3962ba5efc1ffaa,5,1,4
7e772cb45f952aa56139d1cce1c308dd,5,5,0
128a17800e8fc3801c814f3f921418b0,5,5,0
233da90437ba0d4dcbe22506b45612ea,2,5,3
86df5fa6306829eeeab1906b3f7ad102,5,1,4
0c38c51b8a775bccbf8a0e340be3cece,1,4,3
db18e1e78435519ff49eae6ada66f29c,5,4,1
3e12e60631dc37f47e3e3b6d866758e6,5,1,4
738580878981997bfadf04c4c2fbd013,5,5,0
bb965992d20f51fbc192608be1cd052f,5,5,0
c3d82084f95e12ecd6cc271e0c225175,5,4,1
e9a85222994b1065ed4e23c6426b64a9,4,3,1
c005c973843746a08a6ea826af4ce0c0,1,3,2
92b675d76f091290310bf9078366b8fb,5,1,4
2d2ce74a9a75fd5144160b74f0d536cc,5,1,4
92ec15265ef47985627f664e5ec77d98,5,4,1
aac36a84cc8476828dcd9427c8ec873a,4,5,1
a686a1abab230b267d666e2b728f659c,1,4,3
d035bb29ea5accfdb6e0c4b6925651cb,5,4,1
1999bacd196c3e2004dfebecf36b7576,5,4,1
2b3c4e25e8edee43a664159df5afa3ea,5,1,4
9f459414e341be7328c349d9ba80a125,4,1,3
78b2a06f2611f8e465bdb69eed02218f,5,3,2
d0100a52880e5602a06176b78dcf5f1b,4,4,0
0eb4cf49eff3cd15badb759ac543cd2a,4,5,1
478c69b6c0107cf696d64c524286ff05,5,1,4
959d645c348f4b237daaec697cef73c4,5,1,4
a115115559d40a6b8a7bd518af5e1115,5,3,2
f47b9b38f1a8dca00dd9517273fe0f68,5,5,0
23b89f00eb70f9f93ebe743fd79bd787,5,4,1
ae2834f54ef9bb766fbce5cad77ef198,4,5,1
48b126710532d052800a89a6131d40f3,5,3,2
466788a67857c13f5cda29829a296a92,5,1,4
1968bd026e715a070f442cc2bf5f2ccb,5,1,4
15c27084788815475d3d73afe7dc2330,5,1,4
7c09108767582a44ca405d37360379c0,5,4,1
78bfabdd678960433865cf37c15be81d,4,4,0
04b3135bf087618b410a00680576242f,1,5,4
a7dc01ae91acf2567d1367a25ce303e5,5,5,0
f38bba7355a2382087be5ad984cd1f40,5,4,1
977b31c8455f33c500fbd18a7770be82,5,5,0
820749211528f2ac3c371469c8dcff94,5,4,1
b6906ad8ffc10ced26f9f5850aabea27,1,1,0
19dbcec063de59d65db1584c91ff94b0,5,5,0
8349a1bfa0cb940e2505005041c3fede,4,5,1
a7c96c67b28612698cc5e0fb735dad94,1,5,4
d1ab8de1e279bd8a55e4135f83d5c599,5,1,4
2ca4629d3b90f42d3590507521005592,5,1,4
6ee1cea1b2edcc713f83ebfbccbc57f9,5,5,0
93f09cc1052604f96116493cbf93606b,5,5,0
b9bac4395416779d29e17d31e06386ca,4,5,1
7b907821024740432d6d005caa3451ee,5,5,0
206d1a13596872a713dba14504fdf699,3,5,2
c0c08274d7ff03824cbf0377b2a9db63,5,5,0
6a98fdd0da4868008ed2b97194165cb7,5,5,0
adf3d602a987dfaf1a76aed5aee37407,1,5,4
842aaf73d95d6a487ed058289c941a4a,5,5,0
f7edcde7bb586c1b9465d46632f4e45f,4,5,1
082388d7ce9557ef064199ef978a8f3e,4,5,1
b8d8f5e99979f7cbf541344ae12c8cf4,5,1,4
064330ca980cc4023706283a3c4b89a4,4,5,1
0ce94e50ed7d28e7856f3d127990d17c,5,1,4
8ec26dd02af502c1a8210efc0bb02c0a,5,5,0
bfcfc352185cef17fc3a748ff2e921d0,5,4,1
d482acd4158f2e1d5934bfb325a03c11,5,5,0
8d5f27735f3694d8dfef2dedd96cc814,5,5,0
debb76d62f02e0ea42769534a3d58286,4,5,1
32b1d8f3789a57f1f752e20ac7404b4c,1,5,4
fe0b65896fefa5e3ed76059830c2e49c,5,4,1
e9d200068a4ce740a45a51198b50c355,4,5,1
4382f48f29370e70ec4ef6aa3578e1c9,5,5,0
92488b546fc879a0fd88f9294de828ee,5,4,1
68da13c8f4ec09d2e31633d8ea16c15e,5,5,0
93c45f5d04043d75b06fe63e265b920d,5,5,0
96a5fb2398277bfb8d2854443ac8bd26,5,5,0
0c505e1ce394e4cd4ccaedf5fcdbc9b0,5,5,0
334f482925d3aa622ddc1f0766af4736,5,5,0
b3a5258257c3654b78826a31b7bef55f,5,1,4
8682a030870edcce6a8b8299b68aa4d6,3,5,2
73ac25417f920bd2a20e770b8a37ebc4,4,5,1
9bf446986c317acc13f2ab30756f9b20,5,5,0
feb78522c340542b5481b11a97a301e1,5,5,0
e7841f8a7d91020befe0310b6e226857,5,5,0
b276e4f8c0fb86bd82fce576f21713e0,5,5,0
2dad0e5f5e49de74d7d561dd6fd726cb,3,5,2
d1b180581daf3c00f4ab3691c9a12c92,4,5,1
7a8107927fd13f239a62ba070873fe45,4,5,1
418bafc9ec22366d00fdadab496b0215,5,4,1
dde2650c0fa0e73271dc339daf400ac9,5,5,0
790e4dbb16093464e8d8e26035df5523,2,5,3
8b1789e10f33bfc4af50c1e39aae50f7,5,5,0
8b39b750545a091909b29edd02a042d1,4,5,1
8661d034c37aca81ad2a118217c354bb,4,5,1
d19ac15d2d6a66a837bc8bff474218b2,1,1,0
9630c641313083fe39397cfa75810e4b,5,5,0
ae9e1b5ea01b4df2adbf3d1db769704e,5,5,0
cb2dcd0d679928c3c5d29e5479982901,5,3,2
758480e19da5e5b47ceb7318a5ca77fe,1,4,3
67d3db1e6d9adab9c49e67e8a2e65b8f,5,5,0
abb71252913999175f6eee9cc4ea672a,4,3,1
4a314795304cb8de1e5e3f7956e2765f,4,1,3
85599745768805ce8a4885e5098d0d9e,3,4,1
e124c7322cefdb43a61f072bedd00e64,5,5,0
aa2dc936dd126536c8f2eb4dbaf37333,2,1,1
b82334e399ad815225d7d781a906714b,5,5,0
32fdf0a2dd2215ae2db0580d82e792dd,4,5,1
9a2e51589ecc5ce80f0403a55a8f789c,4,5,1
9d35fd8f543fd6c4f8369add0105e531,5,3,2
b2997e1d7061605e9285496c581d1fbd,5,5,0
d599833347cf704c11f7abd88b0f5194,5,5,0
c47daad9ca0c3eb7d59ae53bef0e9741,5,5,0
fd553da7e8c2b075f67da11e409e55ca,5,5,0
68be5488c0fe6f10d9fcf87080556f7c,4,5,1
6fea02b03afef8797df7b9fd8efb3f5f,1,1,0
38f774e2c34f2f57819fda4fe0de9d56,5,5,0
7c14826dc2064f880f7652f2b1da73e4,4,5,1
a6d9999c33b017f6d907c296e13db22c,5,4,1
2f469266d0a5336ac76d2068ef1c9f2f,5,1,4
2d9b91a78d7d0b728d2c29ce3006d676,4,1,3
7be005575f2d7598f774514a9e575f27,5,5,0
076d1555fb53a89b0ef4d529e527a0f6,4,1,3
6e2da070f43077174091a78e68313684,5,1,4
fb2e0a2eb0a7cd9fc655c3fdda628acc,2,1,1
73eca783c104f3d48b1e5c8d5b63be6b,3,5,2
6bdd13c1e2758ecdfa89cf84fef532bd,5,5,0
cc6084f06931be9f36e97f21edc3c5a0,5,4,1
fd723aa8e9502bc95f3bda013fd82072,4,5,1
6e6ba99ba306b937fc7730f3e06cc1a6,4,5,1
61c3c1cdd42ccd14931a2fe11d77e2a7,5,4,1
a21e142410bb5f74b574d654fd36f6b5,5,5,0
06d9e69034388abf6da64378e10737b8,3,1,2
c478e08fbbbe0525997a381b60bf8a63,5,5,0
8efd19a2f9ba6e65f7061e74df5d337e,5,4,1
04b7f4eff7b30fc23df0be1f249113a5,3,5,2
25efad911c3ff50b495d8cc09dc32631,4,5,1
4c5d211b472b4169ab861de4517d16a0,4,1,3
aae1b0d4a875d809965f0ea19c86ff95,5,5,0
60530b8ca3078f2c9039b970e94e7c61,4,4,0
ef3d3d6bac50c7e2e1cc25ba953e11f6,5,3,2
d966edb9e3bbe70c8617b13fac4d810a,5,5,0
642ea6e274946158dea23ad0087bff93,5,5,0
e0281f23b49ca718b12ff1af3140db6d,5,5,0
94cd0e6c0167d82a8806359b84dc0a0e,5,3,2
35ee767c6d8dd29df4b683ac20d34c9b,4,4,0
ddd9c425db13b8b55a6dc676634ea208,5,1,4
5deac2860e55974b9ffa8e2cdc42c58d,4,5,1
ee987bbabed0cc87dc5354eb2b661740,1,1,0
70dd6272528235d8324f3d154b94861f,5,5,0
b0af6cb248a6887f0695f4565bda91bb,5,4,1
57665b3fb0f04270d6b333c9d1f80a61,4,3,1
838134390df33aab81a8bfaf7260b61b,5,5,0
a1b9ae5b3934e2757434214f3acba4a4,5,5,0
7936367b7140cd4370be2d7eb8d3e325,5,5,0
42ae5f07337ca05cc783cbf53a52e1b5,5,5,0
d583f0fd2e3f3c20be3c87938bfcd21b,5,5,0
03e5d6a8dd520898f86f8429ccd07c21,3,1,2
0499c7fe87611ea8ba76fc6ddceaad0e,1,4,3
2fceb850b57ede815933d3554ae792fe,4,5,1
3032417cfacc8603eb6cec97030060b2,3,5,2
278e7730f7062014d198fbf20451b935,5,5,0
a7cf730b181e6cad8b924251402d001b,4,5,1
e028addc83a9ed4498311c3e203e53ff,5,5,0
8d5adba2d82f7af4d944f45a95d5d1c1,5,5,0
2ad4df0af7a71d632dccc0129bee3268,1,5,4
8264f3d37aec1e2076e41b2af5cd23ac,3,5,2
b812f8fd67c86d89510590abea7696d1,5,4,1
27c60cfbe4965270943d7cdab0989038,5,1,4
2e0a57a3d7b55da441c3d59bd020a100,5,5,0
c84e12372b525943bc1de0f837193aa1,4,5,1
0e947809a364825d9cd3af9fe3197074,5,5,0
02ae2a6d1d1f1432dc743ca4f67033df,5,5,0
22036cdcfe0c280a53567412a2bc04b6,5,1,4
2f3421276983f8f73c05e988a95991ba,5,5,0
2c7030a7601b763ef0395501c6063ab3,5,5,0
f91c3182b60b554b1096c7854aa97fa5,5,3,2
38e44f1c4cba91d352a62abf15ecf119,4,5,1
4199a7bc1c9f1b2df2a5fd055fce1e5d,5,5,0
12a72e49c959db8d7552036e53a67f49,4,5,1
29d86db6d5cb58b37df26cfa3efb17bb,5,5,0
1ecf7a9583c0f92f07515fcd970004f2,5,1,4
b7c03d21bfaf98c81b21dd94e82d0391,4,5,1
12bd377dd79de8d6c43f67d1a0358743,5,4,1
da3b31201f3eb351160956d5aa12deb6,5,5,0
8dc23e32f69367ed60a8fb3979e3cc48,3,3,0
475222e589bbaeac43093fcf2c855301,5,4,1
3de239d3dec3f647b8a88bfdfc4c946a,5,5,0
7a8b9a4ee163fa0b06377953101c8085,4,5,1
eeb1f86a9f9c08e3eb0bbb7186dccf60,5,5,0
194a26fbbb1b4e83fa0b65aaf22d99c0,5,5,0
96b947c986b42f213c9e6b8ccccedb89,3,1,2
e8a8221d81dec1257a582b21f3db43fd,5,5,0
23d5d28c2bf332ea0034ec9ec17437f9,4,4,0
308b7e21ad330aa50c1c7a9987437a53,1,4,3
818682a31ca442be80d20a2ae4330156,4,5,1
c67afe8b6c6b9dbbcfbccb18ae4b5556,5,5,0
e48c42a05954c6542e0631596bfb6fe2,1,5,4
898848a3835c0476647c9e862798949d,5,3,2
749890e9e1720de87c27367481a3d111,5,5,0
e84a134160970bbbd747fa73e42c7e7a,5,5,0
e1d72d08a94712bb04f2e4194ba776b8,5,5,0
630851c26588ce1346328ce74a222c7f,5,4,1
22648d496637318d8713a49b4e628a87,4,1,3
6b27e5ad651611d9467a393681ee0f7c,5,4,1
17b8e90e60f4d19615b77562e40de425,4,5,1
4119f9ae0b1ceaaa966616d6a3ba616b,5,5,0
fdc6a2cbab0fdf2d9b3e54c5bf3f5b28,5,5,0
c81d8c64bac8003aa77329e1e4f078bb,5,5,0
087a1c1dfd41b68ab6a6cd8551147bb2,1,5,4
62516b70ac5eb69d6be50d3dc3fde262,5,1,4
6f160d3d9d471193fdc5aa47198ce815,5,5,0
60320e541a6e9dc0cb5919399543f905,4,5,1
0d92f9c47e96d946ca421dd3ea531b2a,5,4,1
95b77d025d47143b0ac25edd12536293,5,1,4
d3310038bbf991ce02501a51022f5283,1,4,3
242145b8067ab8aaa40c2da8d98b929d,4,5,1
bfe0ea9bbed24adc7b8264ebe10401e8,5,4,1
ab76aedb67702363009523f1a9bc78ab,5,5,0
1b4ef3bdad72cad23a9bd4b06f87ab7b,5,4,1
ec4aa6e072a8895dc5f672c6b36052f2,5,5,0
df720130627bfe896e4eaafe2df5b721,5,4,1
f3860f9cb9ef6130287ac71894577a57,5,4,1
20fa8f2f9e0e99e74b93545b01a6f24a,4,1,3
c72ab77b36e73ef2e5f95a0c2f9fa739,4,5,1
12582224cebac18145db6690144db314,5,5,0
5a97cb85d8737c11775451e5bcf67286,4,5,1
04464191f1b76f60684eac5609f3bdda,4,5,1
9a5199b42599c11214ac9f95cfb17043,4,1,3
813a1385b04dcbffe8f58fce8a32bd51,5,3,2
902316ef1cc830ad9d566236f720309f,1,1,0
f7780ea2807db31691e83f0013294035,5,5,0
d199e989bbb5f7b410c1a717d589499e,2,1,1
3aa0358c1a9b8019bd14ab006b6e8284,4,5,1
f91129f9c042c85dbc000f46b36492a5,4,5,1
4cf039bb3ac612eaf93de354f5da9cbe,1,1,0
09a5c8d751662bfb96c5a3307619cb36,3,1,2
73e85a295c3028a2283eb8182a8ac56b,1,5,4
520f711ba8d6317f12503d49312f428b,4,5,1
c1101a911387fc42d24230c28f75f016,1,5,4
994e1f4a0a62e1dea607edbf63528bcb,1,5,4
2e55db958a20257bc57183a4e74e6b47,2,5,3
bfdd803339c3236164d4fda73c95f5c2,5,3,2
b01b69dfa0d22c11ded5988a866d2d7c,3,5,2
41948e7b013201d8f4f7da938bfa7fd6,5,1,4
1b27ec73386e488de66dde240800f5e3,5,1,4
cebd81d91393b014d64df92a97a7f80c,5,5,0
5fe019f7d1eaebdb3da79811a3bcd58d,4,4,0
44997fe5448fcd26b6c093cd6efda36b,5,5,0
5e981569f5835c96e4b288363b3b8f63,5,5,0
59bcef0c3287abc23a5807748b62b7ad,4,5,1
bdb52fcc684d212ff85ba88d4acc3b7b,5,5,0
a651186842ef57c2a7a20501436beaf7,4,5,1
d351ad232c9e018edafa9f34f5d03e63,1,5,4
4895f8a5926847fbac7dd72661f60dd0,5,5,0
719fa622ffdccd736b29beb1b22712d6,5,5,0
84be8c486cc6c6bb5dd2a0a19effd9b5,5,5,0
c1f7501bdc05e68361a9d1c71ef75dcc,5,5,0
c9db1bfe07af2c4724a461a704c1ec67,1,5,4
0fa0372b06bb8a9e774500bd29dab06e,2,5,3
29bd9da0c830f4911275d768a70079ab,5,1,4
9bd5c53e69d9f7ddcd2ac219938bb4be,5,5,0
9f6dfd14e123bd6e6372b4c0723a0d8e,5,5,0
d0917c0a88a601949cde7cec1331de4e,4,1,3
73a701180eb8c7933d23e211f735302b,5,3,2
c34abe4602727e23f7a3c265646d35ea,4,5,1
a6ba686abe92f4b2c2cffcd962db019c,4,5,1
d3b7594cc1a07125979df784dbec5c5e,1,5,4
830e8ecaa817b531901cfa5dc4a68ba3,4,5,1
2d2e008f58649a2e2e37304de7fa1ebc,5,5,0
ca4b9f3ce6fc19e8533501cf8c6b832e,5,5,0
baff031eabb2b15f770c6ae2f62d76dc,3,5,2
739554bca7c0f1d20cf28779b6e37aa4,1,5,4
5f4232203a9f7cd910b49787d7f32437,5,4,1
41b6d9a83b4f55e253cc69d7cd6dd55c,4,1,3
28d1591eef9b1432d512e34dc8b3a513,4,5,1
b33010cda5cc0e6573b4eecafeb14082,5,5,0
dd6e5859df4016efe3a4c9979af4ee90,5,5,0
3899c98e47bec0b8dc7d92daa46ee1ed,3,5,2
475884ab4a0fd44c36d533ce24ba64c7,4,5,1
5bab7c41f1405d62a214dc3648c37e1c,5,5,0
13ea512ec6905271a81b450e551b62a8,5,5,0
eba75422c6a2414d3cd8289123e64200,4,3,1
e6c4a6f6dd627304bc8f832080958a32,5,5,0
db064b03849f2171a59f4a8cd50778f0,4,4,0
0524a4740833e4c479484d6fd2735725,5,5,0
ce6773b2916ebbc43dcaa762c0c6f9b2,5,5,0
3139254607a08295dbd11e787d816506,5,2,3
903886b8e51bd659e2826a72c3eb5c5d,5,4,1
4328a3227949bd5087871131a3e852a1,1,5,4
aafb89f11bef342ec3ca3571428ab77b,4,5,1
9c77804d4075e1f321c74f7a62d1d016,5,5,0
996cf7c353223f600a2ea65b66166d91,5,4,1
7c36932e3667e570c35752d13bbca443,5,5,0
080c5db822472f28f4193dc902b9be32,5,5,0
97445d49acef660b9217b07d0fc1ce3a,5,5,0
a9f3a3d1ad51353ad83d1cc38aa74a47,5,5,0
f442e8ce7252d20139480cdb55291b5c,5,5,0
64958ed60e12bac04474ff739271a3b3,4,1,3
015e051dbb2407d4bd305635e46b732f,4,5,1
18bcbca4b2c948e7653345492627a1cc,3,5,2
33ebbe6b176d53190194b5b05cf69330,5,4,1
386a7bf9de133efa1516c4145330f3a6,5,4,1
5610645066118adab4ba8c6304296f84,5,5,0
066bcda20b88b5f4d4870b32a387f822,3,5,2
1e677b19d299a71e33c95a270f656703,4,5,1
e3aba2389e4a741a1707015e19a45c65,3,4,1
4313ba67282f2ba99c4b3c4f3e344595,1,5,4
1be0198364927817972a58d394308a40,5,5,0
8051026f0cea5b93df6bf42cdf1aaa74,4,5,1
a9aaaf24646d60bb635aee235c06db11,5,1,4
45545b0586d46e77f4758cb7a15320b9,4,5,1
323edcfa718f1be4d393578d24d3072a,5,5,0
87088bdc1540ebbba402377ce8cfbbb6,5,5,0
31b5594fc512aedc5f790621219fd23b,5,4,1
aceb0ac9c2d49926c0eadc1510a3ff53,5,5,0
ef0beb334211d552bb4bbb9b43e60248,1,5,4
9c9519dbd0554cfc5c787fdc7fa8ff42,4,1,3
59a28b77022aecabe93b43fa323de71b,4,5,1
85897c1837af1ba410fee4573c3f16de,4,4,0
c919149cd022b45a249fb326d2ee89ab,5,5,0
ba45595538a13176b4850483d5f787e3,4,5,1
71cddfd6e49811c604b95c4b69c4393a,5,5,0
88594435967726f387be4e2e6db45f41,5,5,0
347bf2a6f72b7c7650838aef5cd546be,5,1,4
1b2a09e1fb4ede4fd59a806112766dc7,1,1,0
eff815e07af90858dc1de0952b153b9d,4,5,1
d8d875126ddbeec8b736ffd7f0b1a4c0,5,3,2
81cedc4d2132eb6f512354166e51b187,1,5,4
2e9d2850537d9e6975149a266b9ecf69,5,5,0
a42283397a151200700834c740a51a37,5,5,0
eb5063779e537e3b04fb1f0a50774ffb,5,5,0
b4667cd2edff64c10f3994c1395c3e3a,5,5,0
0f63c3a2e4c3e3ba27c7452c1f83621c,5,4,1
d8efc4afe919de73af09d4319b503f08,5,1,4
3d47aacc4c27ad170b1004695eb0c359,4,4,0
990ef3539979cd76d0cc98835b2ad2f7,5,3,2
1c1c151fd9d7a589bffa44635f4f1310,5,5,0
475c9b166482c7f26c38c7ae858d832a,4,5,1
bda3c40c66117ac3211d4934f4a43ec6,4,5,1
710b84dc1017489e8e2cb948c9addae2,5,5,0
27fd0c263b9d38e9cb2c2d07fc0c706e,4,5,1
e8596a031f6814efc9b04e857f053ac6,3,5,2
8ae7fd72ee36498f96e1ee38a3e1419e,4,1,3
d53fe820dc149e739012c03f9409f67a,4,5,1
f12dbdb6a90508df0f4d102e304c8c7d,5,5,0
5e9f1a71f53f74f8c4e829ffbb4b52e9,5,1,4
5ced3c3a76ef7d2ab6b014b379d414fe,4,5,1
8b6746478f6b44e7b76097d1c2f4dbe6,4,1,3
7e27277184720891692df939d3a7b048,3,1,2
da1a0dd3bf29adb14c8a77fca7388c11,5,5,0
c37a9a364fe07bc26ad03f0b4f306aa1,5,4,1
eafa53108733896f6f18e2f8daca6f37,5,5,0
3788e0af9e212034588d6d24fa1b7fd1,4,3,1
d225169bf3bcbe1def3db868a96d69b4,1,5,4
51d713e7827d7fce65be8df2395cb0bd,5,5,0
a5474c0071dd5d1074e12d417078bbd0,5,5,0
9e4243313a1d4a651bb23ffa6edd96e2,4,3,1
e1faf9211232539926d65299a9067f98,5,1,4
fcb2af36166db4e5d7ac2491544cc1e9,5,2,3
1ff300a1e66c173fd9dba91d3b3db4d1,5,5,0
936b6d1c11f2b85ce1edfa34171b0e0d,5,3,2
029b99b0436c25c8de22cb828831ffa8,5,5,0
fb31bfd260ee565cb546aab5a4a28803,4,1,3
f7040a177f3827f17f94bd8e437869ad,5,5,0
3e3a2f955d45f35c654bd13bade8e0d3,5,5,0
6fabd639eca67c59f7c8e191316f3b16,5,5,0
62dedcd31d4b3c43f9adbab2d7fd84d4,5,5,0
559e95307dd31619f52fde406925e840,3,5,2
91cc93a882b7f96a25e4a0c32dd6ad36,5,5,0
19f0b0e6659d4be20f4325ad739ffac6,4,1,3
8ae61eab795bd8831fe171750551feb1,1,3,2
55cb20782f4a6b0174ea7afdb736265c,5,1,4
8da23e61aecf8f2c23c49d53c6d16d40,5,5,0
8cd863c5d05bcd7ee0e77483f1ec15e9,3,5,2
ee6a209ee9b43643f6910b4077ab5e3d,3,5,2
ab5628545011511727a47e013585705d,4,5,1
a26bdfa860437e3b9199a81b6003d928,5,4,1
40a6bf502702fa0bfaee3ae436b554ed,5,1,4
518a29937a972f0eb47a811a8bf44642,5,5,0
51443d57f4db8cd4a58620d7b9a8c723,1,1,0
d82a297437092371e1c2278befb2314b,3,3,0
54ba74414bed49a8b13864b3e8666f57,5,4,1
263f3f7d242662e761668500f88a6e92,5,5,0
7e96e25e50e633b64d640a69f6084dbe,3,3,0
cb8e4e4edadcee29ddbe43c4d2396db7,5,3,2
57e15c1ad29a85e248eeefad05d29453,5,5,0
c7b320d88c5e5f37698bd31d75c02eb2,2,5,3
e8f10e96c2974b2d58613a46cfef346b,5,1,4
bb8871a92af73ddadeac0531a0787131,5,1,4
68709f86fb9eba39721082ba8fcb7047,4,1,3
b9fdbff1d403555f4d184966b1ac398e,5,5,0
18995b654ef8f346243a4a9e0b278164,5,5,0
9ff5836df74adba6c5a5cabcfe59bb51,5,5,0
04652586a8416e68609d21f267dee2f6,5,4,1
2421f14e951ee2f1127aaadaa60d9763,4,1,3
3cd1fc00785c7052ace31b764290e42c,5,5,0
ee24e7d976a47cc46be7304fe5654ae9,2,5,3
b51ffac76798f4b49bed44e8f01a3030,5,5,0
cb8ac0a66ab9381703d4a2c473bba526,5,5,0
2aa8454e751e7fc82eba1192b4e49aad,4,1,3
0e784a85d6f7aa0ffe9a41d81f5a4ecf,3,5,2
dac3092fa896a585ef8cfe91762294e5,1,5,4
a1da6725143e50ad30af2c7856a4122b,5,5,0
06b7229726fb71407516395c69b6172a,1,1,0
e269ca84795620d3adb86146ff38ad62,4,1,3
4810ed84accc83eb4ecab078f19a3dff,1,5,4
3e9bdc72197be8d2881273a27efc207d,5,1,4
71359a053b02802c8974b69049cec60a,5,5,0
b79c105a20e7d6c5354e50f16dc2baec,5,1,4
4e9d991478ce9d386648f6dd85475b6c,5,2,3
9dc3aae9b1d669cf1ede0c26d1d08b48,5,1,4
9c3580e890d4e5c7a6f8ca754b9aff45,5,5,0
9de8f4ac771189b55e817ebd04cf21a7,5,5,0
b5b45b75641df9adb6a1a1609bcb77f9,5,4,1
dff351d499a7a16d302eb0c77d6fc100,5,5,0
a0f2f8b0523207a13f02225bc812ed23,1,5,4
adc3c2a7a5283d29f235da2e760b0f05,5,2,3
3fcffc1b6f653b43f6ac98b51f2735ea,5,5,0
6c30510910f5b4d215704b3b2b091161,5,5,0
13c0445b9e1b9ebf53dc83fce3600a36,1,5,4
03bd6f7b95588e476cdef4abb2cfdd0d,4,5,1
43a462022e4f6463144b36cc47783b7f,4,5,1
b0cb43bc4638d44188430b7d42b35866,1,3,2
fd5927a8b0df47e0c144562b54b228f2,5,5,0
84b178ef93e0b367f901d4263bee2a3a,5,4,1
8851b8f3b3c9736081a17b2f49b4eaec,5,3,2
6e70c44e566a92cd1ef6b7bc8631fece,5,4,1
80503508be2a3417d594a5d158c22ec1,5,5,0
ad42f04485e4f6eea616c0cdac1db05c,5,5,0
f1d050fd7d6e547eb0ac3bb1f776ffd4,5,5,0
638913622370c1dfea90659077bd5375,5,5,0
dda0b2b9a46f5c43da98422227eaaccf,5,1,4
747674a4b8b96ff3a901d54e528c9059,4,3,1
adb1802d9eaab059b7b624f5013159c0,1,1,0
08ac0336730e831f16eeadf576564ff3,5,4,1
053228d082dcc4c3730e511ecd4c9fa0,4,4,0
e66785759d87e2a80e8cc70ddd861f36,5,5,0
2809bdf222a943e3f8f49ff324724f43,5,5,0
4375cac0cfa2a87273ea83c661bdfcca,1,1,0
f0c1fadfe3832d32c7a44b37530c9e2c,5,4,1
f82bf77eee094dd4e9b9e44b9f7bc246,4,4,0
455899b7472d7821875298e00590ba15,5,1,4
13c315a2014c348759014f460015094a,5,5,0
c7542d0d83ead101b058770578cc04c3,5,5,0
3a0ae60d56c22367fb5e1f77bd8232e8,5,5,0
341aa5f2e049abdcf01324107401e6d8,3,5,2
0f38051157b7ad1d4e0b6c5d20de6ae7,1,1,0
058dbc6a010af0332e7515f383c02b5b,5,3,2
7b8ad11294a3f23e9695000ab5f07a42,1,5,4
7d0408fa5d2829c175c99499e5aeb226,4,5,1
d008e845c1ba7ffcf8fbf42c4e412cbf,5,5,0
39b07544f44827ecfb759a3544ccab72,4,5,1
3dbaee49e261c2196c0b7be676957e0e,5,5,0
30eb48d11917481e5af28f68d39002e9,1,5,4
2d84a50c6a3aaae840d7a0dbdde2df45,5,5,0
86430d523480a84b621ef0c347f56ff2,4,5,1
2799d1147975330e011d0040e6c1f964,4,5,1
80a26b4ee1a6aff31f37986403491366,2,5,3
0a327f9c209a8317bacc1f86dda65f52,5,5,0
7fc163ae2a200d57c1118812221bcf8e,5,5,0
e7d21c24070fcbf69b6bb15b10a8ba14,5,1,4
9bdab6a58999d4197bb9182919f89712,5,5,0
47d8487055416af863e81cb7f28f4f19,5,5,0
44c2a6a1b2abef0a76aa83b222217153,5,5,0
12052ac6aa067434388199224c0f11bc,4,4,0
eb73628992e7d5099384b8016d82e775,5,5,0
f2ef7d612e69efa8075800e031d9880a,5,5,0
22d03f81f36cfd05e90af56d5dc63e74,4,4,0
d9ed186abc625ccae42014887b7af04d,5,4,1
1a46a59c4c13f2c52e453f8f490b7840,5,5,0
4036f899610ca6b249129cf1b59ae8f5,5,4,1
7c2b39d429d502e10a0ef4dd8fc88830,4,1,3
5aa65dc27dd9c4e4d81ec84ead95feb2,1,1,0
b7c7e92c0538642c5ac9a8cbfc098092,5,2,3
553682ad4457471eb0db66f89c9bedd5,5,4,1
fa3bef56b181acc039313f37d131a068,5,4,1
dcd784b797429055d929d908ce30791f,5,4,1
3f744e5030fb02e02651eb31d5204878,1,1,0
0a4c05d2e1ae812a342af2f5c9a34b36,2,1,1
1046a71a57b33b4a92f9f932237f1ab0,5,4,1
7d6dd21206d2e43674aa0c6b6e573cf6,4,5,1
430f5ce743fcb253ce569ccad8590f05,4,1,3
a2ac268c7f6bb42562090016bb6ffde1,5,3,2
ae09ebb82b7283effd23c7a5017498a1,5,4,1
64ff09b60c2714ff11ebcf304ed21fb6,5,1,4
4018616cbec654d2b729f55e01242301,4,3,1
4f1a1c6f6fbca0d084e77e3f74b37cf6,5,1,4
e6d7920ba4f7a2673a980bd60d46cb53,1,5,4
70ee631a6eb795832e5318331fdf56d3,5,1,4
48a9ea3e1c382a1103caddec631502f7,5,5,0
230cb5ffb43a10662e4b64e7d02cd171,1,1,0
35cab29a44850e454b675c0160b34a45,5,1,4
1c4b283e95602be28c975207016558f1,2,5,3
952c3a4510a7db68bfa6a957bdfa0aeb,5,5,0
ceecda7c9b24cbff643a6c5119a9ec6d,1,5,4
4518ab57ad7e9009e40b69c17bc005b4,3,4,1
513aeb569eda09cb3e7bf6aae2ddcdc4,5,1,4
4809cd2c1bf682210c70023118f90090,5,1,4
6c2208178d59f2c0518261028373f5fd,4,5,1
1db209fdc128d35605e562a70180dd32,5,5,0
b3abe697965039908d3203cd063a2ce6,5,5,0
86386c3dd74a55831068a41fc4fc1bec,4,5,1
046bac99a3d9ff45ef86ebcd710b972a,4,3,1
5fc25db83662b2660bd61440ba3ec9b8,4,1,3
dbcdd36c9c9608e8f8b678b63979aea6,5,5,0
5d284e172fe3bafba10f2c60e3ea2047,4,5,1
ba1f6216a5c2428edf225c23708fb2a3,3,5,2
233dd5ff8fcf29748ef3f96a24750ea8,5,1,4
63e6167831e2896f74d9227af41b1431,4,5,1
22e737b729bfdec35e6fcbc9bbc518e0,5,4,1
d974607c57ca915767ed00355b0a7bcb,3,5,2
17ca01c238bad17cd6c09179888b6d7f,4,1,3
13f122a23bdcdc6de4c10fb7d9fa6a0d,5,4,1
5fc3e04af31e724bfee5ffab7d3b41db,5,5,0
4a0746838da42155bfc10fe57284b734,5,3,2
e57c5c4eb04e271f8cb3de347b910287,5,4,1
aec0f45f4c980472a8293f2213d49a19,3,5,2
591c776946bf5814d5438574a5b42327,5,5,0
597310d5c3dc11229fe9221f13489cab,5,1,4
040ffb806b943aa19e0b176e7746b2b7,5,5,0
8054d343a41978d8c122045b28eb5e00,5,3,2
78652a80b5afacab99c641f855a4b00f,5,5,0
d800ed6cc3e992f98f1b25959791706d,1,4,3
b4af9113418b5d23955be04b49dc6f96,5,5,0
61cc521d6e411ba1d58a700c828665d6,1,1,0
65f78a0e1f8b80c4f6d8d5c6073b8601,5,5,0
363177bc6f8d8d0c551b5b623bad4381,4,5,1
fada50d2d61b65968d13d80940852475,4,5,1
514988a3e142461049264d74b768b365,5,5,0
8c08046423760b49c5791fa64db061da,4,1,3
e1cef1d9d9cdf18eb3f06c9ac41e3b50,2,4,2
4d4533e0d6931b2344cf5711561dd7fd,5,3,2
fc673f244cbed55f48d925a2f75e42ea,5,4,1
215e5233d56b418ea25a08ca57b67619,4,5,1
45755149572c323be55506b108bcdbf9,5,5,0
0b468af2e7c3af5bce986f443aa69083,5,5,0
c17bec338f030a3c554f761083f037d1,5,1,4
f2337d9b4a21ea7114a3559a895cae9e,4,5,1
1ecfa320a6763da8b71ad1fbd4df6550,5,5,0
3b1f8d68684710eac0cad28d412dcaf8,5,1,4
a5d865e12e7e0f8952334691874959df,5,1,4
afcee0adfa39a03591a13aff66b87cb7,5,4,1
4ea05bc522773f72fea5dd4de1f546e9,4,5,1
ed20b1dad0625f2d7d577cba09798687,5,5,0
8c942d6d0cb6781e00df7a3fafc8ef86,5,1,4
58d3bf26c43675cdcc1a3ac391c06dfc,5,5,0
d796fb3fcd8046bf2eedc21bcb2e407a,5,3,2
2292c00843a93f0cff36af4ad5791098,4,1,3
10fdf269eed6d4c024dc5eeb5c7f6c37,4,5,1
ef0ce2dff39f4a5251eef4f5194deaea,5,3,2
26bafe5b8b70950ebe6c386b3aad1fe7,5,5,0
9ea96fb95e4f5580a50a0dca1e9ae212,5,5,0
b80aa0f66d8a0841be0ce473dc5d94be,5,5,0
311a55e7e3386e44b73ace3d2fa51d6c,5,5,0
0decb14beb4de8d3b4e37103e81f119b,5,5,0
f4e3efa8e78dfe5fcf02d849dabe3869,5,1,4
837a2b3fdf1af32fbddaedb82e8251fb,5,5,0
da0b10b78f4b4fd25b1635724889e7df,1,5,4
9f14c1ef946ed872bfb5f6c2ca8adc3e,5,5,0
2935c56eef4b858e80e28d27d3243b33,3,4,1
24149968adb7fe949f6d6dec53cae0a8,5,1,4
f08e7cbe4ee33176122952f10c7128b6,5,5,0
85c515e575c1c602e0d8aec66e8f9574,3,5,2
be67d695978287b15a519b4d73c6898e,5,5,0
e175cbd518afe4a80b3f5f884ab05450,5,1,4
3f5021a01daf8329b31882a467b8da0e,5,3,2
f83002f1a05b7514c1b8c04d72a31611,3,5,2
16a811fb1fdf869b3b5ab6f91b6f36bb,5,5,0
fe784ed3dfc728fd4de44fa9918fe1eb,5,4,1
0a2c9c3fedb974fcf5a8a569e9ba9da9,5,5,0
f6b5a2c1e180d02a3b579941b782da7d,5,1,4
3202d54e102ee571b92aaba84b2a7696,5,5,0
5f66067164a5ca7adf49a87bfe4cccc1,5,1,4
a440318fc0b00f62bd45c052abf0837d,3,5,2
42c8c432478c96a21d6b78c5350ccd28,4,5,1
b6c1b51d37cc489d4332feb65ddf0915,5,5,0
55cae94920fc56b51f65ea17a94348e5,4,4,0
bb9f75d3c7f568993eeea270ef41e9d1,5,5,0
b12b92b6a6b42a691ca688b4d7225153,5,4,1
4d0b1ea51ea051ef9f4765df8148c0cd,5,1,4
7e10e8b9d6949e7caa76063a954cc035,4,5,1
3d352a1e37d7eabd08d9104244fa0e21,5,5,0
ba436db3c441f63a8ed34e695ed2e9f4,5,5,0
5a17b93e01d5660d0973ea3701f5cbbd,5,4,1
272cd23bc43dd9d5716b56378b446c8b,5,5,0
3a48968afb1c79c3f512c758c202537c,5,5,0
a8898844029abdc3064b4fed7ca04a47,5,3,2
f1e8643379e102eb64bc8ed6989a2ec7,5,5,0
5ed946893f9d36c172fc9bbbf31fcf0d,2,4,2
c81217ac6f729105708524c82fa37172,5,5,0
ec88ef2191b5e44c70cd7fc05d9b5e95,2,5,3
e7eae9fb17a9b0cae9fdb0dad8afccdd,4,5,1
847ccc5f89e0b4539959c0d02d548b88,5,5,0
f34fd6ac0a7e90bea64cb88ee0e475c8,5,1,4
2cef31063d49c0d832ca9bd13bbb727f,5,5,0
55a0842ea8508da4c9ef096cbac8bfef,4,5,1
1726f2ec844770ea9f94c7a3f2651a8b,5,5,0
2f8eea85236019981baf4408c9123ff2,4,4,0
aa7c4f87e8a4651e709bb23f0aee94c9,4,5,1
c86ed3d96b3e082f9cd03138001af2d6,5,5,0
74c415339f4e4bc0b0ce2d6c6d067b2a,4,3,1
cf753c9874f18f99ba2ae6ae04632905,5,5,0
f3de0893c636179ae92136f971523452,5,5,0
f0b96ba79d596f91b5ea273b9183b363,4,5,1
e1cbcc0a628610d3a838acf58bb4a8a5,1,5,4
8d7ab0caaba5e4a2f8e11caff31dfe48,5,5,0
1df5ad6aeceb5bb17ae3e7a095592d23,5,5,0
0c986e5002868d137f566b34fb183827,4,5,1
5df489bf628aa872653bc4791319921f,5,1,4
2e3d25ae760b48fda536f1be145cab46,5,5,0
616af40af63ff5056d43ea07a322c10f,5,5,0
0e8a52f34b055d2027ea7807c20119c4,4,5,1
f5812a9fb42759e8e49d17f11e9d18ad,5,5,0
8fb50f9ba98ad9be38b8ffa2643a24e0,5,5,0
b5590da0e1ed55750c6f09988b5935a2,5,5,0
8d71917758ea476a2b1014f34c1f9005,4,5,1
3cc57d3144ae8df639a05eb5783f872f,5,1,4
e5d40f85d5e6270ed8680e3fbff77dbe,5,1,4
bfe8c448781919b17936bdd844baefc4,5,5,0
daa1c13dd8df972cbc97ca351c67f32b,1,1,0
bbae6c48f9a555fcdfc699ed409760f8,5,1,4
c314dee9e9d49560087a6ccb64ea5850,5,5,0
2c9e182f7a193ad787c1e4dda16768c1,4,5,1
c514dba8d0ed614c6a397d2f0f3fe202,5,5,0
76adb6e26eefb772dd741b47286bddc1,5,5,0
6e0f05728107157ca451dd9047a4eebf,1,5,4
2fdd596723c47b1dd0dcade4d2cd1df4,5,5,0
4765a33a4ab50002a81f461694f64563,5,5,0
29215b35ce6dc3c65c05c30d6e736e65,5,5,0
05871d52118762aaae93a3682fc5fe2f,5,4,1
60b3db6cf502ca52a4a43946008b1600,4,5,1
c4e471ceef59a7434978cda5d4ab9d4a,5,5,0
99d49f52685bd8c00ec0c341cc75d68f,3,5,2
4abc7b5330425bcf9c2f7f48151a88c0,5,5,0
0be2b529a3bc3a0f53bf110c1f01eeb4,5,5,0
c6a9c77bb8c5622e8ce686a274dbf281,5,5,0
5698301facad559e3efdf43331ee9fbb,5,5,0
6a5586aef88bff8c258fec8c11a31e07,3,4,1
4096943338f6798c95bce03684e2a354,4,5,1
7a7d63579d59c48629269f0d2b7eb894,5,5,0
abbc50a1e07d19c76cbcf0b649796bb7,4,4,0
fa4c59a94711decb9c0410a0e7f878bc,1,5,4
14dbe374dedd03ff06285484791c8d4e,3,5,2
9fbb5075d54585f5a28a955a0f68b8c7,5,4,1
2276bb734e4633294d205c492f92ee24,5,5,0
c3716204ec5bc2bc5593bee858279148,1,5,4
8c37353173db5c03df9e813cfe9a9326,4,5,1
9052b9e9831316aa74d32b45bbcee6c8,2,4,2
c7ac9d091733ebd451d6dbebceee9191,5,1,4
7c77dfe4ee780d97bc7247d7aa809ab8,5,1,4
720609547e1e3b8ac4b3dc47ba846525,5,3,2
cdcc163c185b029690476757900236bf,4,4,0
f01dcdf8b36b19f3443d5209c827796f,5,5,0
3085b7ef3898f0caa9793f33a175b07e,3,3,0
44be4d9e90301dc9a8eb965d2004f321,4,5,1
9e22c8dea6cb942311efd79ca6fbbdfe,5,5,0
11b2c36a481a4272681684f4b09ffabe,5,4,1
dc67745e87e769607de677683ab1fd08,5,5,0
6686e93efe206ed03777981a67e8c1db,5,1,4
ca1a95284ae96a8e085f7671c44f37a4,5,4,1
f176421e9956528da385eb686f70b7c1,1,2,1
c86ec4cb10140cc7588fc65d09c279ac,5,5,0
e1a818b056b700bd7b25f1089d897239,5,5,0
a0bb81fda7cf88b07f9a884c1be7ba64,5,5,0
a032ff0a07f573a5a759ff255b26788d,5,5,0
dfe1a1cff6291723d37ed8f60e12d5c9,5,5,0
adfdb27a08daee708353f76e9b690c75,5,5,0
213387d0c127ddbc06eda8fcfe0c6603,4,4,0
63a0e19325e063aabcb6d25bc5223d5c,5,5,0
c2c7994c7840c3d025da33aa6285c246,5,5,0
8c9e191de5ee58e2cbd018c2943ff9b2,1,1,0
20a9733a8c2daed3d21e51040ecb4f22,5,5,0
dbcb89699a4736bcef1373eb9d8ae5d1,5,1,4
0759c200a1d9ec728ba380676bccb583,1,4,3
a7d77bb60d2aa33086558ed980891f8c,5,5,0
bdc8e349078c5028fba22d1da1066974,5,5,0
433a9459ece4c6083b2aa89b2480a1a8,1,5,4
0faf8d02fc7c032316ae70b90e6e1fec,5,5,0
762ddaca284fa16755af5aeef88e55f6,3,5,2
fda14ed39c4cbf5c218cad0c470ce3be,5,5,0
3f975d6254e730e9262bc7be0b71a589,4,5,1
bb7ec3c89a7e6653763308a7c4fb5c78,5,5,0
3e5e7b5fa03b93333f27d876d4026ec3,5,5,0
6023c91a14d68c5adb556a5dbd2e0f84,4,5,1
cbd0a0bae58672055c7961ffbf0ee529,5,1,4
c09ebf7e4d207da975475dcd0db417ba,5,5,0
9bd46627fb3249657cec3b1320aea004,3,5,2
5f55e6b524e35858ebe24f6f9a5491e0,5,5,0
6dfd5e5c5068dadbb8ac93001b69677b,5,1,4
5be0a4b3c5edf92cb76efb03c61c2474,4,5,1
a1b442b97cb70e7207abe3f32a01e3d0,5,5,0
1fa463e9b5b2b6353d650ffa262c0a85,5,1,4
a1044dbf7beb1971c71d7b0f94836313,5,1,4
980044cb2540e5978dc610bcc47bb9e7,5,4,1
a29c25c2c9c3100daf48a25880312c23,1,1,0
7c40c1fdc6c80fb91892fa1cd0b79d82,4,5,1
f3d2d81bbba5674341cadf212e3ba72a,5,5,0
9d490e0cc1734e6efc3c66e08acc7d3b,5,5,0
b2aac017e3d894267bf55fe86abb0dc6,5,1,4
7627cb930af1800bf8aa7275633c9eba,5,4,1
9b87b416a8eafa9023a1ade52ae320a2,5,5,0
4d33c3b8db205a116cc13b56b4cbf5cd,1,5,4
2fe782855de414d2c2c51fcdb1437e3c,5,1,4
d68ac2a1fe441368e9bdea2c2a4d5ea6,4,5,1
77fb4b8cc3c049b130b87530c7071abd,5,5,0
1800e46c3912d9882187335b9768b6a9,4,5,1
f9418673303e682d25b8e8a57bb7c4d8,5,4,1
46f0668d5961419489c708d57e9e99bb,5,5,0
0fc664e3e9937dfcef8a126f89b976ad,3,5,2
85e84e0247a114a9d610cb0a24710ad3,5,5,0
f16cbac8a72057c2daba4b64662100ba,4,5,1
28b6917cb6d7f6fe0540986342ec6866,5,3,2
6682badeb849b39a76e35a275574fe12,4,5,1
2b201a0bd7f6b90ccfe1b70c2124d631,5,5,0
ceb0508b7d0cebf8cd0cf1052322da3c,1,5,4
fc9a5afd96050ceb0d9f12a4f8c5d9f0,1,5,4
95602660d1840a734d33125e90ce2b00,5,5,0
26492946caba5024f4d5e99dbdf4514f,1,5,4
38cea9cee434d8caeca46e5b63002eb7,1,4,3
5a5cbced9c57dbafd90dd9b04594b2d7,5,1,4
13d341318c77969f10d77e1382957542,1,5,4
8346e642eb8d376b57cddc53b6118a3a,4,5,1
0f9db6b2900040157d27f21ae0f3d86d,3,4,1
24f1803064ef788a570a74e04dc6663f,4,5,1
556a840ca8df33d08ff39fed4a28792b,1,1,0
ec3c3d2c60257d3b6a6c4ff3644f4fd8,5,5,0
a3f586050d25a10efc72e242c88e0c03,5,5,0
1cdcd38020c62cfc2ba884e5a23eaa0e,4,5,1
1384f5f2f4532f5b9fa0f6cadafc93cf,5,5,0
54a51314febd38a9bfb89a9f49006289,5,5,0
a2a04ead650a00874aec73c0d989298b,4,5,1
bc535ec5ab20f26f4b9dc626fc4f7bf8,2,5,3
fa28b32a0c26a05aed07e5fec4c54b3a,5,1,4
ab2e481b1ef043b41c202628100f6b4b,4,5,1
287c56aa824d8d1ea40246ad12013f62,5,5,0
652dd1e43c57c5f82622cd0d4ec1c376,5,3,2
1b79d2acd9204f5e12d9c6f8b8ac5bbc,5,4,1
d640892cc6e635047b062a06b5f9ce32,5,5,0
2c23f1e95bc8b5a7a891d3d4a7651c3d,5,5,0
0f8415c6898be42b337b26a77fcecbee,5,1,4
467ba1d86d45ebd9cfa12501a08f40ec,5,4,1
3912b0f176edb52c40f760e27d055456,3,5,2
3dd4f42a9b185cd0b083246bae24090c,5,5,0
12cbd6fae38a4bd1d77a7596eab0b7e1,5,1,4
c633513c5486bd512a2a23de725cd7cd,5,5,0
02ef9aa8b6692c2ff049065f5a150c28,4,5,1
e8745aa1fc53254235ceef55710dc6ab,5,5,0
335874150963b28de5e55b480495739e,1,2,1
a8100cbab69c8afb050a57b02ab6f73d,5,1,4
c39414c195d0f94c9d9c35e7c6ed4f1a,1,5,4
df68ea0d1a2a2b9d4dfa236820acbe9c,2,1,1
cc9bbac0ab49464c551e527df59db18c,5,3,2
8ebe945989d8e36075f1a141e40968c7,5,5,0
e72f85f6fe5543d0e70e5ffc67976643,5,5,0
966c914d71ae9d1b59d440bcfc72d5cc,5,5,0
945977d780700b75a6eb2ccd81566d4a,4,5,1
bf1bd9414a575d2bfa50f8d5c66fd161,1,1,0
a214ab5dc32ac17a484d2e0f95f8c90b,5,1,4
fa501c06e7a60e98b43e678fd5205c37,1,1,0
03e9790f0220543f057ebca9e29b459a,5,5,0
c2727cc96d58f1f1cf1ff57b3e4fac27,5,5,0
6aa88d307527c2931de6242ca2fbd3a2,5,5,0
ecf079f16ac07328e5153aa201fbbb1e,5,3,2
47f6d79f82f6b8667a9282d11ad1b931,5,2,3
9550c6dde457784adf6688cea59cd6b8,2,5,3
61c136fddac571834516a52d2e03458d,3,5,2
7249180b70badb4081586e4964f2c675,1,5,4
5c60e286915180fdddc17760d914fc1d,5,4,1
fd7bc10be53abc6d0c38867a72503dd9,5,4,1
4f16d07441ebb275f11b0c403433a20b,5,5,0
cf0fd312197c09391d0d85e878758e82,5,5,0
703ef7c6795e0ee91cff038a9a81abb5,5,5,0
5ce5414216f07cdd464573ba59e7f187,5,5,0
b836e1c1c40c654579a704da62705543,5,4,1
fef34b6fb683748342c85724a3fddfd3,4,1,3
2b749af514f3e9bd00fb20b105f36a83,5,1,4
f66ab2fcf6eb4fbb8c027f16de902cdc,1,1,0
620f2b2f6cabdf0426262c47bf3a883c,5,5,0
be80ccb8f620862ee6fec40409d35aee,5,5,0
00faa6afcde74aaa630e1d2fda2bb0f7,5,3,2
df8e5e994bcc820fcf403f9a875201e6,5,5,0
1126e3a4ac41a7be5c3cc650d36ccc54,5,1,4
748501d017db167d2dfb7720aa4dd21b,4,1,3
26d9a2f9a41aeeb0b0dd16ac2ca59225,1,4,3
8237160b16b119b5390f8072691974f0,5,1,4
4abba1209ac9ef2480b19c2e88391f23,5,5,0
8ded9e858af4bfcc66b2bfd35b762268,5,4,1
1eb7606f2ad568b8303fb24c8ab1e2cd,5,5,0
e3c4e25333597368379529a91b6970a1,5,5,0
0c6a2732270e3f0f66bd73dbde93b59e,3,4,1
9b087af1d905d8987ae126797c9d15b1,1,5,4
997cd4e2027406aafa35d5c0e270fe1b,5,3,2
f2aea068a8c3e1b4b9ec9dd781ee5bca,5,5,0
328ae377ef041759aacefa4eee149cdc,1,5,4
55bd3d21d10786b863b8537b32bc3899,5,3,2
dd85a2e16f897db080450d64a4a67628,5,4,1
3bc3db2c8da17bdf6b0344b1a2ed7cb8,1,5,4
dda2dbc7b1340a2c9f8743feb8cbc432,1,5,4
29f08eca9316db52a34130eeb52dffd0,5,1,4
541b54f009facbcd67def4fad5d0fce7,5,1,4
9327dfbb07028fce8769daa61e598891,4,5,1
f5b9dc711b5c8bbb790782cc79db82d5,5,3,2
35c66e9b12fe72dbb0b8d34af424c3cf,4,5,1
0b3e1c68302779e0c67d97c5b8ed17f7,5,5,0
18d4a7100f31e670cfebe0dce5a2d844,5,5,0
495f52185fa8f606de522839d428f3c9,5,5,0
1f079793c7cf0447834c7f3fff027802,5,5,0
abcb42831f6165cda2570c76e90cda5d,5,5,0
627dd35dbc686a525aa1224e523d82f8,3,1,2
3bf7afbf899683dbd726ff8b50d69c76,3,5,2
a38ac9649bb7a8aaad0dd2d678036429,5,1,4
c4d2f075fc3bf3a06d1e68e113c35cbd,2,5,3
186ab35ad2c07d4b35781c8bb314cbd9,5,5,0
bfd8b65b23bbf044e7ae60f3682bc225,5,5,0
4569b648054760495d7fd67996def81c,5,5,0
0181409c6498f79e161dde79c2a7dc59,5,1,4
9ce8bab700f7de85a07a9ee7d4e18ea3,5,4,1
f7ac64d2fcdb2e5b73150c612248c8c6,5,5,0
b4fb5424786d3482269edf0d0a02cdf8,5,5,0
1de20a0990748db5dffe019f0cac3cc9,5,5,0
fef42a935645baebe981cf96008dbb1a,5,5,0
7f29d1dcde28ba1c61a2f92068efdb9d,5,4,1
c9a9cfcae27293ffcf7a40ce1e34f18f,4,5,1
ac416b71ffbc5fbfe4b5cea8a05b0d4d,5,5,0
23936c5f77c03f7cbd20d185732c60d9,5,5,0
38793c3d7ddaedf4e05f8fe9ce42ccf6,4,1,3
8b0bfe5491af8bcf2015a54522f50a9c,5,3,2
3c75574b6ba7015391e4755c6c03bd12,4,1,3
07d3edf3fa2d24ebc102315c95ec89f4,4,5,1
79a29a6cac0403ad0d0b5390f5bbf1fa,5,5,0
32cf1aa0aa0ea3a91c9779d558515782,5,3,2
23bdd0be32ec574e0bfb0ae381405424,5,5,0
95a73758f9a0f238d54fbdcc11617ee4,5,5,0
fbaea27eafbf4ac56866115c9096c490,5,5,0
3b1a0e831b5c50ba012f9bf63d97a03b,5,5,0
39ce2a3fc7950d2767dd4b01eb49ea6b,5,2,3
733abca4b3372182a6c955ed064b0929,5,5,0
b2727344d4f955cb61829ed7f61b12fc,1,1,0
dc05a07c0cc70e26e10e274313034ad3,5,1,4
4b90912a086907b087947c385e8d13b1,1,5,4
c99f547e83c25761f4c58fd7f41cd337,5,4,1
66cce1a5edcf6eaaa50e28b6914de70a,5,1,4
d83e73ca49e7e9ec7ba0154139858fc8,1,1,0
232f30270c13607c2184ab9980245bfc,5,4,1
8171d9c270f72f461104055ce2cada91,5,5,0
4ee4abefdd469c7756e296aca7f29361,5,5,0
fa6b736da07e6fab64807d4d37d8062d,5,5,0
711f6009f8bf028b3fa426696b581432,5,3,2
f1f2c2bd7c46d8b86107f0c2d9e3dcc9,5,5,0
1c086b183353c56b2ad03c345330d9a5,5,5,0
2728d62e6ca51781ee895aca18a89f31,5,5,0
af9b2bc020f9e2e4baf46e08f5700e51,3,5,2
414a0b1cbb58b3ae7ce9c39083fcf007,5,5,0
9537e35e835d4ae6b7b219b8b2e36817,5,4,1
1a479eca71e8e8efb68b0968a43d8fb1,3,5,2
fe98cb0615a7611265d8955be5ca9497,5,5,0
d2570454fa1bbea98db582b76abdc800,5,5,0
13d42b83c086bc8b73e3b9c8aca4b88c,5,5,0
91fb016286a84fa7006aa6033499914b,5,4,1
67e9f4fd5900a3bedf11fd772b376528,5,1,4
bd11d8a02c0645efcce377e63362cbf2,5,1,4
911655697632aa4dc54e0cd37cc360a0,4,5,1
b0708857586f16e3ada17925950a87e5,5,4,1
c1a9b3fbea92e83c4a08229da82a0136,5,5,0
05529f3e7ed5cd4214281f2bf60e89d6,5,3,2
655ad03e23e4483c96fdd1139788fee9,3,5,2
fae8533726bd31cbcb92d9bdcaf5e92f,1,3,2
3e34f8c0022e2a7093ae49d16555e06b,4,5,1
d578e968ce420f393efcc423ada6f0ce,4,5,1
5df35b35ce08d3d6f634eccfeb93a143,1,4,3
d591fe8e95691bbffc5f4f2478bb3a7c,5,5,0
201183426051cfc62c56f2414b2480e3,1,1,0
567653c46861b54519b6f4cdee500f0a,5,3,2
5cb47274e256db548371bc1cd39f1bae,5,5,0
f4d86b9acca54b415270df8ea6e6945d,4,1,3
f52ed0bde654bdeeaca2b4d0ad7e6c33,5,5,0
c8e0d72c6ab615e05977b79e02110d41,5,5,0
8c572f3e9b363e7ef4cc144968a64e9f,4,5,1
a3729d646cfea82533ffe6992fe17539,3,1,2
a87d8e4358ec8697c2eb5dbcc42f8330,5,4,1
0d91eecd335defba92a82bc3f062225a,4,4,0
39735cad3fa0e9f2ea20c536b26ac87c,4,5,1
695ace9dfd0a459275108b5c71aba45d,4,3,1
cff23799a67437f662527dff6056233e,5,5,0
a4003dc7a43aebf4aa6543e230de8de4,5,4,1
07808f3f87407774955a7ceb2f4fe5d2,5,4,1
aca44cb492f80075220916b0a4486b10,5,5,0
b494f624c631105b24fe497277085909,5,5,0
7999895f514b30a8de833a4b7c3dd042,4,4,0
0a998b0552bd0e04c7b38f0f58737c54,5,5,0
7ae84ff984c3b48b715c8f3130bf97b2,5,5,0
bde483878bed3f9a95fed760af049891,5,3,2
aa834e164d26bde6b0890bb9e70fbf9d,5,3,2
57e17fb636b56e67ea9a40c9f2a02527,4,5,1
bf4753bf93e0d4b25fab22e045029e7e,4,3,1
45bfddf12e8fd3de8dbda7b7208ec90e,3,5,2
983416e50ec1adc19bffa333e3dc5bdd,5,5,0
033e7f3c73132dd6a6792359b94155a2,3,1,2
a8fff3e04abf1de340f6a42662daa292,5,4,1
f478f5a8d328a5e473e8c09106bfb312,4,5,1
85a81c0e39303d994f18f70782aea630,5,1,4
ec3a30c1155fb62e7f0067107c94b83e,5,5,0
12dc316f04369335263005a3f304d101,4,5,1
19eccdbcd24b02d1dd3953f04ed7699a,1,4,3
b1c868aa288ab0e4006db84876398e68,5,5,0
b3f8cce18de7b670b4bf149957000470,5,5,0
1e7d25f611e794f9614dd3e10a8596e7,1,4,3
1d5627fc461ef90a7a7c03f06266aa54,4,5,1
8fc088e94b10c2a02fcba1e2b69ec6fa,4,5,1
15a5c3e66605b949f4fc77d747f8003d,5,4,1
b2b86f50f1d5ec8763fc9fc6894ac6c4,5,4,1
d1a6ee88427645deee3a642c9f27e39a,5,5,0
a6aa2d9d0561ad1c39f33d69e3f1277e,5,5,0
c578368509858a65535ce3962ee21be3,5,5,0
ef13107bb93c2e7cd4509174a883022b,5,4,1
c20364e03cd232810a496d07ef593e3b,4,5,1
e8a7971efe578b8e5a140c59f190c52b,5,1,4
df6c49ed3556438e1755c756bed90fff,5,4,1
f1dc649e1ea6789e7eddbdaf40aaddb1,5,1,4
cb7e54b683ab7303fa52e2c3975801a6,4,5,1
12212c72d1bc207ff5bb823d711dbe88,5,4,1
d23bc376aeb971eadf9129860f03c047,5,4,1
2464a4f54814d3de636541955feeb947,5,5,0
3f56a22363145eb59c7fb42254d3f345,5,1,4
38d4786d1c7b6dae14470fdfb8616bb0,4,5,1
c14b0a3faf28a3052b92646eeae4799a,5,4,1
fbf16cb7728cac175e1222c7d73734c6,4,3,1
dbbe1b2ff4094c09c4a05b045b71e81b,5,5,0
3f60c18dceaa348eb8891eea71a53dc1,5,5,0
6a5c76325c753e637e28d3efd69e0a0b,5,5,0
e36285554df73e171f9f41dbcf487b50,5,5,0
f6f3648ab3e140b29823bbdb84a34455,2,5,3
6567e0ba7d75594aacbf2ae3bc9a52b4,1,3,2
a8ad75728836e5b2103463b917d0e6f4,5,5,0
4959c38155b6320f1e4bd741132334e0,4,5,1
aba560ab127e5b68433f34376747f9aa,1,1,0
180fb4e6556687774c55bc255a5f7d8a,5,5,0
28bfa0968ea8dceb17513700ddfc0745,3,5,2
052fd91f936f4938c1085ce62862142a,5,5,0
4969634a191db1f7ef36954434938327,4,5,1
36da86192d48458dcb75f9f2bf4f249a,1,3,2
7ca00d9cf45a4e8501cdc625899d7633,4,5,1
82728f6b511aa8dc053ba674db6f8b24,3,4,1
6a75f9aed5e4fd6946ec8e3984c77e9f,5,1,4
5c76d1348426fdd99247825f50c45a2d,5,4,1
db207002d58fe7f53935e30c37bbe862,5,4,1
0b17b204a1785111272edfadb2aa9e94,5,5,0
e701302a71c93540976fdf3ce3a149bd,5,1,4
87466e583daa1445bfc03e595265cdcb,1,5,4
b4cac287aa00c47e84e6e899d809a9e2,4,5,1
dbe8fba9c7020282d2cf4a214f28a256,3,5,2
edc07d2563b2d10bdf1a0376f65b8f76,5,5,0
e71783fc8cd92f708d13542f6d17ff7f,4,3,1
7ffcdcd61ff7eb4f55adfcfe5940b9e2,5,5,0
1126e8ce51fcc395870c8fabcf7de709,3,5,2
e70aa4ace2e2d3140d4b09564030f5b9,1,5,4
78cdcb172d0131f82c621d36e496db8d,5,5,0
2ac44694fb65d738c9b26010ef5e6915,1,5,4
6f0dfb5b5398b271cc6bbd9ee263530e,5,4,1
816ccd9d21435796e8ffa9802b2a782f,4,1,3
49410e2fb311cf8b70baeea98a3cdbf1,5,4,1
7fefe32e6b0c87d855993ac5dc8dd951,4,5,1
d00c0296f63ccdcf9062c425887095e6,5,5,0
55881111d8b37a0e45cf97b156ae1943,2,1,1
229d0231b531443ecfe2a09572108c7b,4,4,0
9b1648c7cc0c6b1ff9b380903bb559be,5,5,0
b40ee43d69ef05a0fcd620401e329efc,4,5,1
d12750a4a29395c6d1cd3a83992f1e16,2,1,1
f245cbeb5e2f1bb0fe643069bb2eee06,5,4,1
0e26d0a204b8688d2481b72560ac3ddf,5,5,0
666e09695a076343da1fb9643f68adc7,5,3,2
65272dc3f6aee70b17f962df52f16f73,2,4,2
f65bace465aae8e67ff3948524ca7270,4,5,1
1596533ff4cff89818b0490409f0c4f1,5,5,0
09e7742cede3e38bad12bf8e4e015d6c,5,5,0
36c68e2e8ad21203f7f149a315550bb7,5,5,0
c18b6204ad61e6f20f2681af7cce007f,5,5,0
a08337c882ce2f3733377bc48c5ca3ae,5,1,4
8e7c4bc6f83390fd197e3494442f1925,5,5,0
679783b320e587d8e1c9e0dcb2421539,4,4,0
ee4f8c845714cc804ba574f357113590,5,5,0
9da388551ea23281b9bb4cbf12376992,5,5,0
1f55d59fd95c97d28af581c3c7b4f267,2,5,3
f5af86a3bea41e5daef5c06e7a02ad2e,2,5,3
562123563a31d7d3d69fd9ce87a0d443,5,5,0
8733317e2e5debfd2f5d513f545ba3b0,5,5,0
a5df4819e2227684e86dc2959b9ae9d6,4,1,3
f0e12869508b76f983393f9207582cc0,3,5,2
ce9c29eef68b7ebc6a4bc1014618bb4b,5,5,0
b3096cede7bf1dd20ff6607c7ee786e7,5,5,0
af7f48cf036eff2a82e44332f7d36f2b,3,5,2
e5bf502cf18eaf816a5cb7d036dd46c4,4,5,1
f963c329c770720f168067c84761f221,5,5,0
67a98da3237e4b4d8d359f32a49bb209,5,1,4
97f6b2b72a0896062a87402113126baf,5,4,1
859baae7fe80b6ffdc2904cc16e16431,1,5,4
d3793144c8e35d71e963045c73b7b7ec,5,5,0
6fec846920d64dd20cad8adb75d01e8d,5,3,2
4fcd41f1365d2b6852c34568499584b8,5,5,0
b44c0f4d0cdb8ae7289069d703ca6db8,1,1,0
db3e8c24c5652c8944bc5a05d9bd3933,4,5,1
0a05e512c3e656802c930be4c1766c2a,2,5,3
45f323ee344dfe76bcd78bc41c962c91,1,1,0
fbee188f61534261ec8009aca20859f9,5,5,0
ecc1f5f885620b17543f01bf228ccd0a,1,3,2
23cb58815b6e6ba073afff7d37258dfb,5,5,0
fdb8b7471e58dbe1a73f0218723b58e9,5,5,0
3ea0c27406751dd56d4c57b342aa3b38,5,5,0
21b2689d22f457f04c68814cb269764d,5,5,0
8b01dbab48de4c2a6edcca84a1798df0,5,5,0
9fb578d8a9c6d5c73ea157e45b69d479,4,4,0
1a7b59b9cddabc898f2cc56389b5fbc1,3,5,2
02f1d13053a2833d022b8921ee3411a3,5,5,0
2e4950942a89079792a52127600284e5,5,5,0
fd566cfe4efd75cdc3ac93a0e1010248,4,1,3
165fc79e50295637b743a0f33fbb3599,5,5,0
1b9b1209ee112e9b2276c880746615e4,5,5,0
3bb5b510c269261066a258389a2e00d7,5,4,1
73421a5bdd55f86529569549055d9e82,4,5,1
bd61cca18344a303e8e6bef9861d64c5,5,5,0
0725532304d0cfa92301860fe3075a28,4,5,1
63b307ab04c077f83a3daf81ec78cf95,5,3,2
49f0e82d2c3c46134f551799b3990bf9,5,2,3
2255eb0e92e75d04fc4afa0ad636f875,5,5,0
8458b41c26bf20ba9b4ad514cacd4b2a,5,4,1
b7d132ccaa4a7e53c9fb25ff9979fc35,5,4,1
977ec2dc0bff193996408d1631b22181,5,1,4
3f71e424f5c88b151069830e08da04ad,5,1,4
02a98752595ee9d94c570ad3e18055b4,5,5,0
b388f41e0d1fb1960c7a08852fbd1f40,2,5,3
8cfa7a16b03f825c01508778166f12f1,5,5,0
b899ac30c0df28d003611ad4999aa487,5,5,0
2cad1cf90acc3870d982eafa58b9a657,5,1,4
91e573f4d0f3c29490414ff2f58a423c,5,5,0
b2a3423735119b088bc62dd62cf053a8,4,5,1
b2b8934746a9afa7b38c8c1f88268ecb,1,1,0
7a2f802f8cd01aa62fb904b952932edf,5,5,0
d91a069afed21a6f7b095b0a908f5008,4,1,3
a887a98a44fd41090859072971661ece,5,5,0
d307f9ed518d1ee6fe69995bf48ede89,5,4,1
febdd4292b7bc064ae8e10f572aa2ce9,4,1,3
ae0b49f902be4012d913509645004e98,4,4,0
d07eb552f514f38f0107ee31243f8104,4,3,1
c9f0b297ad32f156608f2db479e1bb06,5,5,0
5f320558febd0e414d9a52714cfbae31,5,5,0
9ff047a1638917c70a538d0aa9cdb6d3,5,4,1
f81bd34ec4dd1f36d89fe966cf87c4d7,5,5,0
fb10c8bcc7ea9a61120a84484aef8553,5,4,1
be5b278e38c06fb98c18c6ed0554b754,1,5,4
bc839831ba2010861cf9e75ed8f1306f,1,4,3
c8f75f6121e5b471d9e207771a2a5367,5,5,0
f81189aaeb2e561e2e9fe0faec4bbbc3,5,5,0
e434f79ea884de16e5a8bf32afee5333,3,1,2
874a7690bc049bd4ce210d195bdfff7b,2,5,3
e28a6e3aa7a161c1681ff579233321b8,5,5,0
e79714832b01797085c10409669150d5,4,5,1
8b249044e8ce6377509b32dc840bfe76,5,4,1
4f88a7f264d48920c4f0762d160212ca,4,1,3
9a8ed77611006df4a507b6649200b71a,5,5,0
18a8340e8091e1cec53fad4f26e66a4f,5,5,0
79dadf439ff9c9463421094b730899f8,1,5,4
bb8d02c6bd5c148f41176b66ee1ae726,4,1,3
2446a642fca6873ebfd22332c6657732,1,1,0
4fe6cee06467399353cf7a3068d59064,5,1,4
fe94f63f2f4d326a6da25bfe07ffaf93,1,4,3
aeb4ec5f0696847ed2357f26abeb5a62,5,5,0
a97a2be3f668f7c6d75a218b2dba8720,5,4,1
0e053aa097eda67e25b3934ef3eca8a8,5,5,0
32f0e397d36f01e44c8c257ceaecf508,1,5,4
c4cb147fbbbe5e1c9d10ebf2cf1501f9,5,5,0
a4058b92f127efc4a6eaa3d11d0b1432,5,5,0
62194497cd66edf084b172f8cdff8235,5,5,0
f3dcf0d2824efde907e341ff4997f693,5,1,4
7844d2f4784ca5e03bf47dd1ac050bc2,5,5,0
8a56969338e5970acc6a4e8d0e0c92a3,5,5,0
490566f702bcd9c328d15da3a01706fb,5,5,0
da29ecf90246ba3404fab5ad9febafac,5,5,0
2dd5f6a66c1d82ee0b8c864ddf9833f2,1,5,4
5d4b951a36d28b50e981ff69e62e2414,5,5,0
70a33c9dba6b43724e350938120b3e4f,5,5,0
241eaf5ff29c3e08e2efc61f6f87e44b,4,5,1
b5780df6f99a1b41aaf41e0937ca5e9f,4,1,3
1dbd19609384c9e5b21e382e560a85fa,4,4,0
b3c763d35ce46cf0a205b217814323ee,5,1,4
ae2fb0f5aec36b2a6b058602dc941fb1,1,3,2
c36b0f4253481ba100d5a003cd3b6fc6,5,5,0
cdbe906438125d1d5bf88bb289f8ed61,4,5,1
e8eb3171be89ea8e8c3fd39e336e868d,5,4,1
c39ffdd77f5ddda482650795f30f7aac,5,5,0
491e593aee916fa4bf7b6cabb2f80070,3,5,2
55f140655997122535ac2c2290ce6b2e,5,5,0
fea63f76fbfe84a56f4059ed267918de,4,5,1
adfb15b690df8a5aa4c327edfc6ea9f3,5,3,2
0ef716d86b77c7bf750b25ef9249d193,3,4,1
bf1884f9aca840a9b8738d4bef0945b0,1,5,4
d8a38160525fa277b48b3502ad5ae5cf,5,5,0
255f9f53c24c0cf657d03d7a4b67c1d6,4,3,1
73a516c7297dcd6a809778fd0cb8bdd4,4,5,1
b300e160f5892169bafa006e670a43f5,5,4,1
9e5ad464d579c1593e82dee8ffaf05f9,5,1,4
5295a4f70cac6082f1f9051409e69010,3,4,1
c95e5fb0ca685ee52a7db232285bf70e,4,4,0
53644a8a66249361bd171848c8df4f83,5,5,0
8da7a1c49a88ecf2f5a92925c9333af1,5,1,4
6005e16820f20784bf25d26f7a60af40,4,5,1
091c34308e51d6dff47fe839b7aebbd5,4,5,1
e10c080e6f7f8136087836cadcd26199,1,4,3
b3be0e1f9679fcd94718c69fa5f585fd,5,1,4
7c368cac70a301684eb08e7397a3da54,4,5,1
26691a6d8902f95be91e566557db80aa,5,5,0
3eec01b486a4d08de50a38ef2fb87b79,2,5,3
ad979a858d9d6a2b8bbec764d452d1a9,5,5,0
cc0ab0fd1ed4c39ca56a885ae303aa87,4,4,0
24697b1f8e78fdb9d2316bcaa2c6e216,1,5,4
a56858987ef5c87519d953a5b32ba118,3,5,2
202ecd14054c7ca8c26634abe19ace58,5,5,0
9d7ecf49e46ed6b1d5caa034b87404a5,2,5,3
d1f3aacf6953cd2cb98b26b17fa5ba14,4,4,0
c4bd023ec3c8f99bdc3a817584217988,5,5,0
85cfaced617bb14d7aa5eeacad8c6ee4,5,5,0
09e90e3936db197d43b9bde1291c307d,1,5,4
07a78584049fe9dca82ae7bf5717d8b9,5,5,0
d379476af4ac3bc71f0f857e9f2827ef,5,5,0
d1af798bd24f3f874cf16d2d2e02d981,1,1,0
a32c76ce96d7b4cf912b2ae1ee6a8258,1,4,3
90a35d6c7ac144ef7398458a2beb3963,5,5,0
330cddd53241bd912b7df82d4a5e99fb,5,5,0
b75b4f6e7c5fe3fa05707992a88d9d38,5,5,0
5e149681ce0a38cbd1ab43422be73a56,5,3,2
363c3c7c87e46fc1262fbd46cf22daad,5,5,0
1a5e8ff5b36ddd03ce826651c129a760,5,1,4
a965f9a56bd7e9a365d2cb5818934cad,5,3,2
766e7d95f42217e02fa7c85a8c97a862,5,3,2
73ab919f6023d8c8a68fb70d0b08a28b,3,1,2
482ef538799136578c9ae6ffc2d93252,5,4,1
b2ac7b0754b724547abf07a172a45bf4,2,4,2
ad61bdad0a6d5fac6af829eba1fa4e84,3,4,1
4d8660f18113eab64ba09d4eb4aa9ddf,5,5,0
cd4669d3b4eb487d41fc3919a3b1b8b6,5,5,0
40c95b7789cf4450c616a71d2efab73d,2,5,3
bb410325795fc7a944df598360cf5f08,4,5,1
0ad9d4e4f4c9746b59ddb9c18d30d241,4,1,3
bd8c777b163d434c13d72bc016869c97,4,4,0
820bd7a99cb9df2daca2dc8125e0f7de,5,4,1
d115642fba3060e4082472bb2801b111,1,1,0
c89a29cbd8db5a3dc5750a3748985526,5,5,0
debac352e54823e317babc2b6182b188,4,5,1
f6cee891046f7eebf9019207ccb705e8,4,4,0
067cdcc9257641b7d0ed7a49a466dd8d,3,4,1
3c8cf4a64088009cadc132d10d0ae7f4,3,2,1
d077407f0f6dccff3bb4224b3aaec82d,5,5,0
6366ce592c90a36450778259cb163cc5,3,5,2
ddefab02557da340a3bc73518bf2ecf4,5,5,0
9a44abc905204e1ab8b71a8b7cb4b838,1,5,4
a0f74a1d59cf95d1ff371a6e9d3a1f61,5,5,0
6826d5740591909e368433e2a5ec75fb,5,5,0
1bb0ce15a167cb42d0bc628a99395f66,5,5,0
7e2161123332d22deb9d0fe9a4bcaa1a,5,5,0
e69e74f39691b8c09d8660c8e000ddd2,5,5,0
4c792ea6a2a9a0d044176c1c42d49b22,5,5,0
57cbc8e34a5ceffb92f8b3193e4ffdb8,5,5,0
b83bcc2e6111826562978d06d5de4e7e,5,5,0
0a2820ea58a627b97ba956f38567cae8,5,5,0
f46e4c3b10d88caacf23b8ee4d674d7e,5,1,4
bad80abf6bc799b1c731a90f1a761689,2,1,1
23939807bace6dc4e9701a868e697f76,4,5,1
670c4b17da301d33c203760668ded9b1,1,3,2
dc28b4fe4b9aee6d106b4fdb21e6c894,5,5,0
0af07373c6e0f41a0660087bf63d7c64,4,5,1
ae20f5a9812b11c76007a2c389285486,4,3,1
74599b2f01a4dc2150e3e9c9d8ecab7f,4,3,1
3828ca6e6450e317619b87f49eca6492,3,5,2
aac88c8074f903c76fc8616b924ab3e4,3,5,2
a119860697732cd9e2334491be45f1e0,5,5,0
bb048e358cc6dd3c087ba3b3ce36a190,5,1,4
531b7ebd1fe920da63f51af4667a7962,5,5,0
49e4c4907bdae7153ea492e2827fe5ab,1,5,4
bc250fb00c3c49af75ff964a4d987d6f,1,5,4
49873be3d163feec184f5afcaea61a47,5,5,0
7b351cbc1f8721faaab3f7d117f3ef7b,4,4,0
2cf6d5c8b5d68450841cfcc272ec3cee,5,2,3
92fefd2a79d30d262d8999fee6937d4f,4,1,3
48d4e2ea1003c1efbdc8c3cd4e0af69e,5,5,0
fa3cc6b1b48c7b730f6c4c43e423c5aa,1,1,0
8a57df5bc496d7439886b2f23b58f56e,4,5,1
b28a856ec450375c2c61dfb94250fbb0,5,5,0
d524e77bf9d7d01dec8ba849212ee527,5,5,0
265a8ba29224f47c0476cfcfa6986f77,5,5,0
7f579e203c931f3e8410103359c6d523,5,5,0
ebb9d61c0744305e9172b4265468c17b,5,5,0
46b822b7e203850a10e485ed02abf2bb,5,5,0
c3256d0b41fca9e8892884ca21306c59,4,5,1
7d941bda521698c6df74824010ddcb36,5,5,0
857abe904c90d0275b09c225b87d7f8d,4,5,1
a971cf0a515e6051941bd05ff3efc0d7,5,3,2
481474f010c7ba31ed88a2af403c0926,5,5,0
fd83748fe6056c1759777f41c19a742a,3,5,2
3a6a52cd14ff4ed808a62999c78f2226,5,5,0
febc08cf93a49479fcb455b3f673bd2f,5,1,4
3016aab208504e35592823875a18d588,2,5,3
c97e64988f3d2b091838bb2815fc246b,5,5,0
3c3b5a515dbd753a7d18c009be59f57c,5,1,4
21df4877f402eea02a4c1aab13411b1f,5,5,0
aa6e1f3a2b645a2b22e70084a30d2cd0,5,1,4
27eefac938270184a597acd3c44344ca,5,4,1
7abc6cbea47e076ca46d3bbc4afab9bc,3,4,1
a02dc27653c8ef244fd7d8c4d5bc81f5,5,1,4
ef87b14cd30d2df42c047bc6724fa9ae,4,5,1
a70e2a7c5779986b66893322855c4932,4,5,1
5640d8d8b0a6c23956f12c8dedfef8e3,5,5,0
fba96485cb359053087bb66dc9b5d6f2,4,1,3
1f9ed60661469689dae5955276ef81a5,4,5,1
fad25ec1d119305e79431001599bb799,5,5,0
b446fd5e2b89b4ea9f610815cb707bc3,5,3,2
4c1b702493f9e6a8e7ab024bd34ba0d4,4,5,1
84ebcff41a92fda70c984a3ef76d1237,5,5,0
dbb786efd821d7f903d79cb502ba3083,3,5,2
51d33e03b53c86c11bb49dac397b1a46,5,4,1
40a24d4585c66a3d7ba902a7dcd233a9,5,1,4
e12e1c2f5a9e258abeecce80cfce12df,4,5,1
7b407def87721a29fc233b7ae9ad6013,5,1,4
9f81e8f6c74d99562869844aafbfe0d5,5,4,1
032d90128bd4c1c63e317ab45ddc2879,5,4,1
33621dd1b751a02342dc065c32f1c96c,1,5,4
cc7bd0bcbb309edb2cd6fd9e87e70fcf,3,4,1
a06a669230c816de8d78362b370dd46a,5,5,0
223c55ef218f911885ccb9692537c1c0,5,5,0
4dfb733b29969397d64be1d58ecb7d42,5,5,0
9321ce4aafa9151ff2b57775c8d1ff70,3,5,2
8989ff6e6604e09ac1c199428637422b,5,3,2
202bcf28f7e3dfcee06ab0bfe10c750e,5,4,1
b653d11a2d36e5f0ef423e03e28e7682,5,5,0
d520b96e396bd11c8861b4310c25388b,5,5,0
b1f84046464711e8064cd70d5232d104,5,4,1
df62ac4bbb9419ada32597da29f9fe31,5,5,0
1143f20f5408741a0c7d79bfa56efa6b,5,5,0
69219bd2a51085b84942501a7db3aecd,5,1,4
5d77e951a4327143b2844fb532e7ac82,5,5,0
f3e4a09f99041d910314f9d99b3fc80a,3,5,2
29446d5a7212cd18dec57e1ba28c2dee,1,1,0
72ebb0547658a1d829e79aca8367d606,5,1,4
5052e182aee58daae49fec8b9caad0c9,5,5,0
2fa5e9f6c4873828710c581b86281125,5,5,0
fcc1d095fad4806c94b96c7bbe51188d,1,5,4
d8d4e1a57a139526d78c7713a4eed523,3,3,0
7d0c53f67b84e94a751d09f03fe58e99,5,1,4
0f04257628f269da8bcc26b6839d66f5,4,1,3
b9383cd99539eb0ccb11ab1a62bd0621,5,4,1
fb2dccfadca8cd6ebddc5d10ae48d1f7,2,1,1
186f1e57fee9e20849f58439056655a8,4,5,1
30df6364a7029642408b5fbf8556ef21,5,4,1
162cf02f9877cddb71e0bb217b585128,4,3,1
8003335035c9770dd19bb3906577ae60,5,1,4
cf994e7b2290fe771d8ac15f128eabc4,5,5,0
3300cd5468b45a06dd47487a0d936212,5,4,1
b40657a8b73e674b61107a06e46b6f8d,1,5,4
b59dd1cfaae00761d5a3b6749e874c80,3,5,2
a5f8c36187658cd37c05515c06cdd941,4,5,1
b876459be8cda353e0830b7ce970e067,1,4,3
87daa04cf49273df4f787a55b303e1a2,5,5,0
049ede3fc839758e81752a9dacd1f911,5,5,0
3e36ac046e031f1d3e1f8ce6767c018c,5,5,0
096375c5433ecff9fd971ca2bdd40f1b,4,3,1
81d183ca30a0f0ced737aed18b2ed9de,5,1,4
3c3d88787b28904377716a09b10fb0e4,5,5,0
617700c0f437adbb60d8ab8ea6d9e3ab,5,5,0
07f9acd4e59411df700a59f89d4da8ed,5,5,0
c28d64b0e65c1fc17a65f6902f11226f,5,5,0
aa240e84341dc3a58a69fdaa1c0b927c,5,5,0
cc747bcd22a8ec8bbddbe6c96945a5ad,4,5,1
6b51309cb191abb919de57f626c06719,5,1,4
742e519465c1d0ed1dc1664ad04ba238,5,3,2
cfe5da8247941458984d84fbdfa91a10,4,5,1
b43889e8181d41782f7b8489b1500fef,1,5,4
2b46723e0416af4c04c758c77bbf9279,4,5,1
d8721b9f395286c3b43ff47a250ad40a,2,5,3
298787a86f7ed145b210dfa7262fca2f,1,5,4
0abc7357d2bbb06a7d4d0b2a24d4ebd3,2,5,3
a67a7dcbea2b5ce61ba8bc99ff7362db,5,1,4
e186fd488370885035932d8efab4212f,5,5,0
209e0537fe66ae1176cef2bc7953aef9,5,5,0
34eb48efa7e9b176505b9e6797f25a42,5,5,0
b3112ca67f3afd4e20cf2ee91fc4f804,2,1,1
c93d8c5d743044e34a559198afa97c86,4,5,1
a16607f4220f0e60ab4c71b915dd380c,5,1,4
b0fac27c81315d7201a0ca455f58304d,4,1,3
7d9a71f7ac9e3a44b7a1b07570b605b0,3,5,2
f299ec6360351d71a661e17e4322500c,5,4,1
826781a83e7fab9989e0882180d2adc2,5,5,0
913ed16681197337e68e936fc28b8370,4,5,1
3142b77fc8c5d3b848943f5727c3901a,4,5,1
9702b284912de5c57518af9f8220246c,2,3,1
a5a1cabede9ba7b85cc04f0c65bddb88,4,5,1
4076407d388d4127cf7edc12c2782ed8,3,3,0
4e7838e2ac3b81d9d9ca377dcc0549de,5,1,4
2fc7fe2e06e84beba127768beb2f705e,1,5,4
782656b57c879a8c0d6a326048331e91,5,1,4
9d18163cf9d35e24677b08a21030866d,5,1,4
55ab3650a53071b34253bdcada9e584b,5,5,0
4464db47018d63c21ca7ca5dffc833e7,4,5,1
17295d6651c53865e020aa846be5ce3f,1,5,4
107c13bd61028594c5dd87a1acf92f45,5,1,4
c5c8d33a3102ffa7d6fe4072ddf0ea8e,1,4,3
649b01370e30b79f0df619bf8ebc9201,1,5,4
96bb1f97b225fb91cdfced5bbae3166e,5,5,0
bf6a2df6b944199274254f8bb0159ec3,5,3,2
eda6f38dade9e617edc1883e14094491,5,3,2
045fb730a757a5379d79bdbc42d4e84b,1,5,4
7e2f198c10c1ac5ad206ebcdb1f18861,1,5,4
454c3851ea6ca1eaa09fd44d2502aac0,1,5,4
d24b90d375b1415ca40e5b531d04a6bf,1,5,4
370d5b41dfcdc96d0edb780967153d4e,5,5,0
fbf2e87d7c7542aa36e1d91e5b462c60,5,5,0
72fab83427516c548cff90e1975ce053,4,5,1
9c8922b42eceb3b3bffa3b3e098eecc4,4,1,3
54e21f5480d90336080ff89ec1ba503e,3,5,2
3becf59664a588ac335a36f2a08e2d2b,4,5,1
0b497dc78b09ae400416eabda31cf6ea,5,5,0
d28a0d4aabf9fe1941c36b8d1af9bd5a,5,5,0
91d95fd4dd24e83041031228370438b9,5,4,1
5915dc29c92ade2a2713fa949d9dec00,5,5,0
07dc1dc61c5ee9a1387069fec64b6663,5,5,0
9ad7523e9b0018cff18e52adaed6a3ae,5,4,1
df75241689bd24e168f5796f7d7fc115,1,5,4
c5eb69f42fab03c99f0c0465a6e14723,3,5,2
7ab8357ecb12f6b03ee66996c0250c6d,1,5,4
120b19c8ebbbe34df59e157f3dd1f0c9,5,5,0
3b4036c28cd5f750d7d1041c6eab8f86,5,5,0
a274d2bbfcca25b8c47ee2467583e81e,5,5,0
421bb69fc426ab8530ef85399541a9ac,2,1,1
6728a6a592a63817d0ac211044efa702,5,4,1
47241d51bf3749ec7ad04962507ac2df,5,5,0
143d00a4f2dde4e0364ee1821577adb3,1,5,4
77e9941864fc840be8e4b1ba5347c0f7,5,4,1
403607f34876d4bb53d5184c2282e59c,5,1,4
0b52695e8c759b22075c6937089c4158,5,5,0
ac8a707fb4b1197afa70e75fa66f187d,5,5,0
69294a1f2dbe29a54c3a9c2421831d14,5,5,0
c8097c4a079d36884044cd13c0df3452,5,5,0
175be3f02b744f3c7e1eb5e32cb0acbe,5,5,0
c0bc6e5c9ad833c1a7a566871b33c938,5,5,0
0ed9d0447248a2cdfab50c897e1d61bc,5,1,4
a22775141b5e773fb0dec808e36bf9f4,3,3,0
69aa7c6140efd63150254b0fb1340fc9,1,4,3
6f9163af10d76144f7f5c4e1e500f417,5,5,0
0b90ac9175a39196661a45b34be587e4,5,5,0
880e262ca224fc654e306f76653f4d25,5,5,0
6fd99ae46481ecfc9fa468d54f403e90,5,5,0
e6f4552718815a4804aec218dce78af3,3,5,2
a00b62f3da02851a10f9dabf2708cfb9,5,5,0
198edc616965e287128e8854d4ac8b4b,3,5,2
d14cc71ad2d00bf56df0686d956d6ac1,2,4,2
d6c8d8e00d2e01bca21b1638924f910a,5,5,0
80ba49127f9a97f9bbe4e60770798cc7,5,5,0
4b2dc3d5bb4accd12c73d55b2a10f856,5,5,0
3c32b5ee0d19331febeea91a6fbf37c8,4,4,0
bf8569849cf96423f89a59792c83184e,5,5,0
fc6fd71961ba15e10fb27b9cda74fdb8,5,1,4
1544633fddddf3dd98fd5e9eaeb01b4d,5,5,0
e78cb558fcb803bfa9fd0e4325bc94d4,5,1,4
c3f5604968d8dd5686a261e2ff17cb96,5,2,3
8c077233d04d9bca0a5bef45afddf354,5,5,0
fa6e801a54147fb8ada766a1f407a80f,4,4,0
38fe76b8f86dd618f6647bb4f23d57de,2,5,3
e4a4e438b4d2f4b43f3831c332beb438,5,4,1
beb82936199adb4cf410d9dc9554e674,4,5,1
f1a60fde98a0334e64d547ff9976c76f,5,5,0
ce18cf057088cf275c41fc9510ed53ad,5,5,0
bc51cd3b8ddb527aa8044bc4198aed29,5,5,0
cdbbf42ba3892a989ca5b644ee43db7f,3,4,1
c2412fc369f785dbaebb28b731f92bdc,4,5,1
8f4dff9c7bdbfd26aee6064637637f24,1,5,4
7c926685c8c9410446902c46d3929d08,1,4,3
9828f937ea8a8105f999b119b9d677de,4,5,1
06d8cb692ed19b092adaaf5337d01a39,4,4,0
1d9c55c6ee885e00633510da321b569f,5,5,0
d3660059f5d2ec500340d1bb2131bab3,5,4,1
be0b6a23108963f24b23e7aa663d2eb4,5,5,0
169ec5c8e238376cc87f2984cb173f1e,5,1,4
9b8f3948f0476494b86f7785f7c1e848,5,5,0
fecfa796d77518eb5df5799cf3e1b495,5,1,4
9991ee8a375a021fcb40b5ecf9902e5d,5,5,0
c85dd5c7536e1f5767943db786f80a7d,2,1,1
09a93e48d7e84fa082320df90b072c7b,5,5,0
d310b57747a742fc3a54a009114a77db,5,4,1
7d3641e32d8be63b62c24a62992e6e56,5,5,0
b39b424d0d3ee3397614f97926ed63b6,5,4,1
94cab359d45ddd582953e6e793a9724c,5,1,4
e2a0f7c30f5e78d97892b4140fdc0979,5,4,1
c4b7e0f753bc9776f48075c977a2d623,4,4,0
90a1136478f67bd64771c2005599a559,4,5,1
ccaf9bc3712aea66d07acdbea64e069a,5,5,0
de8323147a3358b9c4720ae5e8ef668b,1,1,0
481bab4ab953e59fd75574754371e676,5,2,3
0359f367ef22ad541b0bdc484158be09,5,1,4
b27afd384fc03b22ea356feec6f95dbf,5,5,0
5a1a4a4a31e003b67af6ef6dcb9750db,5,1,4
772bb5d1c259f2731fb87d079c3808f0,5,5,0
5c02bbcf8ee00ff276723c431b064505,1,5,4
67bb62ec6f396662e56bcb9d61f09b57,4,4,0
42113ccffae542a6aee6b921c765d59e,4,5,1
c68d61e0221d10f9ffd722a96a2f10cb,1,5,4
9c05cf9f770e4c24707995b849ee5212,5,5,0
47d198410caadbd9a77e92bf622ee749,5,4,1
05a6f444527fc90e28da6088b1707b20,5,4,1
af256e5861b37190d89da2ecd8dcae4a,4,5,1
c4ee82a6c0873cfdbe96e41596698248,5,5,0
cad8ab3b1083311bd57b8ea9aa7c1c85,5,5,0
70a4b21bf18001a99d94bf894697b8c1,5,1,4
c5b5fbe68f87bd4ee6770536a1b30fc3,5,3,2
24ac7fc612c1995049d602089ed733fe,5,1,4
938ceb503f66e3598a6e79a24745ac16,5,1,4
699c772093df6cd7b0a73ddac5132a93,5,1,4
81e5ffe389c377c7b423c9669a9fe712,5,5,0
897abc3130a6d4c579a229b45349f611,4,1,3
b48c09f638b289e9055c56ab3c3e4ae3,5,1,4
6fa25e5deedf726d264d6714ac4a8ab4,4,1,3
1d5f437b878f76103ac129b13e81bbbb,1,5,4
958064d074b8767d4e9a988f63c1633f,4,5,1
e932edaa6417ab9aba25187f8e6433dd,5,5,0
f4bac547781ca354b61cb06c887547a1,5,5,0
efa3d5327513176bad13d0c62bb7bb1e,5,4,1
0b584b729bdfec204ec2aa5d21d6ca56,4,5,1
b5c6824f5679af0b7ba508468f598fa8,5,1,4
adcd620aef763e5d4a548a49f6ec5b8d,5,1,4
fa79d81a2b6991398dfaa1bc61b586f3,4,5,1
0cce1e1470bc8d35d6a2bebb6991bc1b,5,3,2
4bd13580e951063d19e99e60bc4d1492,2,1,1
16988d29fc53e813b156b33c0eb39b1d,5,5,0
0e520b5aa77bac2965d232c9a023229d,5,1,4
2542fe494d4b37b79ed85377e12c53a6,5,5,0
e6010bcb1cb9ceb44fdb0f15f817e25f,3,5,2
e2f55ffa361f22212fa093de97e60fec,1,1,0
9b28ecb03bbb9a5081729d9f822f46a1,3,4,1
0cc61cbbb97b708ac85f95f24e7e4439,5,4,1
21af06c81b813d390e6f5df558fdbc3c,4,1,3
59242532335f9d910b9f7d22be39bb59,4,2,2
9bcb423a861c6d643c7ce87c0cf4c7c1,5,5,0
42cba4864b46e647175a24df49b1426a,2,5,3
b80f903f7c03f3e14f467161e1535627,1,3,2
5c7cd811e61b95684de8c9416aa236ce,5,5,0
05f18c930e9961675a68af3b18efaf6b,5,5,0
93cb3576b5e361f46b9a9f1720a3eb06,4,5,1
f379762648ae96c1d04844ca3308df86,5,3,2
d26fc4e0de94625d635210111725c127,5,5,0
537716eaf03b0a1904be0663cbcdafa9,3,3,0
8a268898598fdef7f8a38b795bc111d9,4,3,1
8006b152280a7ed38378fc8eaa989a7c,5,5,0
5b14a3d13762f195f8bcefc1c2eb767d,4,5,1
c8955054eff8de46231cb6e2e76b4fdc,5,1,4
1b5339b3d49c30108e0aa8c2c2cbbbd8,3,5,2
223f7c98cbcab2327a6e8b11e0f13838,4,4,0
e773828baa347406cab28b4666ecc869,3,5,2
8b5512b2679b86761e6aadc28ed91762,5,4,1
c0d68ca2e27d53c566c02dc89021ee76,5,5,0
ba992a67b91b76a97c227e1ad48658f5,5,4,1
5ebc0e4396ff850d059771c6a0a3b4ab,5,4,1
5ab34a3449b54e0fff6d7ba20781a655,5,5,0
003a94f778ef8cfd50247c8c1b582257,1,5,4
394d17c2b71a726e205caaeee3d2aa3d,5,5,0
4d670725075298192ec296c1aa5f6eab,5,3,2
c3fe6314b2bcaa6de6f9611550dfa399,5,4,1
6954eac303f94f5f51b80deb4ba7be50,1,5,4
3d5c01d5bef96b82a7ae8684f1665c31,5,5,0
bd5d8e4ebcc034472954de8f591cd151,5,3,2
46aac4b6ae578b1097249c607ade4751,5,5,0
56a458ff4a4d0dc8ecd97b7dc2ba33b0,3,4,1
8e3aafa608957bdc2ddb74b7d9a7a559,5,5,0
d76ae02361b19ee1c7a277bf4740a64f,5,5,0
9d2542bf51fa5287da26940813c6c0fd,4,5,1
3efb84891f27efd4a1ad0e11ca4fb36b,5,5,0
3a572776650593b33c1a7bb4e7f8f650,4,5,1
d6b2cc5d981e25c858336cad7bde6e06,5,1,4
64669840d01cf19228dbb0bcecfc638e,5,5,0
2f745f754793012b39e7806795178857,4,1,3
e1bea0700731c9179b4e7e2e0183aa14,5,5,0
3e43e4dedffaf5c15e579786d0b5317f,2,4,2
8f31b05b300b9648b988906d899b97e1,5,5,0
1bb1bff5951d630e985ec8d3f8037b86,1,5,4
c124b224a2727ecb4e7c9a378a936d0d,5,3,2
1339b6c9436a2ac70c404ab3b35deac7,4,5,1
ae022df91338bf0b68f5d5f179ad8492,5,4,1
1d843e22f87fd9181266898d32d23a63,4,5,1
136a3da67b93100ec6fc05442613bcec,5,1,4
5ef603cf924626f99285129d63316a1a,4,4,0
138231385802e09f83a82cf35bc5f4aa,5,1,4
bf2b2acbd8715f4415c2adfd5d9cf772,3,4,1
8c3337e8848790574f8d28f6591afbb3,4,1,3
ee05ea68d27584f43ac19ad104738fea,5,5,0
48483d781181b0424eb4d9729ce4ccca,5,1,4
1b3308992abe10ed7ce26077dce05e8e,5,5,0
52064702688c67baa4242897e9136b5a,3,5,2
574e38ca454c86f60df545b65a03277d,1,4,3
d9fb85f3f3239e18e331c9f622d6998b,5,4,1
d5211af24819d319c02a285e7bb51750,4,1,3
bc6bbd933ea8d286847d6eb88c6083ed,1,3,2
1960190ca65fb64227cf890a91874094,4,5,1
0e8488c62611eb99cdf174e019bf9d8a,5,1,4
1e3d732b1d231004fa6b9c9141f53856,4,1,3
6f177560cdac40d55fa56882c853569b,4,1,3
9b0608ab7dcbc73db0b62291f23c55bf,5,4,1
fbb38f33f44df110ef060767b70bdfa3,1,1,0
7217572256d0fb150b86021f70d421fe,5,4,1
6ebdc6ce8dc5a2d9b4c6ed890718e65c,3,4,1
6e4ee1e1cfdf990b9c37dd33df4b2bb5,5,5,0
bdda3ba1c505bc39ff2117e340280a74,1,5,4
3fc0be2b864e9efc63373bcbafbb16ea,5,5,0
3924ecb5e299e5fb70a6f38e34aa4c1a,5,1,4
fe060c64faf15963690f95b750ec2301,4,4,0
ac5cd0e68752307d437d98c640050483,5,5,0
b90228d9050d13c266a67be0e92ccd00,5,5,0
734e66350ff1d845ab707409554c76c4,1,4,3
ca956d502f34466301d1268a2df5b0a3,1,4,3
783058adb0589c4c5b2f3f748a27485b,5,4,1
759ceb2a861358153b8c0727e3552c65,4,5,1
f0dabde4fd77bc24990f7107e4c46474,5,5,0
8556edd77123b5e04862b951269eabed,4,1,3
7bb7e430dba5149615b3083b33604d53,5,4,1
01c156f67900e1f33d1234ce92cb18d9,5,4,1
0760a852e4e9d89eb77bf631eaaf1c84,3,5,2
852f05d982b898131361f787c7d787fe,4,5,1
5c8b799d9e858d7af25f956df90a88a2,5,5,0
374d4811c6f3657ec62ffec582801ccd,5,5,0
4e724a5cf81fb255b3e27cca2632e90f,5,4,1
eb6f690431c33aa581e0e090255bdc54,3,4,1
4e8eac5f839b87a8cdbd9847f4fe442d,2,5,3
90e6c18b53175478f9663465aa3b6f6e,5,5,0
914a491b0919b0205dc6fe31c052ac49,5,2,3
1315d21afe8cc17fff429dac7ed6370f,5,1,4
f90d9d087252c72d1f8a43c65f16f515,5,4,1
b6e1870851fc18da0ef1cafe7b7360c1,1,5,4
f14111b697a9152a18836775aa24ddad,5,5,0
3b877e13f7c459f7a8f3015dd9bcc2ec,5,4,1
4c1eb4e6d52d42048614e4c46f3c5f9e,1,1,0
dda0996054bec18cafa1ede0d62dd3cb,1,1,0
684dd0a88e0981f537557582bc8acd90,5,5,0
b2217a354063d984ee320fa29b6baf1a,5,1,4
61f4d740ca1d5469d7aeb49f65719f3f,5,5,0
0c905768040f5d51c3cccf00256ddcd3,5,5,0
1dde4ac4444355c43b97d058a89e45bf,5,5,0
60f6dd1c9030b6132080d65599736d7f,5,5,0
b2899a43c8dc465bf845340ea77aef50,2,3,1
003cc6161d7a2593f2525cce0c330d32,5,5,0
f887e6cba479b38cfeb57c84d0b5c2a6,5,5,0
00a379dfab816a83741012b71b264098,1,5,4
e4de4d75a4d1e6b3dc57a3d94922023f,5,3,2
85df9618973ec5807b30a864e352599f,5,4,1
8709d432916bb32dfc76488bde2bd31b,5,5,0
23a868333bc15837fc68d57a8287bf06,5,5,0
49e46b4388f4b9ea96901467bd26eb6d,5,5,0
cb38a96792763020d1c6a3f5e3073026,5,5,0
9e10abcef882f49dc69054c4b9f001b7,5,5,0
dfa8413e7d36ab13ab6b12c6c55fdc2b,4,5,1
c6fe39cb893dca9cdde3a0d2201cc7c0,1,5,4
40db493fa22b26e65d2677bcc2c67344,4,3,1
420fb4457bf13ecb615ef8bd9dacdc03,5,5,0
3f04e710beea0fa7c09842c227f005ad,5,4,1
cf19b9eddcef18fed0071f773887b1e6,3,3,0
49acb5fc9c65246c7611d008c2304353,5,5,0
426a9742b533fc6fed17d1fd6d143d7e,5,5,0
c30b8d50e79a4d6ce964a2a0b1f3a6d5,5,5,0
b2055cac51ad40754138bfed4d778344,1,5,4
6ab1e9ffa5914f8b0f2c4f4eb98e5a2f,4,2,2
55a4f9b50beced29f599c03bf4df76e0,5,5,0
16b0354e89f049afdd965c97e243dac6,4,4,0
0b82d0616f1ad8da15cf967b984b4004,5,5,0
bcb83032ff3fe35a0f6df11c771069da,3,5,2
a79af87b8a7a623374f879412adc351e,5,5,0
111fd867f837d390ba296535e5ce8b92,5,5,0
405b7a0bffb459dbc7646665024a2665,5,4,1
b1cc959223d3beff53d4aeb97b8b6a8a,4,5,1
0f213d7015dad47737aecd4d7403f919,1,5,4
390cb12cd3157360539ab0739c1b8fa9,5,1,4
145b75a554e404852b520d70c50c9f9c,5,5,0
909b69f5894c4b1a14264b64f98b4e10,1,1,0
a1a43cda291e19630504e0139508698d,4,5,1
95b1d0b73b19c6fff384a9036a89e484,5,4,1
d54585273ec1cbb4c450e524d11d2277,5,3,2
64f25972cba1c6faca4f32c7ac90e3c2,5,5,0
de11314f84cd5578a36ab8312ab5b5df,4,5,1
3e8beb10c7fe2966555446e8575a88b7,5,5,0
1b2ea47a491df032b8a995d37f045681,5,5,0
bd80c61aa79867f184f4b01d69b6c03c,5,5,0
b0928556a10706af462ca2ab2c91903b,5,5,0
8137dd2eb10f8393185e4fb57b038373,5,1,4
df7133582058755527a65a8395403d26,5,5,0
2a77dac3cf72264c6013ed1ee5fa8cad,5,5,0
f98503baa6f63a4d5b3e5f9deba75942,5,5,0
2b40731966a5ce118fc7ca8b1cac993e,5,5,0
5efadf4b12dd71ad2003ee3b7f2b24c3,3,1,2
9b430d2eff640e354b1e8eacb8a30a2c,3,1,2
96c2e97254411b014e9c6497388ae8bb,3,5,2
84f40c055bf1ed329fcf2f4ec4e9e9df,3,5,2
129f71206f00d7fa856e19aa56618068,1,4,3
f0e99a13bd301f69aa29160ac8cd864f,5,1,4
283bf5d2f306422175c079231da015f7,5,5,0
8c0d6c9f5d9beccd28f857ceb4ae162a,3,4,1
57f2a60c1d6d8f4fb076ac300e53bc1b,5,5,0
a2b510cbf99b001ef7b7a9aacc9789a8,5,5,0
b276f402443d899868708548298c858f,2,5,3
c9edb7bc5d1bba89d462a4f94c79c078,1,1,0
563407fb971fc3c8786c1a8adbf8b94b,5,4,1
c05dd0beb102cea787767476aa03d03e,5,5,0
3e33f5f2369d96398462a491d376fefd,5,5,0
fa77b4aa91c0a9f2bc533e0dc380d9c2,4,3,1
87d28de656e647d923b2d821a32c79c4,5,5,0
b39d5e5d31956b4598ed01674a0943e7,5,3,2
a9493527e59e8341b49a5d0a41b0623b,5,5,0
a2bb1bcee7e5d4f4cd507e33d3e2cef9,4,5,1
db70f8a5634ca9a20586be3dec6ad653,2,5,3
d05d5881240a2b6f02e90a83bddc85cd,1,5,4
afaa845a7a044d65051e77109d5b6ac2,5,4,1
d8ff993abef623e4c9956f245c4345e9,5,5,0
ad40bc353ed6f8f975faf818439c7de1,5,5,0
ef18c0e65576729dbf505f63f1414736,4,5,1
75e659c8ca6e2872f6d35430337e5dc6,5,2,3
41c843dab306ff15365492a2dd8c3cef,5,5,0
38eb04fead5a8c966e7e01b87830b50e,5,5,0
249ce1b12f07122e85a8a56336368477,5,5,0
12ada6ec0be92b66bd3392b1764a4588,5,1,4
a2386b09b362176b550c64e738a7dfa8,4,4,0
c0e59bb74c6b71dbd39b3073120e957d,5,5,0
85c8b9409449608b5f5c6c0a66c9146a,5,1,4
300542e713279c59c9741f77d049f567,1,5,4
fcfb5461769cc63d4c83cc3dd5c2ec55,5,4,1
07e68b7ed834c392f26a154d8997115b,4,5,1
75f959697b81c9b9eeddb7499941ecaa,5,5,0
455fa9dc182a1003b2d78824f8aaf8d5,1,1,0
3c74e538974fb013e938fbdd7d83675c,5,4,1
cfc8693f5a72369e0b4cd8d2f4f01ff1,5,1,4
4e19d5224178c861043985f3f63fed27,5,5,0
f35013d66cfcbe79e1bcedd6fb914278,3,5,2
905abf7e67aedee76e5974a22bcef8cd,1,1,0
56580e29cdcf56834efd1a9eb48e5f35,5,1,4
f850238de020e40b355e62b3198da17e,2,5,3
c8437ae2370954848655235ebb274b59,2,5,3
417e44a3df3ce085aeafc1976354af8e,5,1,4
85f1556f734e21409383816d518c8101,5,5,0
03202c9906e9d1140a8ac3e15f4492e8,5,5,0
c3e26e5fb80a6b20f91b8a4f4b5b6141,5,5,0
ab6d84885a2b1513ec4035973c08460f,1,5,4
8fb847d8f402a68dbcfdeac4cf2375c3,5,5,0
71b7a44b3e9561dce3ce2841bf401b24,5,4,1
1a0f5914485e7b79c7bd708563bccad0,4,4,0
5d36971a31667ce7f86f81d277490e9a,5,5,0
2cc3c6f1d89338c78360e079513f99d2,4,4,0
b02709d4e987b97b8713543629c82401,5,5,0
5fec03fce725fff481779aff4be805d8,3,1,2
d762e245b7d93fe1fc56d6ed89782027,5,1,4
d85ce9b0e10e08627fdc72bedcf4cde3,5,5,0
66fc85fce01ca94d68a669ad2f78c035,5,5,0
df79dc38cd1e0f49f9ef6385b30caab8,5,5,0
72153affaac51d3697982e86191a88c4,5,5,0
fe3b7d7e6df783d622ae530f841bc87e,3,4,1
b042196844fac663617a8534823b6720,5,4,1
fc174f22ce400b79551344335ef7d9d9,5,4,1
ecbd8d5fbb12d972ba4a898ce0bd43d4,4,5,1
8299af0d040bc54540e8c6a35046e99f,5,5,0
fab137488ea6654792ec4cac3000cee8,4,5,1
6dc8b8f970d5256ebe88e075c1428321,5,4,1
b2ab8e46c0531fd546ec40b146724c46,5,5,0
240143ab3914b9052e329d80e795b1c9,1,1,0
728f6c4bcd81ebdfeb353bb9b0893a12,5,5,0
0231f6b89e5798ff6c0dfb1e18a94da9,5,2,3
00ad1a02d4d9decad15c7e8f8a9470cc,2,3,1
6fe3cca762774a4e0e4e75467b4651e6,5,5,0
fd54537438233bc798bd3fdac32bcfd9,5,1,4
f05b87cae9d521c780bc3dfc281ca892,1,3,2
890c646ac2f95965fe8b02b81cfcdc5b,5,5,0
dde57deff5c66be4e59c0da19696ea50,5,5,0
c4ce02b0d68f5bf60e5d6bac4701350d,4,5,1
87c883900b2dc61189bb316c6c00250d,5,4,1
dcac490b5b3b967a6ca5d810dbca27d9,5,4,1
75c3cc4d3b69230a82468be4d1afe002,5,4,1
7b186487147f406839316cb0a719d4b1,5,1,4
6df5ccb6ecd13e123c2a9a0a5ed0ae9f,4,5,1
8d87a1565de3eff8cb87fcacd8ba101b,5,1,4
aad035e568a4d856b8cfe95cd55907f2,5,3,2
0cf8068e7b7318f0e518be23c903b9f2,1,5,4
14d5fd67132f83c0c8a9e241e4a7d4dd,3,5,2
c6f6b7098338abbafdecc3ee3ff4bb66,5,5,0
a49703fda0b42ab0a87e062624ea2f43,1,4,3
9b21580d9a140962daa66b493fa50248,5,1,4
89243c8b1f29ba7a225bdad8061fb473,4,4,0
8c9e68d34aa382d77160f9a1190037ca,5,5,0
01b4dfef1c8848e8c0431ce17f5f72ea,5,4,1
70d7affe471e6f94c28682a3bd9b5552,5,5,0
b7174804f0cc2ac4c7b84c73d8801912,5,5,0
f8941c4e03c5fdb1736fb5cd167c17a1,5,5,0
fed6ef6fb04042a3b895df051c11225f,5,5,0
60c2fd4bd6d23ab4fa7a910b61dac591,5,5,0
1b9ecfe83cdc259250e1a8aca174f0ad,1,5,4
0339ed6316da69c73459e191c10ff6ac,5,5,0
9bbaeca96f9c4a3be4aa32aefcd1cd11,3,1,2
83a2c8f38977e68d54c3c28a49c6cb99,5,5,0
193d998b23a996345ca322516b2d5af3,4,1,3
d47221803d32f8f54b53694c19f0a368,1,5,4
f7f0b79050e7ef0b1cf7ffceb0aa114a,4,5,1
8b5bc96af9b784e1819b28162f0ffffc,4,5,1
73efca6402c1b6108195348448d76147,5,5,0
533e69dda70ac7671a0bda8bb5fc08db,5,4,1
ca4ced509eae117b7d3823b4ce2467dd,5,4,1
5b01111319bb33fcc77bb2aef3e938ff,5,5,0
6a9ea3a6a0a791f6c34b8145d6cbd42a,5,5,0
636cae28249d7bd12aa6fb8d96bbe735,3,1,2
3c3e5bec9a05202ab008c05c55f951fc,5,1,4
866e0f3023c57babaf95164f170317e8,5,5,0
028df34320b87c04ef6de145db2e8444,5,5,0
a14173b7936139e28cd1aa620eada598,4,1,3
c2d227e33004969c49215bb63c53cc67,5,5,0
e1498c730a641e84a12251fb544db234,5,5,0
25d6858f3b1d2f332623bdccb12db9eb,5,5,0
51e5e08365469f68d9f281c619b2354f,5,4,1
a16de84e54832907eaaa4084dd0d90d2,5,1,4
8dc8685118410f97bea9569d280d64c4,5,1,4
37404c7e8f026ab1b81aef92a59939b5,5,1,4
c8223ab24b18df53e6a37eae1fd69d48,2,5,3
c28c4378f50e09ee967e830dac65634f,5,5,0
1230f41d95a6fc74a51d388e8b1e8810,3,4,1
2671e7f4ef9e76c9019650580aaeae95,5,5,0
cd2457140ff84327d7d7030053b80fce,4,5,1
80db40134db34fa301d8a9c17b307a00,5,1,4
885a4bc7ab1c81c53d7ea58b81bb90ef,5,5,0
200b121c28e10ef638131a7c76753327,5,4,1
a57f69a30b656e82f1c0a04f0f644e34,5,5,0
1f4ef92fe96573c57bbdf0fd5c284459,1,5,4
ec6fad60162a199dc5aa0cbb021b26a8,5,1,4
6c7cd83914ca57ceb8c205d80630e699,4,5,1
8d96631a10824fcfc4c8c0a0f73bfc27,5,1,4
88d707d3bef4ca2fc83d34f2d899dea4,4,5,1
c33917dff50a1d91d9d26ea3c5e3a65a,1,5,4
bfabc9ca0342b03adf7e07f25c4a4058,5,5,0
fd0d6e1fe406f607f6f66c3bda4de1d7,5,5,0
da7b8d3f7de2b64a8d4f6d59b36159a7,5,5,0
b3666570c67eca46e04bc11a7285f0db,1,3,2
b319c42146aa1548b1e415a91dd13789,5,5,0
be9fb10d58d9a2df903271600e76e32f,5,5,0
e5417e5e64916eebb4159888b02469c1,5,4,1
c306c87c6c9e528a77e95eae0ea575bf,5,5,0
b26fad48211e9a54051ac561925ffa23,5,4,1
413648037e02e5c759e67071c61b2fcf,5,5,0
451a92b9b2211031e527f7f85525388c,1,5,4
7443eeca92daa9ca934f515628610510,4,5,1
5af2ccecee36c806f9dd2b49c3a8d09a,5,1,4
2591f6277be80b0c25627c745ec900c4,1,3,2
943f6c7b262e40ec0526ff87156fb401,5,4,1
56f8f42c9ba3fde1fd14794adfa04b1c,5,5,0
99f6d132908e686db5ad8db097e76aa3,4,5,1
5f4c10d4bedd746cefe9291035d2f8a4,5,5,0
65cc9958974d9b84cb4caad96226d10f,5,5,0
48af7589aa4fbcb01531df8c9b510e91,5,1,4
77e3266e92eda8a0570ce5b1045fa3b5,2,2,0
aeae13bf1962c0a747dae0f007b2b313,5,5,0
915e61444d403c1c57fa206962c3e60f,5,3,2
f97da0a16b75363e98debcd65fe1253a,5,1,4
2868122766fb8490193dc08920622c8b,1,4,3
79f31a7e6b20571d229c2b79cd8c6b54,4,4,0
c5db0e83090bb51a4e80f3b323bdd9aa,5,1,4
8ce09fabe89667119f813bcaa531e675,1,4,3
21e4cb49918b1d01621e459fc79a60d1,5,1,4
71b63cb24c0cdeeb5604ab4b0e891c87,5,5,0
d6cd9d63e25452e0278cb6eeed08de6b,3,1,2
27f01bec8fbffea109aa86d4d3364a15,1,1,0
5fce29fc25bfce9a829c5f4caa9ab9b6,5,5,0
29bcc6a8befe426cad7140eb616f16fe,4,5,1
9321040d6f0176fc3327a596dd023d6e,5,5,0
82262a82713a250e0e1f99b5111b9614,5,5,0
949685852c781dc1ceefe5810f2fbc27,5,3,2
27a70a8fdf1c9edcfa01d463b45a5b03,1,5,4
fad1f2027ab155751ea0746b70f81921,3,5,2
19c12787aa9334d1ccac97bfab56e576,4,3,1
f13d94766ba74161d06ddd6d90050ce3,3,5,2
69be9dba6e0abc2941fc4b888d414fc5,5,4,1
bd982aee32cd290fc0ecf05ec77c326b,1,5,4
8fc3842e23d0010bd7f86eed9c0b3c78,5,1,4
fbdb804cd5fd11e97287cd4cc842f7c4,1,4,3
e1dc59c8a0073f7889eb0b714c97eacf,5,5,0
aaa2176c2eedbba6fb84a3d63e01f433,5,5,0
3b401cba521461d124e0487ea53bb009,5,4,1
80c6a53cf1e905c00caa7d3d85a4bdb1,4,5,1
583174fbe37d3d5f0d6661be3aad1786,1,5,4
d9b968b9f8c464fd7941981e0ee66845,5,5,0
637829c452a59980120d8015af137b78,5,1,4
3a910fcc31e93133ce84280ebc47d956,5,5,0
edf195e14f83b9753f2cf2f7263f279e,5,5,0
91d34a183e2eae29ccb607481a4d8ca5,5,5,0
bac1a29d140daf4cf00aceeedf2dddc7,5,3,2
5a30bac46bd67c48565822b5789c0954,5,5,0
4c480567d1db63cffddc552638c35d8f,2,1,1
7b5004a23c4918b7c96c9d0cfd6107b6,5,5,0
37151727c96ceda28bc5b0eb91a25867,5,5,0
156282e58da82d36a58582a6a94211e5,5,5,0
845faa625ef6a2b4549edd96a4bb7308,5,5,0
137f57a202d83cd03668234859e1b2a9,4,3,1
3b3725fa3dfc009ca1e6ebc503a0bd16,5,1,4
24b2d434709c901b14bca606ef51cecd,5,5,0
20aac17e27ac5fb3ebbf44a26b0e2d3c,3,5,2
8d0900d0d09c0b9075a5f00513991a70,5,5,0
1431c3eda8ad65df1ad5982488e1a011,5,1,4
fe4021e2697d2b86229336b10e91128c,5,5,0
ed525f27dd4e72335596c7964f887dc5,4,5,1
d83f19fa5fce346e31c60b35257f4329,2,5,3
977e3e5b3884ce2843710ee5f5a3d12a,5,5,0
4fab03676c2144ed35264324eef0ea12,5,5,0
c863a49cb9cb9a145f7d39a575866b44,4,4,0
6ff0c72cd26c7ea730935abff483f2e8,5,1,4
e0657085c2b6297a32f39efa200cdf72,5,5,0
7595f9b8e070df43bea3c85e1e25d361,5,5,0
df5cc31d446df3719dde958e4f9dd5dc,4,3,1
e89ced624c37029ad8e8e12f036a1a55,5,5,0
c4f4ae572252215f366edb6f851c166f,4,5,1
c9359e6f27fbe7d1397c40031341540c,5,5,0
008819c6d5f6da6fa5cd9d50ca927cf4,3,5,2
02bd584dedf7373cb07b6540cadf9a76,5,4,1
8ea8033700913a32e94988adbe26d5aa,5,5,0
086986d3fe34c0417a41f76b14114fec,5,5,0
1f06e0b20a4b5a839950bf1f9f779957,4,3,1
d1ff908b4e21d4fffd5da1a0c84c3404,5,5,0
cadf75f0c2e29639d54ff0430d98e9f7,4,5,1
e7b57c0060c5ebff9747044e5bde97a3,5,5,0
3b5ce64f9f05683358404919c5872b8f,5,5,0
0ea5fe4904bdca87f8cc726a5bb5d768,5,5,0
3ba790c8d2e841929c346e8da5c6abed,4,5,1
90583aeed06ff85179fe55dc956ce115,5,4,1
16693a75a341d20873b58f312464e250,1,5,4
9a50f016b349f16c4b2e42a4be02d1c3,5,5,0
f4f88d0fded20ff7a60fb80ccdd533d2,3,4,1
e4c09ee4522daa0f32bd2e6b2f5ed048,5,5,0
b5f7ed4633fb5be4575467a3ecd2ebc0,1,1,0
610d01be21a4553d8ae1b2c4000c2703,1,5,4
4cfe6efc40f9645ef7b88440a1c64149,5,2,3
4f5db1138694f3bc0bfdbb113f4f83ec,5,4,1
0f2eddab2cf0edb934c4086172712081,5,5,0
e086a8e8919e918a3f1968ec76281bcc,5,5,0
ed869c0c89353ad056e1e883e4be35bd,3,1,2
e5c0172ee0cef526f88bc189213a5070,5,5,0
d22e9fa5731b9e30e8b27afcdc2f8563,4,4,0
fdc0ec1ee168b2b7c9d3a501b0d1d69d,5,4,1
dc3fedc15bcfea3fb0e670ce3a8f3c27,5,1,4
a055f8239d18a2008883be78eb09cf41,1,3,2
427d0f687214f83a79eb0b0d33d32d28,5,5,0
e7ad3898894027b09ce153449f7bc10d,1,1,0
3f698de643d49203acf6e773a09ff631,5,5,0
920c5e9d5a8a142e714aed65b5e06f8f,1,5,4
67899dac84e7e591ff0edc0d1dd0574e,5,5,0
359dfdef7cf4ed1003c2a0463eb431ba,5,5,0
aef73437a579952b833ab7d9cbf58bb0,5,4,1
8101f323f454f972d5f4773094d2c5e4,5,1,4
ab5048879a15f9f713725c37c5eb43ef,5,1,4
908227fe95698325710fe450d4b7018c,4,5,1
41d0cc817d720d7f3860716b335a3cb7,5,5,0
a1119e009d1d91655405307f4c095818,1,5,4
f117aeca0c3c9410a2eafabdeafdc214,4,5,1
c3aa0764f72af0672f23966336a8fd0c,4,1,3
4014ecd96ac1d06f8cca3ac729c389ff,5,5,0
195362ade532294f73fff8ff4f138c3f,5,5,0
5c8016724722d7906a7e8cfa22d7727d,5,5,0
bcdad86f44c780bf1aaf24b66dd97753,1,5,4
1a70c0ce7afbcfbad9123d6c029f5ad6,5,5,0
78c68db8e7034d43fdfa205630fe7826,1,5,4
d186bb303793c5c807a392fbd08e88f6,5,5,0
a650c714762d0184be820c5e311c8d96,5,5,0
6f028ccb7d612af251aa442a1fb8b5d0,1,5,4
32c5abfa9eb2480a7162f1ac2425680d,1,3,2
c6f64ddfd9a519815891070106aa9543,4,5,1
43cc7aac762dbd5d93a8354a946d85d9,4,5,1
a7a7cee8db5a07311875dd616cbad673,1,1,0
98bd62478f45e100b026c030c5b0b121,5,3,2
75c3991c985f0ad3e6c3b9ae67f16b76,4,5,1
fd6508408ae641784eec9008b9c351d1,5,4,1
557e7ed9b11b0dd74545009ef0c7a74c,1,5,4
87bad43228f375c518a80fd2cdec8e17,5,5,0
014ac3cfd0e55bdc2cdd12aa181b00cb,4,5,1
47d160e3b388f73aa2dfad3c508f4ca3,5,4,1
b46fff4b68b745db1498b3a260aaed5c,4,5,1
bbac13f5b68d5b86c46f0a89a014b5e5,5,1,4
1f5e41ca3a4a73a67d6ac937f4fe5422,2,5,3
79172945447a2dd29abbffd445a99205,5,5,0
3f75656d4a9d4b3e18204bae2bd96925,5,5,0
cd974875c10f96dfe6a717e02c625feb,5,2,3
b14127bfb817fb9d5883aacd257bb447,3,1,2
537690295b4d85739ba8cbf72ece30b6,5,5,0
69cfaf72cc14e5d3ade9e5f121f74c19,5,5,0
618f64df06c611bd4ea802bafba3e20c,5,4,1
b8e3ff54d639c2f49ecf02fd959dea2c,5,4,1
eb529b6aa88196cef958e24a0a8f4086,4,3,1
ad005b5bdc8ec1f3085f0967211207d1,5,5,0
7a3d6ddc737bc4e0f556c9c47f15e7a6,5,1,4
a2b932dba58739e74b19e8216b7de165,5,4,1
68c76c01adcebe5c1bd51c0aa817bb76,4,5,1
8e43f2c9b150b717ae56640b5fb64150,5,5,0
4ba6b813ed91fee2b26261b064aaf348,5,5,0
e5e6a20a4c3fbe6ee280c01f8fe279cc,5,5,0
c98f20eb107a235a15b60b2b5de731da,5,5,0
e1a3568b83270103ac2d1ffd0e598a0f,5,5,0
0df84fd499d4271993b678c5509f3779,5,5,0
05ec9565bccc292561dec1d33bfefdfa,3,5,2
c2fdaa1b60c55ac8d318c4adb4b26373,5,5,0
a4e584c6dc40947a851d93c60fe9c50c,5,5,0
aee590f76dc95d8c147146ae04100704,5,5,0
95640f66424853e44e3ffb0cdd8974f6,4,5,1
2303956d13919bf90f2a4818bab96a71,5,5,0
80c54b49eb28ef498e5076bb0a7ca24c,4,5,1
af8582de59ea502ec0626a2ded9c535a,4,5,1
66fa22325222866162cfcbdc2841bab9,5,5,0
c6ad7089d27e68a395de452a632cb54e,5,3,2
a530dc19f1969dc7898a1b96fcd6e602,5,5,0
6711d32f6b3652ef28afeb71bcf586f3,5,5,0
8b030516b5067d6a711fad2df0bab663,4,1,3
41f02d9998aea7e212e8917bf2649cce,1,5,4
988117e4f714ed70371d15b7063e0add,5,5,0
454f02c2698ee870f2ebc3741d64540e,5,1,4
f50e54b63f3aef3514497d67977256f5,5,5,0
1722f4de186ebcdb68411641263f6ae2,5,5,0
aee20a4d671a2a3435bdee5bf40393c8,1,5,4
44900db49b182f4c5488152220bed716,5,3,2
e7c5ccfc34c262f8f9240ade57e01ed7,5,4,1
cacb12ecbd3fcaf21b5556085730369a,4,1,3
964d26975fc593c3862d2478025f51cf,5,5,0
80b201a88f23aa35799eac75fa4cdf99,5,5,0
f346ad4ee8f630e5e4ddaf862a34e6dd,5,5,0
73f4780e56b3a089b1d7671a17ee4da0,3,4,1
b1e9076d07f0a18048ce3182655825f8,5,5,0
b08e84226fa195d1d2f2edca21486c8e,5,5,0
571178bf1877d0e28f7ec1e2f73c063f,5,5,0
372e98d371f1e5e9d60496c1b57e64c0,5,5,0
d7f0f03f8aff02c307964f1ecb044a5f,5,5,0
231f5faa326e8643dc979ef4dcc9cd31,4,4,0
f22d1b7a86950424a08a39c66fb46bfa,4,1,3
dc54f7ab58e8feced89cf7f0bb97fc77,5,5,0
5494b2ddfe11df2c043ab5a56a2832bd,4,5,1
43c19b4037a93e40cda474629cc40648,5,4,1
c30a47a0dddaa5e8b49d103368bcca27,5,5,0
7de2a03405b2f8af2b71ed46371bc149,5,2,3
a975a4d132e3cd7cb429e0deffc7cf8d,5,1,4
d56b0809a6666dd3fbadb40902a42b41,5,5,0
6d46c95c090a478e52c89008e729bea2,5,5,0
ef2ae6f6dbd9a78f9634b9fe22b0bee7,1,3,2
ed2a96e455e3b014a6e99e5671873b69,4,3,1
dd473c68be3819ae8e68f1a7608547c6,5,3,2
69fe57ea54b1926c309bb133b16f9501,3,5,2
7c7730a9be0a2cd5d43285e6e53476d8,4,5,1
3decc053f76f6898aefed9c29e26e2b7,3,5,2
be49c4e4b3b0f04ec7752ea004feec8c,4,5,1
a4696d525de3823f56b75195dce92da5,5,5,0
373fa646df70e5064388905c109571ec,4,5,1
23538663b36489215fd49765baa4ba8f,5,4,1
9936b936a209fc553fd0d3790ea06978,4,1,3
a4c7db3bf41a4d09d2a5166346366be5,5,4,1
67660568d9fc745c94e03b88efcf3571,5,4,1
e9e1c2a9c614341310b6e0b494941036,3,5,2
79aee5d2f7328b2d701eb4e87f54ce47,5,5,0
6cf9278559172d523d1fbcf08988418c,2,5,3
0fc8b7fbf6a7c5ab753e2e3d0ae70d8f,4,5,1
bfbac0cb986a021b149fd1ecd301a95e,5,5,0
c57a1614ff14e7e6009f15b0d36d67da,5,5,0
43d6342125d8088b91c7075c954bc592,5,5,0
92ae7ea2c6f759b8aa53b32b59e0d142,5,5,0
2f547e1278ec9e38b722447379fa08b7,5,5,0
74df7f96ed0e23d9290b02f3534eb597,1,5,4
43da1954a3ab906e70d25dff8fd0a3a0,5,1,4
b218243f33a7a07db609c34312c95c96,4,5,1
54766753b06221dcdc0b0d27db25cc10,4,4,0
078f6e79012194cd9eb77b10f6753d77,5,1,4
a016702972f9a03256db6aecb30ba538,5,1,4
483f86b7cf498c438e3be9ef583d7548,5,5,0
beabca800e15404a84eddcf4f176eddb,4,5,1
f8204e84e9a426029a3f9848738caf33,4,5,1
865eeebc1cf8c4134e81028fbf1b12b8,5,5,0
78e669f43077eded2d55ba9455560995,5,1,4
fddaf32439eab4df416cb63ef0a0ddda,5,5,0
9bc4a96e4a1d676280d0f8ead78ceadf,5,5,0
736d9580e48fa6a156f60f5341acd2da,5,5,0
b228e6b7a06468abcf8c203f8e86689c,3,2,1
115faf732ae2a6adbc96dc35069621e5,3,5,2
7cdb98b018309556c5994e4a200213c0,5,1,4
d32d584f32319a9b013c05fd83400831,5,5,0
9b5efb42ba88b4bdef7e4a84b439acc3,2,1,1
9460e47bf3fddcb92a2bc8023ae541b2,4,1,3
e225050f709a0409b3a30c63fa35c6da,3,4,1
3789bf493d97b36ed2f5a866cc668abb,4,5,1
5fa163d53dbfa40c6363e9e47f6bb809,5,4,1
7a6c48037234cbc7887f82848bf4d4cf,5,5,0
8733c8d440c173e524d2fab8025063f4,3,5,2
d30daca327cb882c3ccccced457f69f8,5,4,1
0c73b283fdefcef04be55400a4f6ccd1,5,3,2
b9eaa4a76558ca828580d82dec38cca9,3,5,2
f672188ca89296f0a903617f5fca8d17,5,4,1
7d09831e67caa193da82cfea3bee7aa5,1,4,3
8953a647003d73790117d36c57de87b8,5,5,0
6f0bbdaf91746e96253d10fe7e374f7d,1,5,4
c11d9ffa0f049e01a764c954c7494aa0,1,5,4
9bb24e7d420a1f6492f0d5f543978944,1,1,0
38dcf9bd2b8951b1407c82f1d70a8f7f,5,1,4
6f38fec8657ada8f58c577f4a4d772f9,4,5,1
50da5576c9b517983b6f5fcf44863cfe,4,4,0
d17f1a91c60b8fe9d060b2579f04fd0a,5,5,0
680fa5c6b4ff5efa74b9ee8c95638ac2,5,5,0
e811c789fcb20fe547fb9d955777ce2c,5,5,0
076dc4ca874b482e0fed6263b1ff1b5f,5,4,1
777e839a3f71170e58385675ce610501,4,5,1
d318b7f49be14ab25218a6914acc404a,5,2,3
c981128521975354988b8e88309a898d,5,1,4
a6ae47718cbf5663cae29d4ed03ba272,5,5,0
20e2dddb8e92f51c9d7a595e7266b20f,5,5,0
dba5951df5e24339650c2552a565ad2c,5,5,0
01a9d731c0f08f4f79c10b7679dcdebf,5,1,4
69f0148dd6fd1fd804e48c202c93ad0b,5,5,0
bb2f21010cd5289802f3b79c1bcdface,5,5,0
95dda89c1cb224cddb6c5e1d81d4666c,5,3,2
33d14124f0c894a2390998ae1015abf7,5,5,0
f12e95396a91baaadc20348d68728946,3,5,2
6903412e8ef5bbc0934881a1059c0942,5,3,2
cdbf4152d2857c30e94f8e15e0dc9914,4,5,1
8cd5aad1cedb4a08e019072b76d6ec9d,5,5,0
257e2d62e2b031eb09cea19d847305c6,1,1,0
371d3a892917017b32ada644ba1f301d,3,3,0
945425732a4ff01eed5bfc09c1d5bd7f,5,5,0
da1b33a717a76516deb6b4db0bbfa8f0,4,5,1
a610b42e6e4319084d3ce5f60e0dc1ff,4,5,1
8f1327c6715c7cc4ed142be589174903,3,2,1
a4cc039dfeca8a0ebb241f3b44f29930,5,5,0
0a7ef385ee9080d0edef043521ec3114,2,3,1
3fd0aee5e461a0922a15e3747a042332,5,1,4
a8e595153c8bec02b29e66399b21e1ae,5,3,2
44de0afee520be53cfddd8428eb63160,5,5,0
66bf8e132d14cff2d0ae1145e3f70795,4,1,3
1ad01a793bf3c9b8c126414f162a6a0d,5,1,4
4a3e33350d1fd4eace1585032a97ee06,1,5,4
60968a386889fb91ca9c02b4f2eaa9bc,5,4,1
3d15ff4099fc39d6eed5f8c1200521b7,5,5,0
f1ffa84db833c490ced2c3bc52b1b833,5,4,1
1c3942a6bfebaf529e695c920baacb0f,5,1,4
37820e5c04da5c34523175842e470d25,5,5,0
4fc1fb51c00a593d698708ba797bf73c,5,1,4
d301cecfb230ab6585d1afcc0d63a417,5,5,0
49de2042facc292abd730e3dc6c0a75a,5,5,0
52fe09ed9b59f3ee4be7b74b990d13bd,3,4,1
7b1ade884cd7da23e0f853fd00807d38,5,4,1
732a77c453f0b9ea3a2665a575f3ecd3,5,2,3
40c557817a4ef8b8ca3481447849539d,4,4,0
91a4048535e7c3a499d28e56430d7c6a,5,4,1
3ff122d5ce35754dba91bc1c99ad6a65,5,1,4
a5a5537520c39fc7d242138689e1f77e,4,3,1
9951937ab72b12a841cb4f931ac8bfbc,5,1,4
b67c374fb9fdcc4009a0ab62b4525632,5,5,0
95c704fb2ac70f398a019de67a705ae8,5,1,4
6dc1b0448d8665a1ad93f2c1ec5b925a,4,5,1
94b3244b8c0ad78eb455a0638d92b351,5,1,4
29da327955bc0e7d3be1b98d93d0903e,5,1,4
2cd938176e6aaa529800d96e692e9c6b,5,5,0
170b7a63bf7b5f3d511c138e81f06e54,5,5,0
f061ce16a11eb158bbb7bb7cb38c1ca7,5,4,1
f9e5527003cf8cbd665bfc75e264da16,1,1,0
d28d530e6f5f2e1fb58e616b097b23b8,5,5,0
f1036577176d907152534984bfd5018f,3,5,2
7aa5f2151edb70ee275202acec271ea3,5,1,4
65480799a0ea99cc43f86d3af16e9d1c,4,5,1
c9d520a482f52b364a05d0252cd45852,3,5,2
def43ca6d79899925ea0c19f4fb63200,5,5,0
2aaa173ecc917a0e748a8e8ad584534f,5,5,0
3e6fcbe51e870332ced599c465eb6df0,4,5,1
42c384d95181d3ee567e8639ff74fff9,5,1,4
13ab379ac762d840b29042681a1a6156,3,1,2
09ced678dfa43843d2f38c410def94aa,5,5,0
48e72584a72dfd3dcb2ed3a6c5ea07ce,5,5,0
30524d6f42cc124d17d641b49e792b87,1,5,4
07c60b22ef2c61750215fd44cf67f928,5,5,0
c2fb804b4b295e3dbb9bbd7388946e32,3,3,0
7858a830420b9bc393b55bcf268eeb36,5,5,0
3d67d1613ecb493299891b537b079f48,5,4,1
b934d5a120aad44cdd919ef7252f9b0f,5,5,0
283882195739ec4b5092b247f052f6d6,4,5,1
be003b92657e12fe422a450aacc1eed7,5,5,0
12e253a6a65d9b9dc662a314f8c72fae,5,5,0
a2e554ce08ca39827cf3de0d0f5b36f4,5,1,4
03720fdc92032ee4abd471d172006ab0,2,3,1
4ed868229ad01b5686124edd1f82b18b,3,5,2
20c4ac55ded9c34a63cbf3e1f570afa4,5,4,1
38957bce5d0653b7a5b419556e7b9ba3,5,5,0
8260ced16669ee5a61ca903988b3e0b0,5,4,1
e227fbda6134e254af397d9f84473158,5,5,0
a68b3ae8450a14f9ba0cc1b53574af62,5,5,0
9fe72f719dc088c3eaed6fda02b077c9,1,5,4
b7592da1b6c34d2b2404a7b6e8639376,5,1,4
b3e7ea02bc00558f1ee99a2927181b4e,5,4,1
df830c3266897b412bb8598ecc43c09f,5,1,4
943035d73ee455c651564e940e946391,5,5,0
1254db2858a5edb97a4c724409299e13,4,5,1
c6e387c037a56bdb072d10c85f3f9fef,5,5,0
ef8ad84adcf1d4c437f165f437e238f6,5,5,0
68e04d66b10f8b3ce33634655717a23a,5,1,4
5e41ebabb65c9b6a46dbbfee1b4d6a4b,1,5,4
e20a706ac55f135718368acf3c333dc4,1,3,2
3683eb727daa8e1c605aeabd87b02445,4,5,1
1d911134e95ec6f299e80fe19b5b88c5,1,3,2
edf97e2ce9f13188f1f70288901d707a,5,5,0
672dbfbd96238e4d07021fcdd9152b6c,5,5,0
4e55f642a3b11a6cfcec80a9aebbb513,5,5,0
6443b4f756cbc4f80a3b160fd117bfeb,5,5,0
fa2b7f457f0624bb344dc3023f557d7e,5,1,4
fc5940447e1729d88293fb999ad3c2da,3,5,2
e762633655ca1d869d2036864e96fb6f,5,5,0
72ac5a7945d55c3fd45160f365353fae,4,1,3
927a7c08b956e780d1a418ec9b5b1551,5,5,0
bfdc8cc8e1e3a146d1adb471208f0a72,5,5,0
50464b5c4c37ca488dd7857dbaff4840,4,1,3
95329bc75845ea5b52290fba0e025e0f,5,1,4
dd623579d6b295a30527eb68420a5eeb,5,5,0
6895a2cb864a4bdb6ae98c2328666108,1,5,4
ff3555a6834ab7c343f8b67157dfdd07,3,5,2
8be26417e499e19c531a3ebfd1b14c20,5,1,4
ccb3e2fc8477b6fd3e3edf0dad0211b6,5,5,0
378d1ac3d8e22dd46990757398ae8500,4,5,1
95a79263ff4f759875074b9c5024edba,3,5,2
2921ebd304831878ac888644314d424d,1,5,4
637cd939e435a194d562522d5bdc0d84,5,5,0
6d4376b400a766f89e562e40696dc4e0,4,3,1
861135e965db93780ab935ee79c6a68a,5,5,0
d72c87644eeb5b1c8658e9a34ad13f50,4,1,3
ecca6d9e70db69a20c2cca23b23fc8aa,5,4,1
1486436c20fbfcb9dbce0d90820b86a1,3,4,1
1955e6384cd6fc6cb02799b1e458b2d7,5,5,0
f1a873fc10e7bd542bcc4198baade2b9,4,5,1
9d87d0391a942964abee51bf76befef0,5,5,0
57c38272c5be87d337e47ad5f1d88343,4,5,1
8e7f3b97378d8df36ad1b2c206db009d,5,5,0
51d70226d271148b34f0ae2a6aaef7e8,2,1,1
a99b56767df11d454006074f4ba801e1,5,5,0
6ee0abe7b83e046f6ca20743a8c6e7c7,5,1,4
4c393aa9849047431a6c20ff36adbfb7,3,5,2
9858c41d96443ebb71329d305f62302d,4,5,1
2c52a346156e0b2ae61c3642e9cc9d91,5,1,4
601316c0f92a0da733702a7b89304189,5,5,0
c00b90f6bc9d5a080080d5c3f852f50b,3,5,2
2e6e6de992c5567f41aa94497d505e77,5,1,4
c8a51ea71826eea0c4b7341af09329f0,5,5,0
c5fd5386640ddd76adc482b72d24a02b,5,4,1
f8fb768a4889846eaf601b29827b596a,5,5,0
fb2f2200a3b712539e9eb91ef5c7e1cf,5,5,0
bb4a9be7985d105a189b15022bcc7120,5,5,0
7a36ddcacbdd80a7dd8771aa4c6e465e,5,4,1
fd2abbf4e0f632ba709f0059c02da633,1,5,4
4628d3d8311acc92810202b9a41b3dad,5,5,0
495df6b807cb718b99cf24a4609fd323,4,5,1
675696464e3f1ec45c04dc5b171b2ed4,3,5,2
a147b97f47abbdb02f67ea00da442cd8,5,5,0
761de39b98af23c2f3b771461e2c5e2c,3,5,2
61a23849dae9124f254660f6c968fc37,5,4,1
19f52cca1f9f963eb3275ad1a2033c0d,4,5,1
c07e1447e2887a9588ca8fbbe9d3c549,5,4,1
f709f3fec102226ab1dce1018209b7ff,4,5,1
12e4a8a3ce5999f5d237b1e27b06c60c,5,1,4
6cd474b81add3c3d62536cab3e34aa23,5,5,0
64bd3c2db3673ba37030ccfcbfce8fe3,1,1,0
55818ca5e8e590285938c49fccd72eef,5,5,0
07f770114a6de1a65f865bf22d8bb20a,4,5,1
8badb85035ae9283c53e42b0ab697410,5,5,0
4b431346a500d72d3ce468a29dd5b060,5,1,4
2d3bc1f6ed458a137c51adc3cab7a488,3,1,2
edc852e0d271566f7923b10c089c30ec,2,4,2
b36a19a1d044f4328c2b659fea4d8dbf,4,4,0
166ff8289e3c5748d7aab1c820f43731,5,4,1
b436eb981676e54c0bc9bcade0e079c4,5,1,4
326fa4ef13e06290f3b142da7663d4af,5,3,2
5b9e9502eca103a28ea22a94c65e3950,1,1,0
d1ef94426d8030042fb422bf0891ded3,4,5,1
9b871ac52352fe5c58010cad01550b6c,5,5,0
a1ad76f125118edcc2ba7035e9a59c7c,5,5,0
ba1cb152ffbff7aeb5630aceb9b6d212,4,1,3
bef6908876c633575a196a310d1b5d77,5,5,0
bdde0e6ab375f21ce8915c8b0c359f91,4,1,3
995afafadabbc8e07804a5f08f096b01,5,1,4
e5e97ea49a63037149fb40b8d41f87d3,5,5,0
7a1cfc5a41ee6890e553de7276ffebfd,5,5,0
612951fa21ca749d62ad2b4f3e0757dc,5,5,0
0d5fb8614978748bcfbef448c8a74a17,5,4,1
3e02fdc7581b3911fb32501e56bd3192,4,5,1
ea74d355b16bf9de1c103719173cb804,5,1,4
cdc1ac6a94d34f438c153db4b7b5a691,5,1,4
b84385348baedce597620569ed44593e,5,5,0
5d463aef87df62b39882ac78bf94c3fb,4,5,1
5f862e4fe640e66110b40cced6911038,3,5,2
c58280939363439540f5e35a91a5e296,3,1,2
e7f4523b6b3d8e132da47b94e7b09235,5,5,0
80c74a42dcbd6a54b9a563012dc17eca,5,4,1
1b36920ded6f3aa566e53f04957af0e7,5,5,0
2456821eb4bf8fe5ac094da15037a2f3,5,5,0
a5d02c2843eb25d8d1be6217c7483c14,5,1,4
178dc9ffc66f1968787b253a9318cc29,4,1,3
e0be4cd18c3c6b6dc7adbe8e2239fe74,5,3,2
5f3c3f02ee527647eadaeab108a89f51,1,1,0
8d71c4f38d584ca7e192f7e02dd592f1,2,5,3
4044c5fad995d07177b0c09ff2b0b7f6,5,1,4
174b5b1a0a2498b8e2ba177359ff75ce,5,5,0
95160939719ddfef2f951cc36e468567,5,5,0
6f0ac9b2069a1f5b1518938be44d87ee,5,4,1
1d71e35103fe8db2e50dfff158650e4b,5,4,1
c8035c255b0c345f46e7ed85cbaf1a79,5,5,0
078f6a01964ee122ef20881df839af31,1,1,0
2b4c98424c04c927d4f10fd35a3e3558,2,5,3
99a18b057d4dd4778d6f3a33ba498777,5,5,0
e9ff655634db2dac0d2c18cd8fc57869,5,5,0
45f470a790aede4d492919f4df65b123,5,4,1
e134ae06c15446b35a78fd10c4d26155,5,5,0
bb04237dd8964e0983c1d0bc623dcfeb,5,3,2
15c4d15a595aaff02d4de63093a4b57c,5,5,0
2c9a4bb73b123a0d370e12b5bf22b0d7,5,1,4
bfaea68f958681ec9d22aa2114b45721,4,3,1
3f3db9c8cc4092015241bc6697ea24ef,5,5,0
c4c3ab935544a304e782b38b7c7aa044,5,5,0
481cc1808e96be16f9a098544f03a680,5,1,4
d802b8adcfb2cc03772c0645c9257a4a,5,4,1
f7df648b228c22aa46208224ab0fd67d,5,5,0
ce4c50f30197a0330b034d27da7f5ed6,1,4,3
ef7c5d4791639dc1862b7bb3bacb3d48,5,5,0
eb30ff356b044cdd6749167b9690434c,5,1,4
3f090361c1e3266bf3dda7a00df3c0ec,4,5,1
d67009600392acea26eda59caab5425e,5,5,0
1606a97aa8d4a52d6d2c6467eeb5f4c0,4,5,1
be6a7fe72fe67600cceb9213855d6551,5,5,0
90eb7899e0ba01c27fc128e31e0c872e,5,5,0
33bc941e33954324394693138a3b95a6,5,5,0
08bf457a7ecf8ba28efb48f0add11cca,3,3,0
4dda81f6169b472f50dc01b2c3cea637,4,4,0
a1e6a1eeef79fc64be1040e5ac6d3119,2,5,3
4f510ee3f8f37d3f09228624a7b72ec8,4,5,1
d68d5c93a1000f0278b511ffa6aeaa50,5,5,0
2ef410891d7032f34d90f6e7d1dc42b3,5,4,1
fa3418d42d5f87df0490832ade4cb968,5,5,0
9fcf074ecd6df19f51f6fc30b6a33161,5,5,0
c0cbad6a3c8fdde69b705b0016769afe,5,5,0
545e4aeec01e2675dd302bbd4c5cd606,4,4,0
7d6e61d9e5cbe64880924d4b7c366cd8,4,5,1
25f43575fa101103e2246a97e03fb705,5,5,0
08804ff605210017ad305e46cbd4e3c8,5,5,0
2d141367a3c00a99a25764eced13ef4e,5,5,0
e5db7bda2b901c39641219e0b0112e5a,4,5,1
29bd235b1e0eee8c72af9375033b5f8c,5,4,1
b482da27c44f99cbb2c11a278ba31d6c,3,1,2
52550cee1dda83b2c06260891897dc60,2,5,3
2fbaa53206d7c894eb7fd3a28d5d5592,5,5,0
efa2e42246bfe580af1b33ae96edc78b,5,5,0
8c552a81cd185f54e557a0c955602a75,5,1,4
5043c2e9366f7600db60c67283a20260,4,5,1
e74f2f5d0d5b389e7ec83948628a2b9c,5,5,0
ed4bfa707956ab491448f8f28a48f6c6,5,1,4
8fb95e274c827ed766c4833f1376e400,5,1,4
9d83685f52030d78be6112d861500ccf,5,5,0
1ac975a2e0caad3a89c4c5bbdc8f996a,5,5,0
6cbddb4b9fd4c71ee2b7a0012dfe2fe3,5,5,0
5d4a1a39a8e54051757df8e8f570c8bd,4,5,1
375aac0ed45f117fefb4e511189306d4,4,5,1
e6179e66e05b531c6f8ad2b292717091,5,5,0
f3a3becaf45a4f7799cd93b1fdeea2c7,5,4,1
cbd6b0d6698b0b6018dc2f613942fd42,5,5,0
37f6cceb272b1ae10ed4bd8cc0d4a98a,5,5,0
8835bc08d0bba62b3f65c7903126fa49,5,5,0
fd26a8e314b26ecd3011f9d6ec17e7c2,4,5,1
a217507ac495620d9a403939c9604703,1,5,4
0a00e9b0112a0e7ba031426a31659196,5,1,4
873c916c2bff3ea61a59f7bf7f0879c2,1,1,0
c3c8037bfac88b34744bb96cfed9c7f7,4,4,0
63566db60bbeb077e5d7c18411674b8b,4,5,1
bf17a7202282460d2e5bdb15bfc64373,3,5,2
3ea27e818dd373d6afff3fb13be4910d,5,5,0
1ddeff2fa520dc8916dc524bd3b0e58e,5,5,0
d513f9d572bf6a3a3c4e59252fe4f19c,4,4,0
29d3f2fc23b7f95b28dbe5e3ef783d93,4,1,3
ed5d7387a2587321c48d376aaea806d3,5,5,0
c39c44584dde0d84f912a395af0bef21,5,1,4
aea07e49bd6cb10236c4f58a429d3591,1,5,4
76c4c846aae2dae9e87dfa492c3f5259,1,1,0
51520d3bdef580c2ffd3b8fea209172a,5,2,3
b8a0ea35d4a5efa22c003976eb138ebc,5,5,0
81278969652e49f0c09910275f10fdba,5,5,0
fac467ce69a8abb815d930471940d06f,5,5,0
0d702a2aa767d3a728780f8b61e31a46,4,2,2
1c0b41996d287cfa89739affd2df8033,2,5,3
67c73223021cafc75df9335173151314,5,5,0
4505acb3759da6b9c7d79a80d29ab3bb,5,5,0
4cc44db58430b3250f2ef264dbcc3b4c,4,5,1
9d6a38b49a05b68e74e4d8899ebfe249,5,5,0
2fd30a0079e9100628c92bb583ff56ec,5,5,0
1936ad02cf90caffb1558f148050521e,1,5,4
a97a20383c7664aca72d666d1858be2a,1,5,4
98886a41872c9df13b990863b330f710,5,5,0
a1d83bc33177d956b86ece86d32b83b2,5,5,0
83d0c85dbcc4f41c0608144b122c4034,5,5,0
aabd0a7ecf741520be60dc59fc6002ee,5,5,0
6ca7be1c933db977fa6163dad70b0e07,5,5,0
984e49046d60b48b8253d5147b886e1b,5,4,1
51a9b8069f801dc897252c09cd5831ca,5,5,0
cba0deb7b7e121a54760408a83ecc42c,1,5,4
369c055c7ea13627ab3d3100c5af3e8b,2,5,3
d6facb241e387bcff2026c6cc25eaf68,1,5,4
ceb13edd7ff6e50ff3a9295764a6b3b7,5,4,1
617e9e939fe662eb114540a7d2008eca,5,3,2
92d7bb51e2c6778f7a049b89cfd52870,4,5,1
f544502f7cd11a14cdc792d87c7795d5,5,3,2
f8fd2ac9626cada5584890581ca7e55b,4,5,1
9a503487f2a2141cfc220d61e43bd938,5,5,0
de9387b71120d212286385df34759406,1,5,4
64eda3241f07453a9d8aeb85428c18c5,5,5,0
8624511aa767a83ed91a47c158320964,1,5,4
63154c299d1199262f60527437e156a5,2,1,1
1c723386781fca8d1e45ac747914962a,5,1,4
d86e65a13d3e7a90d876cb6b9064f1ac,5,5,0
2a197a3a167970df77d91b94905578a1,5,5,0
88a7f34793df2b92c81d02a09cec8e89,1,4,3
a67fbbbf7ef00baa90a44ab097b61e29,5,5,0
fbb362a74494da7dcf08aed5f2a471e2,3,1,2
a250e33c3d40fa9dd726391ebc5a4abb,3,4,1
cf2bdd96e31b79ed41dba723fb42429a,3,5,2
94534dca4b70b22116250b471102602e,5,1,4
006c42f310102c1910b3c5793ce5fc34,5,5,0
20b919e05f847a4e3adcb4352ee309b8,5,4,1
87ad518d2d4ad356d66440d337c509de,4,1,3
e6772dda9bdadd4f57d177aff05c59e0,5,5,0
029b2daf51dda061aeb1cf32c9306db7,5,5,0
bf6a6c5b984cbfee461b78fafe9f1756,5,5,0
6753ca1ed484341d2218aaa7ddc18e20,4,5,1
6715132837520c5934acfadb854f1735,5,4,1
706617489351ee37878ad03403622f41,4,5,1
9c893d6ab03661d6f07382306b4de688,5,1,4
7b88e96eabae61915bbbd53786f34275,5,5,0
24f6d178b92691453bffa42151277fbf,3,5,2
e5cbee019f9a5bfe36c2144b96b10ea4,5,5,0
607911c4ac62f9038b4ec434673e486e,1,1,0
6e53f3d94a384e3e000da1b6d43641ab,5,5,0
44150e408d0bd0a5341db3e4f11a98d8,5,5,0
b081a26ca9566254713995a623e0941e,5,1,4
351c531e51df4db1eedeaaeacb58e0b1,5,5,0
319d8eb9ba6d4f64a4b7c5da23b82cf1,5,4,1
335046c7c87cf6b4d47ce63b22c563b8,4,3,1
4cbe925cfb272323db0ca38c5dcd6e6d,3,5,2
381cb353cd30a73a5e49e5f42e583c43,4,5,1
ab4b37a7cd1397e63f4b25586d5bfe9f,3,1,2
1265cc7a9988226b4abf1885582ceade,5,5,0
71ae442d46d1764c665ba4c9e3073864,1,5,4
e11c81f63f7e2ef0a0a22cbc781e8099,5,5,0
f98480aef384f1cb8d5b1e0e4816fd89,5,5,0
4de51073bc1cd11e85fb03f29508b308,5,4,1
47757e40bf5bef19314ecbdf38a45d41,4,5,1
00f6ac4816d12f49026b09f2aa77d15f,3,1,2
3794be706c3088573f54b492768e7689,1,1,0
148634e0774ce5a1273806a9e639bb93,5,5,0
318f17dd3da19e3c819d905940547755,5,5,0
7e72ec73eb316f40183f574d738eb99e,4,5,1
519440577b644a6822242fe9f13b31e8,3,5,2
0c9c2a32f57d7b49bacbe81e5534cbba,5,5,0
30c3c6388d83af1e5d2919082f177a66,5,5,0
bb63df7449a5caa0edc362d01cf54f36,5,5,0
837b75362f8a7c08c85182dfd16cb72d,1,5,4
63ac66255bb4562cd506681eb19c5be4,5,5,0
c12bef4c2199585f7a1f2c92fdac3827,5,5,0
a657f4281fa25af13388496f1075850d,5,5,0
9450a19a745c16784964ea86003dc665,5,1,4
295f86e82a2d290cce6aef6009b55fb6,5,5,0
f4c87e038db78ef275deab58f19e5bd2,5,5,0
edb81087bda65895772e72d1a5daa686,5,4,1
f200b8f0491708e277a34c5ba941c5fb,4,3,1
2078512e84c5104a45f4a1b80cce3ed1,5,5,0
9d6ebf13c4103f0a747d86c3c93f7af5,5,5,0
a586b91c2af481ac6c9b08dc1176c65c,5,5,0
5d8ba2d50439f73f0f7a301864eba3f6,5,5,0
78e790c1defefa3d8515bebfca7315b2,5,3,2
47ffb2ae6aa6178f452d3ca54432f0e6,5,4,1
d2783b3ae3458b44a4ab7cc0169bbde6,4,5,1
0327e299243edec0ed4f26712a05b910,5,5,0
f92d5a62c7841e7f1a73ce4a68912c4b,5,5,0
dc952dba5b4ae9cc2ea0eb4757f0cdd0,5,5,0
9ec8075dfc41a4b32e00cdac5dcca698,5,5,0
edbba0310d0feea21acbde68a48a5613,5,4,1
2a6bec11c832798d5062d5fcad19635a,5,3,2
13df04a948b9837c1b115c5363a97a3e,4,4,0
dea423aff47d60bcd5f0678234bf8c3f,4,1,3
43787011f63fb232ab281d68142f504f,5,5,0
249907441e345229204263360b34edd7,4,5,1
8ca57f2b32c00588cab243b2115441f5,1,5,4
eb9e77ffb4019d5cd410157dfb294a12,5,1,4
311251ba5bfaf2e67111e56ddee44f14,5,5,0
f040040c63fb4164125917af2fa6d4b4,5,4,1
3006835c4c3c11d4869c6bd3d346dca0,4,5,1
2b7e043a45afd5cae23ce498b699c9b7,4,5,1
d6e4899000744aee28d41363a581e3c2,5,5,0
3446075ceaabd2c708b0108c2f4da282,1,5,4
57a7b18332c1b9b26d96e35379af3a38,1,5,4
455c8cc6fcb8015c8fa06b087cf373b1,5,5,0
d55d5f2d92f548bd9928f3edef443395,4,5,1
dfbdae4128710f6f089dca71d4bc4844,5,5,0
1d092689be844c404abe12e678e2eef8,5,4,1
04c16a4e370df99cc2e5e4228ee63820,5,5,0
c161187ab4f2133d752f8a028b51f74e,4,1,3
867d8052e7e00c74f4a3dc15943ae847,2,5,3
e979a3bd2f7e22a805e38dd992d5defe,5,5,0
7931c99744c2989d6f5218d38f439804,4,1,3
9b0159dd88a0319b71984d8d973472c2,5,1,4
847e04c1fabd29748790e74c1430c603,1,5,4
2e203d616e144d45fd13e47098343406,2,5,3
5ff8bece1ba3adcb585b884358bb9917,4,5,1
62fe4763f75b8c61cc111e465211c08c,5,5,0
c7fda56679ce4368d59d2d9511b3c19d,5,4,1
1e0f40bbfe787796d0c56e3795dc94d8,2,5,3
d22d34dc3b27dd6647daeddbcc570636,5,5,0
f2e689a11a0a962aa271e7715b516ee2,4,1,3
42187cae0bc6e0829886d8131b4c4864,5,5,0
3f2f8de95118170021d99d5fbc532352,5,5,0
cd5d896429fb41469e5414dd0b56cd01,5,5,0
8b75c1d5d99e30c53acf26bdfd1f29bc,1,5,4
09859a28d56f326d009da66f7d02e99d,1,5,4
c9f1715aa7997f1ebfb8560a516d92fd,3,1,2
80967070f5cc6d8bbe062cda5b15d84d,5,5,0
c679d7c1b3724f6bafd104526934a932,1,5,4
bca647a251ea21807ba8cf824272dcfd,5,4,1
c2e3ee5ef901092148e19caccfe10ffb,4,5,1
34f054dbc6acae464a192cbf2083cf72,5,5,0
a4fa719430167664811c30680941ec40,5,5,0
f1e56e6888d31427f56814ae6077aa45,5,4,1
25d3716d0097db13efad1ec47ea26551,5,5,0
38b1a471932ac62050bd8c14492af2a3,5,5,0
d40d7acb41c23539b6b47ea86e260c28,5,5,0
ce8bc9d1350f5e9b6b22fcf981df3aa2,5,5,0
ac57a5e116e95f1b04e07e0b57a5f6f5,1,5,4
fcfd2d9dca1b759a8838eac01a9ce2eb,1,4,3
c313f7a184ca89fe98049253bd4a3806,1,5,4
dfe927ca4859176d7377a7543078d4b1,5,5,0
e51a9885ddaf8cc8e4a5f760fa7992bb,1,3,2
1631521110aac3da4983314a2ae78ba2,5,4,1
e6c656a21310d32909eab8c157ccb639,5,1,4
1270910d921270ad6a35e504554c4068,4,3,1
f622f166555604252d12a9f66850ce2f,5,5,0
5e8e2246d1b5e113efb8958d9b9fd9de,5,5,0
2c6b178947f5f631ec35f2a04c65c6d0,1,5,4
9edb1acec4ceb154e425aa9248286f7e,5,4,1
7a12712273a3da7417b25f9108162305,1,5,4
101181f5adb1f9b1084fc5ded1160d75,4,5,1
5935d2e5e81201ca0c8233ea39b5b63b,5,1,4
4295876088eaa108fede7b0b77109ed3,5,5,0
0c57cbfd927d9e62af8beee6d48920b7,5,1,4
b04d1dd669ddb039cfc706d7bc859e70,4,4,0
83473068577d922cfe5ce5b7f409519d,5,5,0
d001290419ddebaed22e4089349d4258,5,5,0
196b28752aee8590f3ae915f8592b4f9,1,5,4
494dfa139a38449b378d01cca4c0a6a0,5,4,1
514a25ad1f240dd40ca9f02d1cb60a91,5,1,4
92f144c6732e7617d13768d337193453,3,4,1
a6eace8d7affa686ec69d39f9c4c348a,1,5,4
035c01a45e289b155db4e47cf39b29d3,5,5,0
2ce205c58fef8abc5963b6da38e4b2fe,5,5,0
626a8ff56da018438dd2249de58f0014,5,5,0
67ad45f6efc3483b12ad1dcc36d868b5,4,1,3
ed14c3058d5e31989c9c093cfcdae0d6,5,5,0
e391abb7236a94efed4fc9ac3b2d4b32,5,4,1
b28360b44929ee4de27af7329c403c58,5,5,0
5f98eca70415773e1187c9309b38acda,5,4,1
c83f1117bc97d473fec6e5d6ff5dce92,5,5,0
717255f43d5c9b702e9bc8c7d03a82ad,2,5,3
f838a927949e184c27e9965fdb239fcf,5,5,0
394038740b5a42db8607def1c170eed2,5,5,0
6c12fb27d4bdb7ed78460a2248e1fea8,5,5,0
3b881091c6fc2687191b01c705287c13,5,5,0
ecb7b1b5d15cf872f986f88e7344d9ed,4,5,1
fddac1185cdd53d496b4279d6fda1112,4,4,0
d9df7ac84c310a46b85f5c2f50216bc1,5,5,0
e56eaa15f5d9c288f33592ab67c02692,5,5,0
baa297bb0f3189e5aec7838ec35b5efc,5,5,0
2cddd5821b44b272c68fd4d199029359,5,5,0
032b42b17fe9daa676ba9447f3dbbd0a,3,5,2
77695976859e3c3e692c5a5bc670f31b,5,3,2
22c8ca185710c015f6ae93a6d78c9b4a,5,5,0
17be7ed9263bf0ea1f2e8ad91f699dac,4,1,3
ec6fa0fd3abb372973ffa4c792a2e936,5,4,1
03350e641d4d30d50b38c2e3030cd394,5,5,0
c9df12344ba358f97f2ee696709f2415,5,5,0
b94117844529c52fab97f521c434520a,5,5,0
045e0b29f969d5cd3bf5ca04087a4af8,5,5,0
991dc90330a54fbf3461dec5bf8226ec,1,5,4
e16fb24453a306d5d6ba1fb3156df7a4,5,1,4
acee82e21828ddd887e48ad3afc6704e,5,1,4
a27bc60b5829ed193c7a85e25f6de764,5,5,0
a37e262a26000281d0ade3b4eb1ce1e6,5,5,0
00f1bb0af030935db1745ee28367ea26,1,1,0
62fb9bca0ffbfb14ef2cc2b79b4434a5,5,5,0
57aca838ac598c9289dc89f0ef979700,5,5,0
54a33eb07a24da26f790d99fa2adfd7c,2,4,2
d53539c07b0e0bb28c0468574526dc88,1,5,4
43212d0edb989569de152cc65e9d96fc,5,4,1
a5ce51395d295fe2c816182f79c81866,5,5,0
a9cd6a8565b10d36007e7a68f48af097,2,5,3
ec089ea63c9167d2ee9a19ab32d22062,4,5,1
9476b4b16d22b40903f24895e4038590,5,3,2
68a049ac76db01ce0790c5dc64351140,4,5,1
19b37f1efa2ddaf265496e78e245c19a,5,5,0
23152da25fd8a3154b39fea912376a07,2,5,3
13917780488fcc5fa2f9fa3c45549c80,5,5,0
83262941cdb645f93d2446a666571eb4,2,3,1
f1b8058b666097152bfa8495286f8c61,5,5,0
309f6784abccce4e6e99672dca8ff4cd,5,1,4
cec31771f7be596e463066dab5db839f,1,5,4
6c0579db279e926d14faf051deae3288,4,5,1
071be1c98f3a6f467d8e472d94350db8,5,1,4
581bc29c5d7f193bd3f1cc87c24ae067,5,5,0
2060cb090f613a2c6e389e351afc8031,3,5,2
fb9bb6436441ba78b79012524ca465c1,5,1,4
caeae132e3ebfb4af85f98f054c37ef6,5,5,0
3f7b475727ce3c7198f0ca2a15c05e9d,1,3,2
10a8ab52ea001eb59beb9c0f97d72eab,1,5,4
6ec1bea8cbcef0a1b81bc9b7fbd37ccb,5,3,2
201164b89baf9300df72f328a6e5842e,1,5,4
82e321af7534ba70a73929d2e4c2cf36,4,5,1
c4d4197abeec6caeaef01372a05ff714,4,1,3
5c66f20dd109b39605119d5627d6ccff,3,5,2
7e8734a38ac8a79a7235d256f581e885,5,5,0
ba063008dcde6cd0ecb0c72f82a4542d,4,4,0
dcdf7dd18209c50593d1b6cdf2392e18,5,4,1
995b5da66f9cd51fa907e9a10e91054b,2,4,2
3c4ef06a14ef470e73ea05eb315ff841,5,4,1
0870bb57b1b24052c8ac2cd8df433553,4,5,1
2ad9dad7b4962fc37fd33869e09ae5b6,5,5,0
71b91036973ff7a67b9a17a8a20d3b9c,5,4,1
ea6cf34e28edb0228155d6cdbbe46bdc,4,5,1
bee2c5fd72a426e80d331d4c5d756923,5,3,2
5db9b8f52b7f31e8ff3bd6111936000d,4,1,3
2f7278fadfba016a650a093b49cee1a4,5,5,0
3b842ff9ea0324f7726503cadd3c0db5,5,1,4
11120fb91d0191b1174ea4e37043ff39,3,4,1
56c342adb8f074b20da098539a429d68,1,1,0
cb1f3a44e8b8527e16913306a4d3de2f,4,1,3
331839482e221dce28b19df7d740fcfa,5,5,0
9c3fe119bb87723856e0d807d2ddf37d,5,5,0
318cbbe8d7e81a3901639555be1e8041,4,5,1
dd63de941b6998a80f25d03116747f9d,5,5,0
53e2d02e35bbcf2deb23911e2d791dbb,1,1,0
1a6b9a764637acbc39e1624a2211f548,1,1,0
a1ebec3b404746545a11186a23a88baa,5,5,0
ccbf44556216d2ad81b039514a0d8877,1,1,0
bb68ace3e06362eec8e986719378ba29,4,4,0
6e1c9b0136456e44d5b1d74c5abfae85,5,1,4
80eae376fddb50c28eb0e4857691de4f,3,5,2
0df047ac4fa1b5eed06cc188e54fd23e,5,1,4
6adde7cd43f44ee3300a1490d5dc191e,5,5,0
5daaa187e63c2f1c7636a129c6afc3c3,1,1,0
7737b48ac906ed0be3c192bb1fc4c4ef,1,5,4
ba8725726da21140bbe12319d7369d39,5,4,1
b01f56415d8fd608605b7a1673abf6cd,5,5,0
292362d65fdd556daf473eaeaa487a06,1,5,4
a6f2940cae871bfd63ea94dd5c476a62,5,5,0
50bfdb0627807130b8f989106c985a75,5,5,0
1cc625f985bb32e5e4d51ebd1914c21e,5,4,1
aa20c8dee3466002e6bd9d64cdac1bdb,5,5,0
eeb52cabd36aa10f5feb6a64e51f8dae,4,5,1
f848632484a14e56ee4ae609d013b95d,5,5,0
1924c6aa8ef1e715f7593d5b36bc596f,4,4,0
66bb893cb22818f4c91fdfcf9e2a81bf,5,3,2
710ad9913c5b4fc7c5d5a890082b1029,1,5,4
daa82801011a09e5047dca31d70b6be1,4,5,1
789bf50b7eafcaff398ea0b735b4787e,4,4,0
edd63d440fff63cfb4a5d662945a6a28,5,5,0
83b38224c814740db730aad1c72c7a3f,3,1,2
09249f4625a56408772a45322aadd544,5,5,0
f67e17b84d5d476bc5478e79ed177a3d,5,5,0
dcda6f9e7ef0110e7cfc192c003c8ae4,5,4,1
a4e8c6ce4b3017aceed77c3e34035dca,5,1,4
3b510aa86c6884da9a0f2d9960b2d9c1,3,1,2
46c43fa21f04b08b446b2bd3e06ae1a8,4,2,2
9d138733c51598bbcd3ea81678facf91,5,4,1
73d60420cd1a179b2d8887d538efe4c2,5,5,0
e71957268efa9cb98b393a6851836014,5,5,0
d2df2c8001cece568604ec609cef2167,5,5,0
b63c4c6a266d6aa9a9eff6e38d566e85,5,5,0
6f8607cd0ebba75f55b2ce01a1250963,5,5,0
e02d97dcec0827bc0ac1ed539b48e546,5,5,0
8fc45fcea7ef26a592a2f96dc5fd9b05,5,5,0
06bc7036f4e52afa8213176211d6ebba,5,5,0
0b47f5e9432bd433f8c5cf64e60e6e5f,4,5,1
c526fe83c01c48066394ff5d81f9ab9a,1,5,4
0b49ef15b00408f4b3cc8c7ac0c5ae19,4,5,1
bdc386da6334df2a3ed8c51f0fe77c16,1,2,1
5c52bc8eeaca96c7b9ed2d47db358f43,4,5,1
c5d63349822280ab188ac2cb0966668c,4,5,1
8d2ca1078f464825b9e902aaa37e0683,4,5,1
ec99cf3ef9a84993f1e55aa4fc615c42,1,1,0
6b9aa78b4ae64ba1d10964b1a15b5989,5,5,0
cdcc6a10b38eb298efc7496c36329752,5,5,0
eba48e9c6c31015f8245d729d81b9f34,4,2,2
cf97ea340fcb30e950d9c656341fdf25,5,1,4
a395628c3a4edf913a8abd71556e87f9,5,1,4
8053ea64c064df7d22ccf2099906d406,4,5,1
64d23ea3d34bfe1b619e41c2ffef4803,5,4,1
7b5128e25d9aecefbe3ed7b42f1daeb4,5,3,2
ae6d0f3cc69623d6826ea64fa05a0158,5,1,4
bb01789fc0271409b394c7b283e9dd29,5,5,0
2743f5c8d8d1bcee7337f51c781ee474,5,5,0
323dc5a41f87be5d3e726a2cd303e6ea,5,5,0
5136243abaa9e62eafe37f8a7e985930,5,4,1
ba7cd78ca5cc6ad6a8aa23fd95de7f6b,5,3,2
4c6e24a5fceacbcf444cdb5141ec1688,5,3,2
2cc44017e7eba3d4a59e029af9df7e31,1,1,0
d2c1f29355ffc2e07756f267aa965c28,5,5,0
4e08bdd0a71b43ba19f8c0a89c8ce665,2,1,1
39f71ba799c87ce196465bad51c55d0d,5,5,0
0fb0e71d92a103ce203e4b32be458d9b,5,5,0
ed20372f93978f02adb6424088ddb730,5,5,0
02a3c3a1c72dbff557b2f56fc0caa847,5,4,1
19ba784efbf17691a04ac155893e93b8,5,5,0
b2d895292b5119d7d9306512de5bfe79,4,5,1
0d5d3777270af3ab88e1ad0e74c57e52,4,5,1
6be6d87095d612a3a5176d6aff456c62,5,5,0
6b8e2ea47563307c21b9041ff13e3d3a,4,5,1
39d42259839b9cfad053b83e19e14fc0,5,5,0
9057b899f36887819dff05586e5d11e1,5,5,0
752265739a6d8d671585c7b9c924b9d9,3,4,1
63b560062bb9ccde4a2b9e9d26b39486,4,5,1
f87c049dcd8cafd8a6880a2e29b5d021,4,5,1
4b2113709e5d5f3760113b4a980cc88d,5,5,0
89875b3e82ac7361593b7c13d1ea5a02,4,5,1
44bb5734f29017e33add235fbdf83b90,5,4,1
565a7bc14e1f825b163c6a51d74f4206,1,5,4
eb4d645f0a565f91e489a626b9b22334,1,5,4
947b612f269cbbdaa438d55bb70f1baf,5,5,0
276971787e4550d908a7306c2fe79da3,5,4,1
4506b1cbdeeb686eb19dd753a7a645ee,5,5,0
e661124f7936eccc5d961f2dd754f865,5,5,0
0dbd7242192102a62fc3677d4d42b5a1,5,5,0
f886ca9715359489ac5ca62177ce61c9,4,5,1
15e67a6eec264915cd81f8f57dbacd81,5,1,4
8618c8cd264cece4218bfa403bdc4b14,5,5,0
f6ac44bbece0129b596dfc21aede3c20,1,5,4
f8798210932c38fb57575fd5b985e408,5,5,0
2aa60aae490332613940bcc5eea147c6,4,5,1
69b4682d3ab5ef1f14a8e9e74638f87e,4,5,1
5658cfc0ef9916f519d7619207a08379,3,5,2
d92d62eadcca8fd6509c4d0afad5b2c2,1,5,4
e07857247dc486cab4563ffb9d9aeba1,4,5,1
35bd296a8ad55ea37b88e2d4c04dca4e,5,1,4
ecafc1df29c0622f331e455f148fe404,5,5,0
a9b95188aba6b5eae1ff1239714f3847,5,4,1
5afa996de851bd409a84c61745106947,4,1,3
79839957c6cbd8ae3f91d44c7e740207,5,5,0
a162da83b66ff8c619d83b87c1de93b9,1,1,0
c87cf593c8c9e0e59f1039a2bb8e5d44,5,1,4
54d0bf2cd634845822e8b0c29f3834ca,5,5,0
9c11cb61b9393edca31cfb6d985642a7,5,5,0
5ec17d5853c4bad3b18adb6778b3ac0d,5,5,0
dadeb032c1f01467182f4f0716bdd141,5,5,0
5b4101f533b7c66611b649809ff634b1,1,1,0
63395e53d28e53559462a08ceb1b2df6,5,2,3
b058d10cd1c5819182e6071160eb23a0,5,4,1
f4d8adf14699f63ee2a2c3a6a43a1d0c,5,5,0
52628d72feaca84428e9d902d3985605,5,5,0
f4b85a796ab70afd964c35ac15b29fa4,5,5,0
e21eee73ab66fa66d563ed4ceff5f0a7,5,1,4
e1e7bf45ba3cdff55983f9c1741384a0,5,5,0
f55dcacbda42aa97458735683d9fbb76,1,1,0
7a04f1c505fcb55b00384ea037f73f24,5,5,0
15db3ee82b2592326fd5390713cf56eb,5,5,0
1118f05e23d1a8082fa47f8a377de658,1,1,0
6563b375a3fad2d240225b16ee246f68,4,1,3
80aa84ef8c5e289d84d1735060740d61,4,3,1
0f9807b737e645eaa107418a88f30fd6,5,5,0
30bef37a80d21494c619aea50b367550,1,5,4
e14f6f76cb42187a0831a2baf117f608,5,1,4
d2deb9270ebda7fd5dc5ff3b9a499a58,5,5,0
a5bb5fa7247f09fa0a4f28ee69aa6dc6,5,3,2
9c3225a3efe9fb83ea06492acb99d42c,1,5,4
8aa454f4a1257f74aa178aba255e7cf7,3,5,2
db7278dea8450817ee8e59fd074eedcd,4,4,0
c996784e13c7d956e06ad7f8a992b564,5,4,1
0436c197b0ba8265af9fa94b7f444866,1,5,4
fa920bdfa971269c86fa5e1839ff9db4,5,1,4
0e0170b61d0a01970751c69f238a4dc2,5,1,4
862510fc0a355d6cfe5c4add63ae9566,4,1,3
ae96c285e2413fd08d98768e8dac20df,5,5,0
2878b4e373a9556df9aa1708a4e5c3c8,5,5,0
907424cd045f2dcb775507e367f9ab60,1,5,4
ae2534a5b52aefc2aee11e48ea987cbd,5,4,1
b067f7c5967819ff5e1cff8bd3814a6d,5,5,0
7707b1061567c2bc77fe8c3724a3d615,5,1,4
73b6ddc94c65c2002e53a5cb71257232,5,1,4
726f3a5a67d986cbbf10bbc4f72cd4fe,4,5,1
4989f3f8cec2a6f73b0d121c0e134624,4,1,3
fb4c1eeef06c08acb4e63c9091ab5c6b,5,5,0
ed8998927739822537e027a5af81b07f,4,5,1
e9b78b3921cc12cdc6d6e8ff717de8d3,5,1,4
917fa92d0e4a7a2297aa28d79a35b64d,5,4,1
eea61355af8b855cb3b052efc66b588c,5,5,0
48f1b7e26f84f55846f1d003e3e6170c,5,5,0
bfc9f97fc7ddacf8a3c33c4b2bd15a93,1,1,0
00d15ff0236872686e4899ed1ce680ad,5,4,1
b70f6b5a22ff6a89a473176bce5c5f88,5,5,0
3e073b27114fe955e184db124d34a566,4,1,3
f5f5e7dc064892b36f19ed8c2b40e1a9,5,3,2
67e5eba68c1f19de1a6cb6dd510deaa7,4,4,0
bd429f272e71ed50b0adf8defc8d24e1,1,5,4
412d2be13fcba6c139d5c9998e77a7c6,5,1,4
5e2d4869083414bb82d2e3c5ae2a4ec5,5,1,4
f2ff1f78a5733d7178e393c543100e0a,4,5,1
65f4d9e4822b4f34980ad36f71a08dad,5,3,2
24c30ddeb5a4b85a61bbb58b9e3d66c9,3,5,2
494648e782c762fe2547626ebb7dfaff,5,5,0
a8a737a6c936da9f10807e4c4262da72,3,5,2
a85c1538df5701aa9a7c6cc423bd80f4,5,4,1
b9f406c8efb6e5e869d3c9a8829f83ee,5,5,0
9d62401a06bbb0dc190562ce8b24f0c7,5,1,4
984d7b91d51b86ce72cbfffc2dcdb8d5,4,1,3
031e976ccc4a1678f5485552ed1ae778,5,4,1
7d026db5c988be1bc3facec0e7fdb8c9,4,3,1
9836847f32179c3ed12e8eb240440aa7,5,5,0
cc4609648b8cff3ea47a04fc4380c25c,5,4,1
d4b4050ad0885ce84603e34ee06201ca,5,1,4
ec34503555e993a9e7e2272b563d416c,5,5,0
b24f022765a67a60735c54402342c9e4,1,5,4
a8aa1455a58ed250938c0f20158244a8,5,1,4
f97a4a857b9a91dd1e7989becaed02ea,1,5,4
b4623f97ac826702ad476db053f76c84,3,5,2
bc754437cf4aad8b6c5925481fa324f9,5,5,0
c73d5fa01a74c67962173f17716b9630,1,1,0
2ec517892d22fd59d39b4cfa2a69637b,4,4,0
d43df0b37313a8c9a453c321ce6084e5,5,5,0
cd82b3b68f4843cceb338d860b8aa006,5,5,0
40c3b608098b72f21af4a0a9006af9d2,5,4,1
6694b68ebe1f4dff3b22fbbfff33d80a,4,5,1
6cf42ae592086e2192284047cbfb4632,3,1,2
2b5d5c1847d069c5efeb82f4056c15d8,4,1,3
498394cdea303b629a7f66b4ddcd7d50,3,5,2
c905910185bc1f8e9c3617ee560770d8,5,5,0
7aa5fe5b772da0099ed083f51f800e8c,5,5,0
d6b2e1ec7df97339dcd2bea853f8ff0a,4,5,1
221acf4033f18fbab8e09d105429367f,4,5,1
d1ee985bf7378b46fd1058b35c8132da,5,4,1
0b16257b1b7ee0922ea03954f2cae85a,3,5,2
e97c5fb2b1ca5b5fd19f2c910a274e33,5,5,0
f69258a9318a993c9354122221c82980,5,4,1
d3920d21fca6f163bb21d3fbf37270a7,5,5,0
77c155208a2ebfadeb34ab55497c597d,5,1,4
63c3ce671d34493be2e342ac33a8249f,3,4,1
ea6bd8f80f9e0495ab4d0eb5bd86fe10,5,5,0
98a6c523ea54e65d9320d388708b49d3,5,5,0
f5c5f55feb6cefec984e26efbe2a130b,1,5,4
b4472226dccdf2b8b06bbc4256cf7b64,5,1,4
0dfa57672b4853ecb26cd28c31a79e54,1,5,4
81342024c8d07f66fa2852d3c8d9b890,5,4,1
1ee8f299315c112e3442b232cb9c6f3c,5,4,1
4dea4753bef29a866f8cc4a9c7ccbf40,4,5,1
fd9f784391898343d5de70ad1eb32d74,5,5,0
64994605d8b781cada123b1d5c06d637,5,5,0
2df3629aa299e4d981055ac3f6be5817,5,5,0
b81dc96814c73196e795524a469a2c35,1,4,3
84b3b056e8c005f680939ef08864292d,1,1,0
f4b7dd32932ce541611390cebb64b110,5,5,0
f83c27b5d5d61505da0a4ce01db3dfd3,1,4,3
7c38ea034c4ae0b36dae03dac6c6a7a7,5,1,4
c4c6f4e48fd572d4d909012e522ab9c1,4,4,0
1778680c0dd08f2bcd27642d236a91f0,4,5,1
b89c3bccb55bf39d693030905c3a2326,4,5,1
02cb7027f3074adf1407706d712298f7,4,5,1
a524add4c939052769dca61e4e2cebb0,3,4,1
1a018d08ae8c02d0106efe732d3e8a03,5,3,2
a2dd49b6ff8f34233706aa765cc0607f,5,1,4
788fdf598d5dbd1de9c4865b1b1824bd,5,5,0
c606b6bf8e4f7fd3289dae004615ded4,5,4,1
5f584984f781a737f7a40522e1e8db52,1,1,0
2d27fa8465e2c54b168794e916caf16a,4,1,3
22e93d4515387496e3bd3cf6e8eca396,5,5,0
10ee8dae1859d2e91a79ad35006d3412,4,3,1
a23fc2b3af4f1a48e6105fb5dd8d1348,4,5,1
7fc033af2ece8187b358f40d43a6b6e3,5,4,1
eae56efa72774fecde3f265b1fd74e01,4,4,0
f8924deb5600bb1368e603e9205e7949,5,5,0
505bb60c12a248aa8c995503ec264554,4,3,1
b68dcf49a2ac5d629f24860c2959c6ab,5,4,1
8abad7f94ac09beb87ae2286a4964e7e,5,5,0
4497ba9d409157ae7bc8aaf8fd113307,4,5,1
6a0725621168540d5200cba214d6ebe7,5,5,0
1f6c0814bc17d77eaa0f31f053ec9ae2,5,5,0
24a670b13d0b287bf0e123c3010fd19c,4,4,0
3e68d0953d76c816cb9b580357cf65a1,3,5,2
0b5bc52b360d662aac171cf7ae46f187,5,5,0
959e7a4f6f98f189da64a254d9937313,5,5,0
b2ba6dc36919f6194acddab3c69c65b5,2,5,3
93ae3d70a721582a8c0a1d28d804f947,2,1,1
649bb84817768858f695a41b42207285,4,1,3
d1ed1dbbec11c2374190e2365d37d2b9,4,5,1
7ccd0a8b6bdddf8ea32095431194bfbe,5,5,0
45e23c55f1e319a0808c5924598cad9c,5,2,3
740ca5d56791bd56068210f715589b51,5,5,0
cad4f1f1630718b17426b3f335d0404e,3,5,2
23f99f3d6a5974cd50c00ebb3d6540a1,5,4,1
35df2a75e8f319d4fe179f529613d23d,1,5,4
976fa354f6ecccd2abd6d95c676ab62d,5,5,0
da7d7e53c86d326200b7b44b722f2aa1,4,5,1
dbfe4e468c74ac901314aac3d2915e40,5,5,0
e29a4d10668e15562da79e3366da92d8,5,4,1
ed159f7220fe49164a43fbf4fe3a15d1,5,5,0
c6e0ac21ec42ce78d3ff7fd8eca3735c,5,5,0
575d1ab8d021ded6ab9bd7340d7b7b42,5,5,0
494b5feb45ebf3e0dd57996b45bcf69f,5,1,4
7659908b7f0bf2c0381852a0102c54e8,5,4,1
fb73306df41afb7ed9222b25f9ebdfb4,3,5,2
ab2ba1e5a2f808d58d514a5e7a650b49,4,5,1
86b92e30ce5d2f2db1a0c9821ac483bc,4,5,1
07f6947cb721727031402e0cd6d6e5e9,4,5,1
d4ab24f781df0efaa8d664c145241296,5,1,4
dd7ac010ac0daaa2d26a974ceaf897a0,3,5,2
2a26d2bff48eca96ae022096754602f0,5,5,0
a1d38c97444889282dcb16502b3a8686,5,1,4
b164237e62593d65bd06208c4e722120,4,5,1
804aa537b5a0d8fe2c9a61a1fe9087a7,5,5,0
1cf0fc2c07de89a211f8dcf9ff5af15b,3,5,2
fd8ae066cb36d75d6a3679bb30370c39,5,4,1
ab07bba4aa52c95cfd9d7a418d9be63f,4,5,1
0c1eabff9739bc1f4ac404d1a8a13db5,5,5,0
7e3b7b3527cce28aa98702e05fda566e,1,5,4
700a3f10e64cfd0df7f2aea217cca5fb,5,5,0
64c43896c03b8f6f3ee2a5927ff67d7b,5,3,2
3eb08a4c95b522bed075ec059ad858ab,1,1,0
00526a9d4ebde463baee25f386963ddc,1,1,0
cbc53400ab70c26079285e050d0dd7e1,3,5,2
fbacb2717f779ec85691cc7fcec4f1d7,5,5,0
c97c5a964e8d8032ce2da2cbf89d2183,5,5,0
a59d7b222600db38a7e511fd9499719a,5,4,1
dc9d98442e1b036b58ba9dadf51a52ef,3,5,2
6df06dce06727e9d068f266a9b2cdaa7,5,1,4
2cb6e38ed0cc360e8364ac92cbd72c6a,4,1,3
5f8af87da2123c6841b3941b3b5f478e,4,5,1
2da6df6ecc3f69f3642ce1fafad85d5a,4,5,1
22a0afb00de21962e96bef9ec5b51223,3,5,2
ad9447ca1bb7d23ed83358f2235b5a56,5,4,1
11fb3a6f90bfba7e4b6717e62fe6cbc1,1,5,4
fd774e7e5b81920c1ffe8af966a3558f,4,3,1
ac046246a304e47bb50a9c923430aa55,5,4,1
42be6028bdacb5416ab5bd400589b0a3,5,5,0
0152de20f6e09fb1133847df8babd490,4,5,1
689dcb65c9cc37f74d83b547261117f0,4,5,1
fe98bde348882015e26b7660d5db70f6,4,5,1
7d0bb97fefe21572745b2bbaa3b4ce76,5,5,0
8501926dd0837d694fc5af339c02a6b2,1,5,4
62b4063077164817444ed917010c5c16,5,5,0
116f5088fd9393bef556fc932533e3dc,4,5,1
4d6d5d4ddbda3bae532db626873c671b,4,5,1
095a4047965f98a409258e1db6c99e79,5,4,1
33df70afce3d048ea97b52a230185c90,2,4,2
c31a859e34e3adac22f376954e19b39d,5,1,4
5128bbf180434cd939884e273629de98,3,5,2
6f6adb6239aa458699f94784b3bb978a,5,5,0
191a21c0a0934fdb7dcd56c6b28a8682,2,5,3
b8b61059626efa996a60be9bb9320e10,5,5,0
c2213109a2cc0e75d55585b7aaac6d97,5,5,0
968f909d3fba4660b8936a2d6041a917,5,1,4
cdf746aa8492ace4e8785a606adf00f4,4,3,1
f6bf536c581306c6334e82ca15d7bea5,5,5,0
5d971e980c1ac22c7eea39b173d48679,5,4,1
2b8c5991476242babd85ba5b7ca5a7cd,5,1,4
2386b5c23a2a5a08397fa987f56b8fde,1,5,4
405ab8184e07bfa663f7627527c96049,5,3,2
eec93f9fe0cc92067ebff02639cfd67d,5,4,1
1124e4ebba42a10ac32ef40dd8dd6475,5,5,0
bd4408025e544757842c962993ff7104,5,5,0
f2d6e146e252aff67545075d6bca048b,5,1,4
aaeb782b2c3417edea48a095560116d3,3,1,2
effbfd427fc518944d214380e421a4de,5,5,0
25362fbf6aac4b01a28dee1e076acc26,5,1,4
8913cd2b52dc823cb5bd0dbcfc666799,5,5,0
11526907a9d9e94078d44fb1c4abb4ec,5,5,0
a4bc1696d87f667da1b782b7707358ad,4,5,1
c6bf92017bd40729c135b58b643f64c2,5,5,0
99e5f0c685ca94e5a1c7134b1898bb1a,5,5,0
62a56f9bfe98de42bcdbe6cc57284dfb,5,4,1
cc09da6c606c28d227e63092534166fd,5,5,0
10e2410205407d25bc85d047ca583cdc,5,3,2
9e02d72f347640b319a659ea810f90b9,5,5,0
2acc0b9e685d8d46130f1ec8abdd9ffb,5,5,0
008cfe221ab054c89bc31720098cca51,3,5,2
9c319e5a1a2056f61e9f44bd5be2f11b,4,5,1
77e6a10b9f7d2c7a06295e3098afac8c,5,1,4
00b1861aeb89afa498404c684148a619,3,1,2
91c9f456cb2e53af4edc1b33b3bd7f7c,4,5,1
47770eb9100c2d0c44946d9cf07ec65d,5,5,0
5e4460100810dd86bd828963e7719858,5,1,4
dffc2ca357a1292fde6d4e71ece7178a,5,5,0
70e7a11b175c444133b3b4e8e655fa52,5,5,0
62c5d13fc49db297fd55a998c9cde780,4,5,1
f9caecc41dc2d3c623aa7b362611fdd2,1,5,4
79ee6745e164245e776acc4bb4e37e3a,5,5,0
498fddb261b6ddd5974cf8bea3374388,5,5,0
f2bd2aad570babba3555eac14f843c49,5,5,0
bff5893b9060256be8fd7d7d01b556e3,1,5,4
c682dfb743ebb49b200f4ad7fc4ab232,4,5,1
33977ddc245e1fadaf16878d170e910d,1,1,0
8de50bbc56062ea401a2c61c36f46585,5,1,4
d33eeaaa657fd3ae5e7f4e8f92892ea5,4,5,1
c5b438d2be9a4bbfd2b0611d477a24b3,4,4,0
175a79065991e40569812e90232dc38d,4,1,3
63cb9481eda48b82bb600b4e38026b91,5,5,0
8ddafc9e62967101391805e620db71be,4,4,0
dcfe9b5776f30f14bdb7c5505d269c08,5,5,0
00024acbcdf0a6daa1e931b038114c75,4,5,1
ad1c343f53639ad550761c2653c191b0,5,1,4
f3a33f848e8832a478311936fc91296d,5,1,4
149e05c35b52f83ae401b6402b2bf7c8,5,5,0
bbccdda00b2115d37f4f288e19d207b5,4,4,0
2f9615837f509124f0c936dbd93855ac,5,5,0
cf61ad2218e5c14397e7c0ba7a6a50f9,5,4,1
117c08edcd4cf5c43118fefa4e0dab79,3,4,1
42e9af98d600b96e51f57f1cd3d1529d,5,5,0
50bbc4c166ca3f048fea8fb9ad63d625,4,5,1
5ad738a3ebe737918e4983345e1e02d8,4,4,0
a2d65cbc20a4d7cbdbda0bc41b1e228c,3,1,2
691c30273e86d88ab9be2ac45e25d516,5,5,0
7b9af3037e0cb2e52c45aa906500e759,4,5,1
f419e615bbdeb34741d4bdd661ff8599,5,4,1
9d8a5f2bdee14c918feed8f8cae3cf94,5,5,0
5db21a1fb73cfdfd6a1c65c7158f4d82,5,4,1
6f9548bf66cabc7bc85e7b9fbcb9a9c6,5,5,0
cf8f3b9530a4074e4282a4dbe3037c0e,3,5,2
23233c7048bb0dcf2c4f0554a258fd82,4,5,1
ab74744c8fcb2aebc5495e4a03c30aa1,2,5,3
11e930fd8da276f30361256c23d58196,5,5,0
2809bdc4f077fc190944ffc2e5c27adb,3,3,0
60b37209020e1a5a5857b1ceec4037de,5,5,0
32980a0c990d84e3f2c3e9838a4abc1d,5,1,4
6f019df1013d847952dafbd0abc55c94,5,5,0
ec1ddc5ed60d1e3c7a4e0635c316aed3,4,5,1
de821e662179b99c81c5b431a03e16b4,4,3,1
9eda5cd4fa8caf92f0886bcc15b98577,4,5,1
82ee69216f11b23e2d21d2796e079366,5,5,0
22123477211e85bfeb19060481d02135,5,5,0
c393997142861148ab156520bb0ed1fb,5,4,1
7368acd4c19348cd2ff9c3639f47c323,5,5,0
68b702d14874f15452c6b09eefe17ed2,5,1,4
0c305fc5f37a5b8e64e24b2ea39b7aad,3,5,2
ee325c04d0f6f16a001026ea4d5f4b13,5,5,0
30a2f24dd6770c91faa6b3481319204b,5,5,0
c3d8fe24facbdbcf714246c6aa420834,5,1,4
e55a9d669bfd16074230197d17e39034,5,5,0
707ecac4537ba4d942b035e0377e56e4,5,5,0
86891f436de654a1481776e0263fc5d2,5,5,0
aee019a48962151b8f0a5f2667523a69,5,5,0
070b9bc7d401021bcb0d4d7413bb233a,4,5,1
20fc41b5546587400e8ef6a97936ed06,5,5,0
3cf9e0e6567aaa4e7698c34679d269de,4,4,0
76464635ac7911e6670c028e667ca7f0,1,5,4
72e300729f4020d73fe590991e104c15,5,4,1
fc83eb7b2a806cd7c4ed7abaa9af49e7,1,5,4
b12e06af2feaab15941320b70896b799,3,5,2
e6eea6fed0b356b11cf7e35f76320b03,2,1,1
b42efa12fc4809e0815df3eb3d636744,5,1,4
b55ed7407eb340d0db40dfb2759c756a,5,3,2
bff383eef89a311b25dbb9e0432402a3,5,5,0
171b2216b2d1b1f42bc9481f06dfaa40,5,3,2
568f74fedb8dd376d4ec5cbdda44712c,5,4,1
659abef602b62c08e71dbc6892a5cffd,4,5,1
d65e0d373069ac61e2aa3f9212451d44,5,5,0
776e7f17ba3c9be25c0d7fa804b9f1f9,5,5,0
07e8c8c7545c3cf6386eaf464b1e8365,3,4,1
b0d9e11d4daffb6828bd2ca9ea78d916,2,4,2
acf6e912a8db79e50ddd2fe14628e89c,1,5,4
280a1ee261c5b9821daccb1fcdd0f776,5,5,0
4dddc24327ff6d738f2a72abf2b2bc71,5,1,4
6d96df9c3708428cc5c9b8f2aca02055,5,5,0
9146c78cd5cb5e53ee985a7feb72e76f,5,5,0
6fd7aad38ed11be7812e861b8947f7d4,4,4,0
9c8e60a3e496cdf773216fa56215dd47,1,5,4
0474da9403011efc4abd2bf594e9b68b,4,5,1
21f76c9cee317278663cbec02a2fb2f4,4,5,1
b7d39e237d3fb31726e02fe2b8fe03f5,4,4,0
da9783c64e76b5e0b7352ac97f31e423,4,1,3
22f3a2b22f414d974640db425514794d,5,4,1
05593bfa78dd87f8fb6d212a614f4b23,3,5,2
c6772701a7cff60ffa313b5854c7d503,5,5,0
50016ee0bec18cb823bd67b9c438267f,5,5,0
0a457a7e838f772d804eebe8d6261ed0,3,5,2
6a8eb263ce16a204a4531e80e9bc83c9,5,1,4
2cee056eb245a8978a5d8a408436e82f,3,5,2
9fdc5868fa877dc622545834921b69ab,3,5,2
b66034dfd4925b13cbe0fad3f068e618,4,5,1
35feb4a5e2fa951053a5bf703cd631ef,5,5,0
71c56e89b74017d9b26611547346b7b8,5,5,0
828999d80d891785ff88623835515884,3,5,2
103407760762721e1dbb7247b5f7c331,4,1,3
a2ee8d70903c5b8b814aebf086ebcc11,5,4,1
9b1d0dd42862c68280468732a4399034,5,4,1
8e8f8ef29c78c7b9c98cac70dd331ce2,4,1,3
03aba68b07658f28f29612641f08d4ba,4,1,3
3d3796e51ab31becaee3237763ecd690,4,5,1
e6d97bc4704949a17341d5c9aa85a050,5,4,1
385d15b6382df6b32e10ff114cae5b4c,3,5,2
e781bc7ac959969446407858e838fe56,5,1,4
499e36ddc9a7c36dd44e2dcd43a76620,5,5,0
9e8039eae702d759bca1fe0fcd1209b0,4,1,3
252e3d8642591a131552842adb8230f7,5,5,0
c40321b07f73ac73c19d95460778265d,5,3,2
7ce4e38f4eadd993bb5b2e60bb7f7bec,5,1,4
c7a01909a06bdf140604711177208036,3,4,1
3a6f6cf4de24c8615434613e2f1db015,5,5,0
465dd2ffa0a3037d69ecd75c4e987e4d,4,1,3
3c8d79ea0ac82caf57807f9cb39f8dee,3,5,2
ae82bdf97e99c33582559e2532915b53,5,1,4
c7387d86e09f2823f6062d8c2378ce02,4,1,3
f5226047c60ee185cf7f497f8c96024c,3,5,2
c8519a6f2d214cfedb5803e64f8dab15,5,5,0
7d6fc7e3467ea55ab94ed77b704554fb,4,1,3
839bec66b5e8a01223b48fdcd7499682,5,4,1
b1f1b53eff2bcb85d584f05835dd8115,2,5,3
69cc23e617dbfab387624fc10fac7167,3,5,2
db9cf376e67dbdfc53109dce1354745b,4,4,0
ab51bb38b6e7c106b180842ccae7c07e,5,4,1
b756c448e0699de0783e5e0164f553ba,4,3,1
dd76a5f4fd89348d27741160d6025fc8,5,5,0
f2d961677bd1056db59d7beb47787e21,5,5,0
e23b204f4817055fedf12a5a5c27b360,4,5,1
e8146c8e2f62498a88401f3b82ce5a94,4,5,1
c268faae84283868985823042e4ffb40,5,1,4
9b8ac5a3f09f1af11380aa4451dc2ac4,3,5,2
dab23a46abb860b6b4816df41eacd610,5,5,0
5546e31c47b50234b9ac599f2f8c0061,5,5,0
21c24f8f2452ec20a5184abfb269c35e,4,5,1
f73f8b967be6b99c1a6aa84ace884e28,5,5,0
f6059478a309e15a15a6addd6587a0df,5,1,4
46efc03bc3416ac275de77fe13f28f69,5,5,0
a6e8ad5db31e71f5f12671af561acb4a,4,5,1
91cad3260fc3d7cb677fe27010618ab1,5,3,2
935c71d5c924d23711a40367cb43913c,5,1,4
f2662c10f76b66a3a807be48f94dfd66,3,1,2
9fc913ded51851d30a7ee9413e77d3c9,2,5,3
8d5a48899e1fc850ea09b99a03b0e88f,3,5,2
8cb4af66a9f35f0578f7fe7f325bb06b,1,5,4
e327b0b5a08cf398b21ebfd6a36b38c8,5,5,0
110fb617059394261537548c8124ee1e,4,5,1
458fdcdd7b5c74dce496d897a5a974df,5,3,2
a373ffc34c4613f5136ec29b5af247e4,5,5,0
67a3664e806dcb942fb6d07d36c9ff8d,1,5,4
fbb4b099937e8d62bcf20d31634fa166,5,3,2
520ea64853a832e3e2fe0ff5d6f44667,2,5,3
7b6d60ef9f4bea8469da80168c894820,3,5,2
a9424f275ec54b45085e8b3fdf21361d,1,5,4
2f88d9783a99fde6b8a2d5d325549fc5,5,5,0
b4e819d2c22097406ce41f19df19d9a1,4,3,1
33401c04efca8f6e33ee1cc1eaa8e32a,5,5,0
6b87336da12a7508327bfe1c03855707,5,5,0
063f19fae1eadbb92dc30d00b7cc870c,2,5,3
bd6c3e07e22039cf9560d3369ea396ee,4,5,1
5c6684343f4ff2229622ce4745a49788,5,1,4
dcb97cff5ad47d9a584ac61d5b857f41,5,1,4
9244b03b112570e6f798f37c7eafe1a6,5,5,0
9c78e72b5160190f45195d6ecf7875dc,1,5,4
0616b1a248556f0f4c5aea97beb0729a,5,5,0
7cd9df8c03efcd7abf1f9d7156b392d5,5,5,0
0cc7bb57999d251da473822051388086,5,5,0
191613fb4f2b5148a83470f7332551b8,5,5,0
ccbffb63e772cd3ec727b371925c25e1,5,5,0
314fe43380ae463c4b91647e819997b2,3,5,2
07b1810af93ee79a38977779e7a410d0,3,4,1
dfd392778e7a38df71de5abb039ed533,2,1,1
87999cc2deff757e5f5db42eb840675f,4,5,1
0e1ab5408ec0c9ece6adcbb661b3a901,3,4,1
7a70b827ebc6ab85bd4e28739619bb2d,5,1,4
48ea816d75222e26e37782d2ebe2ea5b,1,1,0
2372d0c3ea71f023b269f1c1ba34f675,5,1,4
7f3ad8f12fb1f6bf1858c175fcd4ab79,5,5,0
f13789f42f165f45674bdfb75866ce1b,5,5,0
abd273cdcd250f53a125d77e6798e0d1,5,4,1
e8b796d802e4323ebd1f364b69141f60,5,5,0
0eb9e3204a220fb573180f4e6cd1c63a,5,5,0
f74730419f6f2508e020bfb728606058,5,5,0
05434c77e67f2531d6b5a6c5f8bce535,5,5,0
204438d765af0adaf4edd282a01c735e,1,5,4
677d63db4ed19c9c72226586219f5932,5,4,1
e56707e3091b56e19c6234125fc87943,5,5,0
5665e01f621cbdf9ff6883af3cb818e6,5,4,1
4471fc5ecfbb3b7fec1044fc6e6f6851,5,3,2
0752235c99010e0a475e14cebb1baf81,5,4,1
fcafda6e35d67d0f529ae71fa9af530a,5,5,0
bad054a64079f59dc3bc7519fe1f7b9f,4,4,0
0ed1446f58635d09909c65b72da38267,3,5,2
4dca136c559e9ca40b91dd500cd05ecf,1,1,0
336efd31419787f0000881576b3b0f0a,4,5,1
152575943eb3ac19455e0e1a13e3d1cb,4,4,0
e7daaee877792db6b869745a7bcca11d,5,5,0
d5ef6a5136e7304fb5d70dbd4cfd3054,5,4,1
fe6e968e3b98fa04e72cc16d58b9c498,5,4,1
324213c21d2577b17bca52fb418cce03,5,5,0
d3b0d8353eadc4ba7ff0b60f87949a02,4,5,1
ad9281842627509a55b3ec05be4588a2,5,5,0
1788d3cfde665564a327c52dd1bcb7c3,5,5,0
f97b2bdfbaca9c2f04722d8cbc8cc8a5,1,1,0
a6739d71ac53122c06071dad1d765a49,5,4,1
d888f4591d9dd27281a58331a6a9db93,5,4,1
58df776da444438e064d1e4910f8be87,5,5,0
f060d1eeb07c0294f897df1ff19d4b99,5,5,0
c5a2f330a53172144cc43fba697c2e8f,4,1,3
8252bcfa635686ea7a735c795dea38ab,4,1,3
54d4c91139989884004cead3291a4a32,5,5,0
c6d6debf53b012b5b280530352c67792,5,5,0
f0ef4a7e953d49418b658852e46ae239,5,5,0
a1310bb1b602cdcd8aeec03a52c4a286,4,5,1
456f9f06a58b9d22e98d54aeae391575,5,5,0
58862b6204545c832643872387966329,4,1,3
cb6e441ff2ef574ce08d3709426f88ec,5,5,0
fd22e91229997472d843aed4e2be8965,5,5,0
a3806645f130f5c3caad4397ca9dfc56,5,5,0
1b34ffce967c05f131db610cabde984f,5,5,0
be9b657bc6db0ce7ee053472ae3e3fb6,5,5,0
97bdf6b97499737a72115988c76e1111,4,1,3
56aa3b6b2c30314ee80914fea9543573,5,5,0
693f8bb47e6135ecad76616fa2596a05,4,1,3
b1b7d5ed61bf1eddfc24d53ce60f4f71,5,5,0
691688405bcee3ff9023639514498962,5,5,0
fb7df543b6622d01dba2c9340a23bb30,5,1,4
91681be83015c5760383644518e80ec6,2,5,3
8b83908fdb598db143e4b00e8dac9036,5,1,4
9d933ce196b732edb1fdfe89094d4ddd,5,4,1
18479ed06f428cd8d50702b4decdae1b,3,4,1
5938114522194bd566d9f5a5cd9dcb88,4,5,1
3a5c53b7345f82b31c0d656d63f3b8fb,4,5,1
4871768fbfa49644fd5a92cffa201556,4,1,3
c97b6271a445cec849420383547b34da,5,5,0
ba5fa5d6fe39ade3049fcbc2966fc82c,5,5,0
7e90eaf88da7fea3fb251e0979bfc22a,5,2,3
f9e6499752da6fc8ae3b440055370d8f,5,3,2
7cf01fbc143d74367eedc9b9f8fbf437,3,4,1
652dd239023471248957a1a2d5173b60,5,4,1
df0036e685fb491dbb08531f082ddbb6,5,5,0
984e03738ab50cbe683fc484c809d5ba,5,4,1
782af21dd678b879fae4f0f0d80bfda9,4,5,1
2c08b1748cfbf8372658ca7f40ce82a7,4,5,1
191d075b61db3a892fde83330d82d7c6,5,5,0
c82a457d646f77c8f151e12a3e517ed2,5,5,0
391cd3f7e6052e7827a66f333705099b,4,2,2
88fb1f364095174f013123c8a3781c31,1,5,4
445e644ce100ddf209bc9fd616d882ae,5,5,0
7e8756804954a036bc7bba08ceade465,5,2,3
b2287ec8635a3c45b2c14d7b10cb1a69,5,5,0
7e7280eb49c876dcbe8be5aaafcf4f15,5,3,2
0a06917fb1c4d93dddc71d9ca7dd8790,5,3,2
c00716d35eb52dd20ebf014740db8d26,5,5,0
06f66faa834248ccd67fa52058285d27,4,5,1
60e04ef7b695b4d6bae420059a317028,5,4,1
11a651b87a97dc13026b8c8e7ea5c47a,4,5,1
57bc74eb1e10edbb55d22d71b35d9b72,5,2,3
990791b9237f52581d0a924b447c6fdf,5,1,4
e03725cff8fd740ded5d95a3193c3696,5,5,0
55ece185ce1172927bae2507bf48cff8,5,5,0
5c097b2906957e90e5958008194041ba,5,5,0
63906fe0b5159737edaca79de6b80fc1,5,1,4
2f051c48f79c5d8bd789e2f51f24700e,3,5,2
2cd8dc22010a36c69e3fba6aa751182f,5,3,2
136d768d679a4fc7902e10fc81af17fc,5,4,1
b1a8f9e83e8f8ebbd4393a2d846f9a8f,4,4,0
5bf626cfef41ba2207e9c4ac9b380a64,5,5,0
78e503838fe18fbfd57a901cbddd1769,5,5,0
7cc6b9b998cb009fe458744cc5ba5f54,4,4,0
e2d77a0d9b0d31ca58de237b8d9dcdbf,4,5,1
bd9437912c7f33aee54e576b86b3a276,1,5,4
b0fc31a7c51a6ab32e3d9c79a9e88432,4,5,1
17be127e33c5c47d99de1dd43f35c951,5,5,0
b24235bd2ebf1a14887ec351288351d7,1,5,4
b919d851cfb225ed3aaad31f248ed88f,5,4,1
e1d3f67ea81edae5f2975c2adb668b80,3,1,2
20a0f3d89273ba4b9525ba497e2821e8,4,5,1
b153668d9576aeae5c424bf7b125eea2,4,3,1
99835a9f07d63f83120175303229a57e,5,5,0
72e879557ec303f7f0e457cac42648c1,1,5,4
6887171d65ab796e9a2d44e6d5c1c097,4,5,1
f912318b97b5cc776cbcd05bc2b4dee5,5,5,0
db10e5b34779ebe39e1bc929469eb841,1,5,4
928c5b1abd62c91a35df8614b271d05e,5,4,1
80b2c8fbc0b161d23711d7829e54c6b2,5,5,0
7cb0462fe3de278ba58f5ae3e6bdac4d,1,3,2
2adcc6d21c5ae646d76e2a62e1388eb4,5,3,2
c277dea251cfd74bf121060769a7135a,5,5,0
5eff879c2f04b5e1f7e9c72ae229f074,5,3,2
ec5865f7945e691793bc68e066c837fc,5,5,0
fcfb164cd88eaf05a44e1cb84c5153e6,4,3,1
eeb725ce8cdcde856d5b39ca2ce110b6,4,4,0
6f7e43972ed0a7fdbf29edf7cde6d2ad,5,5,0
b2dbaba892cce2aa2c6ddc4772a27cd3,5,5,0
33a07fed56477fe605818442871aa9bd,4,5,1
db13164f731aed80a46ac81466df051d,5,5,0
443461fcb984bb8a76e4a9eae02a9898,4,5,1
728795566669c2f36ab5118fcde3af33,5,5,0
a006aaefd88b5bb6c7ddcecc74916db3,5,5,0
d68393f8b33cd22df7d78832c2761013,5,5,0
8d3e2758268f6374b2402769a37c6905,5,5,0
368df49737936bddc9d47a700a1920b9,1,5,4
35326cf9d55498696560de9c17be2511,5,5,0
4c612311c4c424c8ccf682de9b443659,4,4,0
a03ac1d748cc1533566bf2c8199159d4,1,5,4
af89a9009bc9e17652f71301d4065a35,5,5,0
5eaef5e183ecba93ec5bbfac367d0781,5,4,1
06a398a5e672222b10f098541b70da76,5,4,1
6ed7913722200b05e7d5df38f1ee777e,1,5,4
946f3e7b0d6366f4485b948f11d01ee5,3,1,2
7f88683c8e73da556d652a823d4050f4,5,3,2
39fb9eb02a98a9626044cb0cb46ae0fa,4,5,1
bc1b0a5ec1ab0ef72c28325275a2f908,2,4,2
024a74550cdbd36c0fe3955fc9e2bcf0,4,5,1
ac21bec6ae437954a28c4db16dd5737f,5,5,0
1f039c377ad805f38658f64f2102c992,5,1,4
4a23fbea65fe9c7d1163141340436ca0,5,1,4
f5bce854828285b05f16143027a664c6,5,5,0
f66b8bf378bdd2acca8604ef27039f1f,5,5,0
00b2d2f2b5f7b98e6b1828764660134e,4,5,1
3d0bb712c6a8ebe6bda01b3bdf6f331b,4,5,1
aa523156b5162b36d717c11ab1d48509,5,5,0
1d54af1bf3179b54f046212de28f8bc7,5,4,1
440a666da55232dbd02bb270c7ac7d8c,5,5,0
eea28d6b80e09bfb00dc1f0640d2de47,4,2,2
ac7b697f61f36bfa2a98f18e8c065875,5,4,1
852249023f7a3d3154837ef058c3aed2,4,4,0
226e0396e8ace4776eaf471b2d6abf89,4,3,1
9a316a6a199c61a2a5d4204f49c22f52,5,5,0
dde52e7aadf2e606b4c1b0effe1950bd,5,5,0
83d7b724f28ef0f880eea4d34980fce6,5,5,0
728def86ce88492592386a5e4a990e04,5,5,0
787590b924b0ef0a1da6164beb46a05d,3,5,2
9e0d565b6426f0ec14ee6e1be3047f8d,5,5,0
1221112b1c9563dc03d5a32b6078a962,2,5,3
300e12a84758b5aa3c990863afafa9d9,5,4,1
a33704402f555e9de8c53d4a0046a656,5,1,4
96769985957712690cadddb661db2bd3,5,5,0
d18615ef0019feab117532f76cb5953c,5,1,4
deaad56e4aacebfa4f49a54a97420651,5,4,1
6e529c2d797e42723921291678213b8e,4,5,1
7736e9fe1d1c7d942e10ec7e57e94bbc,4,5,1
7796f39e1b16dacb03e333547d3c2252,5,2,3
72652c482c51119a0a338edba23e0027,2,5,3
f66098258f2a0ec8b2836377097fd48a,5,5,0
e2b6ff8b7152f1c7bf320b17088bf731,5,5,0
35133d30b32f389949394cf5ce8ab03e,4,5,1
1a57b61de931e82f09abf18a41271ac0,1,4,3
4a1b2eddbc026752feeb5bdc37943b0d,3,5,2
4924d4064306a4b2cde5a264e106de11,4,5,1
35baa1b2a801b5181147ad7c02723d9d,5,1,4
de3cdd1c001e44ba7eeeb0d4813c9bad,4,4,0
cd94df7a0a839741782e115e9cb997fe,5,5,0
4590ff46dd75f5b7ca1c5a8a3f1b1b5f,5,4,1
5d01a533e7f1331b73d8ff83450b5944,5,1,4
78e2e121092766f1dd16d8570944bca0,5,1,4
75ff5ef357ea667a4852b346c50f656e,5,1,4
fe35e99a6a5d4d036bf8167d364e0792,5,1,4
7ed980a67023306cce5ada7078003bc6,5,5,0
ebd7301e0367440d3ea0fbe1ff784639,4,5,1
ccfba4fa3ba74e9052582349a558b474,5,5,0
f644bc7cdc4cf0854f50017d5ccfff50,5,5,0
a61dfe4c73cb6f1fa1280f905a13e26b,5,5,0
8a815ef04af4a8e91fd908912074ac5c,5,5,0
18b33f2430f136a8deba8893596a53da,5,1,4
95811675a89b66659996da5285a021db,5,4,1
2b57c696ecd14a037a58743e71c2bd39,4,1,3
c11d8a6bf50d7ce1fc92fd3844526e25,4,1,3
3c93a4cc9ca8a3e1148b82d0425be9c4,1,5,4
8b45f2717caaaa9636af55943f235b33,4,4,0
9c64b3536fb98572dd79bdaaab529f2f,4,1,3
7b224eec76af59d82b7cc8a830c70f93,5,4,1
4da0d9f0eabbf66ac32280431ed7c6ce,5,4,1
3eff384842f72b3a75f3f8a4b97fdd44,4,2,2
86674ccaee19790309333210917b2c7d,5,5,0
872b389aca385c49caa8cd43469f684f,5,1,4
44d2ec7f124befc9d02cd313f1af14c5,5,5,0
f3e7c359154d965827355f39d6b1fdac,5,5,0
3ec5435a1c3bff282e994441ee5ee69d,5,5,0
d691a7cd6c98cdda10a6861436c2f000,4,5,1
b777b7d618ee48ec7cf64aeb188e9da5,5,5,0
6458722841a6fe2a74274bf02583f105,5,4,1
4d2338eddcfe008a2d27270cfa679887,4,5,1
481fc532b3f80d9dea57e91dbbcf7119,5,4,1
2421e957dc390d2f987c986a1683a757,5,1,4
07b4f186d84795c78fcd70a18b36c256,3,5,2
bd0d8e38394d7cb075e6c93b3ebe1180,5,5,0
f57b38cc7b69f8d5e9b3d61c9745fbf0,5,5,0
82ff712171b40c35233edbee68ab03e5,5,5,0
b5930ca6b3a52bd7169cffa2a4b8a83e,2,3,1
3cc3880ee6731dbeea8ec3d2d9f5b24a,5,5,0
93f1a4071d3c96b7aa72f3fa4d5be36b,5,5,0
f99b507d95cd5bfaee408ab6cd51070d,4,5,1
205fc1dde4304cae4a504a6fa594a318,4,4,0
30b2ad103e6982881929c367f930ab29,5,5,0
e1fa2787ce8e0bf4ddf128a263acad6c,5,4,1
fd95c34a9c3218bafb1835cf55a5ae74,5,5,0
9190e04b74994426c12aaf9723f5d959,5,5,0
8d6f70397db05604f0f4ccca7e376f12,1,5,4
84e18dccfd5aad7f91ef778c2aa0b959,4,5,1
b5b9c285b121f832e405d1de17e9db46,5,4,1
7b9783133bb4a92b0c131b1b4f7657ea,5,5,0
ad44a0bda2bbb5a18a19f298832cd566,5,5,0
b2c1d65b858a8658622354076fafbd0c,4,1,3
37d93a1b01875ccff7ffb170b763b796,5,5,0
3742355faff03505219c427b01919e0b,5,4,1
909fe8229847328fa7b5fa59b253ba25,4,5,1
6883451a6880e8f0879d89b14f32d543,4,2,2
494f99ef42110a8d40dc585b177f2151,5,5,0
a0d0610703403a3ae85d5777c8c5897a,5,5,0
6e25a89b2b006e7da0ff978bdcfe66db,2,1,1
ed4116f3f55e67e9a26b9f1891ba2497,3,1,2
02640665fed0e2c2cdbe0f266a2aa1f2,5,4,1
830c7606efcb798e1bacdc56247dc134,5,2,3
0850d4915a0e1d284feb7aeee9f88573,5,5,0
ec911d04a46236b0d41d79ac7cf73376,5,5,0
48b4f1f96d5ae13b404fe7d041a8d393,5,4,1
b904f1d4eae5c3b0b494496e96606528,5,5,0
30e934394c047a409bb861a9ecbcff43,5,5,0
c7ab4f518d1a47c3f78768c41c887d1b,5,5,0
fa6d52aa0f15a0a03c1f945a1d0f996f,4,5,1
86c94a0d5411b58234ceb4ddda0ee6c1,5,5,0
b86f93410aa7fe320e029d576bf7bb71,5,5,0
6d9da1dcc8d05c588e4ea617d0fe9465,4,5,1
737d1628b4fc7ee47b3380c9f1f41991,1,5,4
8b1f6556b4b14ed4fb238e3a2128c592,3,5,2
a1304e530c9b94c0ad55e2229b689318,5,4,1
c9b08bd33d449366d3b89454a3071b98,4,1,3
10f809105e097213525169c1cba5c5cd,5,5,0
b56da4f6ba2b34016327152e136fe19f,5,5,0
e804510d7bf65ec23803813f9bc9dc15,5,1,4
55f7d464556078e4c8b4fdf028feedc4,3,5,2
d75367da6a5ef6a395dd2657abee2602,5,4,1
5ce9fc801207a16522d494fcdc8e9dd6,5,5,0
96ba3ccac6dfb6a6610178fd893a3f3f,1,5,4
70ad6ae02662d3ca73fa87d6985a4f65,4,5,1
1771533c98cbd8fe683df971648dc2cf,5,5,0
86f1238d241a48cdbedf1a46d8532ded,4,1,3
b7b4b4fa31e517b9af7706d637d3de1b,2,1,1
ab30819331b8ee6115370bcfa01a8350,5,1,4
9490f95bd06a2f4597126939a670b02e,5,5,0
2db03cab424d6d9008c2dce7d6757ef1,4,4,0
39847297a2eb4f18d407cb1fa8a06867,5,5,0
19c6408c8c146a18e4fa634340aa5685,5,5,0
83e57ebcbcf567c776aeb9c96f9181f3,5,5,0
ded23cb7c51665ec4015e629297ebaea,5,4,1
437421f669044dcf1e3e323bb715cab8,5,4,1
935c598f148a1706f87758194986b467,5,5,0
330e3148093b448657312bcab034f769,3,5,2
fbfb14bfcbaabcc1473524656c76a4cb,5,1,4
8c3dc89e0f3cb3d2ba28bd9559109b84,5,5,0
e0e0ed26ffcd10565fb073f96045d4f1,4,5,1
ded176f58e62a0b64346e4aed245ccd1,5,5,0
7b4405df446ea40525ecd10212e28f2a,5,5,0
b233cccf8622f1f4fea0bb355b1488ee,4,5,1
848cde78cd7e1fb3095502b79217a7ce,4,1,3
b81a6b90b7a473ecb855ee9f4a881032,5,5,0
7d666b83ead768ecbc15773ef8ef6c42,5,5,0
4bbdafbc757c7f5a88e6fea3d982fe90,5,5,0
0e578caa492e82502cbc4abe275042a2,4,5,1
4dd08fa7dea495346c25580cf491fd79,5,5,0
02333096645cf1743050acd043b76e69,5,5,0
c8627adf430caff83161acbeb344d8f5,5,5,0
21d7cc8e7e9305ef7b30554a2227493d,2,5,3
bb2d7e3141540afc268df7ef6580fc75,3,1,2
0420da8d50a3784011290a782f25a8a8,5,5,0
6c20aa516c6c94293fe199a1a90cd907,5,5,0
591288ee2b6ee99477e22218020308ff,4,4,0
61e2fb8e77d1f20f7f3ace7ca3a7133f,5,1,4
92d1957925a4ee51cc53c8155c41ba02,5,2,3
18709eaac22345a27e1027cd4900b554,1,5,4
ece7d8cc8bbc318394b23ef60d9e3c10,5,1,4
2130eb96d3ca108910e9afd32f4c7656,5,5,0
3e5851bac5137487999e438e2986af8e,5,3,2
6c6ad994709e497d8bbc043b3d9884ba,5,5,0
17635bd7488306e5da70e0c945e5fe83,5,5,0
5f4ca60a3374aa89fd1ceeb0431c0c80,5,5,0
1cc2d3a2d530f28cabf220dad2b59b55,4,1,3
fdf8f05467e28901dbd88f446effd6d9,5,5,0
6d098fe9c328d8dbe615f82bf930ee93,5,5,0
67d06af97696c95df2bb26acf82db637,3,5,2
6e57e23ecac1ae881286657694444267,3,1,2
becc93b30e0f67e640b3a43ef08f396d,2,5,3
2155f2ca8e14d8b4136fdc215fb53bb7,5,5,0
9b7e94b15ccd427e75e425bd24133b2b,1,5,4
9cc9e5aaad2fee99a6ba423fed688178,4,5,1
d75ef81f53c32c4f5857799a077a609f,5,5,0
0d73da8896404cedc9b3a6e25e6d94b6,4,5,1
e73fe43cdcd166f7f0c6e3c2bf11a917,5,5,0
c4a813b981516ec9f56994ad042d9fbd,5,5,0
33ca9b7ba09adaea52b480057b74611c,5,5,0
a90e65884b5ddd672fa889ed85cdf79f,4,5,1
fe52796ecc672e9bd061049987e19829,5,5,0
e1f0086d7b409eb76308869bdd4e39b5,4,5,1
459bf040bdb67f151841bbf50f9b10e8,1,5,4
ebb5b8275a6a365d1243d225386bf299,5,5,0
7e225c7be8d238e6c940f116d7583a13,4,4,0
accddd3ce343b9c4a7ad6d49ecc3c3d2,5,5,0
011724d1afbd91844302627f79a66800,5,5,0
0cf4406688aab4ea5593cc48304e8887,5,5,0
34c18a8b5a4a469bd30549f852d97e32,5,1,4
0804701eb9f74ec349c0b1dce5a83df7,5,5,0
e8b6b776c3fea4d15b0334a28cdf79d1,5,5,0
bdcf9c2f3ef0c55dc1273dd2c507b0f8,5,4,1
cf236022e4e2a6dd53ae41f8c87ea653,5,4,1
b36d2e6b1781d380e140608a4e831277,4,1,3
9bcd315f2d8687500366d9b2fb0e8add,5,5,0
1b2d35912f9c5a605c93adf4b3b74839,4,5,1
58af2a09b442a8b28f672e56ad7154b5,4,5,1
6fa0c125ee7d870f6602c97e33d87bc5,4,3,1
73925631ba33c322f310fa0a01283e76,5,4,1
07a394899e1b5de598df8ff3ea5edf37,5,5,0
c0cf146482b7d822885b26755491195b,5,5,0
428964e746cbd974ac94be994a5c17c6,5,4,1
c23118f80a11f1fe5147253748fc761e,5,5,0
bef91d8b2fdc7104c272e688abb17c4f,4,1,3
8b5a4b2799bee31ca06187259aea4da5,5,5,0
bbc45552d5a935c8786792578b3828b2,5,5,0
3aa23de969cd056c809332fb45ca17fd,5,5,0
aa31e416f67318939922854f9af2b087,5,5,0
4f75714930281cf2a8b983e0dd8a3fde,5,5,0
41139489fb8433d34419f648aa690815,5,5,0
8a5fc33c79bf3f4d9bbcc3dceb6b67c4,5,4,1
8c7743df5e89b7178ace0e9b7afe5208,4,5,1
793e4123530e5d56e9ac29206774799e,4,5,1
c9c9e0b5e174e13426bc9daf1372bcef,5,5,0
90e3ed5bc7c3104c5d7012e809f4b399,5,4,1
7711d25c50cf5322589706aaf0458117,5,5,0
b89b697cf1384ba59f3ce56bc8d28cc6,5,1,4
c577af5e9d5dbecf0ac65ff28cb8ad45,1,1,0
d4bec1a24c97bd17be18d77297a0f6a0,2,1,1
079c9f53e6c3253320db701a645b0b9a,5,5,0
aaa7c75bbfad7c018b58b3e3ce3921ec,1,4,3
d74d2985a4c187334dc59722076a2e5f,4,1,3
94cf59885365bee1e40724968aa2f524,5,5,0
6dcf0aeb8b1eb4021c26e1d0e9394979,1,5,4
9f13927ccc18f46d4775442f5bda0459,5,1,4
2fcfccb19cbdf5fdd494de049ac1911e,5,5,0
4387477eec4b3c89b39f3f454940d059,4,1,3
b313e45e823639cb00b2bbeca8ea7aa6,4,4,0
d0fcb0e64631dcf3a108b1837a69d9a5,4,5,1
fa363ceded15b46744459dd87ba1e281,4,5,1
e1410714b40ecb7735ebc3f823d60745,4,5,1
b07d2a68cc3e97e707eb42d213983c66,5,5,0
01405161cfdf60dd80df1f393a2796d5,3,5,2
6a905c93dd651967766fa3a1a7389361,5,5,0
b94ed56e7cf14b4a7e4b2deb37eb7344,5,4,1
a71b8771c97d895f5a8240e4a24597dc,4,1,3
8c1e23dce3f7db336aaa4426df2228d6,5,5,0
84ddfd4c559558c53b5a4c6765e49be8,1,5,4
255cca206db1e20caf7179aeea4bf212,4,5,1
90bd52654dd4d9b5601a908e69f98659,5,1,4
141f547cc0f5d65f5eb35f3bcc632818,1,5,4
4444b24c6acad48b8f3f43a18205cff8,5,5,0
fda1b1848274ffb1bd6f0e53da874592,4,3,1
c8e84603674d71b14595773f1374773d,1,5,4
1e61c2d93012f7a32fe86de9bafc3a1f,4,5,1
4cf225bc6f9bf421b97987161b23cc57,4,4,0
1f45a28586a90ea15a58abe89e405d46,5,5,0
2babe10ce6bcb68b1e3bd35e24424466,4,4,0
0faf27f68362829970b17e9b0989b20d,5,5,0
422643519f1061cfc8efcb75a97f87c6,5,5,0
6158f79edb10532c75937acb0a0e567d,5,3,2
7e03ea2749db964d64386d5ba76cad36,5,4,1
2d8c6a0636c9a72f13e97543097ed1cf,4,4,0
663f5bad78ee236c44c5f31fc8c280cd,4,1,3
773b2db33c7a199314137bed5c5a25a7,1,5,4
8db9d36f54086daa6e0757d6806cca07,5,3,2
1314746d24fc84d41f49777b0ad90c69,3,5,2
07b1682544dc5cbc0eb87fb56e1374b5,5,5,0
a9e8723ce1d27e389ff1e5ef7a71502b,5,3,2
47650b179fe1eb21e4f09dee5fc8305b,3,1,2
16388d0b6852174384f06c9f1509d10c,5,5,0
c64f7f0d99ba9d06966f9bfe36e564ee,3,5,2
6d0940a8f5fba47562bb14cd97dfd6da,1,5,4
a936e40021223b8e7b47aa43a74bf5d2,5,5,0
462713cbc1abe1d91797604551133abf,5,2,3
2d7fab68acf33daf2ba5fc66a9435377,4,5,1
ee24cd508ad57fcffb82c94f9839b7cb,5,5,0
a2f7326351628f773f83d542a9da6851,5,3,2
ae68c99e963e1694453bacc5db91513d,5,5,0
42120fdf9e2fb1cf82882ebca7e86db6,5,5,0
c04bd0a98a1ddaf5a3899c6065bd8e9b,5,3,2
8ad3ff8de0c9473f99616e4dd7bfe7fb,5,5,0
9857b5a9423566b75667ef0fb926bd5b,5,4,1
7af34335adbe8e29fa3ef500f9f2c270,3,5,2
21a4664de3039c3f5b8bc3701c87a1fe,5,1,4
73f1e1ca4cf1bf1290b466cec4ce767e,5,5,0
0d221dabf9051681797df7bba5701cb6,4,4,0
ba4cf91b35e26a694108bfd8eebb2cec,5,5,0
3220cd63fe43f4d8ec90a2f1a2925714,4,3,1
aa964845f1de8125410aea8b73e9e1ec,5,4,1
1f612bff4d56e027d312b7e884ed03b1,5,5,0
3255bbc82834f5babe538cf6d868e831,5,4,1
1014139cb79293614f86603cc2c0b2f5,5,5,0
bbf2cbe3fa966e8988c2ff247b7a3330,5,1,4
94da085d2799047c766f7df765931c49,4,5,1
6417f67a71244b412018b626fcb084ee,4,1,3
09b9364d966593e51c1edead847fd220,1,1,0
291581a794f0e6ee707314d0a2cbc1c7,5,5,0
6be749c0e984143242faa174d084889f,5,4,1
477749bcfe4bc5261ca38dd7fad8859b,3,1,2
05f44408d29a64126c4abc87d2b2b038,4,5,1
e9dba6bfcfe93b3c8e6f4ab356cb90df,5,5,0
82aad85e20d52a3ebdf5d42b6352a1fa,4,5,1
06eed67b7a87cac349143f3319c2b9fe,4,1,3
8fd68b02e8630a663b13e18acec60712,5,5,0
ac4cac02127ebb55852c9b87cf67d58d,5,4,1
2c6a443a179d58ca22cbb911e1aec4fb,5,5,0
4b30d547305dc914c94aaef8f842ebc2,5,4,1
27ba5b776eb297cc91015bae7bce34d0,5,5,0
e8fba7de8823194ccf9c1f2d52123bee,4,5,1
1dfe6a690d7897fc421a5bd2529b7f47,5,4,1
17e8552f435a2ecca2d7a06c1e7fd085,5,1,4
cf3da3c7f3915ee38eb71471c6aac434,5,5,0
c5a2bd922645770b148755d89a577853,1,1,0
2af130bb551b499de50516b1cd687d0c,5,5,0
bd6a23b926eaaee84f90244b9bcb12ac,3,4,1
f3e4e1953308df0b913ac8edce084e08,5,3,2
aa1849549928a6c6d3f8b27f1bcf3a22,5,5,0
d3754c7e1266c698c42df6695994328d,5,1,4
74d9e9683c40581c6efb5d3ef994c902,1,5,4
73a8ed1078e1d475d2b1fb7216a52e1a,1,5,4
27caeec16809f9eba603825998e884a0,5,4,1
9c044ffd93c708557b82ad51947070b6,5,5,0
1f3c5d4d3ca0267099a4c67b2cb29bd1,5,3,2
4bb2ee0b9741faceac3deb03a2e53fa6,5,1,4
505fc168ab839b442d590113f07ce67f,4,4,0
2d89599c5c8a739bf6d061f82bd09032,5,5,0
eff7518af43b9c489aefc02f5957f330,3,5,2
c38e0a7ecb6d609cc307eb449dbdc4de,3,5,2
accd923380006cc7eb4df308538f9cfd,4,1,3
2b9f8967c6489ea04357a9fc58740ae5,3,1,2
10475e2c60a553298676870162a6bed5,5,3,2
035a721e5bfc1bc3f4e1ba0d7923cc84,5,5,0
ad635e6771f7a11f6ebac2e8a4260bf9,5,5,0
bfdc35e6060f9b6cd2227b660dfc3b70,5,5,0
b575e62716d36f28049cdafc28bd9d99,3,5,2
0452166f3b0d8e378179ecea1efdfe05,5,5,0
384305b9cfec8a62f309b5e5cac920bc,4,5,1
cc18507fa6f7e2becd46712b03d1f51c,5,5,0
587e32dd528769d669d539531d32aeb5,1,1,0
a35f08311f3c3ceb67be9ff5c1828886,5,4,1
b198ccd6b70f2462922861e8c5a571cf,5,1,4
da9f86485be515d23d10033bdfe2f8ad,5,5,0
96329094267555553b0fec10591cc3b0,5,5,0
b66f62c3c5b15126deea5d6bb1d75889,3,5,2
a77696c7b42da1121205a92ddae7b5c7,3,5,2
00ab3a43bda739029ffce95d3b2fb56c,5,5,0
64ae773be04783279d6b0763dc3cfcba,5,5,0
818fffaae89ab44e0f2254ab0a2b560d,3,4,1
ffdd767d77c3322d78b286b6e8ecaf15,5,5,0
97d3870e43e40f4dcac70eec95a6b146,5,4,1
932ec6d82ea79bd299298072b7da0fde,4,4,0
862ec83f2ebeb547ccece5ad0f8d6332,1,3,2
10b4216867b2f0551badfa193a48c213,4,3,1
816d7f5c23756d3a5757a2b8364424c7,4,5,1
441c5a5da055ac9043e37bc8b976654f,4,1,3
086f617d66181efa193629791e0a9076,4,1,3
19306838a9d7a11a82ea7656dbd2f151,5,5,0
aa258c22c28dfa03522e7997c426e627,1,5,4
9ce4398b070b04730a8cabbd1680a567,4,3,1
e9965bb148ec7e8cb64c20b78218adf3,4,5,1
3915c06b1483016c7d41dc705c1b0090,5,1,4
fa77901ba32818c037de356056fd2a6d,5,4,1
06743668e599a5ca8cfe58b46d058fc1,5,4,1
3aba44d8e554ab4bb8c09f6f78032ca8,5,5,0
ec533ae9aa5bd7c370f7da7f9dbd6f64,1,5,4
88a82da4cb2eb4723c9965285fe826c9,4,1,3
4fc279d715281e5ccd53567d959643ea,4,5,1
615ae1b88a25a4ac47fbf55c9c847b6e,1,5,4
cfa5771f3bebddd9dac8172a9305b820,5,5,0
f9ccaff7267fd0cf076e795b1fae8b69,4,2,2
2b870c394b01b5819a2df099f224b1cf,3,1,2
0858bbf6d922af574797281c8df8de5c,5,5,0
4d258227c281c143610f791ad313e0e7,5,5,0
304a4fbceef32e618552f501e27d5412,4,2,2
c7e5f8183f0f4c7cc783a31e32679e8b,5,5,0
1cb9066744dad3ef7abc18134fd8b4cd,5,5,0
e03178527556af2aeb2b29af558de49d,4,4,0
0478ce23b7b39ac01b3bbd39109b083a,5,5,0
edf2c3d6395a7bf3fb1f35a9e919a88a,5,1,4
3a17d23c43834584d26a5ac8f929898d,5,4,1
4454ffbb919a4763ae6aead697473b73,5,4,1
bd9224b27d07de203a835041550ad525,5,5,0
a5477627582780f6c347026e9c8ae0eb,2,1,1
44d48877c193df24fccfd55feefe7521,3,4,1
cea661692913da073bd99bb510849bdc,4,5,1
198f0c6f61edd39b202f7ca9091f1ece,5,1,4
8dbdb81783a3c754dc9441826510a36a,4,5,1
b8831de8421ce05d880cb13b8610f9c3,3,1,2
925610f1667e7ed61145120c16d91b86,5,5,0
ab34db6c283d8f91f11773a52711c317,5,5,0
7bf2864048f28a9341940c5f3b04c857,2,1,1
777f09795a87e5598924d1f7090deeb1,5,5,0
d338e94a703f4d7af1612be068a85bb6,5,5,0
d7140ab4028807186f9b84fe9f875506,5,5,0
68abcdb32d1d556523e070ecf312b7d4,1,5,4
4d9190887b47ff1b89c657c788c038f6,3,5,2
790cd37689193dca0d00d2feb6459164,3,5,2
4e6e19799199fdb9bc1439118a8de912,3,5,2
44de6d7b8fcd0cd8db38002f58d6c20d,5,1,4
8493710d4f0b7559f92171df102ea693,5,1,4
0373227125997244e6f59bd76e717abf,5,5,0
9971209651bda86ae11c4d218eb2bf7d,1,5,4
d7362aa5fe91fbcde99a34eb3f592a36,1,4,3
a8666b29dbc635b3a029b1ed84fa8df5,5,5,0
0dcfff35f1d2e0fb46301c92143663f9,5,5,0
93aafc0f972444ea0ad70d5d1f70f6c4,4,4,0
36e980f3cbdf9a14bd099f32b2e46ee7,5,4,1
8e0596076e4dd8dfc010e2cf60af9fab,5,4,1
5ce6115708c300fbcc79f7886d0163ec,4,1,3
abb32e3dfb9704d1e5b0c0b843218a4e,5,4,1
294b1c5de37c3a34f912d69702e42c67,5,5,0
cf2b1b5aa5205a5c2e895d05702ba9fd,4,5,1
702ec26902de328ad2830835af529b0b,5,1,4
9546aa638d07ac340a91c59b0b2dee96,5,5,0
a28814d7900a79b375c4f1aa2d2e1006,4,5,1
baf54302abe3b0c2c43c2b55b0212a01,5,5,0
bf294e9fc4071077ff5ffbeb803602fd,3,5,2
0ae310aba8893f64631cffc380d5db8b,2,5,3
6d7335413b5b9b123f6d4f6be3aaa69e,5,1,4
3c18b2ddaa9cdf16188ac0ca3ad8dee4,5,5,0
4587cee7619ccea5e9958dd64fe2db8e,4,5,1
fb4717856a1a4e0a10b9230a1f4b7e51,4,5,1
9f07fd1359b3011a31560b21a4eb1fc4,5,5,0
55205d82f3b72a235f58195bd491b1a9,4,3,1
41fd531c328f5d4a978b612a04dc576b,5,5,0
1a48f3d99685123b98d34bcb7337810f,4,5,1
4649c5e95df94c2a37938bed23879e64,1,1,0
a231037428b0d6c4288432191551c3e9,5,4,1
2b4ddcfd05002739cb1f110eda444800,5,5,0
5b46b8a8da766ab67735748a7d1542dd,4,5,1
650e96bb8f069e30f346534aa42860a7,5,5,0
64c8d713a96944349d954eb4bd62e6d5,1,3,2
361153d26935f66999c5164b09c19710,5,5,0
ccf2c1980921a53b885e2b75c8016ea0,4,5,1
66eb7d660558e315f693ce906b85e261,5,4,1
7a485479dbdf94502e471dbd3329a4e4,2,1,1
41cb41ef29a6cd8f633cac105998332f,4,4,0
3e5d9d4bd8c8fb94162c7aa9013240c9,5,5,0
4c2c1ba64cf96059fe8443c06557c0e1,5,4,1
d6c1ed12e8eeaa15e9d5c83c79598f85,5,5,0
5e8c030bf29e47b0ad1f3d21299793cf,5,5,0
63d6a91d52c3051f930506eccaf995ad,1,5,4
1b9d5d91c2a7afffb51beb03f162c6cd,4,4,0
8099510db9a578b9c9e341e0a4026d08,5,5,0
cf760ac414f55959d91e54756bb77fda,5,4,1
cba47f17b35cccac068f7f6cec4d99d7,1,5,4
8f3eedb2479ad51a98647779fce346a1,4,1,3
d64ce66e16fb6779823181c074822d99,5,1,4
8adf9a2797120df1f8a03e9407313a9d,4,1,3
0e96a13c8fd38b3cf8d5f8e30b7a7b8b,4,5,1
4ed418ef4e45eb8f9b22aee4366e9541,1,5,4
ca00c2ba5781124bd9493423de6d8862,4,1,3
d6006084ef6702485445b9f51feea594,5,5,0
6cfe2a252e18997b4a5b5a0a612e7a0d,1,5,4
bd971b573fb91b8be91c02b0fc251b98,5,5,0
397cda88cf14fa47dd00f8ce20346f25,4,5,1
f205f377ce93a394ec8b876eca520695,5,4,1
a4388d21a40d3fa0915cd15e2172eb45,5,1,4
4f7dbee2068ee41007872df9d2532dfa,1,5,4
8975fbf4f1c0f928f1bc657594b6097a,5,3,2
2829e7fdff89a6af03cb5de5348ecf3f,5,1,4
fd018a548150063127f7b24e9d3eae71,5,5,0
39e5c415b7b8caafaae7fd1a4b191087,4,5,1
3eb9ce2fdb2296e4f0e24e3b55792c3e,5,5,0
110a462b79593be68884297cc9a31b3f,5,5,0
b8dbf67f537e4897a9d5d6569fd7ea01,3,5,2
cf2b932d25c7f902faa52f469b89c1c2,5,5,0
2aee9216e013859db72c7eae0a7dadc1,2,5,3
c695330abad3cd98237dc4604401af7b,5,3,2
2dd1b3fcb05d15852bfc51a0a8405381,5,1,4
feb6795b3a5f345c10e8e4a7c6383130,5,5,0
0c99132c4ff916416ba8f74c378f1cbc,5,1,4
991dd93b0190239b4f3d41151e31d3ba,1,5,4
ddc3af0538e1279d548f8e4f6cbcc9de,5,1,4
f4929b75acb29f2ae641fdf4848b8ec2,1,3,2
0cd74b0dbfef5f1f8dbdcb3128f0dc51,4,4,0
69cb53f8c670d38d607fe3083b4fbbcd,5,5,0
ab348b95012031ab6a86594395ad47e1,4,5,1
4c405d4709e91c1a881d8e70a74d9dbe,3,5,2
7ce9dd1f5bc5528e790443458f027433,4,4,0
a400b16a97414ec974f5a6910c28dbe5,5,5,0
2b33526ad18e84975c07ed2d5e513b3c,5,5,0
2760fc9dd1ab8d8e9269d4d9f7ee48f6,5,5,0
c235bf02873c715d34d2036031d3b9c7,5,1,4
9c0ca649b4269a45a953747ae381d37c,5,4,1
e93a632da84685e95aea41808885e8ab,5,5,0
7d2fd74a17ae87c4bf3f882f55b81515,4,4,0
9723bfef225ffa02fcb1be4299e59f91,5,5,0
7a2a38e90310dcc099d87233c2dd2fbc,4,3,1
05f8021cf7217f1990addecad0e24b7a,4,5,1
5913c96e255e41e1a9ed2fff46dfc552,5,4,1
2b69497e8fa468b823a89798ed1a38f0,5,5,0
ebe0a2b49f09387ce9e38a8353ae7f27,3,5,2
f0913360b958b782d31d3d9f4a8c66f5,5,3,2
42e0016d4e9741a353d671930aa9f3d5,5,5,0
f7a398b95f66e7c87f14092ce7310927,5,5,0
5bacbd9f42bd029c3a296501224e193e,5,1,4
0e9a725e04f3fbc13f28d8f17c861013,4,5,1
cadd4c5765abf658117f2cc7e2a639c2,5,5,0
2365a103706753a90b96a806e02061bf,5,4,1
46578f80407b94504c78f7702292e789,2,4,2
aa6bd33ba1853d846d3085a88ae37083,5,5,0
3b8571d1b976c25db4b555a5f04b1968,1,4,3
028b18bcd128b49e2982741f83b78e77,5,5,0
be1170e8310ba4a85f3bac68de9f9acc,5,4,1
d032b5a19c78b60d1d65a567c274782d,5,5,0
0f44fd64ee902f504aefed510fbcb8e7,5,5,0
8717b95453a85a457f3f3cbe1aaa118a,5,4,1
f7f3b76959c6fadfb61d9c5474b885e7,1,3,2
a2f52e92cd1090e316f0f92c3615c179,4,5,1
3016d3537e78284991256efc878941ec,4,4,0
95be8cd93b77a78622e9a813b31cc0df,5,5,0
6640f4ae940f8fe977395633d7dd05f8,5,5,0
2a5c7850b48cf4e26405577d4d2e78e6,5,5,0
905f7a43f18905597465564ae6deb958,1,5,4
673af36c8b5395e5199820c02b42abe9,5,5,0
99db47a6842959e2064fb56a7b4c91e0,5,1,4
255e207e77964616c3c1ede4741a13fa,5,4,1
32c02fe039c39b0f5675fda43d532d9f,5,5,0
ddb4b2115723295bbe34444bbcb2c1d5,5,2,3
7a0256c1bbed2e05c3c312f6b89aba71,5,1,4
39fa02e23ac8857769bdcdd496180f7c,5,4,1
03d9d682de9c41158e00e17ee26d9070,5,5,0
2c3c322c51f8d1a0da8e2de75db68341,5,1,4
6e613acc622c3817004b1199230074ce,4,5,1
0c7ac4325ae837f28df12a94a51cf375,5,1,4
24299ef78eb1c1ba5e7288e3b1a90c85,4,1,3
65dd890ad9d1c2c3552f35e9e0bd6092,4,5,1
553117c04d1b4458cc519551e04cfd01,5,1,4
5b944386c869819d045c1388bb686124,4,5,1
8821146ecf8a1eb441aa052b371f1814,5,5,0
667f0b8cc6b5403505c451a200a9bd28,5,1,4
373e33407e16fe7b1ae7de43384958fd,5,1,4
e0ef63a06438a4f6dfa047fc41217f8e,5,5,0
6e5cff6677f960e7b16b2bae2b941c9d,5,4,1
8511c084d79be37aa0cdc0c9985738d3,5,4,1
22543080a0066963931832c0df11b2be,5,1,4
416c076dfc39af8d2ac638a07641414a,4,3,1
c05f8f8d85ec06af1b5de0baa7050f4e,5,5,0
79ab5b6fc395da7c651361c30e2f829f,3,5,2
2299665d9edd455e536eaf31b9cb0493,5,1,4
76932968baa3f3ec3eb6a11fe79c020f,5,5,0
00b6e66f005a657a6b13eedcacdf9342,1,1,0
d86151346a2ad9a3a4e6cfb4e2a885a1,5,1,4
1bb21849ba48d381c52bcc9426f28051,3,5,2
4568a2bce4050c7579e898eca38f8833,5,4,1
a1f0d7a839bac074bdbd34af57df3522,4,5,1
ea478babcce555886b89e947325ceb48,5,5,0
47106caf7707ccc0552581877874349f,5,5,0
0d68ee25f75190aba2b49bf9f25f8f6a,4,4,0
1bb0b420434c7323a0df0cdf9571783b,5,5,0
60cbc2a85ecd535c911397c150d60627,5,4,1
a9a6fd3ca2e803548ec0685c9261a4e2,5,5,0
a2f4de10fceff6c008efd19d2b99725f,5,5,0
b89638c45bf1b7dcf3e47420ac9c9066,3,1,2
f1e1acdcfcfbd5084831b5dd2f1bd60f,5,3,2
3df5b35afbdc0b5adb218570cc635139,4,5,1
de24995591633aa90ba93afa013ece1e,5,5,0
e949e43f455d61de5d481021b84e66c6,5,3,2
9b961b894e797f63622137ff7eb1c1af,5,5,0
938cf33aaa64536379e72993eab4cef2,5,4,1
f192c53f0f7a62873a327def931c1b55,5,5,0
6e9b1ed8338411f98f2dd86298e00826,5,3,2
e3d651007ef1548b71b4285ca0f484e4,5,3,2
320f28931983137e4e8dbaa4c160c770,5,4,1
baca011f486fa4b0fd171c68fb8957c9,1,2,1
ce7cf6dd8f80dfb98716950ae40eca59,5,1,4
50cb20f783b26639e858a27798b315b6,4,1,3
0a3bd18b5c5d505aedd969dbba6ff069,4,1,3
4345c17bd8c32982e0456521679480bb,4,1,3
c1744d99c590086c1965ea4e382e850f,5,4,1
2efdc67dc7c8303d759f24ebbf9d2ef7,5,5,0
248c46bb0e95b62198fe84442400b7f4,4,1,3
f30d59d024a381d49e85a1ecfe0d79c0,1,1,0
8d7ec00a7df1f84149ee7f5ea8a73c41,5,3,2
061b13cf87863db16e1a03178285ecfe,3,3,0
710bbdae402cc011c47087b64a5f9c1a,5,5,0
ccb211459abb148401c4f7c596524cae,5,5,0
2833a586d04517b0c18e17c24ae684c3,4,5,1
d576291e922fc07924f5811f867ed79b,4,4,0
71afd4d3202442d362d5e52112ffe080,4,1,3
7e52ab2aaf4fd6b758bf18e6295b2bbc,5,2,3
3fabb6abad830a556447ea8e809ae9b1,5,5,0
25b07f3f8652eeb49c6badad653a014b,5,1,4
8f0033d3ef07e82e7e942e4136cfbf50,4,3,1
d78e5c7a11bcb261103cb4269bd37fcf,4,4,0
30bf87367ed2e63f68bfb5aacdae279b,5,5,0
c4b8f31cb06079bdad3591ad9adc2d19,5,5,0
36e58b4c22ccc72a859dd70a840db411,5,4,1
cc9f8b649443008d4222c7255fbc7454,4,5,1
46a807245872949237fba36f6f00b2b4,5,4,1
045b9114be21f880246ba6d749f577af,5,5,0
6d6d16957081d6989c08a9622183623a,5,1,4
244eddf1bb79ed749213ea45709f87cc,1,5,4
4d1eeeb5922d5d55dbe1be7623dc18cd,1,1,0
ba5c577357e3f0b4d142808039a7ada5,5,5,0
5005cef43694f92d85586692652e5216,4,3,1
627275b5ff757bdc2c6bc89946ac43d3,4,5,1
a87e2eb19e3e22c6c62607b148aaed4c,5,5,0
35bc592a16d6706d14d29f07ed1d13c1,5,5,0
5ce97d89fd3ee848e6c60736d3e32a3b,5,5,0
dacc7a1d6edca844b4f0f6cf124b4f24,5,1,4
a5d15a04b449d50c1c003aa310e67649,5,3,2
0641880e7059ec426c7e6f8ba1585bf7,4,1,3
36b5cc783d21a08a8a8f6cf537de2153,5,5,0
afb288542740b18ca4e5dbf1544db413,5,3,2
6533a0d9c1703a1ebf0115fb55e01834,4,3,1
3486059e0a7914ff9133784944751b3e,4,1,3
160325be3833553d6a8155785eb1e7e9,3,5,2
ceea38b31a5a6c55d09d5c190aade249,4,5,1
b9fbe26657178b8754633a24a8e066c7,3,4,1
9f2c42d6f142a06f2c575576ad53adb3,3,5,2
7d2a5a0dfec1d4e81cdce3b0ab48607c,4,5,1
0cbd0d96e2c18087121c68e209f4e8a3,5,5,0
7f6f89d90e1cd5ffeede04c86b1d095c,5,1,4
92d1d8203d3deb0f8b536250763d8bca,5,5,0
d9c51e8f2151f049f14ba77dfe8513b9,5,1,4
047250e11ece4201a2083bc3b62866bf,5,5,0
ebb064563b938e019b2627b762ab42ce,4,4,0
9c03496a411754169e1433dc70a583f0,5,5,0
932c319ee28911384cce008c02f0b448,5,1,4
53d6ff29496a8aec64f36ab9a4691d77,5,5,0
9eedaa8643ebca26e894f58017d00970,5,5,0
be9b4aa61bbe31e9d0191e3bfe51723d,3,5,2
681520892dd4126ee802bcd5aca41c73,5,1,4
9a9b1aa64c91b92fded7090145e03331,3,3,0
c1556665d5eda63ad0a01cb682e2ad6d,1,5,4
fc6d2ee7c65043e4c842c367421052c6,3,5,2
d9494fe15b74723b8b3b97835ab05246,5,5,0
c282161ce9696af2790e633f567dd179,5,1,4
aa94e99bd2554aa3be1d546206cfe48d,1,5,4
66eebf0e266f975af04450e28dcadbf1,2,5,3
1e21fe9a8a7ecfff79a63ddf04761526,4,5,1
95549a3370d5fe86da9749cae8d5aa45,5,1,4
1a3b6feac1253a77e02f09ec28406057,5,5,0
2074522aabccf07984a2e77f7219ece5,5,5,0
6ea09ab8953f7fda1f69d387c9d252eb,1,1,0
9498c57dc40df2e59a371faf85f37629,5,4,1
4d8a7251d3f4f82c05c207b52ccd25f3,5,4,1
4940ddf2b7091647a772152ed1de4a2b,5,5,0
d7f7e1d5e79250921c5be8d5ad0d4824,4,4,0
29b179123b9eda65690278842d2c364b,5,4,1
bd945884aa64e33bd6c1777facafc0ec,1,1,0
278eb11fd9e41e960e36e311d4249665,5,5,0
07e85d403be2aca377eebdf6581323fc,5,5,0
3552fddd13638d37dc6749a36ac7e589,5,5,0
e11c61aa2d539f826865ea728496f6d4,5,1,4
cc4d93f6168576ed18519d77a72cc7c6,5,5,0
a236e52ad4592e2e25502b20473e84fc,5,1,4
a5bb475db1b4bcf9aa10cda733fcda10,5,5,0
cd718ff08da2d61cb462de44ae33bc56,4,1,3
75adb6f5207887f03b547194819216fa,4,1,3
1bd14d9418bc4bd605521c1afad99926,4,5,1
a275bfdfd07b6503afeea57892d3976f,5,3,2
f85fb1941bed505cf25dd03fb4fc27b1,5,5,0
40b9d0a196fc994938fec40d258133be,5,5,0
c41800e56afef4cea003d192653b8c8e,5,4,1
790966b7cfcf6aedddb2f1d392da3306,5,5,0
d9ef23ac673ab7d0f7795354d2328b77,4,4,0
476bce9fb98b771f4908106e9d962dd1,5,1,4
d8823f4e35f58bef4822771f326d6153,5,1,4
853468812125d147c0d34a9f11f2716d,5,5,0
fa527d564307b3b04c515651b1e1142f,5,4,1
996763a377a7e96ea28f02058d1e1883,1,1,0
3677265b3eb6f14577f63e2483b87882,5,5,0
77a6d5a1a8e5b3e165b43761f761cb1b,5,1,4
492f9efcbf108782f4de28d4ad0d4fc3,5,1,4
25fb291455f02d9da22d17fa3a1afd23,1,1,0
f57983ca82e3c9bb09abcdda9139de70,5,4,1
d5244670e213108e7d21f54a42548613,1,1,0
0438fc3e115633e11a93c878a1591016,5,5,0
7fe8e22ba2618c5ddc0ddd48c6d4760c,5,4,1
2dde1ee3144f40fc9a80df16bb989f4a,5,4,1
ddbc0e193a190c97a92bdb12aed510b8,5,5,0
46d041b384bbdb77141815dd111b0e43,5,2,3
9c9373d4b368de80c20e6a2ca4a43904,1,4,3
99be4182146d779870a657ca6ca5700a,5,5,0
a0f71283b8cf0eeaeb3bbba7894ae11c,5,5,0
aeec65719910d5eeace9b241999be456,5,5,0
17ed0f7caba8fd5b357549ea4161fc38,5,5,0
78b07293590a365717f33fdd61e5bf1f,4,4,0
a5963ec55629a3be5270283db13391a6,5,5,0
a109b4732228abd28233fc31ca544cac,5,5,0
5cbc29442f8eaafa46489e988fafa403,5,5,0
43b2cd469a6cee268b9be121cbaf17ba,1,1,0
c88935c0144ef18368420018e18f177a,3,5,2
2d5c2551306ebb8492eb8c36d062f314,1,5,4
da6723418eaa03813473e0e15a72e425,4,5,1
b0c7196170c9adcbf44c5b77f03165e5,4,4,0
751bac184f225318704b7bbf878bcc52,2,5,3
fdfce023fb0abea352d3231865c62fde,3,4,1
cc91a8e555c5d0b61066e4be9483fa57,5,1,4
7a0065369b3ed54a8561db3aaf29965d,5,5,0
8faff12af96ce78eba0d5b1597d5baa9,5,4,1
15894c1e0d37429ae01e88705a0e7941,4,5,1
886705cc2c44ec5ce3560d7a2fc95810,5,5,0
d30863c1591305669e7e63c7991ae1e6,5,1,4
5c970ae2d7acc353fb8a086fa101ba95,5,4,1
cf597c14464cc1f0e5657952d0ce4818,5,5,0
013a98b3a668bcef05b98898177f6923,3,1,2
a611321b36103c43fd31f578c7c6e459,5,4,1
f8e926b4541bd4af7a14350967ba217e,2,3,1
da737ef3ec9b9835b98345f6c155cdef,3,1,2
112d51fc31fb26262d2b28130947b467,4,5,1
c8e0e4f524c41556bad4eea44f53211c,5,5,0
c094319b75c45fb8f3edc4fe857f65c7,5,5,0
9ac3e0dd6aeb10079e605b2e0f1cd7de,5,5,0
2645cc89531b7de88149e18d83a13263,5,5,0
3bd9055cde8c3ff6e14396459c776cbf,5,5,0
0214781b6f9215eb09fb1b78de35b07e,2,5,3
88d8024d811be666f66e7199e27a830b,3,5,2
ca3625898fbd48669d50701aba51cd5f,3,1,2
73ef343c9dbf2f6d45362c9bc150f4b7,4,1,3
da2b5ed33ae5068005e9d2c43e7a3de1,1,1,0
c0ecfbe7eb9d8435e0e3ecd0cdb899ce,5,5,0
3e08073801107359115073f8d03b595b,2,5,3
c796b93238b8e2269a4f43ce3324ab08,5,1,4
86399a62def7e6b76d52b5cfd4cb7276,5,5,0
cdeefca5ad0ec35c4d7c5b48ab52e85c,4,5,1
b027e9d1b5a30853af2663e94f2e8a00,2,4,2
5fab55847de7117fd67d9522ef1db87d,5,5,0
1db3715533e603dd564cc484cdcf99fd,4,5,1
8f45eebf4554e796f1e35f7c2fc16190,5,5,0
1f68fb8b75dab6bde29558a8f1c8fe34,4,1,3
bd1e47bffae57a3de85b034cb9d7a89f,5,4,1
23c6b96eb0aa6024129f306af7befe3e,1,5,4
750fac445e827530d79e0a2050dbcd9c,1,4,3
bcaa7f7240deb32b0410ee6cc085d9b4,4,5,1
db0bd04c3beff2d041d364ce8d96b2f0,5,5,0
187098e4e124f41f3a325782e3c372ac,4,5,1
795c16acb4e3c30dfa5b6827727ef488,1,5,4
a9d1327838b1c183fc288f0d2bf23d32,4,5,1
0661cdf16c55936467e8d8c561e50730,4,4,0
edd9339c2bbb9d43caa9dd4984474273,3,5,2
ea7e5e953d0446082a6667e945c9c9b0,5,5,0
f09afa8a9cfcfba64cb18282881fe509,5,4,1
4e771842803751a695d042079930820e,1,4,3
dd8be73e85782b63839fa3ef40ac6710,4,4,0
28828f489c91c1e32c3840fdd57d5d43,4,1,3
fd7f923cec63405c5df9b1f05d0572bb,5,5,0
1fc9d04a738b6f63d5803e444c2228c8,5,5,0
990eab27d0855cf08464eec60d4c18f5,5,5,0
99d834a0bb72d31e3d0af9bcfe70f175,5,5,0
91c4c61f5db7e025e8435b2e13e50f6f,5,3,2
153a3985482d189af613f19120de205f,5,5,0
733e030acd7fb0584a2e64f9a981e9fc,5,4,1
34b52e1c183144d83dae0e368e920950,3,5,2
dcbd516c0f39081a5e542ef76bbc3fe4,5,1,4
1539046dbe3e4a2ea41e0fc3e7e50cc5,4,5,1
58d9d5cd92518cf1b61072e5edfd768d,1,5,4
60c46973a2a9ad727ea9c45695b2b312,5,1,4
815870a80fd96370919e0d7d0d117412,3,1,2
ccf572d63a735cf61e606a64d665fe95,5,1,4
f8c6dd2b68a916d939d46cb98af8fc49,5,3,2
8585531565f837954132c3e78ff8afc7,5,5,0
f3ab2cdf3ea55d54d480a91a967bb501,1,5,4
414b9060105f0e1590abf0d629738326,1,5,4
11572de9a5e342dcd81a2843b998d4d6,5,5,0
dd1254ca982d33390f4268c104bcb5b3,5,5,0
3ea7135b7064169abacfc10aa72f2e3a,5,5,0
b703b9bca2536eca02a03e9f8f00fc47,1,5,4
8ee64ebf7fd7699c94078e53d92ab768,5,5,0
3a84d8311ec3bc442b8e2413a6b770c6,3,5,2
d4d73731dbf0f0426e8f7e762064d015,5,4,1
ad2891e57d3697aab5379b457214511a,3,4,1
cdaa0dca6483df88852d59902ad653a6,5,4,1
188804952924592ac0678c7ab1b42860,5,1,4
2ff04f721a0ccf086506b4ba443d924a,4,5,1
bb1471d7b9aedd3bafa3f2dd40db59de,4,5,1
78dcdc9169e9c5bbd378416cecc317be,5,5,0
7b9993b735d04c56ac0c688400deb500,5,5,0
eb71a8bb87819d656f272861f49e3477,5,1,4
b63262d64190314592077ae012a3e049,5,4,1
730e2dc2bec23dbf9b0594dc01b26ec3,5,5,0
865632b4b7bd773e94d482105b596672,5,4,1
3c91fb2601d8d06e7e3c9ee4f79060c0,4,5,1
a41466cb3e72f333ad56e60b2d2c1ec8,4,5,1
f52ec1996d054ab03ddef4968ff41fa5,5,5,0
31030688bc36fe767e310ec81b02c80d,4,5,1
6295deb0648081b2c69f620033fadc33,5,5,0
df2daf96320942e1449ef115ee1b5624,5,5,0
e391c35b78728b170cead56c6a53980a,5,4,1
8af6e63a87680604c9bb2098f866505b,4,3,1
c54125146b0e42fbe85ada6802c51f30,4,5,1
8e378f2d3b581a5c5ce099dd32dfb422,4,5,1
0affd51e37e6621004e4fe4fd7c64f4b,3,1,2
c323f00d4d5c7dd40983179c0ca14894,4,3,1
4b80b55b32a3549ec05578e46a0f4021,4,5,1
6e1a8bb31b6a7f387513f6a62ca4a66f,5,5,0
cf703e251309f59e2db9776270cf28bb,5,5,0
657ea9232c582c9e40330a60f68dc189,3,4,1
2c1ac2ae4cb9b2b35618143ca66d8f74,4,1,3
16bca95ea5b4327cdf4a33ba25fa9760,4,1,3
b03dfb47398de3e47e35c90db919d907,4,1,3
bca32e22d44a9179359d3ee73a26ce49,5,5,0
dac3a461489588cac0ab57343d625915,5,5,0
2027c6ba8a58df2e69194531ff9abfa8,5,5,0
a522b7580df244e07961a4c4975f9824,5,3,2
f719f5e18ea61d821edd4a1c8d191b05,5,1,4
e861ee18496aaa4aa146335b10d2fcec,4,5,1
671c02c9d32856447f168d9c4b0dc6c6,3,2,1
fc4c7a86a9b56a2af04f2bb99cba3fe3,5,5,0
7c62cf0327c291a9f3d7d3394b4c0166,5,4,1
f10e24c61a6f5a05a00ffc06c213b51e,5,5,0
ef37efcd7c68d5d876772184772a1ea5,5,5,0
2650182d08952a9f43a4ead5a39630ad,4,5,1
a91e629d7c60ee83c467d41250528cc5,2,1,1
1e0a395430b20ee676be812c714b1ba6,4,5,1
b6760dcf5d7d3ad17b9875eeee6f0752,5,5,0
3a1ce8f7e9dfdcc0446a9f29f1457f52,5,4,1
0a881bec2e3ae03ba47a8d04d5dfc450,2,4,2
487b0b7a323d6f88a2ef4e194cdfd287,4,5,1
ea6ce509b0aa60471f0b6c0029797d6c,5,1,4
41b03a6bad9f1feda28efccd5e428117,5,5,0
1a785632cbf5301f146c5b3c67268911,5,5,0
4822b9a2b5589396deb0956b2b844afa,4,1,3
d195cac9ccaa1394ede717d38d075fac,5,1,4
d8c8bece281c5226428ab03f72ae8416,5,5,0
4e9fe46327dd25b934cc82d238a874f8,5,1,4
3e264051f522e1ac4d07e648a9080784,4,1,3
2c113cbb0811cf0b32479bd0bce3379b,4,5,1
ce4efb4625d3d33a367d95cbc27cdef2,5,4,1
0f6c56738e9a7a30c78b735a231d3f56,3,1,2
e118373a9e97e99fd3876fe78d34f501,5,4,1
c97d02761ac50ebad2f99e2c4b710976,5,3,2
e15b045cc5ef21643887f0a5d22327b7,5,5,0
aa9c455b2d9888927e1b006b22980c5e,5,5,0
9f7d811e4738ca24d33c0dc98d2cba67,5,1,4
e6cc2e902e9f3b9a8c3fd2f60447bfd0,3,1,2
376b9827d830477580eaf370e5218e91,5,5,0
4ac6060d367c21fb5bf12144a6e8f8d2,5,5,0
b5ae10bf67afb6e14718789096f22787,5,1,4
408c159bf7f5bb5ee0ee64ca6be81ab3,5,5,0
4e6998b16cea0eaa364e4e20c31ea5a5,1,4,3
95169e040d35061fb85e797d1c163573,3,4,1
f3a5912c19c19f1c1bbbb7a47ed9afc6,5,1,4
6a30d0e1fc7dd7c00dc07bcba79c589f,5,4,1
6cdb86865449a92089579ea715e1c1d1,4,5,1
35acd7d0da0be873dde0470893f3d5c2,4,5,1
c8ee25817be1ba8d4baa1d441aff6d48,4,5,1
55bde651a2c412e983a9ace2f3e05c5d,4,5,1
d83d299f99cc0cc92038c685c73f60d6,4,1,3
90ee67e34c9289cc136a3677fc118253,4,4,0
c506776ed3d58a361a80072d7f97aaa5,5,4,1
9c984f2c226fb999a439fcc64c73caa2,4,3,1
db29e664063fa3557cde395e02920f42,5,5,0
611a2fcea0dd6ddfd383514c75a6834b,4,4,0
128e2bcc764e1cf5e4952af2267acef2,5,4,1
aee0d5464f3b889a06716a820b1a60e3,4,5,1
ec3b583694db9a04ad2928a8f0546207,5,4,1
b9fb62bee137cab9842bf7427c640778,4,5,1
bbab0f55c714a04cc7a5c065c65f1089,5,5,0
fafff116dd16dce96698db22844e3146,5,4,1
d61e579dc82353a7160f9fc870376460,5,5,0
9724ff037a78e9215939269a8f52ef19,5,3,2
db039e7843c76cf2857fb12ee96e2e9f,5,5,0
b3ccbde27ee2833da8d2683e29d73307,5,5,0
3b0353c6b736cdf2d363f3ab39356b55,5,5,0
84869e6e6b633fa602128f93f70e2c12,5,4,1
5e7a884a951fb8fa7f6596c513bd8fa3,5,5,0
25461ae3c4bf9bf6e41a3a163f763c8f,5,5,0
087b9476284aab4d762f05d8c0181aab,5,4,1
2d856083b0b7c9f8a7bd4f59986eafec,5,5,0
ba772856bdab971f8c7eae9e03cf8706,4,5,1
f2d6c25c24dec1cb1f8eeba2203634b5,4,1,3
d51e56e6a1d66d3b91bf2334a386cd69,5,5,0
ad01e26d29b4818ba6299d1356a130b7,2,5,3
1d46325dfd950feac6d805fe8a5bb44c,5,5,0
63ae84a9387b93ffa05dde71794f61f9,4,5,1
96a056333b6517f334ac928d91dc7e15,5,3,2
911caddee9193485ecfacba64e139beb,4,1,3
45ea696753b4d93fb0cffe87c816a064,5,1,4
71c22e96648b3b4f4c78e6e4de6bdc0a,5,5,0
238316b0b618fa83761d76afebbf6e46,5,4,1
1723f84b8a70b486955d59dad4bed0f2,5,4,1
723fdebe8280ea74fca298382c4d7ac7,5,5,0
9a9cac4ec55eecd7cbb85d77af0f07cf,5,1,4
d441cd7f8afccef29e5a0c8e3021d0de,5,1,4
b511f786475cb429361d4d269c1bbef9,5,5,0
e6670c9089973cc68e5b90b7d1f4fec4,4,4,0
3a2b0d4a2b00020fddcc9d625553a114,1,5,4
d7bfdc36e6fc0edc0abd8752151da345,5,1,4
53de6ea93af62b738a4db248255fd504,5,5,0
807c258c31674da775e91946b8c5bf7d,5,5,0
c3209eebfba86d30279573e94ae46a2b,4,4,0
afba2edab5bba30a0bfcb7fd9ba3d017,5,5,0
e4cb234bf724fa255f0ecd4d95f72a9f,5,5,0
6164d50a564536f9c8081d0358573bad,5,5,0
5f8e8bff26bd07b73a3ecf086de33d4a,1,1,0
a080255684c6772ec5153e1b847c9240,5,2,3
c44ed29052c8a491969a295bd20583a8,5,4,1
575bfb61f87cbd5b35f76ca953e1edff,5,4,1
755a4d6ab201a238e51bc1d1ab18365a,5,1,4
67e2b633b65efc08fed5fb68e325761b,3,5,2
39cdf001e42cd975d9ea5e05990f2b61,5,5,0
291036f4304c5fb0dc3965044f4a4605,5,4,1
4a987097277f21bd90f8d6e50af76593,5,4,1
5d28e7e8ae4794ffa06b352990f78234,5,1,4
573b067a37070f89ee054b516f889171,5,3,2
8fe825d77766b84755ebf0c58017e4ea,4,5,1
54c1bb9fd5410f38a13229f44d9b7e67,5,5,0
bb11bd84ba7a993e4e1bb28321f8e573,5,5,0
73c1b352d22c76a80877525319449412,3,4,1
36534fe142509f207606ad15c006b7dd,5,5,0
672240472a9a48838f902ff436aab4bd,3,1,2
5e80bc266978655e4e9e1ef166f52885,3,5,2
b12634fbd8b98d3805320cca29dbdc9f,5,5,0
88b27cca63e8b8a0a52eabd8e17cd52c,5,5,0
d2b401a47dcec4ec39bc080b7154cd39,5,4,1
30a75160cb7835cf044e45a5ad7abf0a,4,5,1
1aa7e7505275a3ce08be4b00f1d7a16d,5,5,0
dd24afdeaec4b19f1252b69021aa4ab8,5,5,0
aa55fe8ca349feb37768777a5908d285,5,1,4
e406f3cf4b3e23077d22eb4346d6471c,4,5,1
7b35b8f7e47a6895e3fc370d47dde02d,5,5,0
569cb3533c4e55e00e6194974c746ec0,4,5,1
32fb0d2fce3a6ea27205e44ec665e91d,5,5,0
020a1591ace758e4c97d7843e1a03a88,5,5,0
cfda3e5bd8b79ab7fc0bbd0c485d6414,5,5,0
b14970227d9071f5930ab1774bc471dd,5,5,0
4d495c697709fcab0a85b3c5247f89e0,4,1,3
cb82f50adcd9978f835fe94951603fad,5,5,0
d2b4c76c2ccfe2f70c1488434a362f56,5,1,4
c704edad3eab2ddaaabdf3fc283d9b67,5,5,0
a6d412851f5ec3967d9664d3654be93f,4,1,3
98a9159e1817e774888c9252f23283e6,4,5,1
29dad235dca65da6ae29389dea7b96c9,5,5,0
55f4f83d7685e3e84fe9ee9fdc7c953c,4,5,1
c66e755acf913956ae3838e2c73e962b,4,1,3
b2bbb2cca536bb4984557119c0eb3d8a,5,5,0
62d4317f23a821e49febfee95a41b0d5,4,5,1
92758826a22a6b5a7f78b076a3c7f164,1,2,1
305daa1af560f81a4225d0d70f636a51,5,5,0
4034b68eda61d53e7c3b417c10e8b252,5,4,1
a7c7a7efd0001000ffec268b29c694da,4,4,0
4d9f7ee0798052190a19d19bb0f31a40,5,1,4
1a5800523e4a42619420e13b49c522b6,1,5,4
2cb80b6bb30641c14665e1bb8a910872,4,4,0
e2ee2dc610b2fdbed7d47963883bf17e,5,1,4
923d5b9c9859803b77bebedfbb23e6cb,4,5,1
81633234173b1cd685789057d87021c9,5,5,0
be72c04d946d396d2383f4fd49a4f19f,5,4,1
2f5521a15f1ab0eb646209fa271d9de4,5,1,4
912013de8efa1e912b59b103a537071f,5,5,0
bb931b0509f3198e76b0e87ef16db694,5,5,0
cffd5f25c5b79f9d24b419fdcf74befb,4,5,1
7712b67443279dfd94a4e64f55b624d4,4,2,2
156e0e7f977e10a4bb2c7c38fb56251b,5,5,0
18f15d3fbb7850283b527597c8f58704,5,4,1
ba018a9729b7d844420ab92e6e38d508,5,1,4
999ecbda5d7b314b856c71e7bb73d8ee,5,5,0
aea6f638ec66f7a8db1a9216ddaaff2b,5,1,4
9ca192d3fd38d4aff0c137f84cf7e121,3,5,2
93360105ca495a4a0a6f794ceb678ffa,5,4,1
bb5247b3ad417db4b026c3d57e458a46,4,4,0
8f723b9103b44257ac35a1e9b9e49fbf,5,5,0
940e9dfa68e117c7227f0f20cb1bd2af,5,5,0
ad18be9bebe6d2b6b02b38f8da9e08d3,5,5,0
89b4bfa9a1ad1b38674571113d47d4b2,5,5,0
70c0f518419924f19c9878c5b40a185b,5,4,1
ff0c21ce499842601e2ad5f73dbfb9ec,5,4,1
e1042f4c3705d9c1f9ec8d96a1771a58,4,5,1
1f1dc5a03fa943b0cb5674b3326185b2,5,4,1
30e1842e97acf7abf6d5f3d36ecedd7c,5,1,4
00f251b943aba645652c7138e4716fee,5,3,2
a061df95ad7f5cdb3f6f15062486f4af,5,5,0
0bcb4fff8fdbd415067a30c6694deb7a,5,3,2
e27b496ee62de9d46e3f1ed56c2c49c3,3,4,1
ac179dbb60a22d59a51a123174c4a837,5,5,0
99907bf137138e8a41986fc842736a37,5,4,1
7c5a2d5d250c97dae083141ed6981171,5,5,0
cb344f22b72163e62e6ded63d2e2606e,4,5,1
ca274ea678d57fbf2dbfbb1b72a236d5,5,5,0
db33c2c3cc0b7e95e31b9ea491ece2a9,3,5,2
fa8fe325f86ee264db13706bd82eed79,5,5,0
6c7e8d67d9bf60c5baf05bb0193b4908,5,5,0
3b2639c14a48df0a716ce3bb0c9c6735,4,2,2
8ad90551f6c31bd81ee660c78c7250ca,5,5,0
800d19e2eed430cbd8e9bcb12087794b,5,5,0
88ab6b0ede7f19c65b5b71771b88254f,5,2,3
674eb13687ba86abeaee12ece9ce0309,5,1,4
0896eccb8187d6b1738ce4a3a1add1b3,5,5,0
1a1e19dbf8fabee87a30637487e4ddb7,5,5,0
9f54e902758b31d39a8dd691868a9f48,5,1,4
1b18059100e6796d8551306a1876fc09,4,5,1
4e6bffb5dac92c9750467794c5964bff,5,5,0
880ef31ce18ff13a46bdd8d07e2ed86a,4,5,1
e06507fb1e1f48c1cc59d40e02b82f16,5,5,0
35cd360339571c02b1d4974ac1807d9c,5,5,0
fe9fc8eb3ad784aaf13c6788561efe59,5,1,4
a3c299fda1b92fa41de80b43ecc70ddd,5,5,0
c9e55382f594e06306eb0f4c3b3d0418,5,3,2
0cd778893772d400d2ad0a7d2feda5b8,5,4,1
656e9f797d20f04e930e72b845c05437,4,4,0
893d10bf292ce2aca52ba56c1d741764,3,5,2
b89d9a223208fad0bb7f6e161b4d43c9,5,1,4
3ddd23cf50cc3d0d89bb2cecfa137d93,5,4,1
587065077b677088697c8e99e2c8e273,5,5,0
4114c50e035cecc014d1340671e07f88,5,1,4
4b8e7900278770ffef6b0da3d58dff9a,1,5,4
106b5dd21daaf566b13f54cecc9ad32f,5,5,0
5a42abf0eee65d3a1e361aa49561a521,5,1,4
b04e44e92fbc14e258bb48695b8ee7ca,5,5,0
4efe746bf89c1976abde13a381aa452c,5,5,0
701ed63cdee1bf7a8aeb7f690acb04a2,4,1,3
b53daded44cdc3c3f3e1962c34ebdbf2,5,1,4
4d59391202a2a67c2e2fea6f349a67f5,5,5,0
cb59450fc63a9e7303fb29fbd71748a0,5,3,2
e6994fc60ac218b01bd168895ef8399e,5,5,0
9270e213f22a5c0c65322feea6979af1,4,1,3
3188b88d4562d627bf472b5a3655237c,4,5,1
0ee78b4d78116d8d91f47dc4b290f526,5,5,0
d33001bff4242b0f9abf0eae4692fe54,1,1,0
6b3c0956c89312e2c54f8d1366ecea9a,1,2,1
88cc318193d85451e28059b4b52b7477,5,5,0
7bcacfd812c9d8194d414b83d7e28153,5,5,0
87f532dad65980681431fe6307b47fb3,3,5,2
6f6c5cbdcafc5ad54df95e75d0ce07fc,5,1,4
8258f7e8bc8122521bed9d5c4c91a1c6,5,5,0
c680034cfb1945850fadf876ace52483,3,5,2
ef14069256aa13ccc53f945fd0aa70ff,5,5,0
2bb4f4b23284b2f435007ab797c29edc,5,5,0
3c9165fe4078dc576322edf3612985b7,5,1,4
3d7e1993e42f9030f3ef7129e930bb56,5,1,4
fd6ddc28c261b6bd4f68c9205d40e9e0,5,1,4
0ef649628b81b1b6562026090e37b98b,5,5,0
4708b6cbf7e34b7dbf3f7b75d6bfbd00,5,5,0
86f347377bc9dbff8cd89feb1b946499,5,5,0
006df90050498994d670b40da4651d22,5,5,0
98dd966a1e38eb56010bc5d422f3d3ce,5,5,0
3fde74c28a3d5d618c00f26d51baafa0,5,2,3
cb2957ca3cf764ff3a56c6f07e724f72,5,5,0
5dabb1e690a8366ee254e5ed03022359,3,5,2
997e6bea52d4cfdae5cbbf67c2ded47b,5,5,0
48805bfedbbbfe75dabe602c05eae895,4,5,1
fba0c44b4dd8bed3fa5f07fe8fa0da19,5,5,0
96baca12064c33aaee05b2a4be3f3f2c,5,5,0
4582ccfc1e48008cde73b10eb9a6e9e2,5,4,1
55a90b35362150673d3546509274be53,5,1,4
f6ad54b5be9c3a496973acd1b1c8b714,5,4,1
a58d3e59d65840491ea8914d54ba4693,5,2,3
0b9bb234d95f41600497d59b42087c39,5,4,1
ffc0249fed109d5d056d7c79b7fa7dd9,5,5,0
2c35215a3c576f6e51d0012fb4a8cb3b,5,5,0
edddb585a5c894ef488568334c567e2e,2,3,1
5fa643060454c5e14a75113a3800b787,5,5,0
9d4ff04268ad793e7cac36f6224d44dc,5,1,4
fd89a255572d435093d5e644dee61960,5,4,1
bcdab55f44bb436dc1b014c0cd004cf8,4,5,1
4d14cee530bddf889464f788f5cde498,4,5,1
e82ad91cbeae230bec5af4afbb1ef6e3,4,1,3
ba4784ebeeb6afef6125ba505dcc4f76,5,5,0
62b66f90376b7b00fb2586ad81320f82,5,5,0
7add33917d7c650ee21969733394b5dd,3,5,2
210ce7edbc6ef043f7af38724f3c2b5d,5,3,2
1f940fc941da73865323a8c30e2871f0,5,3,2
f734baf9f30fe59cde7ccb211dbb4278,5,5,0
6eace5a496456d346454761a9fc00dd2,4,1,3
421cb85104521fab3df800fa355c6402,5,2,3
d7f1fc795c94efd3a00141a5f8a2c9d7,4,4,0
10251da35626072605d693e816f297ca,4,5,1
9bdc00acb04f677adc8329b932122fd6,5,4,1
5c38655d217f80fb8ad2c39a7c0a816b,4,5,1
4587a031fbf9d49139d63f2bcc156693,3,5,2
8d36b9d7a238d9d50b8be72fe69ff6eb,5,5,0
61059985a6fc0ad64e95d9944caacdad,5,4,1
bca42f7a909e7ef1946eee14699f6e87,4,5,1
cb6ecdef708b4c17e5c71daeecc74ae6,5,5,0
9e12d0b2e230c41566ece579e1e88bbe,5,1,4
64be1ceac437f2eed73e5b001d190e97,5,5,0
ef13a698cf88c9e17ccca0261e0b9e7a,4,5,1
4c9de71242c212430ae070b7d2f837e7,5,5,0
1637fe3bb334a5aa79e8731cc76891b5,5,5,0
9fe311dd7e1b6943bed63fd01c7e5829,5,3,2
e0889e0656d981add4b6c940b595193a,5,5,0
356ba836fa22451d49ef0c3eb18a3e09,5,5,0
d1e1299424589b6fbfa531fc49452f01,5,5,0
86bf8acc0fe437ce824685e72037572d,4,5,1
87ebcd73de7c03e3ba13f9e9466c15c5,5,4,1
ef6f25d7157243ccf3dea7d938259533,5,1,4
a5cdddbe997b781dcb63b4c33a3faa4c,4,1,3
6bdc8831f7f05d0765b0d07c612b731e,4,4,0
4b673ab5e166be0e06ffbac98732264b,5,1,4
a5c2bce79ee362cbd630af6c3ab8f841,5,5,0
e760839bf2e95526c08cd98abaa16804,5,5,0
1c6ba4e1c9d47c2594130a03f164287c,5,4,1
5139f51749d25619bb9e6153e11a18aa,5,1,4
846c941773da09ad50f2bb47aae3981d,1,5,4
32c784f647ed538e14eb734293ace28c,5,5,0
1dacb75a3f524523a6521835a6787057,2,5,3
97a3784af9d034ddf29b8a15f7a2faa9,5,5,0
0596e04bc1e3bb1649cf6d1f8545e5eb,5,5,0
28f5b7eeb630d537533dec10991130fc,2,5,3
b48959225675859f01913fbd8cb4abe6,5,5,0
814823738ce02d399f917f00e77393d5,1,5,4
ebdae6e0363106fc02c8417d1e95745a,4,4,0
8528dca53d56bc80b2762f5506b12296,5,5,0
891bbd4e052c5f3e894ed330a7419c6e,5,5,0
2027c60e9786b0dbc84f5849a80976d8,2,5,3
f3378188cb29f0cd9da2d838f2374f6b,5,5,0
fcbd9f7c8203db7648e20538075ee96f,5,1,4
92de9d50e681619c103a7634c2f8bdaf,1,5,4
41ef253cac66335bdb0b51fb4853f04e,5,1,4
ca56cc083a7aeed15fdfd437874cd0e3,4,5,1
a56500b8683714e5010696513abcd267,5,5,0
fb4d41fc71d5a2350b182caae19fbd37,4,5,1
110607a6618f270a965f6a8cffadd32a,5,5,0
73df7f271536068cac9f113c9d73cbb0,5,5,0
c524e7bd2510f74fed9e94b894472306,5,5,0
f1f4f8ff819c5510c061520a5485a6b1,3,3,0
4c217e3cc24f803307dea7d619377def,5,4,1
5b72a0a59eaf0de6502b2959810e3dd5,5,5,0
de511d43118e7cd3c327dded8e3597a6,5,4,1
2fe2852de76ec325582d6cb9953e86fa,2,1,1
e90d8a867960fe909ecb460cb3a9e4d1,5,5,0
154e1f0a7267e7d9269d772aa4beeab7,4,5,1
f1460ccc2a627656b01d6b9301f66c5a,5,1,4
4d43bfbb3343be92e8d9b221e34271b4,5,5,0
724d9ea2df2a8c8c93254d43a1016cb5,4,1,3
9d4f40b767fac576ddb5e71af7db166c,5,1,4
bde94455174baa3590e64c3d37e79e19,5,5,0
15a222c08d73b6b54752e805baba8bcd,5,5,0
75263102ad0ad256a7bc7c47daf26857,5,4,1
4722c098a33ec33f73433dd2c8539858,5,5,0
497a5004e62efcb3e0bfc7606c4fd50d,5,1,4
836f9b5adb4fe06d8980fb71fa06b691,1,5,4
9bf45ecba71e9121235e583ec3b824a3,5,5,0
7a3bdd1ce4ff0098b32fe17565739815,4,5,1
558266bfba11bf9a23f7634ee0657f43,4,5,1
1cf0b7c4073a483d2badd4824a894b77,5,3,2
125f493c9aa37e5e79a34e7b602da0a4,4,4,0
04a0704d5a3f27305100a48682d41bb6,4,4,0
a7ff25f0e4f6914216004204460f5797,1,5,4
5d5d392da798eba40e212a051377510a,5,4,1
54294e5e2e918ef6ac62494144f35b06,4,5,1
ff46263ff739ee2c14bc41c6508dcb6c,4,2,2
f6abdf036dbfaa78fa40d68f83a20968,5,5,0
35c2d3179daf2ef475f47ff2d29c068e,5,5,0
516f5de9225a8f51acf38a5d5057bdd7,5,5,0
0c47aeb0b91c17647935a2b53c38d083,5,5,0
660c1d7b1c79eac538006732c1246f32,5,4,1
f2d45d510df2224a3cac856602af7486,1,3,2
6fd84385eb8cc236a04124b75069108b,5,5,0
ea9b4bd2f02654a60504474278dc2325,1,5,4
55484b30fbc70a655031929c9a7acff9,5,5,0
e36b754064ae37070ed35ef7a9fad5e2,4,5,1
9728bc6f814c53602137c0942b6e286d,5,3,2
3410526e055530279c894ab7542c827f,5,4,1
8661a555bc977c9f38488801be332bb4,4,3,1
39fb67bad5d8285a2665a7ad0a0058aa,5,5,0
5b8dcad724fe4568d2615017c056e69b,1,5,4
2c6fdda09fe92a0d4909b941e62fd790,5,4,1
020500486b7211f5ef873ba8ffd58cd0,4,3,1
e95a9cf427d600b905017685d47e21cb,5,4,1
13e46245791ac3c971ba82ef45a1a280,4,2,2
8d8fe1ce7c12058c8405c96cc799d490,4,1,3
db4c0f9244a52fae664f9325333250e6,5,1,4
61433627bdda467b4c2e9c3f4c17854d,2,5,3
dfd71e944918d4442a05232a620087cc,5,2,3
386a88e490a4759d81f9ecf8942a1150,4,4,0
13bc75256bad09f3273a88f49cff00e1,5,5,0
9eda772d641a7fceb1332e9906ce23a3,3,5,2
5ba366f795902a0675d37d1dc4f0267f,4,5,1
a78164444ccfb34deace5aeee405f3a3,4,5,1
9ddb3509f5be4a428dd17530849d4d25,5,5,0
0d29aa08fa516b98d8668e1eb4a57bdd,3,5,2
f88acff83deba351d28bbe79c34eeeb8,4,5,1
617a1be8a890f200080c6a798674e06a,5,5,0
77f5d4e674acb013c60cb6ad00830cea,5,2,3
9e9388221b25d449765ae3b8b908c4dd,5,5,0
da0b8ba8e2730558871c2f9eb672e787,5,3,2
4c3a834add3595c42eaefa65d28d6fbe,4,5,1
f79d2206d0301d47bc2a623636ea53d1,5,4,1
35bf7f86bc7add201e5b6573052157f0,1,1,0
b6cbc6d5691e8f90e30c96fce90bb62a,5,3,2
c7c04230198e37566eee8abf31314112,5,3,2
0e6f08a9522bf9b1287fb24ab250dd81,5,5,0
b80ad2b6c5b351d9e15b84a8008a7d87,5,5,0
eacb21138eac9fdf867afdaca6a39698,5,5,0
f71f5d96e49fe0c442fbacecd491debf,5,4,1
0ba4f7e89d304a02edca85087abfd14c,3,5,2
7f9cfd88530c3c6d0ce6084b27ef46ff,2,1,1
aa9ad84c2fa033010c9cadc5ff22d939,3,5,2
c5f2970caae1ee84ffc4c7eeca287fbf,5,5,0
1a4868eff22fe0b0291f69c37cd178be,5,4,1
0bf50993f89a58468cac45f3ef587c96,4,5,1
72bab69c50432c6f94d8b50a5f84b69a,5,5,0
9776c1b12ae5fd1da578a2b8e064f2a9,5,5,0
c19e5e606043fc8b33023f0b377e2e55,5,4,1
266c95f5f0f4b6f72882cd57117141b4,4,5,1
6fcd9bd1d3dfdfc1490067e83d7bb63d,5,4,1
d57880ebc950c50f75a5373d64b9bbc6,5,5,0
2eaa9442b80b5a4698a0635ebbb65dbc,1,5,4
50aac4af5f330951d508c0c255fde322,4,1,3
b4a90f27b4f23868d8fc84e9dceb125b,1,5,4
5b5494339d3f8ae69e5527c481c75f80,1,5,4
d8a7be3bdd16ebaf4601bc8252f54a08,5,5,0
f16e4c5b20fe01e09d3cee88c9c91fe4,5,5,0
af8f5400111370accfbc1ba9820c5d20,4,5,1
1e3f2509cd71acdf7490e4a3a2fa6e18,3,3,0
2bab21da7cb38da9002fcb361c7c046f,5,5,0
e5f2a41dc1488b94c17771d3d627bec9,4,5,1
7af964692dbab0c7e5f70ff30f03b7df,5,5,0
4f917f92cc24478eff10b08c7a8d0d3c,5,4,1
b7d0e451b92a8719276a9f822fa0dd1f,5,5,0
317e2a850e41487363a134bb3369262b,5,2,3
3f8d6d4cd34333e5cada298b7b09b719,4,5,1
e14ff08a4c4bd0fb4ac0edeb17f47d5c,3,5,2
270044e25a104d6ab5daf7369e33779d,4,5,1
1cc1119de21902e3e78c9c2a217a9ad4,3,5,2
e135c8a351d629f6322ae5cd66a90291,5,1,4
1a3a7d56968e2833fcbb6d4f6885c1cf,3,5,2
4cae9d93ca1f1266e9ddfc79f7ff85db,4,5,1
2555b76d4dee02026ccde36884f09c84,5,5,0
921b979d6940e958b136142b40312457,3,4,1
a56073f17e070c784c5eb0d85da530f5,5,5,0
ec6904db8d96bfec75b3e99ffe8221a5,4,5,1
47b4bf81340558dae3b914a280e01e9b,5,5,0
7c55b41468cbcfb21c9dcd304257b718,2,5,3
bee04fc605991e730c12544619d4a5ea,4,5,1
e95607028a36a5f9d9fa2702b4bc1f81,5,5,0
7f8d9a73c2b510f9627ac02f1a79c789,5,1,4
47ef13fca91bfb3e48014e107c728081,5,5,0
90fc3ed69d3d78dd583b5c5d39196829,5,5,0
2a9acc818cc4e94fd11325509013b433,5,5,0
36377e52aa9971718dd22913580b7799,4,5,1
9f6dfdbc41dfe578aaf31edd0ba546db,4,5,1
171b95be9dfea0748f5bb8f017882f8f,5,5,0
1c7348dbdae957a76d7886476cbc97e1,2,5,3
3615e42c9ff6c0d9bb86e14c6670d965,4,5,1
61af446d4e7b09c62e2f43501be438f1,5,5,0
ddf3bfcdef56cb027078b905d96da1e5,5,5,0
884b42885f11cac2abce880659eb1b0b,4,5,1
034c16aeedd39a916ea470f22a048b22,4,4,0
7621ddb8114cb72e4ac4673daf869f93,4,5,1
409d692c7314744b643ae98e8a11e1b5,5,5,0
06ba8c77c2419a72756b5660b04e3188,3,4,1
3d2919530aea3496b5773b143910145f,5,5,0
5076a734a6657a96ccc71e2bc8874e08,4,1,3
8258256a5491a4e80cbc6e6d15362318,1,4,3
5b30d3d26fa80138cf0eeaedf8a3a1a5,3,5,2
7fa83afea16e1e74fa6ec834ab946ca9,5,1,4
5a3bccb60104b1251c6a39e051c428ba,4,4,0
e6e2b1d0f8a98dca93bfcc801eaedc3a,5,4,1
678a38b0cc3c744c50dc8e0af737eda0,4,4,0
a9bcf1a7fe9234ce388f78f3902dfcae,5,5,0
6c0447fe1bac68a50c405d809f5f625e,1,5,4
b47238f009b4f97b2676067d6c0c0386,5,1,4
c9c382f83e175303a797ca7de7240679,5,5,0
9afb4dbb97ba2e4b69f72df48c4cf901,4,5,1
c9c727aec325e060789405c422a90c1d,4,4,0
a5849d6f70582d4c5217bac6616a45fa,5,4,1
f7a1c7b797e20c75f2e3dcec7ff17d22,5,1,4
05ebeda0c1aefd787e0ddc914af75039,5,1,4
450c895cd5341a52818d10c9593085bd,4,5,1
317e2909dc1f2ccf9d267681ec127887,4,1,3
1e55e0ca5a1ec21cc2073bf3df3e2f30,1,4,3
90ef0dd46322c07d322754512bf6b9b5,4,4,0
a6a55e24963a7ded7aa4b38b8c199565,5,5,0
00e63486fad9d24645c9c84ed77c15fa,5,3,2
88d1d2267096b03d7478723323ea363c,5,5,0
89f2413853ec50a94699c477188e2901,4,5,1
bb8a21007d7fc7789338070eaef9c601,5,4,1
fdf8b612a318d48e808e069e22f8222d,4,5,1
8dde389ebcf87898f96614bf718a3424,5,4,1
88543da9ad238e70098166896bf9ea06,5,5,0
6007f653ed368c140327fb6e59aa523c,3,5,2
5ad67427b38c94669fc35ffc73bce412,5,4,1
b24f4b97e574bf36072e9bd1a8fe042c,4,5,1
75d1b089800a77f3c4b653e297632423,3,5,2
d67b79fea59821fda4d363d337a56c3a,1,5,4
f7a8ec3f633e448f2e6a8e76622eeb9f,5,4,1
5c71702893e0335cb82b288f08cacfa0,5,5,0
f294439a6719ccac91b6e2f25088dd1c,5,4,1
b74092206cd29b62907516d95e927fd6,5,3,2
536a2dbf28ababa5342b510c8f923472,5,5,0
02b7a3c4c3376a74359add1cdf94bbd8,5,5,0
3364be119eff03652aef3e3abf764889,5,5,0
a2a0ebaf8a4f82631541cb03b5363bf8,5,5,0
4ee4b8462b9a39ac1fa86e28bcc22ad3,2,5,3
de2acf01121628d8ca0b8c36ef103bd5,5,3,2
a2e8f1f731b30517a6d0e1889d1c7e35,5,5,0
0cc893e70885ba7fc151e85141326ef5,5,1,4
05104976125ea1e5cc04bc1f506a436a,1,1,0
80e623f868d3e6dfcdbd8d68b1f02227,5,4,1
3b7545c5b8c9ab7d5fa45651f7e2c2ea,4,4,0
1d3e89c83af0905d749a8d07aac56855,5,5,0
fd2356259b01adb02b8da459b14a92fc,5,5,0
08bd4784e35a8be0fa12c4f4f91799ac,4,4,0
fad470f7841d90564d1d57919dc69bda,5,5,0
4957235ac475ee9ce4a593a8078c08b8,5,5,0
2cba7b5e0e9007f221ab7acf2ca260e3,4,3,1
324687cda932c3d68b91cb0fb2ea653e,5,1,4
8506571faf231af2bd4e43d1ba47dce8,5,5,0
a2e9aa14d517e240f6e7c7243dc1f639,4,4,0
1a449404ebac257b30cbe56e6500d36f,3,4,1
3d7b9f89c8227047efa43e1c557e0966,4,1,3
2d26e963bdb342dbdae1fad7ad2ea511,5,1,4
a471834c9ff33eaa1ba3b5aa8d6d0180,5,5,0
d865ad03de9edf74fc6bc89b5bd52706,5,5,0
b6969182ca56633a2bfb942ad18bb2b4,5,4,1
06c17d1278ee3d265f881df4a58f11d3,5,3,2
a233eaf2bd44e053226cc032f87a69ed,5,4,1
bbcf632e5c697b7e9666005c55d10a80,5,5,0
942456653f776d428a6107bb73f7780c,3,1,2
470bd7c916de78d36c5ed1f1990f1c5a,4,5,1
636b730a85bdd05024f5570316c55597,5,5,0
94a17118656ebafc4951d0f42859c168,5,5,0
c2f98ca0df773c12e9a3001fd986d24c,3,5,2
dc2098287a90d976b893165c71dfa020,5,5,0
91394832e2cfea6fd2da6fe1b72df4c9,4,5,1
56a88710573842db37ac692a3252a761,4,5,1
108c3238d247dead3fd7423cf8990c5b,5,4,1
7b9c120adc232288aecdf32aa428ee8a,5,5,0
90a1422a1f083e2c405dac4289980c69,4,5,1
7c218bc00f2be6633548cd5ba71e2268,5,5,0
69ad607f304efff8c01f1d47e95c2f58,5,5,0
f3f20a355feba5a3e09b1133932f992f,5,5,0
1108314d5c8392f935550f4bb2ab3e34,5,5,0
1b0bc119ea5ac37e73e2275afc7904ee,1,1,0
b36511d6ed0cbc11beb1ab142ab3021c,5,5,0
2f0b8584b80af898d09aed535fdd2307,5,1,4
8883dd20e652369652c1abd7a411788f,5,5,0
a15fc4ce7d1b1cd6ec005a2f267758d8,5,5,0
b89b5e15757b5d96e7d67c969324aeca,5,5,0
0e7be6aaa59ac324e8b9b4e71a84f3be,4,5,1
823e6849ed0014d669a9f8c6f7215c5e,5,5,0
85c1196c9210adc4d2a1b1685b1d0404,5,1,4
ba4ca9935a3de9d4a25569f1ff9368e9,5,5,0
ae28255c7b837ba319c9cbf1dfeeea0d,4,5,1
234c056c50619f48da64f731c48242b4,1,5,4
10394a4c18a22780ffb66c96fa737494,3,5,2
d699207a636092e537b5283b37888988,5,5,0
fd5b6be23bf746374e6d9d5f5ece3fd1,5,5,0
a74094da6741c43e6cdd5fc25ca3ff98,5,5,0
b50e3b667299367d4fde7a9395627941,5,5,0
83f897bfa5b1f95356e8c9a33679cb49,5,5,0
9639c9acf4aa298d4b0b4854136cb253,4,5,1
2a8789e83153f52f4449981b7193f993,4,4,0
a7a9af59fd37637073e26e33f78d015f,4,5,1
bb50a28145ecd1a42277631daa877711,5,4,1
a57f58fe155a76bf2ff1401b04a7ab33,5,5,0
c0199e1948471c7a3067b98fa16d16c5,3,5,2
83630f2412ec5ad7dc40991d1225e93c,1,5,4
a9029e5bd9332bbe973f3680152fb397,4,5,1
ae1126b6891f58552443772c80b1f562,5,5,0
09195dded6636223b79ba89aa778d5fb,1,5,4
98177e77e8e13fdf6cf26a7e98d86f02,5,1,4
3331e2e606f435cefac5a3ec86ebee7d,5,3,2
a1506880c64d76bdd37f1fa714865b7d,1,5,4
5fcc2670963f8c4fb6659296e7833fc1,1,5,4
5713e6bc9a550b3abc8c7aa03a2db95d,5,5,0
e1da670d323874bc4ab65a65fd87eb05,5,5,0
94895f7d1c2013757411b7ea098bd37e,5,5,0
27e82e1666b119aaadc6466019e50bc3,5,5,0
6f9f510503836c2006694d0d0f8b142a,5,5,0
d3838a24843870a5ec06d16bcf45bbdd,5,5,0
2c757e77a76180de84c39b8afdcdcb72,5,4,1
61e7365ad2e2ce5a3dbf650586623b7f,5,5,0
71c467da99c1f688a401a10d9ba6814d,1,1,0
ea4b86c8004a1dc893590cbe743dfd1c,5,1,4
fa1504a98e3482c59bb07d3024a15b14,5,5,0
256fd7aba8c450a1a97a52b1c9d422bc,5,1,4
26c032093452825fab1ef0adcde581ac,5,5,0
4618ea1ec695ec1707fcf8cc21a52b0d,1,1,0
bf65b4dfd8ce84479e31f38c67b18312,4,5,1
0d28f995a2a25ad8106b1fe23e23297b,3,5,2
dd787ad9c97e5504d6ea0bd294906902,1,5,4
c6a2bdf8fa25475ae4031f5138c716fc,5,5,0
079aa97bd14929502e11d87d14790792,5,1,4
2ffb8e2050ae93716f72226de572ab0d,4,1,3
ac6ee8b3f24f43e8a7b12154ec508b18,5,2,3
8c600fe7313f8812bb80d7049fb7031a,5,5,0
f1d6087db90cd2b8feb467f5924d4f08,4,5,1
bab72f3856e8cc2c8396ce2441414540,4,3,1
8530652c8cba532953c2736e8bd477ff,5,5,0
5c81ecc71f66f9a6aef23cc998bc47bf,5,5,0
addd750cdd1e291d03ffa31e89eec86e,3,1,2
db7374d1f9c8965e0fbbc1fd1cc916fe,5,1,4
d7e6b2a827de13f3b539c79bb5b89577,5,5,0
40a9be4510459ae28841128e5938153f,5,5,0
fea4df6f0bd3b6a85cfe1555dad66203,5,5,0
6a09c972c5374c18c043270ddf09b641,5,5,0
c2d07d9078b700b9198a126183867c16,5,5,0
97402aa8a8f224eca96029fe80d2286f,5,4,1
5f6336571c2c474d5cd8e7ceb3d080ee,3,3,0
83329d0539a9b3f087f05db119bee0d6,1,1,0
cd09c24e7f20280427dd7bf69a9d21db,5,5,0
1612ae3dcb046a0628552c76e5462632,5,5,0
749309f96df588c96621963117e9530f,1,5,4
e11dbf8f73df2ef44ac68c5dd90b3892,5,5,0
55e54fbe84b592cd76e9cb620b4e41be,5,5,0
73a15e8fc5de8485d1f16639bc66a273,1,1,0
cadf799bab2fdd6d82d549d720595d8b,1,5,4
c0c3609df099c79f1f6d894143767ca0,4,5,1
9d0ca265751868d6105b4e52c50125a9,5,1,4
2e1205ef23c9d6445449283ddfe660ad,2,4,2
c3b39606c48fa29506dbe170a4f54562,5,5,0
779e5d7986235ddc059c04a8304aabed,5,5,0
8399f290ca1022f41024468f3864dac5,5,1,4
0382a4a9c39917c21b842b7c15f4be23,5,5,0
c2836ff9ab20ff55026da2c7278840b6,5,5,0
acf5ccf66bf3f5feb826e01d3766e474,5,5,0
bda46920fb31dc59b147208200b18377,5,1,4
4b724da8c370a3fde7491b6393f2ba12,5,5,0
b37db6912ff47596467cd81b36818a5c,5,4,1
06a02b60d897c8f12fb3287e9de120e3,1,5,4
a0cd5eaf9f92718cdd22216a1c8bb103,5,5,0
85669fb33dd055759b02aceef5413b3e,5,5,0
d779224365f07d6953c45ef342c824e6,5,4,1
c3fd18a4aeb8e2d589b0248ce60e91b7,2,5,3
33b4b136d93aba3984987dc2c213713e,5,5,0
22ecef80997c71139d9679802f02e84d,2,4,2
35642e42741af129914f2cd0ab468289,1,4,3
54c1bfb14817ae525a9e49f44e83544d,5,5,0
6bfb5b857e326522e7ad3d163ebeca12,3,5,2
79d316a7d0d628895124bcefd1040ed7,5,1,4
4925d46939ebcbb319898208aa308321,5,5,0
b04b5f6052511a30ad4b0fddef226949,5,5,0
e78777ae8bbd5574ac03f4fd12e5daed,1,1,0
c6a45cf151fdf09625a38f65bddc3082,5,5,0
40e7e406d2aadf3fb95b04e41909b29a,3,5,2
c9e21564afa689e7e67a79fdebfcd286,4,1,3
4cc22fa6b7267027aac4151271636112,5,4,1
44efa161f00e760df72f281915ad34e7,4,5,1
601d101f152fdff51e7ee9d43af78d06,5,5,0
69c6be5f48a1dd84aa79f4ed149dbb30,3,3,0
70c5ccc21360b2f9c8f0a0decfb4e41d,5,4,1
b81c8d51d95fc3ddef4edbadb799c006,5,5,0
b9e84c5345afe0d23623324665a6df5c,5,5,0
79e339edd187057a60d7cbe59df7526f,5,5,0
a1e313e06320d5c725c2ba02d0cf5be2,1,1,0
4e1fb96e2f63c315a9ca0c11d9254ada,3,1,2
e21fb196bd04dacce0907722f0660282,5,5,0
ba75e370e47503142da34eea6301546a,4,1,3
2df952b27ecdf708ef92658a4adf881b,5,5,0
dd6080fd238b70c9ebb44a038b77c410,5,4,1
26f078c600b86ed6c916be331d3dc1b0,5,5,0
d2787e74c073dd7a21b4e4a873abd9f1,2,4,2
9579d15470e621248235c5cb9164130e,5,5,0
0a54256bfd2401d553f81d8e37e5305d,5,4,1
257041ac42267fca37db236f4d5d7197,5,3,2
e383fed56a3263977ef519e546eeb1e7,5,3,2
125e97537241764b49f9051540737feb,5,4,1
0009792311464db532ff765bf7b182ae,5,5,0
1166ac5af4262300b61e079c496223c6,4,5,1
0f3c5ae029d4593f5dad8e97e29ffdad,3,2,1
11531b318e176d53a632286789eae9c8,5,5,0
678ec27e8a4c8d92384bd0834f21b308,4,4,0
749ccd54a6e860862770d11abcbbe0bc,5,5,0
f7b736bf93ccc535ded543a109635e28,5,5,0
426e4334378411f7d0ebc7ad5894acd7,5,1,4
f6574123907a6dbd5a6815a933352dd1,5,5,0
ce8157b7dce9a36c6ab802ad73f494e4,5,3,2
34eee68850f6ab8118e4600207afdaf4,4,5,1
31f8013402a0749b3ab433b1aee11754,5,5,0
2e1124c96e6020420725d0f91ee109f8,3,4,1
e5700a52207ef266413e9f43a7b0d5f6,5,5,0
3e59aa9edece49294543e724d5a16f5f,5,4,1
5f8c42f0624576e5f4c4c86cb176c613,5,5,0
34688497162fbb53b24e10738f912fa4,1,5,4
ddbf66b94fb46c0d9e1eef69973da063,5,5,0
4e0db43ba51c0e0ede8c48b094526132,3,5,2
3465fd888b10f6955d53af353b72452b,5,4,1
99bcaf97ce53d503eb254ac49786bb13,5,5,0
7c49116d4145973db0932d0e6a18fe6c,5,5,0
882f92adde58820c4ae257ec5c31bf16,5,5,0
48c624d7fc96b46021a6e12536c643fb,5,5,0
707fec00567dfaa251bc610a0c0cd056,4,5,1
445736171736c70c6187ee83c34165fe,4,1,3
286dbc475e52044b50f115b01621cd64,4,3,1
ff3c0c2207c6a0aad6029251042fd6d1,4,5,1
d03428478ca1e760e9c5898acc54665f,3,5,2
e6103b1c3a67152c7b688d5da11460de,4,1,3
677b75c94abaf28f434d9f1be4c12808,5,5,0
cacbbea6c8fa8e5cf10021eab8a162d7,5,1,4
bfcec91a0841313fabd35ed075e4a8f5,2,5,3
4908ec7da1a1ce47b9b5da8de4192f4c,5,3,2
90674f59a21207f91a7387785c66f340,5,1,4
dc040d454f8619d4efa801ed69538bc5,5,5,0
58274272cfde0e71c0ee61eaee5a60e1,1,5,4
865897de02d9ded27e7598dc5013f98e,5,4,1
7a28faee4e4959f358d2fdbe66e22107,5,5,0
d2651bbfae1f2a0814488eea7ff6165d,4,1,3
8f0ece4530d9684c0412c31486a5aee4,5,3,2
1389d3b1fab26d87e40c382d11a8ac3c,4,3,1
d77f5a013b0d47e99197422a47b3b139,5,5,0
b8e11074d7fd4b6123ebcc4af964381c,4,5,1
def50c71a1a53113fb9d1ad68ee34e4a,5,4,1
2b161ac439724fda87d03abf890234b5,5,4,1
9696c06c5b4dacf79ad4fc897b1aa93b,4,5,1
677c865b89aa97e7dbeb4bfbb50bbcfd,5,5,0
75e3a145a842715ed463a3a4ca34e489,5,1,4
48d5b6816e1f11f1272000b4af1fd7ed,5,5,0
5a6cd6b1857e91f2e14f76af61a7ec07,5,5,0
256c2127e05b924a7cbf69f95e3c4830,2,4,2
65f8a599904103180833575eb6a08702,5,3,2
6f5287c7bb4cef1435b9666c23c54f9e,5,5,0
da8831dfbb89ea6b128840224899b348,4,5,1
24df3585323f6a191abb565d1706daf2,4,1,3
6ee453b121f65674cd0525457f985513,5,4,1
3adb141ba4bd69dd7fe8d3fb733c6b74,5,5,0
760209837cc5c577075aeb32eb2f219f,5,5,0
24c6c83e90a996ebc2ef245089006910,5,5,0
d58096e42e1aaf58b8521e8f8b4c20dc,5,1,4
47746dec59be8d0a3591eb2e7ab72da5,4,5,1
7948a599ad3b5be1c5394644d0d4f8a4,5,5,0
14475bfb58d520ab74383d026390abfa,5,5,0
5c4b6f896e003ca0b2a00ac3d1124822,4,5,1
69e9045bc98231a8e6e85723d88a9833,5,4,1
b6f5abd372e047f666f90ef9456c4eb4,5,5,0
b41ff7b4b8380f9addca6c2db2b32594,4,5,1
4cfb3d5969df460524508647d27aca46,5,5,0
83c3246595fc5058c7c66a99cf9b74a9,2,1,1
b77f53899c1c8e0a22ad60800bc4f214,2,5,3
d9926cee93b8e76d736ca514364a713a,4,5,1
d00d6712bb15e2f5c4c1766b9f60f43a,5,3,2
3cfb52a132c9fd20ee4abc973f86d8e3,5,4,1
602fd0f12980f5a92b67acc19187fb87,5,1,4
2df1ebb1aa609632517182df5fa53a6c,5,5,0
6c7162d7eb88ca4c936d4fd6ee5ed5ef,4,5,1
7aa4279cc25c67bbcf033b0ffa8e5587,1,5,4
1f0e3e7a13d98443333a705e4ea42148,3,5,2
ad2e046d1a59ee49ddf9ae258360b81b,5,5,0
6f535066d76606a03524581e88087ce1,5,5,0
0ee97b38c4a4fd3b8d3c243e60b4cd44,5,5,0
fa2c0183390d96cbabb604c27aedf7e5,5,1,4
1840aa65dea7f5258483a49b4558417d,5,5,0
1e2f320acd9cf7428412fb4ba5c537fe,3,5,2
208e05b081036510b22aee2ff50a28c3,4,4,0
1d6efdc47fc22d96340ff4b18566ef54,5,5,0
9d9b7e26c7daa6c169b9cd3859930770,4,4,0
5f0a629aeece4974825fe52949c74603,5,5,0
d0ad5936a2ffe64ad0d7f2ec5703d647,3,4,1
b39ecb6c0af8f006d1bf639d962fb92e,3,5,2
420d28103f84eb7c76bede8dddea608c,5,5,0
89e0ae495fe8fa69f8e5a8351ec325a5,5,5,0
0d898acc80d3c7a150bd832ac4050c81,5,1,4
27a9505321037616d2e112a11760adcd,1,5,4
8c8ab4a6c61aaea6eccaed2958c36231,3,5,2
af2a45bf678ca2d4d9f78d43503d0cb7,2,1,1
9ed6ff68c038e8845f2f84d08fba359b,5,5,0
04158f13c5f4533ee32baa89521cf9ba,4,4,0
ed1907be7ed16822efc6ac9615b2deae,5,5,0
ca27a287674894b782ade649665cdb1e,1,5,4
80bef000a2d88b3b23fab45c546c67ff,5,5,0
fe46aba4a014e5b994e190a8b8ca18e7,4,1,3
fbc58b983315a34a3c81dd19b003dffa,5,5,0
3720597f28a3c3c4dd7e603f98e67af1,5,5,0
311eb3425fa63439e2f9bba0d60d8768,5,5,0
991b6f0cb448175a229309dd55699710,4,5,1
78275af5c9a2f3d0e1d19f9f4bc62922,5,5,0
1c0a7a0c422473ac09e61c7def41bb0d,5,5,0
bf6ead07100465b8b825c67e0f6dd2d0,3,5,2
87dc3fd7007c4660f83c57f210061b28,5,5,0
ea22618b32b3545da7c820e1ea37f0f6,5,4,1
ac730ec54a5502ff2a207c2f485f3d83,5,5,0
e96a7d9b6d30b44304ff2cce1c8d83ff,2,5,3
0b5d86d1d6e2e765f19774b9572b1987,5,5,0
7e41e7372ce6842cf380d475bf0927b4,4,1,3
e300c76076c4b56031abe6f3ff54817f,5,5,0
7f877edba51577b9054e7490ab7469e9,5,3,2
b65df09993493fd5f15bef98f1a348fc,5,5,0
be5855d64fcac12e1e9c036a4932ff7d,5,5,0
c594dcc4076734aead2277d898c2d187,5,1,4
18ddc3c409bd61beb6c3c455954278c0,4,4,0
06bd4e8d281ae8780eadabe2f8886368,5,4,1
c98c0d54162f552567aae1af36d539b4,5,4,1
9f5721ac1a943468f5591f34f17bba7e,4,5,1
b8ccf087dea4fc431e71277cf66ed793,4,5,1
2c810e97c1d3956172e1830863e6a133,4,5,1
ad8cbf1b92732052ce15fbcc313b59e2,5,1,4
c0c2ece9e641c6fc11690ceafbc7469e,3,5,2
993f3fc78c8cdf418bd5b0f7cfffcaa9,2,5,3
1a109ace7bc73c15e6ef45d6d4423dbd,5,1,4
c5d37fd7edf7a0833228d03ce7eb7531,4,4,0
58b67b63bcec8f5f157c17d15b724b89,5,5,0
777e12368d3bb5d1b085cdbc60c6f910,4,5,1
bdb2a4829fa0c44316c6355477f69c3c,4,5,1
e1716f3b568b31f585d5c531d45612d7,3,1,2
8b4b66868641eb5fc2bc090dc4f702f7,5,4,1
c974f0eb10f24498b3e0863a5195b748,3,5,2
0ee8b349c2365dd4a396a819fc586cc1,5,2,3
49bf9682392edd732a6f0a6c9ff7f196,4,5,1
fb3ea316744c112147796dcd168a18f3,5,5,0
16c52c86f53dc9687fa8523fb92b7121,4,4,0
b7d794a0d512566c47d3ffb585bb3805,5,5,0
95c8563ff69b82a5e9345b9f0464f788,5,5,0
68f238efe64d771f8529c4689219e854,1,5,4
d895b69ba0803a2ebe648a624d6e3f08,5,2,3
946d4f5359317f054ef617725b284cc3,2,4,2
6265e86b71fc209d82742bcfebe33046,5,5,0
a0b5c0a93889a160e7f4638322b9959c,5,4,1
38285c101a3b9fd08110335d8405a232,5,5,0
5597332b7eded552f104108f22b023e4,5,5,0
b29aef07fc359c950db89a961acc1fa2,5,1,4
c52af89e91822e0fe67fab5eca3f2c5f,5,5,0
5dac9935cdde1d40def25a669f8812a9,5,5,0
06ecfa8dfae87263e05d953aa561603d,5,4,1
9226ec3974c021b8d68869985603b685,4,5,1
243fd4d4dbddf371c229a0122ac3e661,4,1,3
c6f11a51ee3384a11e50cc55dc685c24,4,5,1
3d2f2b0dbc402e2cffef16352788e9e1,5,5,0
cb8372ec4562008e6648acf4fa8b81c7,2,5,3
de4200e70f1ba056e8e0ce5a6b057f76,5,4,1
2ad2d3393253922f6f46941e23089bf0,5,3,2
35ae091cd580f7c6dbb7f8c1552740fd,5,5,0
797c6ff206949b463f4b498b5888e2ef,5,4,1
6e25453a992842c74dad4997432fa104,5,5,0
00310b0c75bb13015ec4d82d341865a4,1,4,3
a835505a16cefe4fe794476d79374f81,1,5,4
b9a703ce4f5ae752f1ea894775d250ff,1,5,4
dcafc8a38571b2f390004e0d85867df8,5,5,0
287791188818821b1e768b55b446bc27,5,1,4
4160b6447ad70e6d73f7221dd970bbe9,5,5,0
45435ca6ad009bf6d0b66e2c375a21d6,5,5,0
63d44f6f75e4ac6761afb732931751c0,5,5,0
d2a447028b1fbbc9200739e3fee4e22c,4,5,1
0028de0ca693a1bb26448916a81105cc,4,4,0
54995426ac1196508609ac35b03b5e63,5,5,0
5add1b45cd9bc70f43535f349cfed8ce,5,5,0
bc5c3e5c0d461286c2e22f90ce022e3f,4,4,0
cecdac61b34706beb4fb0d9a531082a2,4,5,1
67d7d2f069a2b83e36ab0304e03132e6,5,4,1
dcb668b21e7c36224624fc4b4ddbf0fd,5,5,0
970a49012cfe41d81bfd4593b83ce4a5,5,5,0
bea1ab5c0fe7913f170dd7e82e53dac4,5,5,0
5b686ee96f05cb6987dda1919ebf2bdf,3,1,2
01eaa000fe5c9f80f535c3d0cad25a47,4,5,1
ca76635b390431657148c4f92d697fe1,5,5,0
9f4dc9b14ebdb349537c57ed4e469c28,5,4,1
1a561b1e30fd914ae3cf3f82bf41d02b,5,1,4
2a898874fbdeadc5df2ea8a0b01b85cb,4,1,3
2996234f359b5a3b99263b0f5b841d86,5,3,2
c36fb6428310de9e2e53d78caee5baf1,3,5,2
f2549ba65e2aa4e4831c43946625e476,3,5,2
ae444b0ace16023ecd8b22ea477c263d,5,4,1
b2eda1812564491a3461f7e08104ed8f,2,1,1
5c4e6dc9331f62136e1d51c2af608af9,5,1,4
e4ace38893f7d4e22939778dd93b3dee,5,5,0
7229fca9b269915fc63b44434d20828a,5,5,0
a8f3236d399cdf5f80c6ea3866b24ef0,5,5,0
727140332cb5607e87e03e1501f636b2,5,5,0
12a762b532552a237f910c72b43281ae,5,5,0
ef2d1b5b5f1fc3ea70338bb4c64f0129,5,4,1
ad0e8e3c3cda723a11733875aea3ec64,5,5,0
9855054362f487c4f25172bd0b8a44cf,4,5,1
a539050b5ced5a45fbb22fa7a99f2043,5,5,0
1c2c2ef84bd5a49273a5db738b6bcc7a,5,5,0
7485a2fd25ea2d65d745b44dce5872c7,5,4,1
cf5f5f819b2d893f6b4545d61025dcf4,5,3,2
d3abd72db4f9d182cf59e936ef0baf5a,5,1,4
f4adc4de5704b78924f3147944aa7e01,5,4,1
afaee45f0a9f01571cc18395ecc4ad0e,4,5,1
08db644c231a8d55a618af8c9f1280f0,5,5,0
59566b390f9e3f2182830b3a0b1022d0,5,4,1
ccd2795b4fd33757b039fb15b8a12109,3,2,1
883ee9317106f1b48b157ecaddc83f64,4,4,0
fe166f25e5b4e549094b37531b20cd19,5,5,0
1b3d029e5f088cea5910cccc6f480c33,4,5,1
94fca82966c05ba707f4e7dc0c50aa3c,4,2,2
93d7cfb112111edec49fd02555f48da3,3,5,2
cb12d32a82abfd6f2d13581b3c8e3e80,5,5,0
a3a0548064c8724d07f841bbb1e256f1,5,5,0
06afc1144eb9f51ef2aa90ec9223c7f4,3,1,2
d3f6f79bdfb5ff2eb96f8c4838b904df,5,5,0
0754d33c0d259d6851e811948048324a,5,5,0
fab4815807a6e4f6e958e70eda5608bd,5,5,0
443ca495356740c3822c77b19cf02c4a,4,4,0
9c27c0e9a3ff1c62ceecc6b160ae7c63,3,3,0
593608ed6695aef889973ce8a45506b4,5,5,0
3282779fe3b8973d9139f7b8fd8e22c0,5,5,0
31b0ad9590cbb7cce97820802ad69c6b,5,5,0
0397de68fce44f5cdd948f2a5e83862b,1,5,4
6a145a0bfebe28cf3c33bffdcc1be30a,5,3,2
121272279b30a29c68123cd40843a040,5,3,2
f70dff3502fa3fe88532b170cf4f126a,5,1,4
076291ccc60bbd19ff77babbb78324d5,4,1,3
d289934bddf878e1cac62c95c8ee5402,4,5,1
3a4e65de6ffd941f6a4ee824d472aabb,5,1,4
aff7272552bd176268229d8c5883fce8,5,5,0
b178d37bc8cf0346e18f4ebeff294dcc,3,4,1
51bc66830d9248438896664e31f24dec,5,5,0
4cb385f74038f0750930b7baa3aaa3fc,4,4,0
d6c43cc94c51d9176828e42155f97127,4,5,1
ec082d3ffd103096f9274b6247217ff9,1,1,0
95149a14172495a0aef0ac5c59f95d1c,1,5,4
a0d3b62390e72dcfd8fc6b29c1af0061,5,5,0
65d549dc989e0c1b68a8ee77cc3e3de9,5,4,1
b07f363d9c31fdda91a9c8079b99c2d1,5,1,4
d4bc0ad85ade29acdd0a51c7ce9367b1,5,5,0
b1c978cd633caac1ce86e36b61e8aeb3,5,3,2
0d71624d3497568c5af4fa0fc5faa967,5,5,0
fa7d72fd5ce0a155a608f0981ef23c91,5,5,0
0f39e640d202449c6fd3aebf9b09f1fd,5,2,3
a83cf2c3eb9eb4370ba4d38c591fab3d,5,3,2
a8cdf6bc7ab2e5f5ec6d5dc977c3c295,5,4,1
77338308426749365f169773fa614a56,5,5,0
e2ea1c8dd335be5a191a54a8de85770e,5,5,0
b9dd50946ccb67dc7d9720f5c1cf41f9,5,4,1
3edfecc4a611653ebb70ad242db1aa56,4,1,3
8333c49adbe3515e032c472789e8201e,5,1,4
49e720bd050835a646e0d5e8a89a42ea,5,5,0
a5bf7b210e4e59a0a786e88355cc8657,5,5,0
0b3d6a3ba1e60a466b54775dcff1bf7d,5,4,1
dc9f4cd231c11babfef316d35486eff4,3,4,1
9b9d21b1dc1050dc96db48854b488091,3,5,2
27d168c6a89ffc87604d2e42c7761956,4,5,1
f3ac96719aada8e7d197ff55ddea4d12,2,3,1
f2307c6c281dc9e69cee79495692066a,4,4,0
f92e273af7fd8aa4c0b40388cf80be75,5,4,1
5f7811f83d3d9d0aa1f4c9bcd1cc1a12,5,5,0
f3f13f75c34a679c5006108acf61e0da,3,5,2
129832042bc2898155b5ebf3b2058585,5,2,3
45ce374cd293f6539ec1711a93f94aa7,3,3,0
82d57496fe85e9df6e149099e638aef0,4,4,0
2bcca46cc41a77cd84a4bdc700411b14,5,5,0
0c0c2969d3adf4fffa3753dcc37f135d,4,5,1
75f3ecc1ee0d23f0fcc29fa7bff30a16,5,5,0
197eebbd778d2ac6ee1ca48441bcd80f,4,4,0
6bd0fc624485f2d1ad4aad6df1569d1a,4,1,3
5750d60517669a97d14de871a5f11798,5,5,0
a5543e119a631f1be4191fbc2c5e1e07,5,4,1
ad35e12cac3d10509e40885edfbc33d9,4,5,1
fd87f26f55d7a60ee6f71530b416e808,5,5,0
b98ebf284363c61636157e9248e966b8,3,3,0
267260b7bf82df7975cb0ef017763e02,5,1,4
e6bb409c7115979984f53a191daf6a1d,4,5,1
2e06e0410e2829e55051f03c2e60822d,5,1,4
3c7a85bec79aa0e49a8c03c3fbece2de,5,5,0
8bfc859f734def7a579d24fe9b618da3,5,4,1
a97041e9aa36c525119520db08b537c1,5,1,4
97d2d4d4e4016a1ea008f1e3a3e35ea5,5,3,2
4c0b7cef000c9351cd7f160ad283a0f8,4,5,1
e9393662026f1973d6330fb33ef1ffa5,5,1,4
4155cce59e4c6284e17f9143818b2906,5,5,0
3ffa506c19577dce30f9dbce07028c38,4,5,1
4973b3b81af1585534c0b3de209acec6,5,2,3
21ee832eff624a82225c6e98cd2dcf7f,5,5,0
7f3189b85f3e348f9d772df47fe06bf7,3,5,2
3f50f62b343cd447c0fd8af4196bdc33,5,5,0
5c2c3051e99aa85bb1f2260f51e59f49,2,4,2
4f6e86f404fab64c41e4e17b71ae65e4,4,5,1
018bb1508d9156b81990407b91fb35a8,2,1,1
2b4509bf2ed25bb2181a5279f8a4123a,4,4,0
ed97636c23f94768f347b01d4ba20e64,5,5,0
8dcd08ba1ddd245791d0fe2a764d7c0c,4,4,0
4b81239fe83a49acf69014a6819d45f7,4,1,3
a5e8a66d24ac5735531a3eaad092730f,5,5,0
f847f9f6a559fe5fedf35c9542c29dbe,5,4,1
103de323ece563a1012b4b6adf5a81b2,5,5,0
d34e950d8952f0edfb48e7be2634ff91,5,3,2
86d715fc34a3dcdaa28d66fab140f969,5,5,0
0f090dd2d83a9d755108584313c8208d,3,5,2
789efe01c5431a828ed0f537a7057016,5,5,0
5e5e4681bb7d9d823fcbe2a440e5c0aa,5,5,0
46c719474f16c03e64e590fa4d1a2ff7,5,4,1
357d14cbf3b59ba6e6ddb0b402b3d171,5,3,2
cdf713b645faa55bba5c66e66aeef41e,5,5,0
e6fed6276bf6386ddf418ff601846889,5,5,0
f4a2e4ba8b38d477a33e67c8a7840352,5,5,0
64834bc188a370357ed08e9eabe5f92e,5,1,4
de829fd7475239b4c3110ca7660f971e,4,5,1
5d84669999cbca120d2d557e6995ee80,5,3,2
5f10b25bf1ca7b7f55731524ad40b1ad,5,5,0
5187083897017a7ef1f9992070d898ba,5,5,0
632e726a9f9d86fa53c5337dde0b50a1,5,5,0
739706624ef992fc93bb60f5df5e1278,5,5,0
7d95b7b7b3b608ce023db6ed122d47d7,5,4,1
adb8036d8a5a923d533101a9a7397523,1,5,4
f92b608c97b4dfa2e808d0b4008d2475,5,1,4
2b412aeedb11e28a767792c75ae47a1f,5,5,0
77afc8cdc7d93975016850b0b1b02c90,1,1,0
3b4a2b377fe671156cd586637d974f3f,5,5,0
acd8b5c9553781a42c06690b5332a9f2,4,5,1
9d104772bdce3edf86e439b682078c3d,5,4,1
25b0aadbfdbdc6fcc91820762f6aaf35,5,5,0
ea25a7c224e8ab2c05c2425da85c033d,4,3,1
f975710202a96794f2b466c4dbea49e0,5,3,2
da56bf0bdea03c2780bb37ff9db85e3d,5,5,0
0b84f3f6163172e6ede5bbd0b5b98394,5,5,0
298f6fa064cd036a4788f7f177170261,4,5,1
01d1bb79f3dee77d8a6809aff0025590,4,1,3
6782b1071318ad334c2a648586098947,5,5,0
c7c1820a74542b67b30b740697e55d01,5,5,0
081820c2ad1ad7f6c452c1e845529fe8,5,1,4
0103878b7ed86b6ec873cfae01379472,5,5,0
43050a51a257b17d51295e07650cb654,1,5,4
e4a03aa31a44aef0f584dff623119c72,5,4,1
60d87c3a8975a3933f54d91664de9a7a,5,5,0
48761cfd8309604ddb00a812ae7d9473,4,3,1
14666138d6ac727f90a5f2775b282d07,5,3,2
cede6783681ee6ca1c00eb85d602ead4,5,4,1
9fce4af6a15c3fa67e2ee1b52839d6dc,1,1,0
3c49ac24936ce58ff09050d9878c2130,5,5,0
044cbf8cf2b8839acd8f0fbc6faeeabd,5,5,0
893586a39118c946cd346581dd2d2d6b,4,4,0
08fb5d31021fb887ce4ab33b8cdb804e,5,5,0
70106ccc9d334eb87a749a2e17344f7d,1,1,0
b6a2fed48bed96ec6db31f2850896e77,4,3,1
d5c6ccc7f3bf2ffb7dda78c440e18328,3,5,2
77df84f9195be22a4e9cb72ca9e8b4c2,1,1,0
e466da8b1fce311e8469cb62530c18a9,5,5,0
afe333c1956628d870ce89ad385f4e9b,4,5,1
1e09b85a1e6ef1c95b4c08e874ef7ff0,5,5,0
348ca978ba86600e3f6e9b984c52e6d6,4,4,0
1eb823605a5556c5e6efcdb09eae3c0d,3,4,1
9e104f0ff212612755b68a316b86ffd8,5,5,0
5e9b9294ffca7bfd51b94fd80d4d99af,5,5,0
474b04026899cacfa5e37c1bd0f888a4,5,1,4
64eeb35d3ade7fcdff9fbb1ca5175bcf,4,3,1
41d29c3ada71413bc68d0452a9f4e902,4,1,3
dad751910ee8793efe38a28bd04cf1d8,5,1,4
30eee244a7d32cac1de9617e4b9ae312,5,4,1
93d336256cb2fc7b61c9030d24d0f031,5,4,1
1e7b55dfee29c0ed7edb54c8cfeaf244,4,3,1
36d2f4c466cc35f518fac94f87653109,5,4,1
7e8dc21f44e46302a51e046680bc6598,5,5,0
5f78b53dcbc5aa24a395bc521fbf4abd,5,4,1
71b2f4ee75a2ad70a20e594c8638b23d,5,3,2
bc68edad1573b158a94188df0cd960c0,5,5,0
28f3ef4df1e409cd6f55d7d67fc81a9f,4,1,3
9d4267186d4e276d018cc7c90291768e,4,5,1
0eb943e25686a73425894fcc95e842e3,5,1,4
e545a4381abd22871120cdfbd0c97a8f,5,5,0
5be9af49f40fc3bbb1c3c8aa5b7d8ee9,5,5,0
23640e7307c51b05dd5ce3b34dbce5b7,5,5,0
f605124d27f2e57fff4d4555277d0dbd,5,5,0
f0134bd71e6bbd312d86f1f073d60b72,5,5,0
67fc5f606ae3826fe2e204222407f87d,4,4,0
f9ea79e9f9906b0d3b9c85e8931e8efb,4,5,1
b32d933cbb60baceeffff29dad694641,5,5,0
9e8ef3a707f0f0558057a948db92f600,4,3,1
7781f29a6de6cb94622ec8cb927dded0,4,5,1
4501d0b820f14b169af11308055974e2,5,5,0
2e5a94baadfcbcd894cbe04a9d4afb18,5,5,0
bfcc7c29cd728eb97a04e55544a978bd,3,1,2
5cb15aad23cb171ffca7fe16297f5076,5,5,0
841f2e1933fe5a504b9988e799265650,5,5,0
a35f0b52cacb3c4208d7107bde82f2cf,3,5,2
d01105351950ac50f4969205d5d249f9,5,5,0
4ce2a78f4b4b1166f0e04bbdc825f7b3,5,1,4
cfa4fa27b417971e86d8127cb688712f,3,5,2
8b625b4e1dacc9fe542998ddc8cefd6c,3,3,0
fc23e88553b5a1dbbbc124972cc4534b,5,5,0
c9c76a6cf34575ea054a043a4d03c0a1,3,5,2
355c14cca8fef764ee4faa28db69342f,5,5,0
d9e5efc8095789e6ed44f7419f794928,5,5,0
25be27a5bc17c6ccd29b5839526651a2,4,5,1
afd30106ec5fcdc91936dc9e8bdac2bb,5,1,4
f1adc476dcc05bdb3df49c73d0990a13,5,4,1
06d4759251d186697714a0c1a3fccb0c,4,1,3
47d2367a665bbdf93b5db53cfc4f5d2a,5,5,0
86bb2a790fa5e4830a669e84e452ec3d,5,3,2
282173a7e501a3bcdf5ac035f2da53ed,4,5,1
70b14d661add0cbde2c7f5288e5c531b,5,5,0
7a3d9b3ab1e5b13b14eb818050343b5b,5,5,0
5ddee063fdf0f2a5c828b499fb857e85,5,5,0
3fd0d04de88c8b59a53bc56703895c20,3,5,2
d71107a6731127052448382e44f602ad,5,4,1
1a9b5dd397fc3ec9e54ff4b9a738a37e,4,4,0
cec27ecc8324e22e5721ce87471d4b31,4,3,1
f22994b30f7ab7b86eacb2ea99e61a86,5,5,0
84aa61a900410cfe26b57337d376a1ae,5,5,0
f35cac76c0b3ccb901b3ac0326ef34ba,5,5,0
8c3a8d8a16234d5aac3979fb63733778,5,5,0
858505c5992f35429d07aae37bad60a8,5,4,1
845b62fbbe4d5781455b7da5d4989afa,5,5,0
a2b3e75e2e444a9ce134788d66d5dec1,5,3,2
45ea2b89437b64de2c57f6651d35f451,4,5,1
afc091f97bfa9985b6ab413ad1a9891b,5,1,4
cb59ee47ea87ca723d612fc989466be9,3,4,1
71bd2b49a4e92c385e1c668b56aea592,5,1,4
c713f1fadf9be09f8f37e21eddce6a3f,5,1,4
f51c9940410ef77422e4efbca407c161,4,4,0
2c85266fde39a3694a2b4f7917680ff6,5,5,0
5f3af433b422f8039d6985ff87ba847e,5,1,4
a6f118bcb8721211afbb36e4a1e63610,5,5,0
dab96f487f4979e8da25ec94ecc1f33a,5,5,0
957ba0861ba82e4446aa2f105b7f794b,5,5,0
d9cce1189df2e1b16f34c16c80f29f2a,5,4,1
1184c1bbcfb488132ee2bca2c07cd743,5,5,0
7a2a2633b023ac3ee1dc583d44181b2a,4,5,1
3dd5f3e88e755bfddd878c1be9903b4c,5,5,0
e339c040755b354d17a122b68617cb4f,4,3,1
5e7b379aa81e0e21c5894e1f71cb45d6,4,4,0
a498cd320a4937e66cb7b1013909a271,5,5,0
25ec17a7457f797d4a253f3f492d4686,4,5,1
c4b2b908aab6585b6a3147ac72952242,3,5,2
0b8e4fe7f85610340424b314dc68c366,5,4,1
05be057d337a9ea02bb4111d054a670a,5,1,4
7ce68309502b8d864e9ef8e47d21fd03,4,4,0
0da2f53b590353e40a328c2d8c3dd010,3,3,0
08796d7a1fa345c5bce8f3f53435e21c,5,5,0
d037016bf21257acf9413f8a2ee0fd09,5,5,0
2f11e52d9cc6298d5beeccc09e46778d,4,5,1
e2384e27d52c798743c71c9f2c57763a,5,1,4
a0469b6e4b00520b86b346163905059e,5,5,0
244232dbaf1d3d08c7e863d28b8ec328,5,4,1
332bd11885d05706808d2941958750a9,1,5,4
3fcbf2059f4b76ed137fb591f6e826b4,5,5,0
70e430723d15eaf320da7d163e736ed3,1,1,0
3df9a0706897e062e91f253fa132b6dd,5,5,0
999634d5935f33d0547e877223e04a63,5,4,1
0b8f8315c63f765c07a31a8c7e28bad0,5,3,2
72cb6d46554fe12d2931f8c16f386f51,5,1,4
ecf009316e34e996bdfdda7d4b87b21e,5,3,2
9d128b33292eb10e072f1eaacb9b07c4,5,5,0
304c27b7d7d7461111113b0d0618af2e,4,5,1
44b87222a39cf1f615e23599913b099d,5,5,0
e561fa177791f05209e4557ba7366347,4,5,1
a9491b6c990bc3b79967c5f058e46d8f,5,5,0
06d6f2f9ce499ed49d414ff36f583abf,1,1,0
b115422b830bf2840fccf6f0d6678ab2,2,5,3
0ec20feeac30045e916578f17c2085e2,1,1,0
09dcf31f117fe39a78c3a166109c07df,5,2,3
8431f97a257ec43f34fd13b183d362b9,5,1,4
856d6b7354ca57ce6a2865c9c5e9e6e7,3,5,2
1a96f8947e6b2c89ddd029f6c4a64913,5,4,1
f81872bf9ae3411093fd97c7f9d1b7e1,5,5,0
2f98f40416fdda614b3c3b4539ec23cc,5,5,0
d54ac520ded2abbe3b4ada40dfdecc96,5,5,0
8f9bea8b0d14b8500fda8f3ca1e3fb78,4,5,1
2e85393d4ab82c2f5b44528d8a551606,5,4,1
064314e503e36ce3869a9901434fc6f4,5,5,0
82494202b66a95f0b6298e21f88b95ad,5,4,1
0c0b4c682dc77d70dbc4cf1ed44ede36,5,5,0
b9afddbdcfadc9a87b41a83271c3e888,5,1,4
7ed963a87535f8fe1d31b16eefecce7b,5,5,0
d19eb4960a7c6f0146582f3cc7b46d43,2,1,1
3da634283ea34b9d2a32d6898ad91436,5,5,0
97ae631fa495a9b1e3a4b4f14379846c,2,5,3
680caaeaa537d89cb256b5538bd02773,5,1,4
3b73bd0a67b08e5d8441574de9aae345,4,5,1
e5ac19b38666500c28341ce6d9bb889e,4,5,1
fbdb43f2551a3acd3d9ac5e2ddf92080,5,1,4
0e630c27c4c2e4919aa18c4861c86aaf,5,5,0
1f96abbd2bfd92185040f1e5b6ef7c41,5,5,0
7325155ebf88da418deb3ac20a5d7f85,5,5,0
28b87f6df2b0f0ee88484a1e6f5ee3e1,3,5,2
7fb538147fab748faf726e6706589b74,5,5,0
f423569a17449da1163fa5de4414338c,4,5,1
cd408e86c9fe1cc69f5a38cc5be773bd,5,5,0
d6f7121c5ede8e22d75e57b6e836871f,4,3,1
2ccc4454c10457bb1cd9fb7465167f2f,2,5,3
b5b17e32ff5821a918338446a51c6ce7,5,5,0
4fddd85a9d1f46412f6715f5cfbea489,3,3,0
fe2a47da00335a2a5952630b366abb76,5,4,1
f80896ddec0878ff2475719a8784d53c,4,1,3
109dfb5756c526e783783356f4384b4e,5,5,0
a5406e921aa2f3d19c33ab88c936f426,5,5,0
495f50370bfcd6d6d0b950516842799e,4,5,1
87a19a09b512b6691a4a97ea5748c501,4,4,0
00f1a34f176151c4dcbd802c244e1072,5,5,0
bd36f36524f5f3cc085c07a839d31a37,5,5,0
859251cf2a5cfdc89031c995e47842e4,5,5,0
fe133ae09efe51778e36c40cd00ece6f,5,3,2
43087656122626e1409fa13f195a0e85,5,5,0
d982abd090f18bcf182f0a41284696c1,5,5,0
0c7e21efc59802d22c10a8fd7d3501ab,5,5,0
0fb0b963405fa1541484c2f8893b04e0,5,5,0
025e095e20c6575abee30657b956b3ff,5,5,0
67c8cb7add4e205c9021501079bc5f66,3,5,2
a48ee55f767e23ac20a70709cc399915,3,5,2
269ad8edf5c7dd6bfbe01dc68832f6ce,5,5,0
a71be8f3b8729c021b536bb8e7471000,3,5,2
8707490ec96f386b36d2582753d9fcdb,4,5,1
31890e605bf108c3cbef0e15bd533614,5,4,1
925d3e6a309173b4f3fae2ce8c50118e,3,5,2
e0e56ee9a26b56fbc06c26bdfd061f2b,5,5,0
9ac6f439f70af60a204c7d47285fa099,5,5,0
bed92d04d48ce1e3411d7db5c984d57f,4,4,0
5732ff3d673577d9e4f61f10e8d62a13,5,5,0
c7f9c9ed8383be0c7514a7672ffdfdbe,5,5,0
d9290c1449b2c21f3c4b9efe267c8173,5,5,0
84e5cd0814900ddfdcc53213d07939e3,5,5,0
2e58b7c9ceac16033e568d728d30d620,5,4,1
01bdc09119b132e176e5c8f2cf68b0ac,5,5,0
c417c63bbe2c89c232d187e7bb1aaf9b,5,1,4
8a3a982956e0c1176a1f5197bd7f9552,5,5,0
5834f2a1c94daee3cda85aa62af0a929,5,5,0
8a27647dc5f71b1eda4620983e89334c,4,4,0
5fc033e4385d689a01dab767e50c6939,5,5,0
3dfff49e0dea27e1c2115d2273a6f0fa,5,5,0
1f1a992f7bcd9a5c79b08bbf2a0d076d,4,5,1
6e341e7f154e744143c5fc3e937bfda4,2,3,1
42c146c7d76c003910cda3357aeb754b,5,5,0
b2dd5d5bb33639803c8078b84ee9d539,4,5,1
5f649cfbd3c5dabddf7f9ada09b90edd,5,5,0
fcb9ec0e86e6d326a21a96c2008c8610,5,5,0
28ac9e005a274e1eeec0d874ce8e27f9,4,1,3
eb0caa123b85c891ef895115c39f5fd5,4,5,1
cfd90c0fc3f3b1ebc3dc7a5a20181d37,1,4,3
3683d42ef26919be1aea9cbbed4dc1fa,5,4,1
c01aae679dd48cf072b9e26756b4ba11,5,4,1
d09ca8bb763241ddc7f4ca43816ed10c,5,4,1
385de16f1457125fdef85002bdc4f7d4,5,5,0
ad072acf8137f54f0f17fe47c2909a8c,5,5,0
a3d974992b6e4d46af6f3c6259ad725d,5,4,1
c8e8f8ab00ec5d13a1d93718f5af9e4a,5,5,0
5482a1c74b1b5fb1af78a425b7ceabb8,3,4,1
c45408df26d1ce2b64518a9a9d65fd04,5,5,0
d831255ebb12ef3a8d6dddb6fb54b5c8,5,3,2
c40611b989a9c073bcf8cee7d16e2473,5,3,2
78be8a4c5a531df37c34de28d78a33be,5,5,0
f11cba346b19c4f31b6b1e67ef5cfbda,5,5,0
68999281f861381c5d124f1f0805daba,5,4,1
30d83b2cef8511e3a93b265bbaf25ae8,5,5,0
7312e901d22a5fa199104da9e0996c2d,4,5,1
72074174b87a13299e5d0aad2dae6137,5,5,0
4d4ca4a2ebb64c45176252833b2131a9,1,5,4
951f0ff2668075024286016d68600d26,3,4,1
b539f51f7cf6a9c1a871d2bb898cdd27,4,5,1
358f7c2eece902dd795421e4937f0142,5,1,4
dd2e84f453b5bd5297babe45f1183f84,5,5,0
ce2f6c44bc139015d1036d40c0cf2915,5,4,1
bfc8d3ca0ee3a93d7eee14d27639c90f,5,5,0
95c61e46c5be0715a4302d2aa335f6c8,4,5,1
9ea1203e5b988b66f3a348380106b77e,4,5,1
da53145615b1d679fc6a9f3121d8bd85,3,5,2
7155d151b1369fbf5cf282fdaeb92d97,4,4,0
ec91a58a83b62633311320a62097c129,1,5,4
f654f714b94e829d982e2313f2343493,3,4,1
ce2d0e7e8a249b93d3cfadb57113023f,5,5,0
56489a88db0de4afa3664cb5712f7d31,3,1,2
6a29f292d5b7ce8ed3760e8480da5f55,5,1,4
515c58930f7c49f1a0d9756e12491e63,5,5,0
a863fef6caa86aa29cabfbf7e0b6f911,4,5,1
1a7a280eca13140d779d2f43ea48c15f,5,5,0
893f29ed01af82b34853c1deffe0117f,5,5,0
4e7474d49d1ef3688ffdd819f87f8322,4,4,0
95d48dfe4e0e1340d723337fb3a8ca68,5,5,0
52533788707ffccea3b0342681d37446,5,4,1
c202ed8340693a8fb2e8bb2a43a1647e,5,5,0
d8d9232af59462bbb0961d11222ea210,5,3,2
3ed46d0aeda8a091370db112656e55cc,5,5,0
19475e4f70007f7a726004e6c6f87cb7,5,5,0
54ee4ac3ad09faa2237f8a844b4d7b92,1,5,4
d448de8241268ed4ffd2e0fd2c3c49b2,5,5,0
6e7898e06393adab4c3c2a7e2f56fe2b,5,1,4
4d24605b62596483861b472f2c596e23,2,5,3
f6eff1e7a78b73bc93814ee0fa7883cd,5,5,0
82ad15d5ae6887a26bd03503d58d603f,5,5,0
3c861124656eab16c456bc59cf05a0da,5,5,0
7f6767778dfebc9eb3bb27b43584789a,5,5,0
31f6ff8aa036e65dcd7e8c1e224a5b91,5,1,4
02bfd16c1a67263989b258fa92e20d3b,4,4,0
67f755ebeb35fe46f6e389a1148a0f22,4,2,2
57d910db0cbe63c5b908c829fb9f3c17,4,5,1
bc3053323265f6f77fe8744affba5e8e,5,3,2
e2b52d5633f80b9a22dbc3d79ef5edaf,5,5,0
a44d1d870123f5629ab393b99a94882d,3,3,0
326a3f53e1327657d03e8ed95ffe5578,5,4,1
40753325f836f577dd8bab3f0e5807e6,2,5,3
e940e33cefca8e48b759474760c2fb41,5,5,0
ea06b59475b47ae67676d47fbe54d29d,4,5,1
674ad026128b13d3d0c0bd4a6e0b66c6,5,5,0
c0b7aa955b674c70e833720661fa765f,5,5,0
aba3d4020a1c5706855e1b5ba5569338,4,5,1
52dbb0b466455091f16336d2774c70f2,5,5,0
ad752dccdfda84b21aeceed3c6477654,3,5,2
22ebcb475dab511f6c74d7118d1e5f3f,5,5,0
af24a3faab712b73932f3a71d003212b,5,4,1
622997993a84db3955ea0b62e26dbbe0,5,4,1
631bf0797fc3480d6eae9757b0c816b4,4,1,3
dbecc01973f05c9adadfd6ae5f50f224,4,5,1
e223ccde32fd470414931d963b07c4f8,4,5,1
22a00704584f0604e80afe6b4ce031ad,5,5,0
6540b761399c20157fb3fdbf2bb13380,4,4,0
29366ce497e0e082bda891ae3513f2ee,5,5,0
b07244447d6e71d93891e79c556a7fc0,5,5,0
8b4d265764544f6a280f2ae60b579be7,4,5,1
e53a8a6728d3ba5c3662929455d7a6d3,5,5,0
bcfd2ea0ccf2b146eedf2384af0bf6ea,5,5,0
1b0fd42cfc51e77567823cb398ef2e26,4,5,1
8a30bf14d715092cc05f458ad5837a7e,5,4,1
76013ca21d1b217c99b5c350c6e67a11,5,5,0
c5ddf6be2ae50588b29222f7b1fd84aa,5,4,1
14c17d3f1039eddcf915f58d3f126948,5,4,1
faf170a7180f21b40983f2581c31270a,4,5,1
e4e717f3f0c93f0a6d94ada34afdd009,5,5,0
68edca1fb518ddc5c9f8607eda598b58,5,4,1
8ee9f2a817f600c3135bf6fc6123a16f,5,4,1
eb377d391f9d3ac66c316a741d6a0724,4,5,1
7d8cd4ac1b0c3a31fddc3198d69fc133,5,5,0
5c23ae4442fc127a8201b2405bc97d9c,5,5,0
c754df662a2370682a708ef4b36b63cb,5,5,0
6aa761d20ab1c766a9fd060abd448f77,5,4,1
4885f680d19431887659d8d44e97599c,5,5,0
f45d4aa8bc99c39436fe3636932ea53f,4,2,2
7e68991a1a850b61d2a20fd75f462397,5,3,2
25cbbd756ea300d0566add5ebb8b3a25,1,5,4
aaa4c8bb37dd88031c3b22a269ed74ea,3,4,1
ee9881886ccdd7fb25bf631d38c0fc35,5,5,0
fbc8e8d5591dc594ede3b88033625bd0,5,5,0
a8e5aabb9432e7bedd2907661abb81d9,4,4,0
b62cbd4c81925d07d9fd52a505072b62,4,5,1
07b0c48ffce8f9ad9878efed80bb428d,5,1,4
b7e332393b5e64cdc10d308c971a41c4,3,5,2
812855c58b365035c104626bd744eddc,5,5,0
8734de190473a38f024d7d620012510b,5,5,0
2a5fb538dd11c749a13dd935a06a7c39,4,5,1
f38a6dc0f541c9dff3f0c72009f2976d,1,5,4
394982dd5fcd18831c2428167b924f2d,5,5,0
bc0198f5ae1390929c3106becf240aae,5,5,0
120e494a0a23aee36f4d7a635e469172,5,3,2
7ae7179411c2f0b4cb5d98d2254ca59b,4,4,0
6b5dacee2e42b0fffa4c671e7ffcca06,5,5,0
1e16f42e33100a56e1408cceb4846f2b,5,5,0
38900cae2f3cfbbe4ceec4840cc1ab89,5,4,1
acfa87544c19d596707d25cf2f7dab61,1,5,4
79bcc8051d22d7df6b06a2043627ff5a,5,1,4
4df371955120c03af473cf4160cb6c65,4,5,1
fe1a4e86595ca403c258c586e8fd99c4,4,1,3
f8fe8d24cb8a4064a82cd795715643a4,5,5,0
5ac5d690e12a26a84e1dc443d318e82f,4,5,1
13e75c454430b7d67b590a2b5f6308ef,5,3,2
249e31fdd34c2bd383c07d75138319ff,5,4,1
fd243eb2d293eb3b7223dbc2d1789521,5,5,0
69b8589a4cda405da61a760fcfae1be0,5,5,0
bba30fab08220779d809343f597e9a46,5,5,0
993da8482e658ec7f1d0c6d955604936,1,5,4
260c1e77793a506e09dd0f8135109966,2,2,0
1f460df7925acc891d9f98daa8aa0b29,5,4,1
be16ab3862dd2927ab1e3cb7434007f6,5,4,1
cb8a63e70a7f664281f701b6abd79fe5,3,1,2
6cb295459b579361f0b6186ce45a76e4,5,1,4
8dbafac7422903530bd67f9cc974a094,5,3,2
a306afa8587ad4c42f5a1c62184673a8,3,3,0
91d7491c6b0eada151a7e307697841bc,5,5,0
1b34f3de23ae790473c7e4ef6ac0b1f1,1,5,4
736a0ae761142f7a26c946edd552125d,5,1,4
c60af7792f63f898ffc28eb10cd9d19a,5,5,0
ee5392faf51501d5019a14eadb3d59a1,5,3,2
ba2a82359a00bf0bd1f5ae32527a5a40,5,5,0
cf18f775a1b2dfec83732a8679b66ec2,5,5,0
da623e7139d6c03919f9e5bac910bbd3,5,5,0
1206cfbf9d0e7ea298926c2603a06821,4,1,3
34eb956c071a90d711a9042a0fd9f2f1,5,4,1
acdfcbe0149e3453b90ae4da5a27dfd3,5,3,2
a8dab5a72130fd27326322c2b8cdfb5e,3,5,2
491d37ca0bc2ccb55fd694266fa55ced,5,4,1
3be113c6f46b175e08325d580637fa4a,5,5,0
4780bb3ca4c85d0e4dffd6cd2b6d6201,4,5,1
a139ecd5f1989a8f5d829cc03aa1a046,5,5,0
1f7e72019fe94655c9b15feae3c2b2b5,5,5,0
36b8ca63eb9822b5f68630749ff70e32,5,3,2
347610961383f5990e1d0ce3fd0afa5a,5,5,0
91811480f57d846cb6b5b418b549f158,4,5,1
0c9f41e58fc40c21ef9150e610aa6691,5,4,1
a3bebc15aac7ca437c445ca941e5d152,5,5,0
f4044d3433dd6aa1337504bd223baa5e,4,5,1
d427bbc436a25d6dc4b2795547544534,5,5,0
fd18144a7f23df9342113fdc1f130213,1,5,4
29368d8ce1c627a562377e763eee8a3b,5,5,0
c5d4547def055b1ec943673892380a0c,3,4,1
b38b3526b8b8fdc807e8a0a42ab78573,5,5,0
8262ebe1e3df8d5a04eb3c663940c9b0,5,5,0
55f95b4afd88a480bacd1acd837e5953,5,3,2
bc14a141bbb47b18a33d0a1747cab119,5,5,0
04ebe10a05b6cb445e27b34f29a01c1a,5,4,1
b855a375ca3b96e3b1a106c27e2d339f,5,5,0
74c7bfdb692393ddd530050d9e775b95,5,5,0
ad1c31ec035e55a4187e536234b28e38,5,1,4
7bfa5cf288b9dab1fe987fdde74c14fd,5,5,0
90dbcfe5c30e1fd81cfaf22dc879e81b,5,5,0
b17656c0ce138e982f37560850a9bc5c,5,5,0
d2e0fadb18eae2ce47cee10a51b09351,4,3,1
883915e4c377d6f9192fad3ae5d4374c,5,4,1
0e259b373316a562c9e71cd725ce1120,5,5,0
2dfa51c98a51f07b53a1de6bec31a20c,5,5,0
a85ca5795f5b9095cd0be276b40cfb8f,1,3,2
fd675af66d4e1a4c1a3bf57b8d31f791,5,5,0
a6d306fdfa4582a936be85949cf98a50,5,3,2
ae94c1cc378bdf3a430f77809a22ee67,5,4,1
e260cc3baa8f4aae3fab201ef60e1127,5,5,0
d5a2d5dbc8d728f724b8427dae1f97ba,5,4,1
75fd71aadc94da494ae8e9010c38d4d1,4,5,1
d8c3814df9c4a328159b280e60a59486,5,1,4
34ae480fe2cec3fa921d33b72b32572a,3,1,2
e5f0930c94fb39ce2c9b43625e7467c6,5,5,0
6b2d83ecc02efe5e25e6be904c023456,4,5,1
6e424a06931a556c15b962b40017f690,4,4,0
baed25a07d23ba7d05770c3f8562ecba,5,1,4
883bebd3f80e509963fbeaa51abf7c0a,5,4,1
7c3028f340bf35d728e7c42b911f30b9,4,1,3
4b1c5ec72d03e8244e7e2c08123df831,5,5,0
82cfc721893072e906ea29b1f0fa08f0,1,1,0
26abbf5ff43e58c72f83f98b6374ab1b,5,4,1
6ef6c0a23f7f0b6bbe9dfbc5f22b56c6,5,5,0
442a9587ce4b40a5d801427b6c0a5383,5,5,0
5bebe0296b65287e94b489cd279782cc,5,5,0
2193f5bb6c9f9d32aa596cda03c6aa03,4,5,1
5e6f7229aec06e67732033777ee84816,5,5,0
e4540dca189fca9cd33eb4bac11fb772,5,1,4
e22dd2bae96c7c1909225e77fc1a2a31,5,5,0
591749138516fc08043a066ecc49963d,4,1,3
2a81af36abe7c237e184b5f84e5b27bb,5,5,0
46658d903ac296a4187c4869bd2a3939,5,5,0
30828ec5d05237d99e2ffd4d77e5b492,5,1,4
c571e33a662a6379681a73ca764dc4e4,4,1,3
720232d7a3eab2caa5238117e5ab2ee1,4,5,1
1a8549fdcb090e418620dd6b7bc7ca10,5,4,1
5ca6beedce6f32eef65de17a1f81d50d,3,5,2
b9a332beea1ccdc10289232c319ec338,5,1,4
6981dcb7b07826f29c65ec408f8aaf05,4,5,1
a0c98bdda8405aeaa4b87bdcdd25da22,5,5,0
bf59031b111d726792fe47666cc55ed6,5,3,2
28ccc6df03d720b1c01c91ce78025016,5,1,4
00b4c651133c06fb175123a492f1cac3,4,5,1
a4a234174a4aa5d0d13f339d9308c4ec,5,4,1
baed302a19771a88ccd8d3f8b6368e55,5,5,0
7feef5128350d0b84c9b26309b475e8c,4,5,1
cbb8c3748ad61bcd4011720d8a58a3a0,5,5,0
8e3d8001d12c91d581b256dbb2762702,5,5,0
54745af3cd64e980bb671452c9b01d15,5,5,0
bf63ff8d7ca75098eaba0418489ad64d,5,5,0
ed9fb3a28b1ec934fa636779c9d1a3ba,5,5,0
c7dd323224f4c34e9014d0a89e987b47,5,5,0
8564fe80e76566e25b05d31fca8a2393,4,3,1
2f0f1657f49de673ff9c502c8fd8235f,4,3,1
6d33da353d1319cf0f6c982b71edf354,5,5,0
c1cf3cb3cf9e48ca06d7eb08d8b9dc0a,1,4,3
8c0464e7da83f3138bfff17574a840b6,5,5,0
5fb3f389f87dba24283f9926bddbf546,5,5,0
4dd4fdc64737dc3f4472ceda049cb1ba,1,1,0
763ff34638f08b1e6b6135c197e3a937,5,5,0
59e87cfa722bf039f1379c56d0f97e07,5,5,0
26887eda6470e8f186f3155b2b3116c8,5,5,0
64108ebb55ecc7f1a9a4477c5b0624f4,3,5,2
8692f02bfa6e672dc1feec8381f8127e,5,5,0
6b52fde341db3472b2e4c787887abc7e,5,3,2
f814e911eb0f9834305ddacbaa7e83e8,5,3,2
5b167c32a8669a3c04fdd22e5764e867,5,4,1
d6f49f5dff3052a0ecf30c9493a975f3,5,5,0
57dc6b3da91b628f302119769d64de8f,5,1,4
93670a5c977fd8e687b42178388d9ce7,1,4,3
a90caee2f02cc59cf28469ec71681116,5,4,1
104b23439f7dc2291659a26f2237abdc,4,5,1
5041274e6fb755ecb3f38d5285c396b2,2,5,3
fab688950086bc930163ec1b228ead77,4,4,0
4d63886c6803f7b71171fe305b93e3f1,4,5,1
6550f76a630f229b798ea19ef27694d9,5,3,2
73e47be0498a4d9f19d88a0113af23fd,5,5,0
ede6a833580744e002b0ee65323a3006,5,1,4
36edc30bd66f88355cadd2129f0dfcd3,4,1,3
8cf765eeef8f04ca929a1cf64ffa2584,4,4,0
b1cc9d6366adc60f9810891f491b54f5,5,5,0
a8cc5640bb6e6bf0280850917666c4d5,4,1,3
8719765a2c69491f63bc8b06f379488f,5,5,0
fae58c4baf50862a273c6ece28f239a3,5,1,4
145c086f0f81f9801a8acbb2c514644c,5,5,0
a70a3d5d9d82bb809324d3bb6df076b2,4,4,0
fa66968136d0e5507f38fd33d7e6ee14,5,5,0
9d0e1b41a4281d12d3324e4b7635b21e,5,5,0
0745fd0c5e5bd55f752798a152b1d04b,5,1,4
ea61446163797d406b8af3569fbad43f,5,5,0
b161cb44963e4283789c12f8ef88d24f,5,5,0
93fe52f922933e89732474d91f6ac25f,5,5,0
88e8f243cb82b7e343068eb8073f388e,4,1,3
72e57d0b326731ddd25d0d44212a42cb,5,1,4
8c8005895f46f6c1bdf16697c70e645a,1,1,0
50782cd44ddec8134f7d93043ebfd333,5,5,0
384f8660f6bc7396d5a875b60285c2dd,5,5,0
db66dca329373cf37340222e240340b6,1,1,0
1b9411e11370aedecc0bb2daa7f41501,1,4,3
addc2b54c70b7422a237c1a3494132a1,5,1,4
8e1b263d5e8ddea4e42b96cc5fb0edc2,5,1,4
154869e9010637920b946e369b26bfbc,4,3,1
1e9b386a55b41cb1677e6b9976ccbce0,5,5,0
00a99c50fdff7e36262caba33821875a,5,3,2
88d1a4053f36cee7a806c473458c6c11,5,1,4
3ed68fe5074b5593e90e3bc341f2d718,5,2,3
0a1d3041cccb0462981aec3f0b1ad106,5,1,4
5a1102060039d732884f1bacf59268a0,5,1,4
d9f732bbd3289880267ad9b54d466ec3,5,1,4
3f84b0049b0be014bde59429ca8267fc,2,5,3
25be8e0ff01817a8a96f61605da2e447,4,5,1
f3ee55bf50ef2f2318599425ef80107d,4,3,1
ef22458e7cfa237cd68b3be657f4f0c8,4,3,1
132ab6f8e1c86c21b064ee8832129bb1,4,5,1
fbfd9608b0061e4cc1412e28450a83e8,5,4,1
0450f2effaa0b03d5c7c5456338f48ff,3,4,1
0e3f0e36f889146f31ef72cfeb1a1d30,5,4,1
f8166a345b188c9033d127c25e44ab74,5,4,1
68f4e47ec61d740cefae31e2f624932b,5,5,0
31f21cb58ae87d5f8f3076dcc93ec4d2,5,4,1
14d296847a335160b30c1e6afe4d011b,5,5,0
5bea5dd69875b9ab8df73e12126a939e,5,2,3
38d11c87fc409de31e930084abb0c7a4,5,5,0
49d6c0bdfef33c709ed283eb19d8b3d0,5,5,0
92513d9a04507b68515a1866806bcf6c,5,5,0
248ecd132184e324749f7a4d42724ef0,1,5,4
0fcc8a86bc6abccde37d94e2a28f17b9,5,5,0
64570ade1d7db4b051bf5387c94bc96c,3,5,2
6984dd59d3223f88d356dd9bb8117d2e,5,5,0
dced68d765c92476f957de16fe116ecc,4,4,0
62eb11cfc9c20c567f4581e0e66725c1,3,3,0
2328df85ce27982b435b1e7fb55dd209,5,1,4
d2e58ee8581dcfe3133f8edcbd413722,5,5,0
24cf826a7c6a7038c6ec3a5173a4c78b,5,3,2
40425c5224829e5cc488f67f75f28d5f,5,1,4
aab255ef2ea7066420316c7ae7094fe2,5,5,0
09fd1722d038ec5290cb862bb8ed8e46,2,4,2
25727c3a1c2ebe88d357a3ad2450c1ef,4,4,0
43b1a119dc947cc0fbf512a8763d2c15,5,3,2
0739104e30e20de6c0956c0889a9b9dc,5,5,0
aea5a3457f531f97bc2b4a7cccbc1275,5,5,0
71d1754603b8b9def8a3484a67d5ca3c,5,5,0
f15028028ff1a3ccfd539531e3321975,5,3,2
89cfcb71856f9da1d6657a249ad239b2,5,5,0
6dac82bff64207fd718220d97afd6554,5,5,0
818ea45f3cef61b3f0f71a0491c1b636,5,5,0
4d0c3a21d494b800520fb1dbaa715164,3,5,2
7327c30a5230ce07bc2c7a695d553a00,5,5,0
4ae41a4932898dbf49f39d10745ba16f,5,5,0
f21c9390a71ebe18e6b76c7587f4ed5e,5,1,4
7f344d881ecc07068685ad394ed44715,5,5,0
d1041fe78c4a6af27bccc94c92c5621a,5,1,4
fae3bd74427278464a08777366ab3f66,5,4,1
6616fa4c89b8bf2a7e17271cdc542fca,1,1,0
97281bb4f529a833c220982299fe4f34,5,5,0
465a9ee52befcd11131e1f522fce467f,4,5,1
1ce796ffd3b96e287899e429b44c0e3a,4,5,1
cf0fcb02e2f9b6dcfd6aac8d664b663a,5,5,0
fe1e111fae7024187f42e73aecff899d,5,5,0
c6bab3474f095311c68ed0f0285749f6,5,5,0
bd61a1bf4bb521167f6718320f9f5508,2,1,1
4237d03d511e94c1d2504e01a20cd668,5,4,1
432dda62103eec3ce47848ef832768a0,5,3,2
90b1834032530ed03e7bbb0f6f2d7125,3,5,2
8fec5674a5e6c130c661baf47ca8b861,5,5,0
2dc82d1bd19ac194b91db9b17adc5a62,5,1,4
76c943bbe1ddef57ebe9e810f1c108e6,5,5,0
d84d70e52f7b7abba77d84d49d97a134,5,1,4
e144a54c13458667eb25fc1a5eaf5139,5,5,0
7e61f390f3e0aa3b112e56091d2b9ee3,1,5,4
15008182975b6283817426f03e9f79a7,5,5,0
144e54e15ca33ab0c0789119fe2aa09c,4,5,1
c27bfc90d25a350821474bf11c8a00b6,5,1,4
d62354cddc18720cf8a24b521570a8f7,5,5,0
74af727a6c0d520a3943330d3cf93b42,5,5,0
619ec92710d17c5fd70018c3ee9ad4cf,5,5,0
7f6a7361266d9b404f05250ef42cdc6d,5,5,0
ef3786e4b943b9f011be07df94558161,5,5,0
00f86b368251d739f1896d41469b2b7a,5,1,4
2096a9ff3dcd9dc1e2e90ea7296730a0,5,5,0
e2f32fa6ee7888b5fc5fcac4cfd8d055,5,5,0
b97ca938c0a55ff9a5b2a89081b4b677,4,1,3
1c3f752b9a4d09bf1e016439a427d5f8,5,5,0
c6df71a18bb2d9e7d88ee3e4d7080982,4,5,1
02cdf0f2b05845468fdf0c104e24ae17,5,1,4
389ae1c2f97501a310919a2234e0ce74,4,3,1
bd486e41e0b895151c98b33db1504f8d,4,5,1
ad729f060dc2a81423b87ca2845ef6a4,5,5,0
4e9b0a2da6a5959b8df944a25604792e,5,5,0
df0a2eff6f0fc7262189d138f3defa0b,4,5,1
77f786b616f184da30df78a7eb228d92,4,5,1
61e23a6264d97339d6e7f3d113582713,4,1,3
484bc55c468ac3e8d5ca1ab45b24ff99,3,5,2
6e4867ec1116496a05dd3051994fa325,5,3,2
cfea8d218fdcd01ec074136ce618bda9,5,5,0
ff9de84a5b397156b1f1f216fd5bf074,5,4,1
f1c7b00587039ff67fbfd21282067083,5,5,0
14a05c02d483800864e5c19a3a7f0ee2,2,5,3
37877918d022198d7516624a45572923,5,5,0
9f9f7954335300799dadf3248f229115,5,5,0
d34bc7b7a591c761f1d10baefcc86644,5,4,1
90c6e60786251825a184d18d6a4718bb,5,5,0
bbc6d3daf51cc53198aea4cf9950cfe2,5,5,0
86fbc7823cb0bc0b27e0ccd18022aa19,5,5,0
ab3bc480a02b5a058759d5855428c22f,5,5,0
babc844d408abfa49b0c875fcc3738d4,5,5,0
e2df40dd64276b2f2040c798751c188d,5,5,0
bad242af8ec5c0d7d5dcdec41f207e9e,5,5,0
057cb6913750cc04b72dbeb174afb208,4,5,1
d72d3f4cc43d48736c9d01b802a85bd9,5,5,0
4d9600658f731503a9d1952aea2df44f,5,5,0
6524a88ca27a0b23f796705c11087d6d,4,5,1
aa4bd1aa4ff7249ea156343f704478a0,4,4,0
a10ef4b2a1227735d11f3a48a5f5f4b5,5,4,1
1ee4815d0b4638b47727ce58ef0fbc5d,4,1,3
ffee31fb4b5e35c9123608015637c495,4,5,1
1c119597703b882a5b24ab9139a9a53a,4,5,1
27862fa69c55efccf16a971d36a8f7dc,5,5,0
ee43f81be49659ebbee2bc7b90aeef4b,2,1,1
6657640ffd626be03509bc9226994b36,5,1,4
6e429b10b7146f0e09d492b45c32b8b3,5,5,0
2bd9bddf117b28b0736de5b81eea032c,5,1,4
1ae3abfcd12459a836834a171af03e2e,5,3,2
476b812a7e4fc972646eb390517bddcb,5,4,1
551ac5ff66bff1f852bc0b36eb22e162,5,1,4
6d415687ad03111662fbfc54c811414e,4,5,1
15c083daa3863e259ff8a340f1422546,4,4,0
36f4478e93bb401c1938f739d085591a,5,4,1
4ea7a0509e9dc440b977de71fe9128cb,5,5,0
a3fc2463aca2385a6ca276ee9d42e0bd,5,5,0
6d49ef945903365b72a86294b54b948d,5,1,4
23915d6cad231d54df8c6db7106b29ca,5,1,4
c4ec84506bc793d3c774db9b0736d2c7,5,4,1
a6ec65788794fad0fbd2e2839c73fff3,5,4,1
5def57005a0074cf4fd6778d99e6b7f1,5,5,0
4021cd7611d6d9ce5ffcd24817fc374f,4,5,1
3ef2e89270f0cb8a5461840c19c713c2,5,5,0
2b59ddd3b4175dd13033a71b56785a33,1,5,4
d7ae451c4d63fe188ba2e8787a3852bc,5,5,0
26838826a950d2be0d5d33cc748ca38f,3,5,2
12731a5b2b2ad871d0994d8362dfbce2,4,5,1
3d256d368580c4cc0dc2b5fc606f1e57,5,5,0
f1b5a776430ea0b0ac4ada8349125900,5,5,0
f6ea8cbcc8900287db116d4edbdc7c7d,5,5,0
b7ae858ca9cd4860f4e6516a5e9c4550,5,1,4
e588b55b6b7bd29dbdc14c20e37793c4,5,5,0
a1a6eadae352582010f449d8527b55f3,5,5,0
b5796047f40aa1f6a7b80f8a8e35fcbf,3,5,2
1cfd0a0c01505644e6aa1e3c590adcb0,5,5,0
6f10565ddd7e947a6918e2f551144704,5,5,0
429df9136da976f430e08dfe6c04efaa,4,5,1
ae9c1a169307f41300da36a754117779,5,5,0
15666ae129eff99b7d7405a5023b0d3a,5,1,4
c0aa7b8e7596f25711073d95e0dbbec5,5,5,0
b644b094c23f3320d4d8386f40e092b2,5,5,0
08d820f39b00e575ea55d845ac9a13c2,1,5,4
07156fa55794dec196d72e6d8b07339a,5,5,0
5c5dbf7439be3806b599476ff0264276,5,5,0
94896a982ee16e53abdc889d32f289ba,3,5,2
0b27e5029dd7bd0891b5da96fa33a93b,1,1,0
2ed5305b914f9e070f396f7d29287aff,4,5,1
9b027054a981a89fca1af6a5341e81e2,5,5,0
d9a83a9c593a1f1b95de45b7381cf2be,3,5,2
4854bc4c9c26ab65c3b7ff11c0a03586,5,4,1
84dac351c4b0c1cf7151928e14e03008,5,5,0
fb2f83ce2b29efdf3d632f80368b1f34,5,5,0
9dfcd9d486e9837944ca391b700d0af4,5,1,4
c14178abafd6865eecec624f9dcc8e4d,2,5,3
124f1c960dc017afef91dc9c65b771b1,5,5,0
9c57e2e7098196c6c6ac9d333b0395b0,5,5,0
2b109e28d89747fb2ab26a44ef4fe92b,5,1,4
c40e13850994649006f28cc890cc4c64,5,1,4
0c9f9c0fc3c5d9e40e88bbb5910042bb,5,5,0
4537d337a107a7bc0ea9212bd197d624,4,5,1
c557d8e5e437bc8ab2f3240b65a97e27,5,5,0
4bccceeea58d5e2e65e3bf9b7bfb1f49,5,4,1
c8b6a10fdc0b6fb3040774de4aa672eb,2,5,3
1d0ec3f28fc4f0dfe429d70f0f2acf7f,3,4,1
9e119efc7690fb6c238eca967793fd34,1,5,4
3cdbf328dc0f52112842b474f208831b,3,5,2
a9ef90b7e8572edf6aa35360c03236e5,5,5,0
ca568c428649f0aaaf41519c7010f093,5,1,4
fa200e49cb5e3ae19cde414d9d9161d4,5,4,1
91c4a93764c64f05b6548ef057e6d3e5,4,1,3
8d6a24500da2c0b69d6e7fa5c28e9c09,4,5,1
b5c4db08aa2596516e8e23acee055374,5,5,0
0e93edf664c68e407889c757350ef76a,5,5,0
8a713dce9fdac6b51a968b765612a700,5,5,0
0baa0062fe85d1ac765aa6ee112bb624,5,5,0
b77b1acde92cb97127a051d14f608908,4,4,0
d9b53f70b57a028c32d88455dda31547,5,5,0
110217d362db03668a0c1388db3fa1bd,5,1,4
102b81e48c621d25f4c7ccb27af0ffc6,5,5,0
1e359230c99e4510d4ce63375b5c7f72,5,5,0
ff8f8f9123b73422b7a732a02483d9e2,5,3,2
657516e76af3d3776fa65ce47ce04d57,5,5,0
e8595aaa870f27ab07295d40e8c68f85,1,5,4
f03434727c9a50ca23feaf58ce218aa7,5,4,1
6ff14c785c89530b9a33206e62253d05,5,5,0
b8d94c2eac635cfb72f45c947793d1e0,4,4,0
dc83ed7ce1de08f74d849b222fe7b6ec,5,5,0
7078247b4971be7eaf2a42cf5c917761,4,1,3
a733dd756bea706319508beaf3873a3c,5,5,0
72b2fcda503003e4694141745d12c2ee,5,4,1
f43e673034eb90d4d548dcbc3f64b6db,3,5,2
cd4b3eb02a077e4c51607df950c8237b,5,3,2
b684861615924ba1b3d4c803a0129459,5,5,0
597fa94ef8eb873a3b8d4191931fcdeb,5,5,0
d3123a8def350af103d31c2026666c25,3,4,1
9a39823cabf87305e23b619a5636920d,4,4,0
614c0b4b5169af9eb895bc8aefe5a418,4,5,1
ea33cd2abf7b7fd6896e52eeb87c8ac2,5,3,2
bcc7f6ccd348b4d5bf8f4f7f63d4b7ef,5,5,0
46c0b3ab3b1d05b0f8af19f0100a33c4,5,4,1
4aa1a55da45bb1b3b091aba5f4e37783,4,5,1
2e9eb4c2f3b354abe0e2c0f0e1d528d6,4,5,1
96d89a80126756983acb2d1bfbd97117,5,4,1
8fec3000dd1edabf27f78ee06f3abebe,1,4,3
1d4fef737d9b6c214e13e92ae014018f,3,5,2
02c9fa29186a8d00b3e73d3837ea40e5,1,1,0
d75e6a846d4aa0cfed378238a9147689,5,4,1
a66196d313e431749d0ac48fe827ab1b,3,4,1
1724ccd8176515fc4b2676226b895ea1,1,5,4
4e9909164c9d3f4d58d9428b6e09d523,4,2,2
e2cdd25091607dcc893bb86f3ce52b26,5,5,0
b5d8e4c3414692eee1f0a38254252823,5,5,0
7f1dd57d5e14f6ee8a3946e2f58b5396,5,5,0
8ff11ef36366d995297165f26d073f3e,5,5,0
3e8dab241fc3468ea66691de15216895,5,5,0
fe9a0726757d598dc0a613f04d33cf03,5,4,1
1454f9bf7010409e8e51291143c2a930,5,4,1
cf8152b6a51ad306ad09a2d253c8133c,5,5,0
18a3de7f374fa61dc8962d9f000a57d7,5,3,2
299e8d399d78b7abc915b3d059a6c712,3,1,2
f59b0460d13be0dd48e9762851d21998,4,4,0
ceeba269d5bac0789567137ac2e6d57f,4,5,1
587cc93c9570b0620ed4d9b9d8d13c23,5,5,0
6d5b02afa38b0682ac9c0ca1cc98b463,1,5,4
a050701f6d3065c5615ffaccf27ec567,5,1,4
18eadded4d37d643ad53765a205ad45b,1,5,4
c0671cda25f7253fc814a9d6c9171583,5,5,0
c0b6d4c66078f849fe7e8baf7276888d,4,4,0
b489f7ae130ba3fd26b0a20f8cc81c61,5,5,0
28100e608903eb27aa01604f626bd8c6,5,5,0
d76fe905f4588ad69ab3b36527bb267d,5,1,4
8accd50880b882387ddd4a36d0b1b7d4,5,5,0
0229e66693fbbd736e5022221fc8148b,5,5,0
e3ca9704b9f6ef0eb0c40f669da0d873,2,5,3
28f6e619a89b10d9c70bc35eb43adca1,5,5,0
a1f33ae024b8d5f324680039c8c26aca,5,5,0
b77e196ee314322dcec6124fa3e38b6b,1,4,3
70669aed7ddba4c10b2243a0634069f5,5,5,0
847aa72b1ca97537af9c72ce7e99bf94,4,5,1
ec661cf879f5ec228ac74c30cff97f58,5,5,0
256439883edd623b95487713a1a0447f,5,3,2
09fd9b0402ed675bbd1ee1e81171ac7c,5,1,4
6aa3386e7cd429b12ab0c288acf52e41,4,5,1
dd8b90a226aafeea68fd6144f173f2d7,5,5,0
7fdf1bc0675e3bf96a0375e4d84ec39a,4,5,1
f4d33a3db484fba77b5f1f1990fb3445,5,1,4
01f3ed0a20c6db39216985812a092bea,5,4,1
5d0b303a697b0b722ed82edf076fa3ef,5,1,4
4a8493d781a65dfb623103a5dedf44fa,4,4,0
1ed70e8d41f1ea6bd7763ade88da02a6,3,3,0
6cff9244ac14a30d55f39722cf7febe9,5,5,0
e55058614d5c1caaab8951f3c0f181c5,5,5,0
dbac9bca550d09c1e25a38dc0086d448,5,5,0
92907309dff7adcd19bbbb29d5fda792,5,5,0
125380a45478fae5bd5466553f2ed928,3,3,0
1c7c80b8301e9593ab7e370aba54a688,5,5,0
69f8ac735b4a0bbbcdbe4a87e9041a21,5,5,0
6258f184f313311383d31c1a6ea59b7a,5,3,2
8b02a2a9b1ae5a5e5e840795cdc70fc3,4,5,1
7dd829472da0fa5d56b7eb94ec5be1b1,5,5,0
7d8e703e70fd43aad80bd4b5d6a7b14d,5,3,2
7484cb86db28da2d4d7c3f41dc265201,5,5,0
62d4c5d34949afc8d73f2be9043e5ad4,5,5,0
f099a4bf3c8c87b391cbb899f02d8e47,5,1,4
9675440ebf61a1a3482cc6308e3ebd28,2,5,3
7d4cd6551d37acb74e50b3acf0ea3b07,4,5,1
696b70b07c6fd1bed3a148051e31c42d,5,5,0
d128b5634e1faad98f4ef5ac2f7e2e97,4,1,3
36c2be04c43db09655628dc1658e5c97,5,5,0
0216b8a71f44f126ac083fa5d639fe47,5,4,1
c17fcfaca02575c7e0ea991578a5e1a8,3,5,2
2f98fa03385c6020590b479aa12b8073,5,4,1
7ff091a081c936e22d36651bad1fc653,4,5,1
1f59870d6111d909e3c3f511d4d6dfe2,5,5,0
c5d249c736d0e3a5b29868b9c59e30fd,5,5,0
ab95c133fa91c2393fa23e00e0cbd444,5,3,2
4f9a350ccfff326b528a0d7e24ca8743,3,5,2
8d5ac17806cd132680edc938d69d0359,5,5,0
a2043f0404780bcf3bcfb20cadbab2d8,5,1,4
60af278f906288b007abe310c7dd3223,5,5,0
d1a82e2009b5e83098aa37edae34c7c1,5,5,0
f503aacd1a63ecd176fff5aa5e0eadfb,5,5,0
1adbc05f8bb9f7f40e1566992a9b5e8d,1,5,4
36a99d1efdc9f0b6d7a7f793d0f304b0,5,5,0
439f6d37b8ba10b7ba975f29ed951beb,5,1,4
260e68b2fc1a2d642a00af60af19b0aa,5,5,0
c2132e2cae45a1362b9d3496c25c5783,1,5,4
d96877bce74cc0d3a90e346baf151b4c,5,5,0
c44fc56b7b2688b65bfb501e35015eda,5,5,0
f0af25b55365e27fbd6a93df45d9253f,5,4,1
eb4a0e0fa996c4a0815f6ac1347235d0,3,4,1
2d5acf84910c01604545f999c9188e5a,5,5,0
6895b2b445ba6fc95b205ec5d0d5f25f,5,1,4
a833e4af2b4c893929b9f3adce3ecbeb,4,1,3
9d302458a5c2070516051da353068870,1,1,0
dbe2e048ec0057accc15716fa929c405,5,1,4
4bb0dade496fdb8b82cd2fe250996451,5,5,0
8b2098d15b08a80b4d24395b44cb2a42,3,5,2
62c01156265aaaec691a0634593dd678,4,4,0
186d50e82bb60fc547f3dbf7aa6f6f8a,3,5,2
2c039eca196d1a548fd739e82713a1b1,1,1,0
21e52ff2fe2fd01824fe0e13fbef5963,5,4,1
f4981812af9b38cde6d9d481c1c88981,4,5,1
39440d3f8a70fc392a19f6a6fd1af993,5,4,1
9aa3595de5e0569f4e0762bf2d005d19,5,1,4
4c3c0b124df3a9bbd44a538ec578147b,4,4,0
9e9019ce043c4bb38f4bb4afa8bd55ca,4,4,0
da95823b29f9ce7bcc4deebe1e568aff,5,5,0
f7e6df47c78b982f0f117ad579519e15,1,1,0
3e92e84e557bec2d9fa0d853b3e855e1,1,3,2
a3a38cd51c4d299f206bc73c6daaf2b9,5,1,4
650b025cd24c4072e607bdbcb8a030f2,5,1,4
1da44207e99dbf6f88a322548bb43aab,5,5,0
ca207209c40b29d76714f77acf8189e5,5,5,0
07cbb7b6d1c67566a892673386b5bb9b,4,1,3
ad8c386772f88caabcff4e2a8bee26d3,5,3,2
2b73cfa36a63e2ba82be54965d188a7e,5,5,0
e4e28f77bd50442ca9e5d0b0fd55c7bc,5,5,0
48972775375677a6b44d8733e4f8c812,3,5,2
8b5525f36b49822ea7c5f37ffc94b66d,5,5,0
59e6562672571d67f137e34fbb297c93,4,4,0
38d4d6c821c0cda17600c430495f6a06,5,4,1
003a7f59d7e08a9c61d9e2881fe6459c,5,5,0
94a053909aea9a581821afd1e55e2776,5,4,1
e2e59afe0cbf5893e29bb89ce6691c39,5,4,1
53065082f5bfbc7a503dfb55ed57310a,5,4,1
698718954b64ad9f11e9ef210e72d100,5,5,0
f89d1880421bd1f3c80d406a826903a0,5,5,0
f6c07510a39cbc557247e18f069d38a3,4,4,0
0b5680deaa067376ba987f02b755e8bd,4,5,1
e1ae83c728cb5ab4352082e5509056ff,4,4,0
9f4dd20e89f7d039db0a8eb572042c1c,5,5,0
3384b2cb08c73583bc2aaa2aa30fa754,4,5,1
291c6962c2c9443529081cc6068e607b,5,4,1
24bec7bd3d098472031fe54a30488c3b,5,5,0
dd21ec42c62a6f0292861be657c2286e,4,5,1
b915355d5d44aa71d50cf04caeb78a53,1,1,0
97415fb39aa90a8bfea4424d7bfbc5db,5,1,4
c5012f56f488e3d08eb8140afb31342c,5,5,0
86a7cb5d6724e24612314e7a96b0b14a,5,3,2
8c96e32cbba91af2ff0d72a45445d204,5,5,0
e9057cc32091bc1e10940df4a6f08333,5,3,2
ede1ae813d155e5d908cc6209fb95301,5,5,0
77e62cfd69f43538aaf8b8cc7392a151,5,5,0
3110fc0996c37031e67f3d28cd9b854c,5,1,4
cc2b671ecddacf155dfff5f460a2e9b5,5,5,0
40a9143b2c41f667d625190a5a1bf79d,4,1,3
846115786f1191946815c3b270d72d9c,4,5,1
454b6ccf9f8f2c12b3a00ee763e027b9,5,5,0
4ea3c6eaf3dc15ad857675322bfb6bd0,4,4,0
30f6b446907427d28df6c87fe5ef5947,4,3,1
694bcde1f9a49ffeba5da89982f7b9ae,5,3,2
53a9c421cf0e7129393a754a4d15b935,5,3,2
e82e0697786dcef38c215ec9d2dc308a,5,1,4
ddbee74a2a5acaf9c9c17fb5671e13a9,5,1,4
d68908ac877f296cba6f2cec9fc8c5eb,5,5,0
c51f7287f4c6537095b93e6d7bf66e17,5,5,0
7c0385a35429f81bba270c85f63f4130,5,5,0
7f081049d243d9a51d4235dfc310a73f,5,3,2
e96a8e16dcbfb70e75e54d34c6e832c4,4,4,0
7042e0877cfb1a8fb8e4293126dae9f3,4,4,0
32ac00d8c91b3cc4ba82a3444927032d,5,3,2
a9b311c40f94f95a3986f19da32f2fea,5,5,0
937ca79de438593867663c25fd34ea4b,3,1,2
75294baf702b2b91d850644b87670ff6,5,1,4
2c0f54723f8c8cc17f32514c2cce9449,5,5,0
dd148019cfd83f2e45f6c5d5a09771a0,5,5,0
a07137b5e914d5a3b1270f7e3687e4da,5,3,2
ccb5c19912ff449794d696899012aa3c,5,5,0
69340678ddc4f528cc879efbebd9b4e2,5,5,0
fc44a585a233aa97fd6b95f25e97cc7b,4,5,1
ecf85b61bc3f89e2f5ff2d7367369675,5,5,0
06daa9224cad114ece451ff00c20d49f,5,5,0
d8e4f17201e35b0341b90bf7b8be215c,3,5,2
ab1565bce2736095e4b347db4cfc071f,5,1,4
35b2be75ac71d838d1743e201de6bcaa,3,5,2
a0ecc11c21cacf6dc957678e792102c1,5,1,4
1bc2c38cb1ae7c211bef71067808a22f,5,1,4
5eb2d78f174daa47e90249a44e033aca,5,5,0
edf5259d2b67344bab205bdd705eb9f8,5,5,0
645fe97a0bdded23a1498357223769de,5,5,0
e17c1dcc7717b07a0613f26fd235b0a4,5,5,0
43eb55273f90173602132799e81d95e2,3,5,2
1f88908218a0ba8238b5260fe399ea69,3,5,2
b91b97488347f484d82bd38acd8d0bbf,5,1,4
509b62447c7e923930921811c30ac6a9,5,5,0
3a0502bcad9a327ac5dd125865643c49,4,5,1
549d28441c9e96e57fd63005f18b5ca0,4,4,0
d8be7210368c4e44be491b1e395b293e,4,5,1
65c599e3998c4243f4e62affbf5bcdd7,5,4,1
1657d073874b59831bbf61d290efb44a,5,5,0
ca6252bde978788e50661599ab1223bb,4,3,1
6087c740ddca7b0c465bda072107a1a9,1,5,4
9c5e59d13402e43348641c0293487f76,2,5,3
38fc09accaec15642b3f2ce5fc46ebb0,5,5,0
08d551ca6776789b820288466888bc3a,4,1,3
e9da0d015d8dbc78a000c0b78cc87728,5,5,0
e5c543adb388da035a48a7b7fd057f5a,5,5,0
0796436a57062ff1b4a95616fdf3f2fa,5,5,0
5d2331c2b9c856b5b42d3c9f0c9b97cc,5,3,2
0cf94dad2e99f0fb2c10e52d62c4e560,5,5,0
8a20690ced594f1b8937e869026ccc89,4,5,1
47526268d1ca9101d88afed0fb430ed3,4,5,1
c1a2ee16a0ebb378f57bdf69fcf45b79,4,3,1
66102db498a42db4dd18edc624df4a95,5,5,0
85eeda44e93bdd0ac057cdf18179d693,5,5,0
fcbc14002233ab8843916cedfd45ab33,5,4,1
7a92d4bffc8f086e16f610875cee431b,5,5,0
ae8b5df33b436c333b48d59c25ddcf46,4,5,1
b287f7a260f83369913e3203c8b15be0,5,5,0
bd158f500dead88056547802d8fba362,5,5,0
446f7424265f98943549eb1cb79eceed,5,5,0
d515df6c2f06c05d78204a42d3a0bd11,4,1,3
7f7ecce97b3b42d8f61c14fd46a50593,4,5,1
c51dcdd98e1c413f3d394ffcb4656ed1,5,5,0
b353cc5afe48891188abd0ccadf3f543,5,5,0
e3111d19cd703ecaa907dca4af37c0c5,5,4,1
a37f223ddfb275821019dd70ef97b23f,5,5,0
003d9fc84ad902adf2265248b5ffe1a4,4,5,1
570975ba79d1ebbf8ea51ff4536e8b9e,4,5,1
1cfe8d413eeb99641193432e99568f61,5,5,0
ca32e37618d388555627885cae8a34d5,5,5,0
98e109d3f1db912647c2140cdee13836,5,4,1
b75ec2d4ba9e40634c65c4b6be946b6c,4,5,1
8fc77c04dfa38df89a157e9e81a75ac4,4,3,1
04198c2c90b3fcfaec75a836841dafe2,4,5,1
830fc83eb6376eb2f375005e54d4801d,5,4,1
2c743fa9aec96b772983e9ab98eda2b2,5,5,0
e151550ba97ec3c6c86f7de205371930,5,1,4
6cbe1e11a1d2be3cada894fcdcbb020e,5,5,0
b82f05ed1c1a8045489ff9ee86415c9c,3,5,2
a43233e3aab4afcc9b0160f77dfadd82,4,5,1
59c0d4b067270f98e28b82c5ce59db9c,3,5,2
b779a9b1774b12944ab77d39b831f151,3,5,2
92822ff2220ab001aba01e753780cfe4,5,4,1
bfda845524638cc2eb3e891b4f2ff603,5,5,0
b72f2809724c9676ae9bc68a12d9626d,5,1,4
159b0ce7faa02427505f3ce47f48e933,5,3,2
329c5c3b5a57c04d68cda99d7f94403e,4,4,0
dc2152f56d388bfc5f358fd79d3e6bdc,5,1,4
a4652eb1954cd0c3121a95ba49122673,1,3,2
33a7b8ae888999afb219263e9a36fb77,5,5,0
99902f632e0a578e6995f6291e0e6cb8,5,4,1
3fe876ffec49107cfb2f6565704aebcd,5,5,0
62977d4590bfc4beeeada22ce07ae17b,5,1,4
9ad10c69757273af721bfa883c1d1c81,5,5,0
fbd68bde483e90e5e14a0d0e608b907f,5,4,1
23e61b7a50280ac24831f163542e5fe6,5,5,0
691a3325b50750e7c8b30ebc3390f63a,5,5,0
b278e32520c84b90579da72688800ff6,5,5,0
c14191a30c0d8aae8951561cd85a7485,5,5,0
dc15d43ae100ecc5bac78d9e974af643,5,5,0
616dfda2aa81fd23f5e8f47619f650be,5,5,0
400aa5c769fda1017c9b3a3075a8aac3,5,5,0
a7931d1356ebfaff87f69f952ff58208,5,1,4
e32049d31df0d952f7a6f6d8243b554a,3,4,1
c8536491e6701f9b5382da168ee54048,5,1,4
8aed297dafaae7e8244ea765fd3592a3,5,4,1
34871174fe1f4c68f7efac5e5b3fbbde,5,5,0
1a5fdd1338ab8d42e2bdfb83dbb7b9c4,5,4,1
5eb48a486860d85108f3e9b4276445b9,5,5,0
ed76528f7ed5ae1f2a0dd070a7426d44,5,5,0
c79c512fd61a1008f15dbf7ca2a8c7cd,5,1,4
370098d35ccd8a2af86b57c81ac7d24f,5,1,4
279cc62fe9c5a9e6a7ad5a7536560944,3,1,2
fa9aefedb556db70fd8ca7a716f79802,4,1,3
f1ff6b4b59eb9cfef1cd47ad35743e93,5,5,0
cc37a61fa8201c91170d102918162eec,5,5,0
39900b73a172015fa77a5a451c3cbc95,5,4,1
3f70b0d81238eb5206e9f84ecd006bbb,5,5,0
c2c532396648bb54b975a3f2f7845884,4,5,1
af84f0b808d076913403b036e34b12fa,3,3,0
bc7e40b95bc62e9b4fe7c419038b37f3,1,5,4
26aee8d6346575cec08b4981acf7cfc3,4,5,1
de2e5a0863ec922ee9fb96b8b3395de2,5,5,0
faec57243cbdefccdabf032fc0bea9fc,5,5,0
9d3da55bc185ccdbeccac8824c7330ae,2,5,3
0e9ed1bc6589695f10e03b8eca833201,5,5,0
149bca3daf097d7695389efb9b491653,1,5,4
6ee1c0ae2850fce0967f050c82d6a532,5,5,0
c84f367d7b52ff36843e8c8e08fa5c11,4,4,0
f19aee0ec494fa468b59ae57ea6af345,5,1,4
9479e50557f3b752df0424164eb69604,5,4,1
cd38eeff6b0ebffe1200329846d83987,5,5,0
8d5939137fefa94485150d55a82dcd11,5,4,1
1175d97a3d270dddf3146abe7f5e4934,4,5,1
ebf83e24414af9b0250d34007320eed3,5,5,0
228df0c2e8c23cc26e2a14eeb701fba7,4,5,1
49ec9dd0000c7df85f49fa626edbae3a,5,4,1
8eb24f96b8213d619ec9940e7f8d8ffd,5,5,0
f1933830df4ca531d957ee140db7b1c4,5,5,0
dffe39ab35d34d2dc19f4969b4db43e1,5,4,1
b15a1712256b8250cd6f952c85e4c65a,3,5,2
6de82414b08e811561e73db3df4fb9f1,4,4,0
ddb860efe17d6082630b99db1200b1c0,5,5,0
e5141c749e377be251981ba3ff55b1e7,5,5,0
9c3059c9036686226d8c445338bfdcc1,4,5,1
c5fe9b024836c62ac0742eed03f72669,5,4,1
a41bb2f937139613df86a333fdbaa7c9,5,5,0
00e365f4fc03d1098841af23d05c17a6,5,5,0
61eedf8710394769412bccced6288fff,5,5,0
d407f6aa0355a8c511f0bbcf52259730,5,5,0
5f72c8b02beaa8a1bc3fd79ea75384e9,5,3,2
c2af225ac9a68a3c24500aa6fab006aa,5,5,0
4d544ef55956dd8aadf1162dc1b82ae1,5,5,0
be604de4ce5e2e8658c03895db0621a9,5,5,0
59eaa904b3f0dbde2785ac1b27eccd18,5,5,0
480455ea6aea5bb17a513ac896132d14,4,5,1
0b3506e1bbe1a7086dc5f9f41c594b8e,4,4,0
7e41af71933a120d6d0fcf9249f19a85,5,5,0
efa7f60c6fa051986a5d8f220106b74f,4,1,3
fcd6d198157dc9cdd9416a772c1b7a2f,5,5,0
161505c64f201d3bbcfe5c6116474ebd,5,5,0
637c53efeb8436b5bb339182ab5d03d0,5,1,4
e8c1420ad4481bb6f18daf1e95ae97a1,1,5,4
8dad738545d7c669904af09b97e10c1c,5,5,0
29e48983e21e97c5b3542161bab87fd9,5,1,4
b21e3162e757bdf451e3aead9be19148,5,4,1
00345f338696283410b7977d2e3efc89,5,5,0
2c8d039d136f71b16eea4024def87741,5,3,2
88768bc53525534c6a8016a7318be286,4,4,0
25a41191628ff8e6be3cfb655337cd75,3,5,2
d16add0ce9751d6b9e83bcbea48aaefd,5,5,0
5f082a502d1fd6f19d32897c2c2cbcec,5,5,0
afacb4d50c5827bd19cc5e0c7e3d307e,5,5,0
5890259dc546292bd43919d8a284222b,5,5,0
c2de24c1d731498ba30b74272b611312,5,3,2
1af2f4aed1b8812719266b0a8f496c51,5,5,0
c51f25e565a1b4a03be6979f4661a585,5,5,0
261bdcab01e8f8ebcf82abf1c64d9501,5,5,0
354170da2755821e9c7cdccbe277b0b2,5,4,1
aa73d1076ba6c6f19de6990bc7401acb,5,5,0
04f1689642ed3c3e45244d4f7b2fe731,1,5,4
bbd075138de407e9200e1ea630a57227,5,5,0
c0fc5c6702f93ec8646c5404b4147864,5,1,4
a97b999bd1190a8e2cfdd7c54b9f76a8,5,5,0
eb620e3dd98cfbaa9f054dbc60758764,1,5,4
27c9fc42d3018c63a19f1c85d55f4939,5,1,4
3a99e79dbc864f031d94b7f7957b34a5,3,5,2
ebf5dbab20132b5c6b7d76d2ec6dc7ba,5,5,0
64ee68a4358c84c40eb6b5c911e4ee5c,5,5,0
2ee9f38d1a90756204f9428337b66444,4,5,1
f4f27728bc1b0f7edcf725ffdcdf7ce4,5,4,1
9c33774fba00c73b651903f988c71bb9,5,1,4
f73b31435ce6dec43df056154c39a1ce,3,5,2
e98eaa3acbf55a63a501cec1baf45f9e,1,1,0
fa03573c5b1e111542c72cbb1453c85b,4,5,1
db033c99784b0da2569c40df1e7001d7,5,3,2
bd0b62b8a0ca7bb988f6873cf9c4c4cf,4,5,1
9014b176a3efa6ac1b06cc50cf2d3fff,5,3,2
3e2c094c3afb8ee522f4e4a0c93983b1,5,5,0
a9dfd8a8ec4fa0a848fb61986bdc153f,1,5,4
f1e8e2809f03ad9c147c0c8f6283c6b1,5,5,0
e3ed667246441d406652e03f37d8d55a,5,5,0
1cbf75447931e3dbc3c38893fa41a6fb,2,5,3
5d008274e5bc6e6fa48c833c4b0f36a1,5,1,4
ed0800d9508fd0139f95a3934a4802aa,4,5,1
c6d7cba27932e1d0cc2d052db5a2dce6,5,5,0
cb4fa9a6d95ef2b84743087f2cac2b17,4,5,1
e590915e0817faa870d3eceadaa9399c,5,5,0
da383ff6aa9558f3bd909b1d76789381,5,5,0
e699670c160ced1a5e73cab03b0e1899,4,3,1
2140193e2b0829d9e294a5b08560a497,5,4,1
9df9587a3db3e8ad4789a07841a0afe1,5,5,0
9b2d0b62b218b964a7d93e0df5e07b7f,5,5,0
4f737bc2a795169102fc6d5b5aa31e27,2,5,3
34f2ae2b7384d738b4a4787d6f8e20ab,5,5,0
345f3128d7ec2b4fe1b30bef9c24ac82,5,5,0
09de1c09553be98d80e730e53641c515,5,5,0
06a1cb50e0911f3b04b4f43fc7beb5a7,5,5,0
b50dd584b57f884ca278422e0607f7d3,4,5,1
fa3e74dbf7c2669de4cbb7d68adcb17b,4,5,1
f26f902bdbbc733c04384af07f954c19,1,5,4
f098544578493ec57893c9030f6d0d45,5,5,0
a9a6b38d59cf5f6c56d86dc3513a9bb9,5,5,0
4d680edbaa7d3d9bed69532957368a03,1,1,0
6940c4da07984a3f1986bff00cc21ef2,5,4,1
04e86e883a36a0775ecb4f34f581770d,5,5,0
85514951847547917a4f611d605a9085,5,5,0
6bf033a604dd601317705db318a6095d,5,5,0
ac3143c0b6db91dd3ca4ab4d8a8243eb,5,1,4
0c0aeabd6ae9d7a303af615334a220d0,1,1,0
3298e7053c95993e6eb284ef3d254b49,5,4,1
d91d81e30f336d49cc31106d5373842f,5,5,0
be13978ecac5e754184c77063ea75e2f,4,5,1
ebb84f02334991a573fe0a654f19a056,5,1,4
f894a976b2f88c235756d17fde814a4c,5,5,0
597ed802dbdf253e02ed5dc145617466,5,5,0
ec6cefe08111fd7ada75b6c9af232fad,5,3,2
fa902363ff995f79f7ae0694ec0e2aaf,5,5,0
1e06944a511e346128c1174c18d597ec,4,5,1
d0963bb4fb0e49ea7dd1b7ebece20a27,3,3,0
ddee5c5feeb0bf3d7d713fb1192977a8,4,5,1
ef2960fc071e710c211bfd7d7de5ca8e,5,3,2
474c4ea497345c47f7b63558a380d73a,4,5,1
80cfa0890f4319950ce8e5dae346a7b5,1,5,4
818996ea247803ddc123789f2bd6046b,5,1,4
1103c4be46dcfaefc2a3b79d3ef6c866,4,5,1
536a79f3bcb2ac2163cd5c46695fb573,5,3,2
59bdf4abef7b3ebc43ac9d4865b426d9,5,5,0
c069094e56b975a886bc7c6817fe0887,5,4,1
8c66073666890d74637182747a6f4a69,5,5,0
8a4f504a9826004fb1b0957a12aad33a,5,1,4
3b2c1076db50e3fbc99981ae5ca1e6aa,5,5,0
9313c6e2df57e5358d335c1585a48f35,4,5,1
f318921851480832ec75983410d612d8,4,1,3
7514404922bc617c41f9b47f003a3350,5,5,0
6c8638c1f5868621b0dd457371188635,5,5,0
2be34c2ba4b5bbab97cc1ab70c699168,5,5,0
6f22dfc6908427b839369dd36662e575,5,1,4
10d68bf5b2b29ed413ad7b19c7c601de,5,5,0
91bd30c2bb59d00a3f3710013e7c4365,5,5,0
1cd147d1c0fe18f3b742a353396c44a7,5,1,4
71b7a76e413b9a5ac20a14d89ba2b681,5,5,0
82ee5cb36361d105c438c357e9926473,5,4,1
790e5c5eb160ea3d606d62c2187b3e6b,5,5,0
c15790c4480e97b6a152024a4f53f0f6,5,1,4
1e8d091c9694d77f712f6540b7b54186,5,3,2
75a9432bc86fcd9061f4557cc03183ef,5,5,0
f82746601c1969d00d63e14a786f322d,5,5,0
1edc3863beec62b1bd5e3fca2eb64c53,4,5,1
0718634f87a84ae0468224ecca3584d1,4,5,1
3216e9aab2494253d39f045d704d1b71,5,5,0
ef759931a1e239c554b2d2a25957e7cd,3,1,2
2466042f13331acca52c382e1d3ac6f1,5,4,1
74c951ce0835b2741d3014321ae9c480,5,5,0
305c62b54948504b5a6774e13eaec4e2,5,2,3
2e2439a5475026018c3062e54f16f56e,5,5,0
6cdda2ce8bf249e40f1a4a75b9fdef0d,5,5,0
7ec44a8d0d3cf4b2933c5c6dff801adc,5,4,1
bb39531a5274b1368bc8c50fc681baaa,4,5,1
87889791f729ac3bc040d1633961d826,5,5,0
0c6b011f8a4f87010c23995f5807d152,5,3,2
a1cf07fbd9d5488a7703b84d40ce93e7,5,3,2
2ed35bba35070885f6e0ff68cefe670d,5,4,1
bff2299c68d30f0c95671ff860e1c4f3,5,5,0
6cc8ea41e721d4a32913da4bb2179069,4,5,1
27514105d8e0e8c947e55e04d00037a8,5,5,0
07629443859f99dfac4443b102f31ead,5,5,0
20914c76989e5eac4e2675de44f7275a,5,5,0
d3a3e3a97ab240877d7898e0a85e9d37,4,1,3
92b7ad3b562646f9112aa21df37f790b,5,4,1
d27d8ff2b021f938c1638f8adbc2b3c1,4,5,1
dd4d3cf66aa23e931c9af921516324e4,5,5,0
d3582fd5ccccd9cb229a63dfb417c86f,5,5,0
c570fdfe7c52f1a15c7f002b4dc46f6f,4,5,1
d75779e6c1a84594d2f0721948133e6e,5,1,4
8712b255e65bd40b073d43478f7d24d1,5,5,0
fd33085945f15975375cd8ec85440511,5,5,0
e2cdcd4c94e29518c33449c5afe27583,5,4,1
642bb05feac1a0177c93210d0553e8e4,5,5,0
f3d1138add2934e968eaa91ce26da835,5,5,0
00fc308dd7f0937682698becaa9dcc45,5,4,1
6bb425cfe5c2338ba1386a0114f7fb50,5,5,0
d822122b00c0dbaddd3694846fdc262c,5,5,0
83b02487c4caa3adc52a33d673606551,5,5,0
ea9184ad433a404df1d72fa0a8764232,5,3,2
c4ae694131c2e15bee056c466f77f994,4,5,1
1739d90a28929b4a2dac3625b2a4d4d1,5,5,0
5f071a8534fb6805fa6ec902f04219e4,2,3,1
1f02df2b80d060dfde8445dcb32f347e,4,1,3
44a36c78aa2626a8bdd0bc7f18c821a4,5,4,1
2ea2d6cf4749783ad428586c538b4580,5,5,0
51f3f9237b10868cd54630d1c7a71174,5,5,0
374a37a7b6e965b44589d887570d7bb6,5,5,0
2717515e891cf11d6bd51b0bfa03bacf,5,4,1
a2d72ff17d07bd4f05cfaa40c6c8e2a2,5,5,0
ac6744e4410acdd7696dbc6bb6eca10c,5,5,0
73651881d63f2630709963bab45d7525,5,5,0
3bfe23e972fbcc9388dac1afaa11eebd,5,5,0
c1c46208ebd1440f4da5b7197c544d6c,5,4,1
a2749402701871292b1ca325a1b9f6ff,5,5,0
2b7348f9efa4c873465d66aba3fa20a0,5,1,4
b1127d37a7b6bdc4fadbc3e1345338dd,4,5,1
29167b624a7980a896eefbf16c7c3974,3,5,2
2d4128c16198542b771a2487095657c3,5,5,0
c583b6157fc73464387efe2ff82ee1a4,5,4,1
7ee45000199ae00051ea0d2b996b66df,5,5,0
50d8dde0dc9d533132878a7a47e674f8,5,5,0
4e83394be5549984fa381766d2e989da,5,1,4
732016d12d4c4281c465b63da4e2ca8b,5,5,0
fb6f921f7362a60a75e0a4cd6acc5f2e,5,5,0
5525ea8ee9e6150faa9b41dfc4024552,5,4,1
9f24306ad42ec0b914ff60357df376ff,5,5,0
9c45e22ceaa7d4d5cd229d408c610d4e,5,5,0
57a05984170fbb84344898547914f22c,4,5,1
0412781fb7b094ddbd06503035a2964c,4,5,1
f26c56be47dddb43c5b028ae9844d407,4,5,1
0c4af986e0aaede577f05163c1ee5911,5,5,0
92914b2daadca6d6a669a963ccc42c2d,4,5,1
acf1727645a8acc35c463a98c6cea8c1,5,5,0
10d5f0eaccc82a1edadfdf784a8c2928,5,5,0
825197d9865f5523eb079605067c8fed,4,5,1
0fa9912ed473d9281b394bb3f562cfba,5,5,0
70462ebcf26934be8bd0327d2e6103d3,5,5,0
dc6f399c6e89a48c2b06005aff6e0a94,5,5,0
494a9c2e25b72a3d3ba5c1a4adb9c421,5,5,0
36cd1ce42b6013f372ceb0a80b2a1b7c,4,5,1
f3775ff29924bbead0a149bf8614c39d,5,5,0
1577a74e526c643276397c8e3069b37a,5,1,4
841d2f58ddbae5e6d1230dbbbae2c0aa,5,5,0
11cfb7ef8394269889a34ee7832fe16c,5,5,0
461b8a4cb347a9be3d42546de69edbb9,4,1,3
cd95c47ac16f038d3b47edbcf984d942,5,5,0
084644a489ac88b4ca68d2aa3dc91292,4,4,0
c4a40587b7d37bec13caab195e89b240,5,5,0
211899bcbbeda5f1f5d057442dabb91a,5,5,0
e17b66e5337dee2de3d676c5698fa71f,5,5,0
2f08b7d5e2f0cb3a1e8a8c95579a6b34,5,5,0
3c7aa341aa20519a2530c8ea5763f265,5,5,0
2dd2ee0d9fb9543e703f5132e745c2c3,5,5,0
8bfcb216f3d8db5340f681b06b710f37,5,4,1
3b3e0d7f5d77e227da21f19fd5e20c47,3,5,2
cfb361b2049fa0ddeb6ca3959fa0767d,5,5,0
c093b337defb1739af5d4d2925cc9e00,5,5,0
192d18749b5744f1eff4f1661aeaa731,5,5,0
6e10384d6572f58ba12c848b91299f39,3,1,2
55c3e087340bf45947dd9df30b3808d3,5,1,4
5ce13e60c6c8f2bad1ea6a41c2b6451f,5,5,0
5601fa41e5818b9941a6bdd21978b6ac,1,1,0
7352da47c1164cdee2f4d71e736f7253,3,5,2
519d2277452787b455e35df047b6476f,3,4,1
d6d8407991795dae4a5aeed8e2173285,5,4,1
9ffb318d17153de8c18c817b99338e0a,5,5,0
d24d442123cc3d36a0be0d75bf90689b,5,5,0
497b22cf27e02673170a190f5c0f621d,4,5,1
a87b1e2e028f2dd7b4f77afd0f1da268,5,1,4
d063dcc119860db74b0e76cbac5fb4ca,5,4,1
ae4b3fa4cd849e5cc41f1faa613d28e2,5,5,0
54623479e83b4d90c3a3087c34a95187,5,4,1
1afe384f199748cff7a42c9902065560,5,1,4
57313d913bef6f44066214ef78d4ca65,3,5,2
696a70ec4283b80f3e55c6181754d2a3,5,5,0
ac8cb2fea06770a98357d5e17a82b627,5,5,0
0b75da0be2772eb19f522706b2078530,3,5,2
4cf8e5fafb46ec3ef4e9b76e9eb2bf25,5,4,1
814525d9a609035835b96f52ca9047eb,5,4,1
4d7dc7fe5a388ead18c9355d74c49998,5,5,0
529abc5277ea995c10bae0fa1ffbe39b,3,5,2
4b73c0e7ff2959acc87faf89631f9943,5,5,0
877ee05a3ef8f89df314644a0136090c,4,4,0
f70ef37b0768f2e5383b4fc11dc05bdf,5,5,0
63518de6db5802b95c69d007115bc5e5,5,5,0
650cf4a3760375c8eab33cdfda4aceff,5,5,0
85755a53293260a175624f3ee95afad7,5,5,0
ebd33d4995d183ba4c6ed1e273816aa7,5,5,0
bea4e26a5e3cb0a9eb16c8703a21a7d3,5,4,1
560c623fdd94c3bbcdb7e9f7b130cdf5,3,5,2
c1dbcb501480db95626caa68680696d4,1,5,4
d37f6eeb2d27fc449e65051940060719,5,5,0
464cb95a770d35deaad9a87fcabc9f5b,5,5,0
6370ed5bf9fc597975726885bde6ccce,5,5,0
2f5758117287c5c403d6051eca12b99c,5,5,0
66d105a8f0f6727acbe752b4da6f29ef,5,5,0
7be4cf9e577bd6353f88c21ffdf87931,3,1,2
1231dea1667f0c9cafd1d1f975b2fa1b,4,4,0
d16ee8324145ff91c54bb7edeb651801,5,4,1
b8a890f39e274d5853601790a14f8c90,5,5,0
f296152f7123f2d4455e82df8835f5a2,5,4,1
6436250baf46915dc740c392fcfc5c1b,5,3,2
bce3d004aa51086cc5b0e1ce2db91884,3,4,1
fd5771079a027230000ab7992a902f0c,3,5,2
942bfba61040fe93e3038099eb60fe31,5,4,1
62419df94d06b6b6bf72229e1acbf3fb,5,5,0
d543201a9b42a1402ff97e65b439a48b,5,1,4
b69bd58058e7fc58b745d22ad1c62eb6,5,1,4
f7f82ee7ff273ef6632f165b3ec2e9b0,5,5,0
1840fa1d0c7c4591e8471896f49ea857,4,5,1
cf18c0b77059499a99818871229ab994,5,5,0
1c709af6dc28e45be0dda17b368271df,3,5,2
8b1956ed3dc60c9bfa629f6e215fd306,3,5,2
446965992096e4620bf30d170edc3f9e,4,5,1
ceb9ba23c2692423f47bd10e0f86bcc5,2,5,3
753f7035904112b0a9a575ed27f1da2c,5,4,1
3e734ad65fdbca928a1a4de48d096ce4,5,5,0
c96496058fe55b7e844cd5e3a2562f85,1,1,0
d87739e1a489341831ec68b0876174f0,5,5,0
c2cc8d0823730be302a4ebe1d96339fe,4,5,1
86f86502108b157c71437274d7a60be8,4,4,0
8fcc69a880483df5f5e3d9f588f186a3,5,5,0
adeb87b732e8e3684863866c067aa9de,1,5,4
eaacf40019906b3cfa49494f390d8f83,5,5,0
e80158981f299f984453ee1a55275764,4,5,1
79104bbe8dd124c763911a2821546889,5,3,2
2a06568281fa1a485b9ba5fac48c7df2,1,5,4
b06a6fd759132f4b7e369314ab5ae2d5,5,1,4
be672f99f61bb90b0430f407ba4378cb,5,5,0
db048ddab46bdb6a29c27f08073e29b2,5,5,0
f8cc09140951893d329b6f1bb9106ab3,5,1,4
458e6791b5c8c62d0a48aae7f660b637,5,1,4
8c6a8f98b933ff47c7aa8404079d9136,5,2,3
edcf1e1eeb52381be9388c90152be52d,5,4,1
17e604bb550e265b46ebefe61430751b,5,5,0
fbee5a46914dbe7cb94572cb5557dd4e,5,5,0
ca1e3df727868ef1138ae5de78a1f611,5,4,1
ff67e2e5931af358c3dde42b54ad658d,5,3,2
29455cc4cdaac794ccacd95639a157d8,5,5,0
eaa3f732b5a4f293f5063246bd5dd67e,5,3,2
6305e90ad1e8185734f333b9fd2b22e9,3,5,2
7a892f60ab55f0706eb2386da59a4849,4,5,1
999a06d4f5f99f712c14e37308f5aa6e,5,5,0
bbec0e8ff27f20abbd5b2fc0ab8a82c6,1,5,4
a2ae845d7d4ef0baf31d017fe7979483,5,5,0
7cfdf7265c9572fc7b7cbd3b9cc438b7,2,1,1
f4b84983666d1ac021c0522f00a405c0,1,5,4
e7a9a4e0aae16d3a2f05bf2e75cf678d,4,5,1
919baca007d9525b6668c18f79a33197,1,1,0
85951c338d992f64e7abac3d611dba6d,5,5,0
a7b3d17383515918f57cc831f29bc8dd,5,5,0
4a5a1f0d3ea7bba1b88f2d68e80e4189,5,5,0
f8d682487207f7eab4caa4ab2f2968f7,4,5,1
d15b257b7d9942a18c578ac0b3483139,5,5,0
140d9953eb16589e277967bbfcdf7ac5,3,5,2
b0e61103ba1dee7e3c3c31f68e62a3fb,5,4,1
ba7da6649755130f12897371beb31272,4,5,1
35a1f77503821f43673d975ffe0bb7b4,4,1,3
5e0d84280f3a96b37d0228b21ffeb4f6,5,5,0
7eeab59050f13c229ebf63251ac10d3e,4,3,1
7e53dc06e288a32ea7adf566d1452bc8,5,5,0
9e49e81744d0890cd05aeb8d8c10d28a,5,5,0
8c8bf66336e3c7cdc9f751fbfac37a85,5,5,0
9fce3cd33d8928808f389d86ea7556e6,4,5,1
17cdb2d46a5fddefa7bab0474418cc26,5,5,0
247dc699abf8f4b21d26f2bf1ee3aa14,5,5,0
50d13ba81241f2be0e2561cffdd5d088,4,5,1
2398303669883856391bb4ecd9a5db0a,5,1,4
65190ebf6d5ddbbb29883d2399fc531c,5,3,2
1ff7ebbeffe12add6550ad9cd0c33ba2,4,5,1
18131b2990b1052f6a818f25ee7c332b,4,5,1
8bf5f7691f5059f401c9b3954acb39b8,5,5,0
2bf9fdd42a3609f2c440bec186b10ff7,3,1,2
cc8068a058758e65bf66266523272c96,5,1,4
5d4a04483cce0b0e684e25f05919fa89,5,5,0
f4829d4aec1e7ce6d1f88c4eb8086c3e,5,4,1
f162504b437717036cc81bdd9a02c4ba,3,1,2
71690141b0ebadd9464cd3adb5c6b881,4,1,3
1e7d79d08a87fbdc49009885f8990ccc,5,2,3
b2a25b6f671017afa5190546ca5b89e9,5,4,1
1121eace8f44a76b9fea9b1d67d87aef,5,5,0
3c888e8444c04cf2fea3d8b2db0195ef,4,5,1
c477fc53ce47c17b7c9dc786ac9925f0,5,4,1
9d141b2bebc8cf4060d3fe3e0d2f0b8d,5,5,0
c51896219e771f4b680de92cc5b286c5,5,2,3
df9a83542974f3a48afb63552d2f4bc5,5,3,2
a7812cdb3ea9fe478b52292849c0c261,4,5,1
870e6f0cd3ddbb87daf15ccd2926b142,4,4,0
cf5ed095faa94bc72753a8d519d43a61,5,5,0
80857379baf9c428499c9de7712d6503,5,5,0
4d0f637afbd692c3e9fbffbc338de497,4,1,3
64fa84c83d247d06bdb6cc81564890e3,5,5,0
1aea4433bde1c518b2da880fea254b56,5,5,0
4a7c656f502a83b8faeb608f3f1f9f46,5,5,0
36bd9a684be63b7aed450f82d31727f0,4,5,1
5f5c63397b4ecdb2e1bdb739b8b667c1,5,4,1
89babe508d7970dd64bc5c43f771e15b,4,1,3
f01221bdbf37c9c792b4cc3e78dc5dc8,4,5,1
22890d3bdbf453cdf060e03716c00012,5,3,2
237bc9f2aa86b56ab439b6a508832d88,5,5,0
25002fcfee05773be1d9bfe045b95fec,5,2,3
708e9dad5dc7867bc3c61cee01f1f311,5,5,0
14849d6088ff7e250be24f360af91c07,5,5,0
2b86248935bc0815bedf6857267be978,5,5,0
7d2286ec219f58023352077d938dee48,5,5,0
be9cb960ebc9760ede83876149977438,5,5,0
240bcc288ac170fb535833fdde280ed4,3,5,2
622b9d86199a98a59cded9f26507efce,5,4,1
62005c92ae50253cbafc90c07cf33d2e,5,5,0
48c923725afb1e9fc4d686c4ffb3cf03,4,4,0
d19792edee7b2cc1d094d869461abf3a,5,5,0
48e081b41ba80f4327ded0c709f696bb,5,3,2
a382cb8f8029155c37cb65eed956b494,4,4,0
ca186afb25218627f21f78bcb9a5ea08,5,4,1
9c9d903ee688363d1efb6cf097ec00b7,5,5,0
d1e07e954814a237a314e375592363b3,5,5,0
d2c57d721916c36343711be4e205ad5e,4,5,1
d35f8dc1aab5eb262bfb16db16fccfa5,4,4,0
dfc5bd74d2e77292cdd66e032ac3cae2,4,5,1
eda15f47d38268e4c8dfb881cc473512,4,5,1
61c2fee6b0e84bb5aab5cb16b1cd3020,5,5,0
a2e0ceb6d71b7658cd40852920066f75,5,5,0
0ca4b3b797fddd6288abcd726e5669e3,4,5,1
726a67ad063495177a87c3958017c32e,5,5,0
4d2711a0db9f671c10f8ce62aeb438bb,3,3,0
fe379bcafadad5a792820631d49429e5,5,5,0
2fc59b5605bf0cfc03638cb2cca26b16,5,5,0
1bb758b8244a768b78655fb2abb0c7f8,1,4,3
f94b0a3a81bf5b4de22a8c2a90df7263,4,5,1
ec2363de62794f8558b84ef108738f06,5,5,0
79a07404beb09afb0d444bbe9dca4bae,4,5,1
2d6e19c8b83e0333696e259829801f17,5,4,1
6f0a2d3f0fcb51ca2468a29cf29bdf8e,5,5,0
5dd64c69f0f1a0f2cb3a5272837fb904,4,5,1
9bb495896a186cefecc3d00838723597,5,5,0
7c1775b55c23f7d7c2f85ac8e2e3c549,5,5,0
2ed40a95fdd7b319825703d38149a570,5,5,0
13cef9e0a4505f2d911e9c4465b5eb22,1,5,4
d9fa17951c63adc1a26a35209c26eeb7,5,4,1
2c35f7790c51f8cc8e66365315d91929,5,5,0
383adbaf853206e2dea04ba16c94f20a,4,5,1
36b036769c93a2e59324ac996fb51e2b,5,5,0
3744d1ae189206fd84cc7e806393dd56,5,5,0
982c69cfc82e759e726e6e7a9901929a,5,5,0
2680d53d669b7bcd1cfde553ffa78aba,5,5,0
9d47e048cd4a6ff635406a2212b0a7f0,5,5,0
0d80d0e27b1dc1e7eab3528b17464069,5,5,0
60d517144cee8ca15bbbc4d52213b8a7,5,5,0
e981933dec07dfe833f737618e90afe2,5,5,0
9ebfcd2bc9b6535e4bd2f4a199ccb665,4,5,1
c7b50349c671aee4a4e97aff1c8188c5,5,4,1
f98afca2779cb0337d7eb2bdcd2f8553,3,5,2
f07e5e978651bb48927a71ab7f56f2c8,5,5,0
d8f92d7e898a1027a0957b82f58ddbc4,4,5,1
94302f2c0be2b8557b415b3330aca160,5,5,0
b10b1c5fd2464a235e121d6ff79280d1,3,5,2
01ccfbb0ddf88340b6eed3f1370bcf0c,4,3,1
db4ce50c00a40c05fc3ad1b73abb3189,5,5,0
fe6823abc970a4bad1c216e78e92dbe3,5,5,0
c647254c19cb14894d4cf37d3d8e450b,4,5,1
21b966a378471db65c18fa4ca20d6800,5,5,0
a0411a1811cf1c3c1312372cb0495c6f,5,5,0
f9fa435b229b328ac3cb116184422b59,5,5,0
71ebfb916db0911bb0201d56790bc485,4,5,1
cc7403cc8930609fb8201add01828b05,5,5,0
771f66be24ca215d4d3415b63bae9d97,5,4,1
e1f61651871c0898a323bbbd154555c0,4,5,1
0c6ec1022958b35c45335231ea396ad2,5,1,4
90747e77f1f92c16ef47b7e5aa910e0d,4,4,0
a2538594406c450266b29fb9a0338424,5,5,0
133b607354fbff7447ce545c8a0fa407,5,1,4
1566e171c4b2ce6aae4f8d222097ef6e,5,5,0
62019f35fab0f9f60e1f25a8b17de426,4,5,1
88ebb2a5aa88ce5fd1f73a821e27bb43,3,5,2
f4879e81f79c3e05e13fdbd8d40b5b51,5,5,0
ce7da3c96f70e4febad6c91b835784d8,5,5,0
a5e7b733ac9f9e3d9bafeacd10b5aff9,5,5,0
89a9dfc9222a6cab3be59fc550aee7c3,5,2,3
58207f7c0efe1d999163cf9f30042830,5,5,0
16e6906345975bd3b9888970d2f2c7b1,5,5,0
01d9a9aa7feccdaf99f7ea832bfa7301,5,5,0
d8a23906d95c53fd16569067cefb9103,5,5,0
ecece91c3d1b87ff38070137b454c50c,5,4,1
092dd56170a9fa63acf80b11ef09f095,4,5,1
6dead076d81e3dea65be3ffa79dbdb79,5,5,0
4eeb749b1bc5823fb7ef6af9282ee537,5,5,0
b9885c0bcf45df857434c48dccfcd3fc,4,4,0
f8046b5049a674585e048bb954e3b494,5,5,0
d224ba092ec1cb38bf389f3a5b727054,5,5,0
22b31554c7c727c7d79ebd604c08bab0,5,5,0
a1265981979b87cfa507c10b94d1931c,5,5,0
750cb0e4a410a52a77ea1718a489393e,5,5,0
803aa4666b8c108ee27e65f64ad038fc,5,5,0
91ba8089d2fac808ba2eebac6c8c8819,5,5,0
26a6d863d24d0d5bc79e4cfa85ebf566,4,5,1
eb23b9ffbd39df83ffd9b7e7dd6a00fe,3,1,2
7c20350eeb926e1c63abe7eddeb439ba,5,5,0
ba84f6aec57aa48ee3eb1b97964354e5,5,5,0
b022e6618cd7a7bd4a981f0e7951922c,1,5,4
6b62c1fd112c4fd97899170bfb19a43d,4,1,3
d0f2eab6dd80aa594023f8ed3bd024be,3,4,1
bf441b5e92c73361e0b414a864240628,5,5,0
c943573ef15aaafe66bc4048d2aa6f35,5,5,0
a531f18d52ebc430be165b4ea5a7bf5b,5,5,0
6e5042f4099dedf7cc921269ffa0beac,5,5,0
36a6432a0a4312955a3e57af99e83b80,5,4,1
ec903a8a6748772912afacb2f8fa3535,5,5,0
1bc003426b11b20491aa5b7810c9cbf2,3,5,2
5d3459c901e4e1e7b9dd18e09e498131,5,5,0
50d1084dac37a15b7dad150d578f690e,5,1,4
7c3e6d9d783f5fb5927a500abf1cfbaf,3,5,2
8623ddd82259f932337ad9f727cd25b5,5,1,4
df6aa08f7cc272ab5c188923ce319f39,5,5,0
76cc0d927131093087a3d392008d9796,5,4,1
bd2e72e4a107f535d737c2c2a52a018d,5,5,0
369d712be6f3792951adcc38c6762157,4,1,3
844f7449f9593fb8f8804b997e9210e6,5,5,0
028aa70283170bf3cbfdce2c1b751cfa,5,4,1
829dd3ef512422255299763d6cce8f96,2,5,3
90c0d4df184cd39fe38d7b3de0cbd878,5,1,4
b8cf03f4a08e3dc7eb2509ef520b20e2,1,1,0
e544389041b93865b618cbe3bd55f445,5,1,4
99b3fb1a943fa5d4af2a3386f00fdd19,5,5,0
f3685fa8068bd0419d72108c51555ed6,4,5,1
9cea6943c0d2ab67dc7bde8ab9b03f32,1,5,4
656a18a8006d264fcc120edf67a4e98c,4,5,1
57eeb1ae64d1ca34bebe90920670cfb9,5,5,0
22df89b611e2a03b4957043cf949e51f,5,5,0
2a56c0c034674a4f3655fdbd44d8df8d,5,5,0
44ba35a187b315445132d3433f8a52e6,5,5,0
09c8e8de8792915ab68564b4420f246f,5,4,1
68764c1cae62d3a314f53f05475f5ca7,5,5,0
0191b6a5a70bcbc6cdd39427f216602e,5,5,0
54fa8d2f7c784a6e766cbae8954da562,4,5,1
09c55723561623b19ad72cf0299d58bc,5,1,4
0343fa2096b6d04743321f9b9f62c1e0,3,1,2
ceea2adacb3702fbbefb45ea65f5cd90,5,4,1
7f3550ae81191baec2a35d0e2a21a6d4,5,5,0
434ecca6e51ec65c7ed71199313ac9e1,5,5,0
372e38c46b10798d4ecd75d4dee7c5bb,4,3,1
0bfa8870838091fe8171ed69f6b89fee,5,5,0
c4292eea4a836266d4a601e1de343eec,4,1,3
cf2b1a6921421d6455c8be0a1e2677d4,5,5,0
79f9a48657445e95909801ea6a7e44a3,5,5,0
917f26ec1c625573e0d0aee8b162d3e0,5,5,0
a814c3bac8cee558887d1cd73a0696a0,4,5,1
7eb5250ca7b7e2436c5114888c655c1d,5,1,4
fba4247532c63f175d51681367210ab6,3,5,2
fc68d45fcd6b69813ab9159228c0b81f,5,5,0
9d0815da498bdbe17d13752e2d3c991f,5,5,0
09ce422617b0ec4c246ceb2922ea1ea1,5,5,0
cba45d3fa18d26bd7c6935fca4449feb,5,5,0
9bb34c27042d6bab11b0cd8d50d6c00b,4,5,1
49096a052563c7c07964cb46f6f4d572,5,5,0
02014f2495eef0e869616829d481d743,5,1,4
c2859f3c830b3fab51d945c1c0ef45fc,5,4,1
b81d174e61c49d745e4c5825bd7e539d,5,5,0
441adcd852644d2b803a4715aefce03b,5,5,0
c4cc1f9e57162d961e267cf2f07d2fe1,3,5,2
c802ca542cd239a800f378b2059e87f9,4,5,1
0e1670a6f68c72266681ed85b4e4f73a,5,4,1
920a1599f73c0a2ddadfb7caedcbda60,5,5,0
a8cec343b0975de8649d3679eb20b587,3,5,2
eff6ddd66d634e3d04a7e43f0b064562,5,4,1
b98252d2e216325a07a67e38b1762bcc,5,4,1
5a359fd847978055438c2563b425d343,4,5,1
c75be4dbb0444f5234b73d0e700bc425,1,5,4
200e97c3760ae66937859b03653ccabd,5,5,0
f9cfd7e4eb2776cec1a63a59a1305e9a,5,5,0
0e5be31b9db540adad7d42899c64aa26,5,5,0
580e2b6c3cb7687af1cb01ebeed86265,5,5,0
485dda00ddae0be1121b189eae942d99,4,5,1
c516efeee3182f8b1ea4a7e8a91da163,3,5,2
38289de96763d9d81470f67583f4b2f0,5,5,0
930fff097a9427c8a9a70559aa36fa76,5,5,0
32ddbd4844f4963945fcecc9129d6fb8,5,5,0
07a26b88cc90e93f5c9401de11a60793,5,5,0
4c103cf6b4ea5afded1030501ce5fb3f,5,5,0
725bc6e0462790b11f170e3729723857,5,5,0
e94753fb36e53fd8e0ed80fd513faa16,5,4,1
64c1efac740d3ad7dc7f0c3bf425fd7a,5,4,1
52760c1d47cac70d898facb7ac9aa803,4,4,0
88aef6eed6c5cf608b6e57b402ca30ca,5,5,0
d40cfeb2e19997b52a5832dc2e21fa02,5,1,4
4a17b2645f4598da6cdcd43f785b9b1f,5,5,0
d8488e5f53e0ae47397ca8f7936acfd0,3,5,2
80234ed83f65ba58f3424c43b86f8bd3,5,5,0
2095de529ec22771a4996c8ef81f6ba7,5,5,0
95bdb86dcfd0b17e0923fb8740f18e35,3,5,2
05cb96d379b1a3df48333ecaa572bf26,4,5,1
682bc14ace7856a832cef3a783e4886a,5,4,1
b1060e1be953d38ce9cdf6140c7d27a7,4,4,0
fdf0de381108943ba5c28f2ebce00782,5,5,0
f3f19665e7205700de2a40ff56bf2d28,5,1,4
92c735f4e752b94e7ba2fbebda5f4027,5,5,0
db6c3bec472f764bd426b77171342ce6,1,5,4
ac284fb15053d666dfb6128354f0e662,5,1,4
09c0caffae8336db750e232298e4a574,5,4,1
d4dcec44106e7301b362ee4b771b7ff3,1,3,2
62473d4e38d5bc1cbe9ba89c2e552183,5,3,2
a3fcdd0dc6c0b942d30aa09a4103f7b5,4,4,0
d32c8abcdc749f46da62424028a3aba0,4,5,1
06fef28288938378d269904800db589f,5,5,0
022f80b8a6f58b11018082b505f15c38,5,1,4
a281208da836ef2c9d23718a7a855a92,5,1,4
78897a5fe1c573c63f82070220ff2da5,5,5,0
72f70be643bd8ca8da6be5b9e8435aa1,5,4,1
4d5cefeb0501de96acd522c3742d3d04,5,1,4
26309b9af9801e215252ef79be51f75a,5,5,0
8565434e7b68f273260f208a1d2c2aa2,3,5,2
0128412231f9fe9d7e944eea5392fc6b,5,5,0
bd5a4522a820fc4932b422d462bd8195,5,1,4
fe225fc0702b1d46a931e88d60c7be25,4,5,1
fb7b22bb2a29860909a25f91510e4292,4,1,3
42006f4285a74fe6aeef976170d01e60,1,1,0
75dcb90eaffb6ce748938d1b67b1ad87,5,1,4
bfc72464b974b6abff7bf44b83aab136,4,5,1
80d817467dc3d0a4bb5ab8986c962b1f,5,1,4
a17a3fb93e43abd822552a9f93b02c1e,2,5,3
c87d92d5c64c70c79d7cadac8d53ee3a,5,5,0
9af38cf8cc5906174070c0c591e630a5,4,5,1
0de2b30e13d8f2dec50a37917bdac7d0,5,5,0
aa92022889a8c635cd807d74cc6878f5,5,5,0
feafc8e3422f6e1f4c00bd29dd9c2921,5,1,4
ff3d19da0194cd44460fbb6fbf4ed7b3,1,4,3
23ef9daa5d06d57a70a022994cd9ded7,3,3,0
5b47fae4d8705a2c6e470bef311073e0,5,1,4
c84d01937d1c2029a7f3628f55a3711a,5,5,0
f0f7dc2419ca55c30f76a386584b9980,4,5,1
cf38c31c188359d5573787afd3004356,5,1,4
0712d5a2573948df98ba556ab362ef06,5,4,1
783b1d8d1782290b10a4d8633721e26f,5,5,0
6161a508b482a6f6cd50ac0449759706,5,5,0
dbc3b0665b060a97f3298ba46f58ce1b,5,5,0
9a161af1014bfe03c925a3ebf67a67ec,5,5,0
3781ac3dce6816dac8729c87afbb910a,4,5,1
4ac4fb9e257eb00d2e54d539aacfe9a7,5,1,4
6ea4cd6f1ec3ef5b3dfeb0c90093a5d0,5,5,0
03ad48120321b06697272dfa53deff2b,5,5,0
a9a67deaaaa7e71d9a725e722a09e22b,5,5,0
41ceb5b3a356a7bc6f668f28ba4d38c1,3,1,2
38c9169c58d74d3447a3ffed8962ce34,5,5,0
81710e0039b0dcda11c1f114e3dda5cf,1,5,4
3058f418c175f89b5dc680bcb5634ab1,1,1,0
3879246672dcc4cf13a523fcd4354e32,5,5,0
9151a91cb186d1ca78dc97f0cd26cec4,5,4,1
985680a4287cdd85e885a79a6c24b023,3,5,2
c2544ad612ec331d963be4a4daa7fcfc,5,5,0
fa630bc4aa5f6aa35485ddc68bb56edb,5,5,0
f9a5ad74c3deced30894f938bb3ffd31,5,5,0
f8687dbf5b2eb77e1a9ed2d9ab104901,5,4,1
c3a071b5ca0f9c693c5276d4dcf7fdcf,4,1,3
a735bad6e096fa8051a92301a1543c6c,5,5,0
529a65336debb1c3e3327d7d67dc733d,5,3,2
cb0ba38b8d7b0db732a053690b0ad864,5,5,0
687accfa699af3e8e717fe27eb506da3,5,5,0
d6e14e286083e99ba8571e9e8baac0b6,4,5,1
597c2563d00470ca79904967e0cd6595,5,5,0
28cee6e32da30679cbfe3da21d2608e1,5,3,2
bbd7db7bb1fab02f393167df71863946,5,5,0
c177f5a6ca27ad47cffbbcddbb6abee8,4,4,0
a41f5b62cf8316e5a500ef6a6f3fe2b8,5,1,4
760999ff07a3e111f8f559e83a11499b,5,4,1
08322b6d209359f491acb1e5f89cb371,5,1,4
2a68c629963d9ef7755eb29d53147d35,5,5,0
5e754503796f05f2ad0541feb16a6a85,5,4,1
35f7b5bd54e85367e42167d104f06813,5,5,0
3928ee08774d7c7850f58871b25ce3ec,5,5,0
a038858b0a27929bcb1da0884afea304,5,4,1
1800047130a05e584deadf5893a3c74b,5,5,0
51c7735438088dc983751f683f652995,4,4,0
f2fc3e958c7943badc989a1f5db932b4,5,5,0
780dfcd5aaf2662f3f6ce2201164394b,5,1,4
fe131be5a96c0e5194cfe0c33e5b1bb7,1,5,4
dfa136dd7fea189934b6e9585e61d3ed,5,5,0
bafef85881303806cc2d726bda04dfd7,5,5,0
65ac269bbcdab3f78e9365f37aa89626,5,1,4
d4cb2f7d8e7f756a94c511fd1280e026,5,1,4
823e4c9d908f5ec1cad58e1e3e7d716d,4,5,1
a1aa085af097613cc86d6105d15b39f3,5,5,0
1ee14212cb207ed5474b41f501133c11,5,3,2
b4cd10a24e0976a9d5f509cfbc3f566b,4,5,1
329dc72939ca5ca51023e9e8b2d4ca78,5,5,0
2691ae869f13b10f3d356461b4311c73,5,4,1
267968a4442f2e55c2904cac31c26660,5,5,0
86bc68d61da741ce223415cef6a13799,5,5,0
3f01e7549f763a26cfa6bda60a8396a4,4,5,1
6c11e4c7d9e5f7769c8090475602f54e,4,5,1
d51efba225d758550821c63b23bcf48b,1,5,4
b54d41998c16a54f3d93eda0940d1cb8,5,5,0
f0031384d36ff045ee1e866942d0fa7a,5,1,4
0b5a860df8a893e7020960b28cd67196,5,5,0
f0ef2d37f5d4b3f8afaafa9a8a5bc58f,5,5,0
b44e4934b1e5508c95af97751e9cfd6e,5,2,3
f366be749b180ea3b663f5ae2d3a8f0e,5,3,2
55bf02fa5414e7b29c5b651c33626e9b,4,2,2
9f9337d4e1debd68a43a89ee594a732c,4,4,0
2c46af8307c9250d7f461ca2b388da5b,5,5,0
a19d3fedf94faa61bd1358631200e748,4,5,1
5453176b9efe473b9cfa5066e6b19ecf,5,5,0
02036bc298ab3c1efc98b116f420d646,5,4,1
c736eebe212e3065b4ca629fb98389f8,5,5,0
672222c1e1bc8818069538d8c8c046a9,5,5,0
0feb8ce954124d3e3d8338c573a9c523,5,1,4
7ece841b35eb37fd53c5ddf9ce85b1aa,5,5,0
0937ee5de4e9482b7503bae26f9d243f,4,1,3
e356148aef41329b41d13a234a0402db,1,5,4
40dea8151a4bad08c633c2a80251b8cb,5,5,0
2c316630a424abef517f1f8d7295d666,4,5,1
6054b24d6a5bbe0e90fd7ebb14d602e8,5,5,0
d0b9b4ddffcd1fe48c13d9fec485302d,5,1,4
724074e91e873f7bba4b3548c59e5f92,1,5,4
b0e1b07dae953c6056f02e040a2e596c,5,3,2
9be4b69acb574b3a1e968c60b563a99c,5,5,0
c37425205cecce5f1296f6a00115de5f,5,5,0
8c48a29935d95dd45daa77ac63f6786d,1,4,3
31baa0ae964c43e70c451e1928483669,5,1,4
663ea079977e933b9c2c27fe78b93629,4,5,1
2ad833b9fd5613588e248a6973e94de4,3,5,2
21799a54bd487cd78f616aac588377de,4,5,1
23878b3366bb97c4877f944c685fc546,1,5,4
f83a0ce66c457dfdf564dafa364ae1d4,3,1,2
390056468c27192af8354d708051054e,5,5,0
3f1b0c2225f2dd5ac1856881d53a440f,5,5,0
6714f3ccd1250580cfa7ab9c1aeb23f9,5,5,0
2f72a08e8fc765e47fd2f4f2eb7a3704,5,3,2
bd6db30a785b2562c0fdba187450a2db,5,4,1
0913c46b1cafecb52e5a9a55b6c0e0fc,5,5,0
6cbc65eb4b9f5320a527cafaf73b7ea1,5,5,0
96519c210f6dfe22f8e85cad134443ae,1,1,0
42845ec86a155bf18a11b8be59fa8442,5,5,0
f8a7f99695460acdbb89605f807bc78c,4,1,3
7eae91392531d2ea7d65b484173ea85b,5,4,1
deef06897cb3c1fabed5858c4f9a6c70,5,1,4
71a9b0571a7e3a1094faefdd6be2a999,5,1,4
9b0736df64a320c985e2aa02453ce16f,5,5,0
85b63c21e1881b0980a007a5dd56d198,4,5,1
266db02796689abfdcdec737742b6c8a,5,5,0
2ebbf6f8d62476a737f41cd9c8679e5f,4,5,1
eb07db9884e44e51d9f3f7e6ef2715d9,5,1,4
d139bb03af910e29eab280ed63bec613,5,1,4
6a050dd1344ef1381e8be9a8d0565001,5,5,0
21fbb7ffe47d9cc3a504f6ac4ee24c9a,1,1,0
892afc8152bfeddaa37facab6f4a9275,5,4,1
494b56f3cd3d768dcc9451e48c8ee165,5,3,2
e91651e27c97f458eb35e67d8cee206b,5,5,0
9797fc9d23d5187db0924184bc5cca44,5,1,4
9f7ba492c273ffac8f90a623b8eadd3b,5,5,0
0acc21fa1eb63678e12042b84f8f9d49,5,3,2
91bb03327725cc7058e5890bc6afda69,5,5,0
bec3652605143e5f7e0265d993793eba,5,5,0
fe4a285b8a60b67f05e9767412f5b93c,5,5,0
bf2b54be17b7da2c70dc289ff2ee16a9,5,5,0
5d7c9ec4aa4d83e0b66b73e3ad2d7c06,4,1,3
4ceb6d05f749bbbb67e5606aa2d16647,5,5,0
133a123493a55f389917093bd41fb184,5,5,0
f8f0a2ea20c23215420ae3d9e7fa4f99,5,5,0
d11ac1d30aa28bac52a87c61ac170cea,4,4,0
f0ac9fdc189bce470ca4268f7dbb9037,5,1,4
9144181fd06902570ce9c34860652f55,4,5,1
5370a96022220f889db213211b32740d,5,5,0
7085a588f3bd2d50f30fa90ef4265f3c,5,5,0
c6a4e191a2e0e802fd5006378e6b47bb,5,3,2
04da4dc0ed95cc93f9f25375fa08ad47,5,5,0
7f01243bfbb619e73796571192245fce,4,5,1
2ee3ac9eae989dd8029015f1cb956021,5,5,0
076d0f6917a8b9325bd7de62ef6c8c73,5,5,0
0097aafe2a01dd54e39888976160c377,4,5,1
e382242987ad58b7b31cabfa549b2cf4,5,5,0
1342ab50383d7471a3bfd75ca93d38d6,5,5,0
e1f58cebd92cdac4b6f7f9a3814a0fb0,4,5,1
47c9d32bd98650fdc85ae2f486f60ed9,5,4,1
14896b78d03e4c9b80d6b32f73b2fb0d,5,4,1
788d6da30a84d084503d9e25fa8cee57,5,4,1
430e723584294b481e1cfb980b10df3a,5,5,0
ddea733ed0db4b498f7719f648b89a5b,5,5,0
8c3ef96e828b5894ec632ba10985867d,1,5,4
70f814478ea3019fff8677f0aca6a54b,5,5,0
69d3ec6fc241c9d0bbf66377805976e7,4,4,0
f71db65486473af693cb9575b5b77acb,5,5,0
668b19356f27bf9a854053836ced5053,5,5,0
8bc56c2bd5d8abe887ee0e3ec84a5c66,5,3,2
6a8becea75ddeafc9a476d5de46696a1,1,5,4
dcc391b80d70c66575fd8864b3ac56c3,5,5,0
243f2d7445f9dd0abd4542bb61385f51,4,5,1
c8bedae351d76a3163c9840172c1285f,5,5,0
ab086c339b4c94681a4758724c5ceecc,4,5,1
9e9b1a4e3c37db666652ee2ce50e0700,5,4,1
2c08af91c0b50d5d87fd30ecb5cc0e31,5,5,0
2fd573eea535b447eea60a9b4aa2603d,5,4,1
2ae01dafe3790417726f148d9f1a90a4,5,4,1
8cdd96554616b2466ae2bd275781ef0f,4,5,1
1c20a41a4a868fe36f6a5caa0a2abb2f,5,5,0
4db79af544c8c9da4ef543192ec3179c,5,5,0
4516e24f7d61e13033494fd6252e5c29,5,5,0
a97fd57e9692389b794fd4c3a328f68f,5,5,0
f33f70dad90fd2f5811dbc1d2a46849d,1,5,4
a4725f98a7344d345bb2fab1c3c39c54,5,5,0
e3ce941c85b5ae1ae2862a7344cbb845,2,5,3
3789ddab12c667292dc0513fa0f0ff9d,5,5,0
da7e4fe598c5bcd3fb94f8f32456a6a3,1,1,0
ec3f1d110d6cf6a87602ad54a075f04b,3,5,2
ceebdce96388304b96726edf9115e1f3,5,5,0
d44bd377d793dc513e7cc2bdcd42488c,3,5,2
c5aedf9da65864ebff200366da7fb389,5,4,1
f6c9fe3ff737f5568e352b5b2afcf112,5,5,0
964267c31e3140c22ce0eb459a4cfb72,5,5,0
28e5c316b9b1b1902c094ab90ea33ffd,5,5,0
3ace6f2805072fe7b4512a1e3d11217b,5,5,0
80260d682079b6090c8285b398c50d97,4,5,1
1be202b145a6722b8e2b08f60b288994,5,3,2
4154bf1348caac78152fe76e3e9c4af8,5,5,0
c73bbcd64afe483b00a38c3d28c1c66a,4,5,1
4599031af27f0cc484a02ada76c68ca2,5,1,4
44879a8f19c5e8a5e9278477b29a29ea,5,1,4
63f96415deb3a304ecad661aca59761b,5,4,1
cfbf0360f6ea9dfe49992b49018f6ceb,5,5,0
4436546aaa7d7c56c61aa5ee6785eec9,5,5,0
7c89d1b99dac4362bf2513afd0b14edd,4,5,1
caca64f71d73695719939294fa88c791,3,5,2
ef5884d6401ac5bac05aadff9f2aae89,5,5,0
ac1a1d01dcd4350d31887f6eab3f63d5,4,5,1
edfdcf6318cb5f0d1adb6da5c0998e6e,5,5,0
cb3fd1d04f967b6c2d2fbb8f50970c8f,5,5,0
0fc95c806aba2b8aef43db06838ec606,5,1,4
16ec508e18e1d4949fb54daf2539f7bd,1,5,4
f0dd4c57ab7f24c4d9e52674ef3c887e,5,5,0
441972a5bbd51a10459a487402076942,5,5,0
5e119c2064983e3218e5a34c5b54b2a3,5,5,0
051d564ccb0a1e50070ac26704a2ba72,5,5,0
7fff8403a17cbabb03a5b81050a51012,5,5,0
6808d92d02c7f9b169e83f402c98ddcf,5,5,0
7ecd3c8715462334ddba2f8da3988873,5,5,0
809d874fcf0f3327664fd7eefe923676,5,5,0
3a94d54e3301d9e4da748ee3766e0585,5,5,0
b456e477126924f8c462be6fbbbbfa73,5,5,0
94d2360b6b3afaf6e51fee341b108392,5,5,0
f4544b707c2c9583440b3ea50b0fc3a6,1,5,4
bc2680eb1e2605a68aef195cce2acbe9,4,5,1
ded456690bcb2ffd4def86541479037f,5,5,0
0fbfabe0eab1da587d8cb38f67efa0dd,5,5,0
591ab3b2136169cbcc8f86900519151c,4,5,1
f358900ce6c3997929cb9758ae638a16,5,5,0
f774c1e75cb8cc6d1d8a30c56d16bcda,4,3,1
6fbb3d20bfc2d3afdc6478057599ea2c,5,1,4
47501eba9eeaaa3c12fa168efce7aae3,5,3,2
c7e9244a9fdf9ae33fd94f55e7e24741,5,1,4
124223dc899eca6ac54187a54f1e3632,5,5,0
cda2c731fd39437d135fe728fadd2c52,5,4,1
3bcd900ad6c00ba28359abcf765cc05d,4,5,1
67f693e898f3412e68ecfa0035a3b0e2,4,5,1
8681c22dbe2b9bc1d6a1c524d4ee4c4e,5,1,4
9f2ff91a3b8c4c34b7847c9c68971cfd,5,1,4
6a6a5e595e782a6d0de7abee5fab0b89,5,1,4
16de740155e4e909578bd90826a632c1,5,5,0
a83bb8ac33348c821f5d1062e6aa2027,5,1,4
3aee056d5b3555ca96a8090761a712b6,5,5,0
8118e88205b0cd1342e85368ed6c0bcf,5,5,0
75a7d0a8a9a12e7b866362cb26d536be,1,5,4
9a58639b7ba6a6e4983d68f50694f34f,5,5,0
ae0c769d416e6948678cba4fdf4f43c9,2,4,2
71f78dbe56e4ceb4b7ce394fb6de8f15,5,5,0
7731a91dd46b3556ca99d3b3c34373ef,1,1,0
ae00cdde0e6aeef54ffc9a826d1af282,5,5,0
aff32bb12b83b30724cae766b0270c64,5,5,0
59d7a8119bf89c6444ae76a6cf2f9479,5,1,4
f9f88b0c2d64a8b36cbf24b1b35cd3d9,5,1,4
326f84ca831c054450d6e1999b80daaf,5,5,0
622f616838747771f377b27f47f2d21a,1,5,4
b095ce1bfaa02fb7b9e58c39b30c4ae3,3,5,2
d18585adacf5dc420841dfb67243a224,5,5,0
cf5c8d9f52807cb2d2f0a0ff54c478da,1,1,0
33a3567a036169435a622361c5d3b79e,5,4,1
baa821bd1dbd5c6d31c9b1c68f760b8b,5,5,0
0091a677651feaf5a08d7bb147681e14,4,5,1
8aa3fb1aeacb5920cedf4f8adab84b9d,5,5,0
05dc8285104a0f76f6e8d6b2ff9417b2,3,5,2
478116017852df9d1ac392abcf28927f,1,5,4
421deffec215845f8632fb3543789f86,5,4,1
bc60b588a732fb42a8145a501c6a61d2,5,1,4
cdc0adbdd9628dea5d7fb2032fd66c69,5,5,0
e1618c8576ca46d8e460cd2219eb2750,1,5,4
ee9e4a1d1929cc2d8d2f8c2a1cb3cea6,5,1,4
a5875ee134166b373cc08cbea838760c,1,5,4
4e157a36ea9cf89bde6fff57a780b525,5,3,2
6de62f929c2967a3932bbfe43a85b0fb,4,5,1
0c2cf3b3583c8f83ff9b3122d44fdaeb,5,5,0
051fcda88d997d3ff86012da2a556342,1,2,1
d85ce87a3af93d77d9ffb99a90c76710,4,4,0
8284b00d4745bed4c4823f738941718f,4,1,3
93404003d3192d8a2d781361faa129dc,4,5,1
4d11452ff6c06fef98b89c5f6512ef51,5,5,0
685fba1a5551ac4728f304d9afc1b826,5,5,0
5409cdf5d7f44a620466f80570fade10,4,5,1
97f1dd40b5bea6a7e3cf78fd83a28cb1,5,5,0
728e61b2b527529e10ce6ec9b04afaf8,5,5,0
24d467b091af7611de89fe9d2c4b76c9,5,5,0
ccec592b58e122dc2bfc2305152d9603,5,1,4
5a2aaa78e3c69a74dd64b28846deb199,4,5,1
6ca46f2b9a1592929647682510800e0e,1,4,3
bdefd25a848afe646dfd9751002facdf,5,5,0
47af3c45ff89024653aa5c3cd617077e,5,5,0
ecbdd603d8aaf9ee128285c94a390caa,3,5,2
b2947cf9a8d3084369dfcbe9663dd545,5,5,0
74fd3f19e82d4dc348cf34d3870605c1,3,5,2
ddba311fbcd3b55e2964aadd8ca8d231,5,5,0
65fe7f2628dd3b6f2d27c15d098517d7,5,5,0
9cb197309d8105d9d407533fce50ae34,1,5,4
60b9132c2fd47eb78c1bcf2a3a621ea8,5,5,0
f30d4e114f279d76688a6a27b79bef2b,4,5,1
e175b8edb692594c903e6a020fe94d8f,1,3,2
99b4647e792ac5029235bbd15476e6bf,5,5,0
99ae4dfbf51fa5875227d43e7b5c95c1,5,5,0
4d4ef6cd8147028ffd8c18dc0f6e3050,5,5,0
790e0b2139af1d5c7719c82db89f56d1,5,5,0
108901afd62abfc81344668ddc554620,4,5,1
7dc752874b41282cfc7a1d5b22a5baef,5,5,0
1a89170dbb050ebb1530d3f2c574d4dd,3,5,2
ff2b99df83d1c413829f65efca33da17,5,5,0
5b74abebfd5bc1d137d7ade71c5cfd36,5,5,0
846e3d199aae8a67c1d6a2ca48889bdf,5,4,1
48337f7180cd174b07c0560ca8941dce,5,3,2
e8e9936f9c47a5cafc9a8c7441d31ca4,5,5,0
aa14b8f4567fef1be1a8912ca010f1c7,2,1,1
943c8463c068840f3d3b804d7ac955db,5,1,4
402df52ba885529dfecfe3de3788b7a1,3,1,2
876152d8704a9cb49112a5def3cce455,5,5,0
2c9ef1099d75918095356bda34b2d4c0,5,1,4
8572e18216437c86715d1e5a52321408,5,5,0
43df08b645b3c5d452c2b73461c3259c,5,5,0
0029c5db35ef291ce99d1262012e7daa,4,5,1
69f1e4d5709c13914c309652f82319f8,5,1,4
aee59dfc7dd589a60400818c624a6f91,5,5,0
d90f70746b61ed0bb476ddaae181afd8,5,5,0
b0e9288a209f5ec50391c140dba4c91f,5,5,0
931ca162115da049cd8d7872b3667163,4,5,1
997d3d4e4d633291f515266c98cbda13,4,5,1
db6bbd5bd39d674b8778df50982d00de,5,5,0
6cd38adf54359273a7b891f4480a809a,5,5,0
9fa2ad63a061c20fb72179b9d79bafd3,1,5,4
57bc9b432f93fd30a3cc83952ccbf267,4,5,1
5396a52ab4998b4d8ccb51b73cbc35d1,5,4,1
fba547ee0dbc8830f00e8d3cc83bf246,5,4,1
748db62700c925a0db2c4b00ee25849c,5,3,2
e3d83da524afead5265900f2cd40d592,5,5,0
7d65ecd2eaff130dfa5beaec6aeb82d5,2,5,3
ad8ba259cbff3b36ec0a6c88e0d78443,4,5,1
1ed30df5fa6886743c4509f8bd1a3241,5,1,4
a4d7caf7570d02134caf5b8425c515d8,4,5,1
d02b32c3bcfb76481817b2222b990e84,5,1,4
d8e63c9990a74e7e6a7f16ad81251a3c,5,4,1
d9fba4d4669d79e886681d5bfbdf9f17,5,5,0
6ebb33b8e0afab10328a6580a1c54be9,5,3,2
12fb8b575f3f6d58ccbafba1294177e5,5,5,0
4f164373da991b6595b609372262a23f,5,5,0
dc15c503e5d31267bef467c8c63476c4,5,5,0
43204c34d259bc75adc3de4d29d26684,5,5,0
c94edffab2f10ec24645c62b40881e88,3,1,2
80868dd37e63ac8fbe1aa89083b8f2b0,3,1,2
fd94e66307d89e3285cde20f9766bafd,5,5,0
8c65d56ff533ea4260692ba747aebc7b,1,5,4
38be3479258281d5a9f612704f4546b8,5,5,0
ff1037c14208a18e7482c6c7a988799f,5,5,0
45494452d88e4597bc50ae8584a54eef,5,3,2
372f8e1a08cbd807194b89b3c31a448a,5,1,4
b4580174bbfb1dacc6e2cd89251d842a,5,5,0
f63fc1c003e6328d52c7a49b28d9717a,5,5,0
e0e1fe9ae2dd406e99025006b746c364,5,5,0
4f519ece529392f7272828e7c16e1a78,5,5,0
3e8ef04f228ea2e33b19ff30e0e61f38,1,1,0
cf6452b3b5328de1ec580502fd48fcd7,5,1,4
f9ba4a7646e78ee867081f9a098c3290,5,5,0
4af8b47be33c785fcc931ff77ba23ae3,5,4,1
487bc162200365d5717baea84761d214,5,5,0
43ee68cd19f18fcf7dfc4ea167554e40,5,5,0
3676b8a38151270ac285f2fa3c564772,5,5,0
9e9cfa056dcd246d1bfd47f58a771abf,5,1,4
499a762fa72fde835e39b03db3b95cbf,4,5,1
89da5201b61556fe114c78cf188fb1e8,5,5,0
a77cf1f9b2d22060320fa51a5906d02a,5,5,0
922fbc61f8105abc09581252d38103c8,5,5,0
b2f832c9f6b30237f231cfc09f82ffbc,5,5,0
73cfaa863221d5987b3f6aa644affca3,5,4,1
2c6b7c49452d044cc8dff84245e1f553,3,5,2
ac6f2372fee2d8b5f63bd2387aa26a28,3,5,2
db6953ee3e550b44b0876aef0ce63dd5,3,5,2
6917bf2ef92587d31987c8c01aa1b4e0,5,5,0
49626271ea0fa255a99b34978f50ae68,4,5,1
3b61aab5de69abc1731138bd104a777f,5,5,0
f1d5c2e6867fa93ceee9ef9b34a53cbf,5,4,1
eb2e56877e1f053dedc857408122a7b4,5,5,0
d20cb870c4dcb39bb4703c900f4e6dfa,5,5,0
d0b4c30f45087d9a9114b3cbe87aee63,5,5,0
14986dd5b5dc6b4203bda6666311e4d0,5,5,0
b2bee079651c0bf6a1a92b39c2dbe5cf,5,5,0
dae948ffccda4df99a5e1561db5f5029,4,2,2
fcdaba27fd62777362e818998aa76b94,5,5,0
675bc8cd15e6b9225582b9161288670f,1,5,4
a06dda7f954798c0ad5a0b24e73b1ddb,5,5,0
b576609c7e4498a76216cb240c177328,5,5,0
f0a5b7c94819c69d12a1c0458ec74756,1,5,4
05d43265b79289692a382c9f2a6c1547,5,5,0
3f64a17e87d0fed4d084e352409882ba,5,5,0
26e2db0bd73689ff814692e3dc232671,5,1,4
95026e2a6e774fdf2bb59a5eab661b15,4,3,1
320dcf288de15e4ff06ebbfce4e42c78,3,1,2
762fa054ae976d76eea5688eaa2a92e6,4,5,1
b724c12024f2ddd6151b0d8dc88a5823,4,5,1
f7a0b8c521ea81bf3536ad4ef99fd376,4,5,1
216ffdacc032ce8a108cc7c01f4ab9a4,5,1,4
6359393f5003c79bab5ff0e3f3b42656,5,5,0
6cff0c3dacf64bb7cb2ad584b81b7d0d,5,5,0
4830473362441527781ef6c1860cac4c,5,1,4
e3447938231fb6ba2fee0231b51eca59,5,5,0
631e74e14da293fc4c6a8f02253aac6e,5,4,1
d7f71d136da2fa678c39380a22d117df,1,1,0
0b33796d2382e9a9fde619a584ba7216,5,5,0
70c13d94aa6f2f57d27a7babb9f0d215,5,5,0
ac5c875d7fbcc1765c32e13b8ee888cb,5,1,4
cd5343ffb012a7157ddbcf5720100c01,1,1,0
78d7bf360bb60d0dd4bd37663c126524,1,5,4
3811f683228f7e91c35b0fd2a705af27,5,5,0
d4550a84368a296d44630ab6e29c6999,5,5,0
c6f6cbb3c845593222d5c594bb69c5fd,5,5,0
774bdf79f367d25dd36a9e0a8c739423,5,5,0
9fec37a0086c6f77f95b2ac00f27771e,5,5,0
796033ffde6ba06e0abe387e36ee8fe0,5,5,0
93665186a08d41fad2ac9580488ff17e,5,5,0
7866f96b0496d61749bdc8664b22119e,5,5,0
60ff47e655e87de64037be5d1f09ce7d,3,4,1
d2ce9688abb199cda1a106b293847827,5,5,0
2a52ef20af312ee4756b4e622ddc7101,5,5,0
52b7fa35b1e5c8bdea5869804dced415,1,3,2
4123f9252f0d0572f075dbb5a95d9cc6,5,5,0
5577ca55c1ff01d19567de9f6ba00a7c,5,4,1
8092da256aefda13b330290d2ca86521,5,5,0
558bd4996eeddc5e4e29295bcec08e32,5,3,2
2a30390f1b957c7120f80795b9f97316,4,4,0
df606e00395346b2b2d9e861236efd6f,4,5,1
c14276f26a0791a1773e6da7b07db230,4,5,1
b6162f47d6adbaf673e92b13e9358d89,5,5,0
e3f4b4c899325f23b973d9aee02d2071,5,5,0
5cd1f67d76b653cb354391539321edf4,5,5,0
6bbc1892d79fc89cd656a04b7d96f622,5,5,0
7c67a9f94c58c5b1c1a40953151fbccd,5,3,2
fa82edaf6d788f4a8a80e2f8fc4cb9b7,5,4,1
90a6ce43261478f0aab250a72e3cdfce,4,4,0
a37c35b30b6e6d6e5a62c846cb093a32,5,5,0
1c8ea3262201c0562eccbcefff3da202,5,5,0
6912f9577b4156d72ee607f78328ed11,5,5,0
1c34540e08aaa8566e32b53509f14ebb,5,5,0
c3a4dcc5c4ae575cb04444cf1b3f0a09,5,4,1
fdfb73b2a9e88e518c2f565f43ca06c1,5,5,0
8af910ab3dcf14bd966ba647e2ad995a,5,5,0
d8d842d38880d9584e98d64058aedfed,5,1,4
1af85a7bfa8727b2f0009a9035341f3f,5,5,0
f53fa17609006c9c6669b5371ce08044,4,5,1
cb4d0ce750b3542055ae832b4d3bcca4,1,2,1
c5ba516dae0f7c34ba8ad92dad570249,5,4,1
5407dd425b0427513c6f63025414fb33,4,5,1
e53249d8b27242c64053f94e2af2b2ba,5,5,0
bcddcd2f3dbe84b7b93697873e16a971,4,4,0
ebac8364f6f97c06df19ad674a12b359,5,5,0
6eafb3047f5d0c7cadeec9d129f0e4d0,5,5,0
6d25592267349b322799e2beb687871e,4,1,3
b5bdf19b8bbc9d7daf5eb8f087a8895e,5,5,0
efebff1dca02ecdf264035398365351f,5,5,0
882634702ad671a4a28319adef8f058b,5,5,0
b42c74ef741f507b421d3dfb4949178f,5,5,0
19ee088b8cb4afa401a748f8437135d1,5,5,0
0c51a7661156c6f9ae61b33610dca175,5,5,0
b33c9bb2caa1d2b9f219b70f6dba7dce,5,5,0
aedce126de46f6e9cfc35a9083ac0c81,5,5,0
cc94aa62777cf27c082eaa521ba00747,2,5,3
821ab83aee62992191306118d37fcb3c,5,5,0
c72a06dbd2869dbfa3dc93ca4f262f37,5,5,0
6cbc2c3a5ded4eb0fed3a011b02c6eeb,5,5,0
bc6a0c20c290fc74ba2c366c50477690,5,5,0
feeaaeb6a99fc794212a29c84e6d527e,5,5,0
c7756342d355d13eea40a754b6602da6,5,5,0
78d5c205c38367a8894d4721fdbb6962,4,5,1
89812ae1f27bd0baa142a3aa9ab5cb49,1,5,4
0425635629d7b1e1aefedf34bd15e289,5,5,0
b3e4accbc8524ec4b2f5a5ddab755b34,5,5,0
e8ddd60abf2ceeee18ebd986311f3630,5,5,0
427fb603381c1e7a4b224eac2a5acb29,3,5,2
a63d6f123bbccd71286ef76811cb2a3b,1,1,0
a73d469a8747dea1740e9545d1051002,5,5,0
e9fb2d9703e24b2ce5207a109f7b96be,5,5,0
2e5737bd3452cc165fb76f3a57447398,5,5,0
5abf18d13baf7acb60e616f758d61928,5,5,0
8944b1716ec63423c8a83c20bc194476,5,5,0
915cfc1bb5564cda804c1e544780f701,3,5,2
4fe2fd5509bca02cbd39aa5b3eeb2a8f,5,5,0
f27cc61c27c26b63dd0b279bb9c29ed6,5,5,0
bd9c7d72943c5118f03bb7524043e0fd,5,5,0
46c123d65d1a90feca91b6c4cf104633,5,5,0
87ce6f9094188f36623b250901635869,4,5,1
53dccb14668d654069cab1d78e4b13c1,5,5,0
056793ca2483a5d5943cb5bd90f5b314,5,5,0
48b04c2b15ef11dac475795682a3d991,5,5,0
a5ee139d1586d2d22c21ce7048e1d36d,5,5,0
21b9bb429b09c08b2ae81e3ed20e8d2f,5,5,0
28c949172daaa2b250fc70ed64a45517,5,5,0
9a2176942821e355e4ff9dc4a8e96a07,1,5,4
baf4bb57bdf5e14c67c2389a48864acb,5,4,1
c14d2e12b876b00738f6c4ae6329e1dc,1,5,4
d22567ff9749170e14c7485e02c1ff3c,4,5,1
28e7be9f5fc8bb93020385ec94b1db0b,5,5,0
57d0641da97fead93c9541a7c3b1fc75,5,5,0
2812dbf450ac5dd26b952cfc6db60529,4,5,1
d543b0fedeb939f3fda2a3c2fe167b02,5,5,0
e39b1c0568bb5cbcb35d685fc1185634,5,5,0
00eead1d5a799277ef3d6b387b0bebef,5,5,0
e6f6345c50327507fe35965aa65c8e94,5,5,0
fa0c6595d02f168f7557693dbffa7b69,5,5,0
05d46826bd0fb605d6b00e30e9141882,4,5,1
56610fa87188c93ee5993a5e98a7b092,3,5,2
bd2c2c3a4d59e68fb14a526745572883,4,5,1
734fd23f82c457088580cf5a8c9da909,5,5,0
9aa39389b428a90ff82b0c94fb0afc5a,5,5,0
d265e2114f019b12adfff1e68a241a8e,5,5,0
a966954fa1c451757b4d6c77946f9863,5,5,0
0785459f4688c430590e9ef6eff2fecb,5,5,0
a000067196006b1ac2a467ba2156b22d,5,5,0
eeeebba48c7b5fc22f6e12734ed319ed,5,4,1
993d5d78bd251d2ad7d2607110a04bbe,5,5,0
c89cc188bf7fe39307862cb3dd2d0234,5,5,0
06914a88cb181e922cc58fed3d198c98,5,5,0
21cb15950725534b614707f82846010e,5,5,0
24ac51b02d01abde547c474a994d2aa4,5,5,0
e41e7842fa15d821ce598a8b80915cd8,4,5,1
c469458d116f862637d6c26ae62ff8f2,4,5,1
68dd7c23e8b6c1e5f3ad16be5dd4bdf6,5,5,0
266e6e41522572e8bc4068738beaef07,5,5,0
c941ad898bc2355a4c9e9a19b504c69c,4,5,1
d5cce452fb90a159a0b02988567a37bc,5,5,0
3e72677344408fece35547ac4c8ebb94,5,5,0
71b4480b617e5a0468d7362efb7c4b3d,5,5,0
0c1f1a0595fb30e05d526ab83576cd24,5,5,0
f4a8925490afed995d0e987c48908d2c,5,5,0
b669dc3736aa7bf3f5f181f9f460dde5,5,5,0
d4e252756885006a02c890a27d6bbf53,4,5,1
652c3ffc10b11f6bb6567b4976d901c6,5,5,0
b18f96d97651133bd9a491945fa1d3bd,3,5,2
1776f9cc0f976e7aa0e8372a5325c41a,2,5,3
b0abfb398741998a8e47cc773b5e0edb,4,5,1
576466ecdb1ad73bb848943a98649668,5,5,0
18995da0f41134f344ebeb2e97965d2d,5,5,0
a5faf579cc2b53168cc080836b834078,5,5,0
a305557a41b3c1889b8e0d9255f9ef1a,3,5,2
d01395763bb11d18d9482f322715b80d,5,5,0
7b4f660a72183fc98991998a65320863,4,4,0
dec9169d4f8c2e229d7421e28ef70781,5,5,0
dd7fbf8b53b7ffa059c926a77c42f04f,5,5,0
f9e254c56ad8dc27d6fd34b26f94711f,5,5,0
d2ce2764e877473355ddb49af8eb3bc5,5,5,0
c59712a9767189f0a1e5258b5c3447b0,5,5,0
9344079d5fbb7dd79af908b7eb667db7,4,5,1
2c1f8fd9aa5f50ec17f4c95e52223a3a,4,5,1
986983dd21e5167fac109fadaf7aac16,5,5,0
93d7e1f0c5415c1a0679635187700f1d,4,5,1
ab7a53a8e94cab448240ff654797c44e,4,5,1
0ac69790e2a6e4c075edbd78648a3594,5,4,1
141d7ee98d9a50269f84d9a3c5330cba,4,5,1
6d6783e9e03bc56ba0d4f018d45babe3,5,5,0
20db59f6705840a0ce5c76b77487ad03,5,5,0
d4fae577806d683110e00e18a5e181be,5,1,4
d99a07d049ac5c39f6f62edba8d57721,5,4,1
bda15d43b16684fa4eff328a7db33d8b,5,5,0
cb9628da43a976b479b45230984a05b8,5,5,0
00b44ba3d7c4a5e9a9ebafef9150781d,5,5,0
3064071cf67a2cc381cd53b13055eac5,5,5,0
dbb786f88b6d4e52fe3cb5d771b979d6,5,5,0
e7c290bfc31d7eed478c3d3d2d4d2953,2,5,3
4c867c2aac81653679eff07e922441a0,3,5,2
c84d88553f9878bf2c7ecda2eb211ece,5,5,0
bee12e8653a04e76786e8891cfb6330a,5,1,4
fb393211459aac00af932cd7ab4fa2cc,1,5,4
912859fef5a0bd5059b6d48fa79d121a,5,5,0
d70442bc5e3cb7438da497cc6a210f80,5,4,1
d03ca98f59480e7e76c71fa83ecd8fb6,5,5,0
52018484704db3661b98ce838612b507,1,5,4
0b223d92c27432930dfe407c6aea3041,5,1,4
168626408cb32af0ffaf76711caae1dc,5,5,0
03ef5dedbe7492bdae72eec50764c43f,3,5,2
35a972d7f8436f405b56e36add1a7140,5,5,0
54282e97f61c23b78330c15b154c867d,1,5,4
